zone9=BIG
zone10=MID
zone11=LITTLE
2026-09-24T18:33:33Z z9=30000 z10=32000 z11=33000
2026-09-24T18:33:38Z z9=30000 z10=34000 z11=36000
2026-09-24T18:33:43Z z9=30000 z10=31000 z11=33000
2026-09-24T18:33:49Z z9=31000 z10=29000 z11=30000
2026-09-24T18:33:54Z z9=29000 z10=28000 z11=29000
2026-09-24T18:33:59Z z9=28000 z10=28000 z11=28000
2026-09-24T18:34:04Z z9=27000 z10=28000 z11=28000
2026-09-24T18:34:09Z z9=28000 z10=29000 z11=29000
2026-09-24T18:34:14Z z9=28000 z10=28000 z11=28000
2026-09-24T18:34:19Z z9=27000 z10=28000 z11=28000
2026-09-24T18:34:24Z z9=28000 z10=27000 z11=28000
2026-09-24T18:34:29Z z9=28000 z10=28000 z11=28000
2026-09-24T18:34:34Z z9=28000 z10=27000 z11=28000
2026-09-24T18:34:40Z z9=28000 z10=27000 z11=28000
2026-09-24T18:34:45Z z9=28000 z10=29000 z11=29000
2026-09-24T18:34:50Z z9=32000 z10=32000 z11=35000
2026-09-24T18:34:55Z z9=29000 z10=29000 z11=30000
2026-09-24T18:35:00Z z9=30000 z10=30000 z11=30000
2026-09-24T18:35:05Z z9=30000 z10=28000 z11=28000
2026-09-24T18:35:10Z z9=29000 z10=27000 z11=28000
2026-09-24T18:35:15Z z9=35000 z10=33000 z11=34000
2026-09-24T18:35:20Z z9=29000 z10=29000 z11=29000
2026-09-24T18:35:25Z z9=30000 z10=29000 z11=29000
2026-09-24T18:35:30Z z9=29000 z10=29000 z11=30000
2026-09-24T18:35:36Z z9=28000 z10=28000 z11=30000
2026-09-24T18:35:41Z z9=42000 z10=36000 z11=36000
2026-09-24T18:35:46Z z9=35000 z10=34000 z11=35000
2026-09-24T18:35:51Z z9=33000 z10=31000 z11=32000
2026-09-24T18:35:56Z z9=32000 z10=30000 z11=31000
2026-09-24T18:36:01Z z9=30000 z10=30000 z11=31000
2026-09-24T18:36:06Z z9=33000 z10=33000 z11=34000
2026-09-24T18:36:11Z z9=30000 z10=28000 z11=29000
2026-09-24T18:36:16Z z9=28000 z10=28000 z11=28000
2026-09-24T18:36:21Z z9=29000 z10=28000 z11=29000
2026-09-24T18:36:27Z z9=27000 z10=28000 z11=28000
2026-09-24T18:36:32Z z9=28000 z10=27000 z11=28000
2026-09-24T18:36:37Z z9=29000 z10=27000 z11=28000
2026-09-24T18:36:42Z z9=28000 z10=28000 z11=28000
2026-09-24T18:36:47Z z9=28000 z10=27000 z11=28000
2026-09-24T18:36:52Z z9=27000 z10=28000 z11=28000
2026-09-24T18:36:57Z z9=27000 z10=27000 z11=27000
2026-09-24T18:37:02Z z9=28000 z10=27000 z11=28000
2026-09-24T18:37:07Z z9=27000 z10=28000 z11=27000
2026-09-24T18:37:12Z z9=27000 z10=27000 z11=27000
2026-09-24T18:37:18Z z9=28000 z10=27000 z11=27000
2026-09-24T18:37:23Z z9=29000 z10=27000 z11=27000
2026-09-24T18:37:28Z z9=29000 z10=28000 z11=29000
2026-09-24T18:37:33Z z9=27000 z10=27000 z11=27000
2026-09-24T18:37:38Z z9=27000 z10=27000 z11=27000
2026-09-24T18:37:43Z z9=28000 z10=27000 z11=28000
2026-09-24T18:37:48Z z9=29000 z10=28000 z11=29000
2026-09-24T18:37:53Z z9=28000 z10=28000 z11=29000
2026-09-24T18:37:58Z z9=27000 z10=27000 z11=28000
2026-09-24T18:38:03Z z9=29000 z10=27000 z11=27000
2026-09-24T18:38:08Z z9=28000 z10=29000 z11=30000
2026-09-24T18:38:14Z z9=29000 z10=29000 z11=30000
2026-09-24T18:38:19Z z9=28000 z10=28000 z11=28000
2026-09-24T18:38:24Z z9=27000 z10=27000 z11=28000
2026-09-24T18:38:29Z z9=29000 z10=27000 z11=28000
2026-09-24T18:38:34Z z9=29000 z10=28000 z11=28000
2026-09-24T18:38:39Z z9=27000 z10=27000 z11=28000
2026-09-24T18:38:44Z z9=27000 z10=27000 z11=28000
2026-09-24T18:38:49Z z9=27000 z10=26000 z11=27000
2026-09-24T18:38:54Z z9=27000 z10=27000 z11=27000
2026-09-24T18:38:59Z z9=27000 z10=27000 z11=27000
2026-09-24T18:39:04Z z9=26000 z10=26000 z11=27000
2026-09-24T18:39:10Z z9=26000 z10=26000 z11=26000
2026-09-24T18:39:15Z z9=28000 z10=27000 z11=27000
2026-09-24T18:39:20Z z9=28000 z10=27000 z11=27000
2026-09-24T18:39:25Z z9=27000 z10=27000 z11=27000
2026-09-24T18:39:30Z z9=28000 z10=27000 z11=27000
2026-09-24T18:39:35Z z9=27000 z10=26000 z11=27000
2026-09-24T18:39:40Z z9=27000 z10=26000 z11=27000
2026-09-24T18:39:45Z z9=29000 z10=26000 z11=27000
2026-09-24T18:39:50Z z9=27000 z10=26000 z11=27000
2026-09-24T18:39:55Z z9=26000 z10=27000 z11=27000
2026-09-24T18:40:00Z z9=26000 z10=26000 z11=26000
2026-09-24T18:40:05Z z9=27000 z10=26000 z11=26000
2026-09-24T18:40:11Z z9=27000 z10=26000 z11=26000
2026-09-24T18:40:16Z z9=27000 z10=27000 z11=26000
2026-09-24T18:40:21Z z9=26000 z10=26000 z11=27000
2026-09-24T18:40:26Z z9=28000 z10=26000 z11=27000
2026-09-24T18:40:31Z z9=26000 z10=26000 z11=27000
2026-09-24T18:40:36Z z9=26000 z10=27000 z11=26000
2026-09-24T18:40:41Z z9=26000 z10=26000 z11=27000
2026-09-24T18:40:46Z z9=26000 z10=26000 z11=27000
2026-09-24T18:40:51Z z9=27000 z10=26000 z11=27000
2026-09-24T18:40:56Z z9=29000 z10=28000 z11=28000
2026-09-24T18:41:01Z z9=29000 z10=27000 z11=27000
2026-09-24T18:41:07Z z9=38000 z10=32000 z11=33000
2026-09-24T18:41:12Z z9=47000 z10=41000 z11=42000
2026-09-24T18:41:17Z z9=49000 z10=43000 z11=44000
2026-09-24T18:41:22Z z9=47000 z10=43000 z11=43000
2026-09-24T18:41:27Z z9=42000 z10=41000 z11=42000
2026-09-24T18:41:32Z z9=85000 z10=75000 z11=76000
2026-09-24T18:41:37Z z9=89000 z10=85000 z11=86000
2026-09-24T18:41:42Z z9=91000 z10=91000 z11=89000
2026-09-24T18:41:48Z z9=96000 z10=95000 z11=90000
2026-09-24T18:41:53Z z9=103000 z10=92000 z11=91000
2026-09-24T18:41:58Z z9=100000 z10=91000 z11=95000
2026-09-24T18:42:03Z z9=98000 z10=96000 z11=94000
2026-09-24T18:42:08Z z9=98000 z10=97000 z11=93000
2026-09-24T18:42:13Z z9=96000 z10=92000 z11=96000
2026-09-24T18:42:18Z z9=104000 z10=101000 z11=96000
2026-09-24T18:42:23Z z9=99000 z10=96000 z11=95000
2026-09-24T18:42:28Z z9=102000 z10=96000 z11=93000
2026-09-24T18:42:34Z z9=104000 z10=96000 z11=93000
2026-09-24T18:42:39Z z9=97000 z10=96000 z11=95000
2026-09-24T18:42:44Z z9=99000 z10=95000 z11=96000
2026-09-24T18:42:49Z z9=100000 z10=99000 z11=95000
2026-09-24T18:42:54Z z9=97000 z10=97000 z11=97000
2026-09-24T18:42:59Z z9=101000 z10=99000 z11=96000
2026-09-24T18:43:04Z z9=98000 z10=93000 z11=94000
2026-09-24T18:43:09Z z9=101000 z10=92000 z11=92000
2026-09-24T18:43:15Z z9=99000 z10=95000 z11=97000
2026-09-24T18:43:20Z z9=85000 z10=89000 z11=89000
2026-09-24T18:43:25Z z9=102000 z10=95000 z11=96000
2026-09-24T18:43:30Z z9=98000 z10=100000 z11=99000
2026-09-24T18:43:35Z z9=98000 z10=100000 z11=96000
2026-09-24T18:43:40Z z9=102000 z10=90000 z11=94000
2026-09-24T18:43:45Z z9=106000 z10=97000 z11=94000
2026-09-24T18:43:50Z z9=100000 z10=99000 z11=95000
2026-09-24T18:43:55Z z9=97000 z10=97000 z11=95000
2026-09-24T18:44:00Z z9=98000 z10=99000 z11=98000
2026-09-24T18:44:06Z z9=96000 z10=93000 z11=97000
2026-09-24T18:44:11Z z9=95000 z10=92000 z11=93000
2026-09-24T18:44:16Z z9=100000 z10=101000 z11=95000
2026-09-24T18:44:21Z z9=103000 z10=93000 z11=95000
2026-09-24T18:44:26Z z9=102000 z10=97000 z11=99000
2026-09-24T18:44:31Z z9=99000 z10=95000 z11=96000
2026-09-24T18:44:36Z z9=101000 z10=94000 z11=96000
2026-09-24T18:44:41Z z9=98000 z10=97000 z11=97000
2026-09-24T18:44:46Z z9=99000 z10=102000 z11=98000
2026-09-24T18:44:52Z z9=99000 z10=101000 z11=95000
2026-09-24T18:44:57Z z9=99000 z10=100000 z11=96000
2026-09-24T18:45:02Z z9=96000 z10=94000 z11=96000
2026-09-24T18:45:07Z z9=80000 z10=83000 z11=82000
2026-09-24T18:45:12Z z9=81000 z10=82000 z11=79000
2026-09-24T18:45:17Z z9=81000 z10=80000 z11=80000
2026-09-24T18:45:22Z z9=77000 z10=79000 z11=77000
2026-09-24T18:45:27Z z9=82000 z10=79000 z11=77000
2026-09-24T18:45:32Z z9=83000 z10=84000 z11=81000
2026-09-24T18:45:38Z z9=81000 z10=82000 z11=79000
2026-09-24T18:45:43Z z9=78000 z10=75000 z11=76000
2026-09-24T18:45:48Z z9=80000 z10=81000 z11=79000
2026-09-24T18:45:53Z z9=78000 z10=77000 z11=79000
2026-09-24T18:45:58Z z9=84000 z10=84000 z11=80000
2026-09-24T18:46:03Z z9=81000 z10=79000 z11=80000
2026-09-24T18:46:08Z z9=79000 z10=83000 z11=80000
2026-09-24T18:46:13Z z9=83000 z10=79000 z11=78000
2026-09-24T18:46:18Z z9=79000 z10=77000 z11=80000
2026-09-24T18:46:24Z z9=80000 z10=83000 z11=79000
2026-09-24T18:46:29Z z9=80000 z10=81000 z11=79000
2026-09-24T18:46:34Z z9=80000 z10=76000 z11=78000
2026-09-24T18:46:39Z z9=75000 z10=81000 z11=79000
2026-09-24T18:46:44Z z9=75000 z10=75000 z11=75000
2026-09-24T18:46:49Z z9=77000 z10=80000 z11=77000
2026-09-24T18:46:54Z z9=75000 z10=76000 z11=75000
2026-09-24T18:46:59Z z9=76000 z10=77000 z11=75000
2026-09-24T18:47:04Z z9=74000 z10=74000 z11=75000
2026-09-24T18:47:10Z z9=63000 z10=61000 z11=61000
2026-09-24T18:47:15Z z9=58000 z10=57000 z11=58000
2026-09-24T18:47:20Z z9=52000 z10=50000 z11=51000
2026-09-24T18:47:25Z z9=47000 z10=48000 z11=49000
2026-09-24T18:47:30Z z9=46000 z10=46000 z11=47000
2026-09-24T18:47:35Z z9=46000 z10=45000 z11=45000
2026-09-24T18:47:40Z z9=43000 z10=43000 z11=44000
2026-09-24T18:47:45Z z9=42000 z10=42000 z11=42000
2026-09-24T18:47:50Z z9=43000 z10=43000 z11=43000
2026-09-24T18:47:55Z z9=40000 z10=41000 z11=42000
2026-09-24T18:48:01Z z9=41000 z10=40000 z11=41000
2026-09-24T18:48:06Z z9=39000 z10=39000 z11=40000
2026-09-24T18:48:11Z z9=38000 z10=39000 z11=39000
2026-09-24T18:48:16Z z9=40000 z10=38000 z11=38000
2026-09-24T18:48:21Z z9=38000 z10=37000 z11=38000
2026-09-24T18:48:26Z z9=37000 z10=37000 z11=37000
2026-09-24T18:48:31Z z9=38000 z10=37000 z11=38000
2026-09-24T18:48:36Z z9=37000 z10=36000 z11=37000
2026-09-24T18:48:41Z z9=36000 z10=36000 z11=36000
2026-09-24T18:48:46Z z9=36000 z10=36000 z11=36000
2026-09-24T18:48:51Z z9=36000 z10=36000 z11=36000
2026-09-24T18:48:57Z z9=36000 z10=35000 z11=36000
2026-09-24T18:49:02Z z9=36000 z10=36000 z11=36000
2026-09-24T18:49:07Z z9=36000 z10=36000 z11=36000
2026-09-24T18:49:12Z z9=35000 z10=35000 z11=35000
2026-09-24T18:49:17Z z9=36000 z10=35000 z11=35000
2026-09-24T18:49:22Z z9=35000 z10=35000 z11=35000
2026-09-24T18:49:27Z z9=34000 z10=34000 z11=35000
2026-09-24T18:49:32Z z9=35000 z10=34000 z11=35000
2026-09-24T18:49:37Z z9=36000 z10=35000 z11=35000
2026-09-24T18:49:42Z z9=35000 z10=35000 z11=35000
2026-09-24T18:49:47Z z9=34000 z10=34000 z11=35000
2026-09-24T18:49:52Z z9=35000 z10=34000 z11=34000
2026-09-24T18:49:57Z z9=34000 z10=34000 z11=34000
2026-09-24T18:50:02Z z9=34000 z10=34000 z11=34000
2026-09-24T18:50:08Z z9=34000 z10=34000 z11=34000
2026-09-24T18:50:13Z z9=34000 z10=34000 z11=35000
2026-09-24T18:50:18Z z9=33000 z10=33000 z11=34000
2026-09-24T18:50:23Z z9=35000 z10=34000 z11=34000
2026-09-24T18:50:28Z z9=34000 z10=34000 z11=34000
2026-09-24T18:50:33Z z9=33000 z10=33000 z11=34000
2026-09-24T18:50:38Z z9=35000 z10=34000 z11=34000
2026-09-24T18:50:43Z z9=35000 z10=33000 z11=34000
2026-09-24T18:50:48Z z9=34000 z10=33000 z11=34000
2026-09-24T18:50:53Z z9=33000 z10=33000 z11=34000
2026-09-24T18:50:59Z z9=33000 z10=33000 z11=34000
2026-09-24T18:51:04Z z9=32000 z10=33000 z11=33000
2026-09-24T18:51:09Z z9=34000 z10=33000 z11=34000
2026-09-24T18:51:14Z z9=32000 z10=33000 z11=33000
2026-09-24T18:51:19Z z9=34000 z10=33000 z11=33000
2026-09-24T18:51:24Z z9=32000 z10=33000 z11=33000
2026-09-24T18:51:29Z z9=32000 z10=33000 z11=33000
2026-09-24T18:51:34Z z9=32000 z10=32000 z11=33000
2026-09-24T18:51:39Z z9=34000 z10=33000 z11=33000
2026-09-24T18:51:44Z z9=33000 z10=32000 z11=33000
2026-09-24T18:51:49Z z9=32000 z10=32000 z11=33000
2026-09-24T18:51:55Z z9=33000 z10=32000 z11=32000
2026-09-24T18:52:00Z z9=32000 z10=32000 z11=33000
2026-09-24T18:52:05Z z9=32000 z10=32000 z11=33000
2026-09-24T18:52:10Z z9=32000 z10=32000 z11=33000
2026-09-24T18:52:15Z z9=33000 z10=33000 z11=33000
2026-09-24T18:52:20Z z9=32000 z10=32000 z11=33000
2026-09-24T18:52:25Z z9=32000 z10=32000 z11=33000
2026-09-24T18:52:30Z z9=31000 z10=32000 z11=32000
2026-09-24T18:52:35Z z9=33000 z10=32000 z11=32000
2026-09-24T18:52:40Z z9=31000 z10=32000 z11=33000
2026-09-24T18:52:45Z z9=31000 z10=32000 z11=32000
2026-09-24T18:52:50Z z9=31000 z10=32000 z11=33000
2026-09-24T18:52:56Z z9=33000 z10=32000 z11=32000
2026-09-24T18:53:01Z z9=34000 z10=32000 z11=32000
2026-09-24T18:53:06Z z9=33000 z10=32000 z11=32000
2026-09-24T18:53:11Z z9=33000 z10=32000 z11=32000
2026-09-24T18:53:16Z z9=31000 z10=32000 z11=32000
2026-09-24T18:53:21Z z9=34000 z10=32000 z11=32000
2026-09-24T18:53:26Z z9=31000 z10=32000 z11=32000
2026-09-24T18:53:31Z z9=31000 z10=31000 z11=32000
2026-09-24T18:53:36Z z9=31000 z10=32000 z11=32000
2026-09-24T18:53:41Z z9=33000 z10=32000 z11=32000
2026-09-24T18:53:46Z z9=32000 z10=32000 z11=32000
2026-09-24T18:53:51Z z9=31000 z10=32000 z11=32000
2026-09-24T18:53:57Z z9=34000 z10=32000 z11=32000
2026-09-24T18:54:02Z z9=33000 z10=31000 z11=32000
2026-09-24T18:54:07Z z9=31000 z10=31000 z11=32000
2026-09-24T18:54:12Z z9=32000 z10=31000 z11=32000
2026-09-24T18:54:17Z z9=31000 z10=31000 z11=32000
2026-09-24T18:54:22Z z9=32000 z10=31000 z11=32000
2026-09-24T18:54:27Z z9=31000 z10=32000 z11=32000
2026-09-24T18:54:32Z z9=31000 z10=32000 z11=32000
2026-09-24T18:54:37Z z9=33000 z10=31000 z11=32000
2026-09-24T18:54:42Z z9=31000 z10=31000 z11=32000
2026-09-24T18:54:48Z z9=31000 z10=31000 z11=31000
2026-09-24T18:54:53Z z9=31000 z10=31000 z11=32000
2026-09-24T18:54:58Z z9=30000 z10=30000 z11=32000
2026-09-24T18:55:03Z z9=31000 z10=31000 z11=32000
2026-09-24T18:55:08Z z9=30000 z10=31000 z11=31000
2026-09-24T18:55:13Z z9=32000 z10=30000 z11=30000
2026-09-24T18:55:18Z z9=30000 z10=30000 z11=31000
2026-09-24T18:55:23Z z9=32000 z10=31000 z11=31000
2026-09-24T18:55:28Z z9=32000 z10=30000 z11=32000
2026-09-24T18:55:33Z z9=30000 z10=30000 z11=31000
2026-09-24T18:55:38Z z9=33000 z10=30000 z11=31000
2026-09-24T18:55:44Z z9=30000 z10=30000 z11=31000
2026-09-24T18:55:49Z z9=32000 z10=30000 z11=31000
2026-09-24T18:55:54Z z9=33000 z10=30000 z11=31000
2026-09-24T18:55:59Z z9=30000 z10=30000 z11=30000
2026-09-24T18:56:04Z z9=32000 z10=30000 z11=32000
2026-09-24T18:56:09Z z9=30000 z10=30000 z11=31000
2026-09-24T18:56:14Z z9=32000 z10=30000 z11=31000
2026-09-24T18:56:19Z z9=32000 z10=30000 z11=31000
2026-09-24T18:56:24Z z9=30000 z10=30000 z11=30000
2026-09-24T18:56:29Z z9=30000 z10=30000 z11=31000
2026-09-24T18:56:34Z z9=30000 z10=30000 z11=31000
2026-09-24T18:56:40Z z9=32000 z10=30000 z11=31000
2026-09-24T18:56:45Z z9=30000 z10=30000 z11=30000
2026-09-24T18:56:50Z z9=32000 z10=30000 z11=30000
2026-09-24T18:56:55Z z9=32000 z10=30000 z11=30000
2026-09-24T18:57:00Z z9=32000 z10=30000 z11=31000
2026-09-24T18:57:05Z z9=29000 z10=30000 z11=30000
2026-09-24T18:57:10Z z9=37000 z10=35000 z11=36000
2026-09-24T18:57:15Z z9=52000 z10=44000 z11=46000
2026-09-24T18:57:20Z z9=45000 z10=45000 z11=45000
2026-09-24T18:57:25Z z9=55000 z10=48000 z11=50000
2026-09-24T18:57:30Z z9=51000 z10=48000 z11=49000
2026-09-24T18:57:36Z z9=89000 z10=74000 z11=75000
2026-09-24T18:57:41Z z9=104000 z10=84000 z11=87000
2026-09-24T18:57:46Z z9=99000 z10=90000 z11=90000
2026-09-24T18:57:51Z z9=96000 z10=90000 z11=93000
2026-09-24T18:57:56Z z9=98000 z10=94000 z11=93000
2026-09-24T18:58:01Z z9=98000 z10=92000 z11=94000
2026-09-24T18:58:06Z z9=101000 z10=92000 z11=90000
2026-09-24T18:58:11Z z9=94000 z10=97000 z11=92000
2026-09-24T18:58:17Z z9=101000 z10=94000 z11=93000
2026-09-24T18:58:22Z z9=102000 z10=94000 z11=94000
2026-09-24T18:58:27Z z9=97000 z10=96000 z11=95000
2026-09-24T18:58:32Z z9=98000 z10=99000 z11=96000
2026-09-24T18:58:37Z z9=103000 z10=99000 z11=95000
2026-09-24T18:58:42Z z9=97000 z10=96000 z11=95000
2026-09-24T18:58:47Z z9=99000 z10=96000 z11=98000
2026-09-24T18:58:52Z z9=100000 z10=95000 z11=96000
2026-09-24T18:58:58Z z9=100000 z10=94000 z11=93000
2026-09-24T18:59:03Z z9=88000 z10=80000 z11=80000
2026-09-24T18:59:08Z z9=62000 z10=63000 z11=64000
2026-09-24T18:59:13Z z9=56000 z10=56000 z11=56000
2026-09-24T18:59:18Z z9=52000 z10=52000 z11=53000
2026-09-24T18:59:23Z z9=47000 z10=48000 z11=48000
2026-09-24T18:59:28Z z9=48000 z10=48000 z11=48000
2026-09-24T18:59:33Z z9=45000 z10=44000 z11=45000
2026-09-24T18:59:38Z z9=42000 z10=42000 z11=43000
2026-09-24T18:59:44Z z9=43000 z10=44000 z11=45000
2026-09-24T18:59:49Z z9=41000 z10=42000 z11=42000
2026-09-24T18:59:54Z z9=41000 z10=40000 z11=41000
2026-09-24T18:59:59Z z9=40000 z10=40000 z11=41000
2026-09-24T19:00:04Z z9=41000 z10=40000 z11=40000
2026-09-24T19:00:09Z z9=39000 z10=40000 z11=41000
2026-09-24T19:00:14Z z9=38000 z10=39000 z11=40000
2026-09-24T19:00:19Z z9=38000 z10=38000 z11=39000
2026-09-24T19:00:24Z z9=38000 z10=37000 z11=38000
2026-09-24T19:00:30Z z9=39000 z10=38000 z11=39000
2026-09-24T19:00:35Z z9=37000 z10=37000 z11=37000
2026-09-24T19:00:40Z z9=38000 z10=36000 z11=37000
2026-09-24T19:00:45Z z9=37000 z10=37000 z11=38000
2026-09-24T19:00:50Z z9=37000 z10=36000 z11=36000
2026-09-24T19:00:55Z z9=36000 z10=36000 z11=37000
2026-09-24T19:01:00Z z9=37000 z10=36000 z11=37000
2026-09-24T19:01:05Z z9=36000 z10=37000 z11=37000
2026-09-24T19:01:10Z z9=36000 z10=37000 z11=37000
2026-09-24T19:01:15Z z9=39000 z10=37000 z11=39000
2026-09-24T19:01:21Z z9=36000 z10=37000 z11=39000
2026-09-24T19:01:26Z z9=36000 z10=36000 z11=36000
2026-09-24T19:01:31Z z9=36000 z10=36000 z11=36000
2026-09-24T19:01:36Z z9=35000 z10=35000 z11=36000
2026-09-24T19:01:41Z z9=36000 z10=35000 z11=36000
2026-09-24T19:01:46Z z9=36000 z10=35000 z11=36000
2026-09-24T19:01:51Z z9=36000 z10=35000 z11=35000
2026-09-24T19:01:56Z z9=35000 z10=35000 z11=35000
2026-09-24T19:02:01Z z9=36000 z10=35000 z11=35000
2026-09-24T19:02:07Z z9=35000 z10=35000 z11=36000
2026-09-24T19:02:12Z z9=35000 z10=35000 z11=36000
2026-09-24T19:02:17Z z9=35000 z10=35000 z11=35000
2026-09-24T19:02:22Z z9=36000 z10=34000 z11=35000
2026-09-24T19:02:27Z z9=35000 z10=35000 z11=35000
2026-09-24T19:02:32Z z9=34000 z10=34000 z11=35000
2026-09-24T19:02:37Z z9=35000 z10=35000 z11=35000
2026-09-24T19:02:42Z z9=34000 z10=34000 z11=35000
2026-09-24T19:02:47Z z9=34000 z10=35000 z11=35000
2026-09-24T19:02:52Z z9=35000 z10=34000 z11=35000
2026-09-24T19:02:58Z z9=34000 z10=34000 z11=34000
2026-09-24T19:03:03Z z9=35000 z10=34000 z11=34000
2026-09-24T19:03:08Z z9=34000 z10=34000 z11=35000
2026-09-24T19:03:13Z z9=34000 z10=34000 z11=35000
2026-09-24T19:03:18Z z9=35000 z10=34000 z11=35000
2026-09-24T19:03:23Z z9=34000 z10=35000 z11=35000
2026-09-24T19:03:28Z z9=34000 z10=34000 z11=35000
2026-09-24T19:03:33Z z9=34000 z10=34000 z11=34000
2026-09-24T19:03:38Z z9=34000 z10=34000 z11=34000
2026-09-24T19:03:43Z z9=35000 z10=33000 z11=34000
2026-09-24T19:03:48Z z9=35000 z10=34000 z11=34000
2026-09-24T19:03:54Z z9=34000 z10=34000 z11=34000
2026-09-24T19:03:59Z z9=34000 z10=35000 z11=35000
2026-09-24T19:04:04Z z9=35000 z10=35000 z11=36000
2026-09-24T19:04:09Z z9=35000 z10=35000 z11=35000
2026-09-24T19:04:14Z z9=35000 z10=34000 z11=35000
2026-09-24T19:04:19Z z9=34000 z10=34000 z11=35000
2026-09-24T19:04:24Z z9=34000 z10=35000 z11=35000
2026-09-24T19:04:29Z z9=35000 z10=33000 z11=34000
2026-09-24T19:04:34Z z9=34000 z10=33000 z11=34000
2026-09-24T19:04:40Z z9=35000 z10=34000 z11=35000
2026-09-24T19:04:45Z z9=33000 z10=33000 z11=34000
2026-09-24T19:04:50Z z9=33000 z10=34000 z11=34000
2026-09-24T19:04:55Z z9=34000 z10=34000 z11=34000
2026-09-24T19:05:00Z z9=33000 z10=34000 z11=34000
2026-09-24T19:05:05Z z9=33000 z10=34000 z11=36000
2026-09-24T19:05:10Z z9=33000 z10=33000 z11=33000
2026-09-24T19:05:15Z z9=33000 z10=33000 z11=34000
2026-09-24T19:05:20Z z9=33000 z10=33000 z11=33000
2026-09-24T19:05:26Z z9=33000 z10=32000 z11=33000
2026-09-24T19:05:31Z z9=32000 z10=32000 z11=32000
2026-09-24T19:05:36Z z9=31000 z10=32000 z11=32000
2026-09-24T19:05:41Z z9=31000 z10=32000 z11=32000
2026-09-24T19:05:46Z z9=34000 z10=32000 z11=33000
2026-09-24T19:05:51Z z9=31000 z10=32000 z11=32000
2026-09-24T19:05:56Z z9=31000 z10=32000 z11=32000
2026-09-24T19:06:01Z z9=31000 z10=32000 z11=32000
2026-09-24T19:06:06Z z9=33000 z10=32000 z11=32000
2026-09-24T19:06:11Z z9=33000 z10=32000 z11=32000
2026-09-24T19:06:16Z z9=32000 z10=31000 z11=31000
2026-09-24T19:06:22Z z9=30000 z10=31000 z11=32000
2026-09-24T19:06:27Z z9=32000 z10=31000 z11=31000
2026-09-24T19:06:32Z z9=33000 z10=31000 z11=32000
2026-09-24T19:06:37Z z9=30000 z10=31000 z11=32000
2026-09-24T19:06:42Z z9=31000 z10=31000 z11=32000
2026-09-24T19:06:47Z z9=31000 z10=30000 z11=32000
2026-09-24T19:06:52Z z9=32000 z10=30000 z11=31000
2026-09-24T19:06:57Z z9=30000 z10=31000 z11=31000
2026-09-24T19:07:02Z z9=33000 z10=31000 z11=32000
2026-09-24T19:07:07Z z9=31000 z10=30000 z11=31000
2026-09-24T19:07:12Z z9=30000 z10=31000 z11=32000
2026-09-24T19:07:18Z z9=30000 z10=30000 z11=31000
2026-09-24T19:07:23Z z9=30000 z10=31000 z11=31000
2026-09-24T19:07:28Z z9=30000 z10=30000 z11=31000
2026-09-24T19:07:33Z z9=30000 z10=30000 z11=31000
2026-09-24T19:07:38Z z9=30000 z10=31000 z11=31000
2026-09-24T19:07:43Z z9=32000 z10=30000 z11=30000
2026-09-24T19:07:48Z z9=31000 z10=31000 z11=30000
2026-09-24T19:07:53Z z9=30000 z10=30000 z11=31000
2026-09-24T19:07:58Z z9=30000 z10=30000 z11=30000
2026-09-24T19:08:03Z z9=30000 z10=30000 z11=31000
2026-09-24T19:08:08Z z9=30000 z10=30000 z11=30000
2026-09-24T19:08:13Z z9=31000 z10=30000 z11=30000
2026-09-24T19:08:19Z z9=32000 z10=30000 z11=30000
2026-09-24T19:08:24Z z9=31000 z10=30000 z11=30000
2026-09-24T19:08:29Z z9=30000 z10=30000 z11=31000
2026-09-24T19:08:34Z z9=30000 z10=30000 z11=30000
2026-09-24T19:08:39Z z9=32000 z10=30000 z11=31000
2026-09-24T19:08:44Z z9=30000 z10=30000 z11=30000
2026-09-24T19:08:49Z z9=31000 z10=29000 z11=30000
2026-09-24T19:08:54Z z9=31000 z10=30000 z11=30000
2026-09-24T19:08:59Z z9=31000 z10=30000 z11=30000
2026-09-24T19:09:04Z z9=32000 z10=30000 z11=30000
2026-09-24T19:09:10Z z9=31000 z10=30000 z11=30000
2026-09-24T19:09:15Z z9=31000 z10=30000 z11=30000
2026-09-24T19:09:20Z z9=30000 z10=30000 z11=30000
2026-09-24T19:09:25Z z9=31000 z10=30000 z11=31000
2026-09-24T19:09:30Z z9=30000 z10=30000 z11=30000
2026-09-24T19:09:35Z z9=30000 z10=30000 z11=30000
2026-09-24T19:09:40Z z9=29000 z10=30000 z11=30000
2026-09-24T19:09:45Z z9=31000 z10=30000 z11=30000
2026-09-24T19:09:50Z z9=31000 z10=30000 z11=30000
2026-09-24T19:09:55Z z9=29000 z10=30000 z11=30000
2026-09-24T19:10:00Z z9=29000 z10=30000 z11=30000
2026-09-24T19:10:05Z z9=31000 z10=30000 z11=30000
2026-09-24T19:10:11Z z9=30000 z10=30000 z11=30000
2026-09-24T19:10:16Z z9=32000 z10=29000 z11=30000
2026-09-24T19:10:21Z z9=32000 z10=30000 z11=30000
2026-09-24T19:10:26Z z9=31000 z10=30000 z11=31000
2026-09-24T19:10:31Z z9=29000 z10=30000 z11=30000
2026-09-24T19:10:36Z z9=30000 z10=29000 z11=30000
2026-09-24T19:10:41Z z9=29000 z10=29000 z11=30000
2026-09-24T19:10:46Z z9=29000 z10=29000 z11=30000
2026-09-24T19:10:51Z z9=30000 z10=30000 z11=30000
2026-09-24T19:10:56Z z9=31000 z10=30000 z11=30000
2026-09-24T19:11:01Z z9=31000 z10=30000 z11=30000
2026-09-24T19:11:06Z z9=29000 z10=30000 z11=29000
2026-09-24T19:11:12Z z9=29000 z10=30000 z11=30000
2026-09-24T19:11:17Z z9=30000 z10=29000 z11=30000
2026-09-24T19:11:22Z z9=31000 z10=30000 z11=30000
2026-09-24T19:11:27Z z9=30000 z10=29000 z11=30000
2026-09-24T19:11:32Z z9=29000 z10=29000 z11=29000
2026-09-24T19:11:37Z z9=30000 z10=29000 z11=29000
2026-09-24T19:11:42Z z9=30000 z10=29000 z11=30000
2026-09-24T19:11:47Z z9=29000 z10=29000 z11=30000
2026-09-24T19:11:52Z z9=30000 z10=29000 z11=30000
2026-09-24T19:11:57Z z9=30000 z10=29000 z11=29000
2026-09-24T19:12:03Z z9=30000 z10=29000 z11=30000
2026-09-24T19:12:08Z z9=29000 z10=29000 z11=29000
2026-09-24T19:12:13Z z9=29000 z10=29000 z11=29000
2026-09-24T19:12:18Z z9=29000 z10=30000 z11=30000
2026-09-24T19:12:23Z z9=29000 z10=29000 z11=29000
2026-09-24T19:12:28Z z9=30000 z10=29000 z11=29000
2026-09-24T19:12:33Z z9=29000 z10=29000 z11=29000
2026-09-24T19:12:38Z z9=31000 z10=29000 z11=29000
2026-09-24T19:12:43Z z9=29000 z10=29000 z11=29000
2026-09-24T19:12:48Z z9=29000 z10=29000 z11=29000
2026-09-24T19:12:54Z z9=29000 z10=29000 z11=29000
2026-09-24T19:12:59Z z9=28000 z10=29000 z11=29000
2026-09-24T19:13:04Z z9=30000 z10=29000 z11=29000
2026-09-24T19:13:09Z z9=31000 z10=29000 z11=30000
2026-09-24T19:13:14Z z9=30000 z10=29000 z11=29000
2026-09-24T19:13:19Z z9=30000 z10=29000 z11=29000
2026-09-24T19:13:24Z z9=29000 z10=29000 z11=29000
2026-09-24T19:13:29Z z9=29000 z10=28000 z11=29000
2026-09-24T19:13:34Z z9=31000 z10=29000 z11=29000
2026-09-24T19:13:39Z z9=31000 z10=29000 z11=29000
2026-09-24T19:13:44Z z9=29000 z10=29000 z11=29000
2026-09-24T19:13:50Z z9=29000 z10=29000 z11=30000
2026-09-24T19:13:55Z z9=29000 z10=29000 z11=29000
2026-09-24T19:14:00Z z9=30000 z10=29000 z11=29000
2026-09-24T19:14:05Z z9=29000 z10=29000 z11=29000
2026-09-24T19:14:10Z z9=28000 z10=29000 z11=29000
2026-09-24T19:14:15Z z9=29000 z10=29000 z11=29000
2026-09-24T19:14:20Z z9=30000 z10=28000 z11=29000
2026-09-24T19:14:25Z z9=28000 z10=29000 z11=29000
2026-09-24T19:14:30Z z9=29000 z10=28000 z11=28000
2026-09-24T19:14:35Z z9=29000 z10=29000 z11=29000
2026-09-24T19:14:40Z z9=30000 z10=29000 z11=29000
2026-09-24T19:14:45Z z9=30000 z10=28000 z11=29000
2026-09-24T19:14:51Z z9=29000 z10=28000 z11=29000
2026-09-24T19:14:56Z z9=29000 z10=28000 z11=29000
2026-09-24T19:15:01Z z9=29000 z10=28000 z11=29000
2026-09-24T19:15:06Z z9=29000 z10=28000 z11=29000
2026-09-24T19:15:11Z z9=28000 z10=28000 z11=29000
2026-09-24T19:15:16Z z9=30000 z10=29000 z11=29000
2026-09-24T19:15:21Z z9=30000 z10=28000 z11=29000
2026-09-24T19:15:26Z z9=28000 z10=28000 z11=29000
2026-09-24T19:15:31Z z9=29000 z10=28000 z11=29000
2026-09-24T19:15:36Z z9=28000 z10=28000 z11=29000
2026-09-24T19:15:41Z z9=30000 z10=29000 z11=29000
2026-09-24T19:15:47Z z9=29000 z10=29000 z11=29000
2026-09-24T19:15:52Z z9=29000 z10=28000 z11=29000
2026-09-24T19:15:57Z z9=29000 z10=28000 z11=28000
2026-09-24T19:16:02Z z9=28000 z10=28000 z11=29000
2026-09-24T19:16:07Z z9=29000 z10=28000 z11=29000
2026-09-24T19:16:12Z z9=28000 z10=28000 z11=29000
2026-09-24T19:16:17Z z9=28000 z10=29000 z11=29000
2026-09-24T19:16:22Z z9=29000 z10=28000 z11=29000
2026-09-24T19:16:27Z z9=31000 z10=28000 z11=29000
2026-09-24T19:16:32Z z9=29000 z10=28000 z11=28000
2026-09-24T19:16:37Z z9=29000 z10=28000 z11=28000
2026-09-24T19:16:42Z z9=30000 z10=28000 z11=29000
2026-09-24T19:16:48Z z9=29000 z10=28000 z11=29000
2026-09-24T19:16:53Z z9=28000 z10=28000 z11=28000
2026-09-24T19:16:58Z z9=29000 z10=28000 z11=28000
2026-09-24T19:17:03Z z9=29000 z10=28000 z11=29000
2026-09-24T19:17:08Z z9=30000 z10=28000 z11=28000
2026-09-24T19:17:13Z z9=29000 z10=28000 z11=28000
2026-09-24T19:17:18Z z9=29000 z10=28000 z11=28000
2026-09-24T19:17:23Z z9=28000 z10=28000 z11=28000
2026-09-24T19:17:28Z z9=29000 z10=28000 z11=28000
2026-09-24T19:17:33Z z9=28000 z10=28000 z11=28000
2026-09-24T19:17:38Z z9=28000 z10=27000 z11=28000
2026-09-24T19:17:44Z z9=28000 z10=28000 z11=28000
2026-09-24T19:17:49Z z9=28000 z10=28000 z11=28000
2026-09-24T19:17:54Z z9=28000 z10=28000 z11=28000
2026-09-24T19:17:59Z z9=28000 z10=28000 z11=28000
2026-09-24T19:18:04Z z9=28000 z10=28000 z11=28000
2026-09-24T19:18:09Z z9=28000 z10=28000 z11=28000
2026-09-24T19:18:14Z z9=28000 z10=28000 z11=28000
2026-09-24T19:18:19Z z9=27000 z10=28000 z11=28000
2026-09-24T19:18:24Z z9=30000 z10=28000 z11=29000
2026-09-24T19:18:29Z z9=28000 z10=29000 z11=29000
2026-09-24T19:18:34Z z9=29000 z10=28000 z11=28000
2026-09-24T19:18:39Z z9=27000 z10=28000 z11=28000
2026-09-24T19:18:44Z z9=30000 z10=28000 z11=28000
2026-09-24T19:18:50Z z9=28000 z10=28000 z11=28000
2026-09-24T19:18:55Z z9=27000 z10=28000 z11=28000
2026-09-24T19:19:00Z z9=30000 z10=28000 z11=28000
2026-09-24T19:19:05Z z9=28000 z10=28000 z11=28000
2026-09-24T19:19:10Z z9=29000 z10=28000 z11=28000
2026-09-24T19:19:15Z z9=29000 z10=28000 z11=28000
2026-09-24T19:19:20Z z9=28000 z10=28000 z11=28000
2026-09-24T19:19:25Z z9=28000 z10=28000 z11=28000
2026-09-24T19:19:30Z z9=28000 z10=28000 z11=28000
2026-09-24T19:19:35Z z9=27000 z10=28000 z11=28000
2026-09-24T19:19:40Z z9=28000 z10=28000 z11=28000
2026-09-24T19:19:46Z z9=28000 z10=28000 z11=28000
2026-09-24T19:19:51Z z9=30000 z10=28000 z11=29000
2026-09-24T19:19:56Z z9=27000 z10=28000 z11=28000
2026-09-24T19:20:01Z z9=28000 z10=28000 z11=28000
2026-09-24T19:20:06Z z9=27000 z10=28000 z11=28000
2026-09-24T19:20:11Z z9=27000 z10=27000 z11=28000
2026-09-24T19:20:16Z z9=28000 z10=28000 z11=29000
2026-09-24T19:20:21Z z9=27000 z10=28000 z11=28000
2026-09-24T19:20:26Z z9=29000 z10=28000 z11=28000
2026-09-24T19:20:31Z z9=28000 z10=28000 z11=29000
2026-09-24T19:20:36Z z9=27000 z10=28000 z11=28000
2026-09-24T19:20:41Z z9=27000 z10=28000 z11=28000
2026-09-24T19:20:47Z z9=27000 z10=27000 z11=28000
2026-09-24T19:20:52Z z9=29000 z10=28000 z11=28000
2026-09-24T19:20:57Z z9=28000 z10=27000 z11=28000
2026-09-24T19:21:02Z z9=28000 z10=27000 z11=28000
2026-09-24T19:21:07Z z9=28000 z10=27000 z11=28000
2026-09-24T19:21:12Z z9=30000 z10=27000 z11=28000
2026-09-24T19:21:17Z z9=27000 z10=28000 z11=28000
2026-09-24T19:21:22Z z9=29000 z10=27000 z11=28000
2026-09-24T19:21:27Z z9=27000 z10=28000 z11=28000
2026-09-24T19:21:32Z z9=29000 z10=27000 z11=28000
2026-09-24T19:21:37Z z9=28000 z10=27000 z11=27000
2026-09-24T19:21:43Z z9=28000 z10=27000 z11=28000
2026-09-24T19:21:48Z z9=28000 z10=27000 z11=28000
2026-09-24T19:21:53Z z9=27000 z10=28000 z11=28000
2026-09-24T19:21:58Z z9=27000 z10=27000 z11=28000
2026-09-24T19:22:03Z z9=28000 z10=27000 z11=28000
2026-09-24T19:22:08Z z9=28000 z10=28000 z11=28000
2026-09-24T19:22:13Z z9=29000 z10=28000 z11=28000
2026-09-24T19:22:18Z z9=29000 z10=28000 z11=28000
2026-09-24T19:22:23Z z9=28000 z10=27000 z11=28000
2026-09-24T19:22:29Z z9=27000 z10=28000 z11=28000
2026-09-24T19:22:34Z z9=27000 z10=27000 z11=28000
2026-09-24T19:22:39Z z9=28000 z10=27000 z11=28000
2026-09-24T19:22:44Z z9=27000 z10=27000 z11=28000
2026-09-24T19:22:49Z z9=28000 z10=27000 z11=28000
2026-09-24T19:22:54Z z9=28000 z10=27000 z11=28000
2026-09-24T19:22:59Z z9=28000 z10=27000 z11=27000
2026-09-24T19:23:04Z z9=27000 z10=27000 z11=28000
2026-09-24T19:23:09Z z9=27000 z10=27000 z11=27000
2026-09-24T19:23:14Z z9=27000 z10=28000 z11=28000
2026-09-24T19:23:19Z z9=27000 z10=27000 z11=27000
2026-09-24T19:23:25Z z9=28000 z10=27000 z11=27000
2026-09-24T19:23:30Z z9=28000 z10=27000 z11=28000
2026-09-24T19:23:35Z z9=28000 z10=27000 z11=27000
2026-09-24T19:23:40Z z9=29000 z10=27000 z11=28000
2026-09-24T19:23:45Z z9=27000 z10=27000 z11=28000
2026-09-24T19:23:50Z z9=27000 z10=27000 z11=27000
2026-09-24T19:23:55Z z9=27000 z10=27000 z11=28000
2026-09-24T19:24:00Z z9=27000 z10=27000 z11=27000
2026-09-24T19:24:05Z z9=27000 z10=27000 z11=28000
2026-09-24T19:24:10Z z9=28000 z10=27000 z11=27000
2026-09-24T19:24:15Z z9=27000 z10=27000 z11=28000
2026-09-24T19:24:21Z z9=28000 z10=27000 z11=28000
2026-09-24T19:24:26Z z9=28000 z10=27000 z11=27000
2026-09-24T19:24:31Z z9=28000 z10=27000 z11=28000
2026-09-24T19:24:36Z z9=27000 z10=27000 z11=28000
2026-09-24T19:24:41Z z9=26000 z10=27000 z11=28000
2026-09-24T19:24:46Z z9=28000 z10=27000 z11=28000
2026-09-24T19:24:51Z z9=27000 z10=27000 z11=27000
2026-09-24T19:24:56Z z9=28000 z10=27000 z11=28000
2026-09-24T19:25:01Z z9=27000 z10=27000 z11=27000
2026-09-24T19:25:06Z z9=27000 z10=27000 z11=27000
2026-09-24T19:25:11Z z9=27000 z10=27000 z11=28000
2026-09-24T19:25:17Z z9=28000 z10=27000 z11=28000
2026-09-24T19:25:22Z z9=27000 z10=27000 z11=27000
2026-09-24T19:25:27Z z9=28000 z10=27000 z11=27000
2026-09-24T19:25:32Z z9=28000 z10=27000 z11=28000
2026-09-24T19:25:37Z z9=27000 z10=27000 z11=27000
2026-09-24T19:25:42Z z9=27000 z10=27000 z11=27000
2026-09-24T19:25:47Z z9=27000 z10=27000 z11=27000
2026-09-24T19:25:52Z z9=27000 z10=28000 z11=27000
2026-09-24T19:25:57Z z9=27000 z10=27000 z11=27000
2026-09-24T19:26:02Z z9=27000 z10=27000 z11=27000
2026-09-24T19:26:07Z z9=27000 z10=27000 z11=27000
2026-09-24T19:26:13Z z9=28000 z10=27000 z11=27000
2026-09-24T19:26:18Z z9=26000 z10=27000 z11=27000
2026-09-24T19:26:23Z z9=28000 z10=28000 z11=28000
2026-09-24T19:26:28Z z9=28000 z10=27000 z11=28000
2026-09-24T19:26:33Z z9=28000 z10=27000 z11=27000
2026-09-24T19:26:38Z z9=27000 z10=27000 z11=27000
2026-09-24T19:26:43Z z9=29000 z10=27000 z11=27000
2026-09-24T19:26:48Z z9=27000 z10=27000 z11=28000
2026-09-24T19:26:53Z z9=28000 z10=26000 z11=27000
2026-09-24T19:26:58Z z9=28000 z10=27000 z11=27000
2026-09-24T19:27:03Z z9=28000 z10=27000 z11=28000
2026-09-24T19:27:08Z z9=27000 z10=26000 z11=27000
2026-09-24T19:27:14Z z9=28000 z10=27000 z11=27000
2026-09-24T19:27:19Z z9=27000 z10=27000 z11=27000
2026-09-24T19:27:24Z z9=28000 z10=27000 z11=28000
2026-09-24T19:27:29Z z9=27000 z10=27000 z11=27000
2026-09-24T19:27:34Z z9=27000 z10=27000 z11=27000
2026-09-24T19:27:39Z z9=26000 z10=27000 z11=27000
2026-09-24T19:27:44Z z9=29000 z10=27000 z11=27000
2026-09-24T19:27:49Z z9=26000 z10=27000 z11=27000
2026-09-24T19:27:54Z z9=27000 z10=26000 z11=27000
2026-09-24T19:27:59Z z9=28000 z10=27000 z11=28000
2026-09-24T19:28:05Z z9=27000 z10=27000 z11=27000
2026-09-24T19:28:10Z z9=26000 z10=27000 z11=27000
2026-09-24T19:28:15Z z9=27000 z10=27000 z11=28000
2026-09-24T19:28:20Z z9=27000 z10=27000 z11=27000
2026-09-24T19:28:25Z z9=26000 z10=27000 z11=27000
2026-09-24T19:28:30Z z9=29000 z10=26000 z11=27000
2026-09-24T19:28:35Z z9=28000 z10=27000 z11=28000
2026-09-24T19:28:40Z z9=28000 z10=26000 z11=27000
2026-09-24T19:28:45Z z9=27000 z10=27000 z11=27000
2026-09-24T19:28:50Z z9=27000 z10=27000 z11=28000
2026-09-24T19:28:55Z z9=26000 z10=27000 z11=27000
2026-09-24T19:29:01Z z9=26000 z10=27000 z11=27000
2026-09-24T19:29:06Z z9=26000 z10=27000 z11=27000
2026-09-24T19:29:11Z z9=26000 z10=27000 z11=27000
2026-09-24T19:29:16Z z9=26000 z10=27000 z11=27000
2026-09-24T19:29:21Z z9=26000 z10=27000 z11=27000
2026-09-24T19:29:26Z z9=28000 z10=27000 z11=27000
2026-09-24T19:29:31Z z9=27000 z10=27000 z11=27000
2026-09-24T19:29:36Z z9=28000 z10=27000 z11=26000
2026-09-24T19:29:41Z z9=28000 z10=27000 z11=27000
2026-09-24T19:29:46Z z9=27000 z10=26000 z11=27000
2026-09-24T19:29:51Z z9=27000 z10=26000 z11=27000
2026-09-24T19:29:56Z z9=28000 z10=27000 z11=27000
2026-09-24T19:30:02Z z9=27000 z10=27000 z11=27000
2026-09-24T19:30:07Z z9=27000 z10=27000 z11=27000
2026-09-24T19:30:12Z z9=27000 z10=27000 z11=27000
2026-09-24T19:30:17Z z9=27000 z10=27000 z11=27000
2026-09-24T19:30:22Z z9=27000 z10=27000 z11=28000
2026-09-24T19:30:27Z z9=27000 z10=27000 z11=27000
2026-09-24T19:30:32Z z9=27000 z10=27000 z11=27000
2026-09-24T19:30:37Z z9=26000 z10=27000 z11=27000
2026-09-24T19:30:42Z z9=28000 z10=27000 z11=27000
2026-09-24T19:30:47Z z9=29000 z10=29000 z11=30000
2026-09-24T19:30:52Z z9=29000 z10=28000 z11=30000
2026-09-24T19:30:58Z z9=28000 z10=29000 z11=29000
2026-09-24T19:31:03Z z9=30000 z10=29000 z11=30000
2026-09-24T19:31:08Z z9=29000 z10=29000 z11=30000
2026-09-24T19:31:13Z z9=29000 z10=28000 z11=29000
2026-09-24T19:31:18Z z9=28000 z10=28000 z11=28000
2026-09-24T19:31:23Z z9=28000 z10=28000 z11=28000
2026-09-24T19:31:28Z z9=27000 z10=27000 z11=28000
2026-09-24T19:31:33Z z9=27000 z10=27000 z11=28000
2026-09-24T19:31:38Z z9=27000 z10=27000 z11=28000
2026-09-24T19:31:43Z z9=27000 z10=28000 z11=28000
2026-09-24T19:31:48Z z9=28000 z10=27000 z11=27000
2026-09-24T19:31:54Z z9=28000 z10=27000 z11=27000
2026-09-24T19:31:59Z z9=27000 z10=27000 z11=27000
2026-09-24T19:32:04Z z9=27000 z10=27000 z11=27000
2026-09-24T19:32:09Z z9=27000 z10=27000 z11=28000
2026-09-24T19:32:14Z z9=28000 z10=26000 z11=28000
2026-09-24T19:32:19Z z9=27000 z10=27000 z11=27000
2026-09-24T19:32:24Z z9=26000 z10=27000 z11=27000
2026-09-24T19:32:29Z z9=28000 z10=27000 z11=28000
2026-09-24T19:32:34Z z9=27000 z10=27000 z11=27000
2026-09-24T19:32:39Z z9=28000 z10=26000 z11=27000
2026-09-24T19:32:44Z z9=27000 z10=27000 z11=27000
2026-09-24T19:32:50Z z9=26000 z10=26000 z11=27000
2026-09-24T19:32:55Z z9=27000 z10=27000 z11=28000
2026-09-24T19:33:00Z z9=28000 z10=27000 z11=27000
2026-09-24T19:33:05Z z9=29000 z10=27000 z11=27000
2026-09-24T19:33:10Z z9=28000 z10=27000 z11=27000
2026-09-24T19:33:15Z z9=29000 z10=27000 z11=27000
2026-09-24T19:33:20Z z9=28000 z10=27000 z11=27000
2026-09-24T19:33:25Z z9=28000 z10=27000 z11=27000
2026-09-24T19:33:30Z z9=28000 z10=27000 z11=27000
2026-09-24T19:33:35Z z9=26000 z10=27000 z11=27000
2026-09-24T19:33:40Z z9=28000 z10=27000 z11=27000
2026-09-24T19:33:46Z z9=28000 z10=26000 z11=27000
2026-09-24T19:33:51Z z9=27000 z10=27000 z11=26000
2026-09-24T19:33:56Z z9=28000 z10=27000 z11=27000
2026-09-24T19:34:01Z z9=28000 z10=27000 z11=27000
2026-09-24T19:34:06Z z9=26000 z10=27000 z11=27000
2026-09-24T19:34:11Z z9=26000 z10=27000 z11=27000
2026-09-24T19:34:16Z z9=29000 z10=26000 z11=27000
2026-09-24T19:34:21Z z9=27000 z10=26000 z11=27000
2026-09-24T19:34:26Z z9=26000 z10=27000 z11=27000
2026-09-24T19:34:31Z z9=27000 z10=27000 z11=27000
2026-09-24T19:34:36Z z9=26000 z10=26000 z11=27000
2026-09-24T19:34:41Z z9=28000 z10=27000 z11=27000
2026-09-24T19:34:47Z z9=26000 z10=27000 z11=27000
2026-09-24T19:34:52Z z9=28000 z10=26000 z11=27000
2026-09-24T19:34:57Z z9=26000 z10=26000 z11=27000
2026-09-24T19:35:02Z z9=26000 z10=27000 z11=27000
2026-09-24T19:35:07Z z9=27000 z10=26000 z11=27000
2026-09-24T19:35:12Z z9=26000 z10=27000 z11=27000
2026-09-24T19:35:17Z z9=29000 z10=26000 z11=27000
2026-09-24T19:35:22Z z9=27000 z10=27000 z11=27000
2026-09-24T19:35:27Z z9=26000 z10=26000 z11=27000
2026-09-24T19:35:32Z z9=28000 z10=27000 z11=27000
2026-09-24T19:35:37Z z9=27000 z10=27000 z11=27000
2026-09-24T19:35:43Z z9=28000 z10=27000 z11=27000
2026-09-24T19:35:48Z z9=27000 z10=27000 z11=27000
2026-09-24T19:35:53Z z9=26000 z10=27000 z11=26000
2026-09-24T19:35:58Z z9=27000 z10=26000 z11=27000
2026-09-24T19:36:03Z z9=27000 z10=26000 z11=27000
2026-09-24T19:36:08Z z9=27000 z10=26000 z11=27000
2026-09-24T19:36:13Z z9=26000 z10=26000 z11=27000
2026-09-24T19:36:18Z z9=26000 z10=26000 z11=27000
2026-09-24T19:36:23Z z9=27000 z10=26000 z11=27000
2026-09-24T19:36:28Z z9=28000 z10=26000 z11=27000
2026-09-24T19:36:33Z z9=26000 z10=26000 z11=27000
2026-09-24T19:36:39Z z9=28000 z10=26000 z11=27000
2026-09-24T19:36:44Z z9=26000 z10=26000 z11=26000
2026-09-24T19:36:49Z z9=26000 z10=26000 z11=27000
2026-09-24T19:36:54Z z9=26000 z10=26000 z11=27000
2026-09-24T19:36:59Z z9=27000 z10=26000 z11=27000
2026-09-24T19:37:04Z z9=26000 z10=27000 z11=27000
2026-09-24T19:37:09Z z9=26000 z10=26000 z11=27000
2026-09-24T19:37:14Z z9=27000 z10=26000 z11=27000
2026-09-24T19:37:19Z z9=26000 z10=27000 z11=27000
2026-09-24T19:37:24Z z9=26000 z10=26000 z11=26000
2026-09-24T19:37:29Z z9=28000 z10=26000 z11=27000
2026-09-24T19:37:35Z z9=26000 z10=26000 z11=27000
2026-09-24T19:37:40Z z9=26000 z10=26000 z11=26000
2026-09-24T19:37:45Z z9=26000 z10=26000 z11=26000
2026-09-24T19:37:50Z z9=26000 z10=26000 z11=26000
2026-09-24T19:37:55Z z9=26000 z10=26000 z11=26000
2026-09-24T19:38:00Z z9=26000 z10=26000 z11=27000
2026-09-24T19:38:05Z z9=26000 z10=27000 z11=27000
2026-09-24T19:38:10Z z9=26000 z10=26000 z11=27000
2026-09-24T19:38:15Z z9=26000 z10=26000 z11=26000
2026-09-24T19:38:20Z z9=26000 z10=26000 z11=27000
2026-09-24T19:38:26Z z9=26000 z10=27000 z11=27000
2026-09-24T19:38:31Z z9=28000 z10=26000 z11=27000
2026-09-24T19:38:36Z z9=27000 z10=26000 z11=27000
2026-09-24T19:38:41Z z9=27000 z10=26000 z11=27000
2026-09-24T19:38:46Z z9=27000 z10=27000 z11=26000
2026-09-24T19:38:51Z z9=27000 z10=26000 z11=26000
2026-09-24T19:38:56Z z9=26000 z10=26000 z11=27000
2026-09-24T19:39:01Z z9=26000 z10=26000 z11=26000
2026-09-24T19:39:06Z z9=27000 z10=26000 z11=26000
2026-09-24T19:39:11Z z9=27000 z10=26000 z11=27000
2026-09-24T19:39:16Z z9=27000 z10=27000 z11=27000
2026-09-24T19:39:21Z z9=27000 z10=27000 z11=27000
2026-09-24T19:39:27Z z9=29000 z10=27000 z11=27000
2026-09-24T19:39:32Z z9=26000 z10=26000 z11=27000
2026-09-24T19:39:37Z z9=27000 z10=27000 z11=27000
2026-09-24T19:39:42Z z9=28000 z10=27000 z11=27000
2026-09-24T19:39:47Z z9=28000 z10=27000 z11=27000
2026-09-24T19:39:52Z z9=29000 z10=27000 z11=27000
2026-09-24T19:39:57Z z9=26000 z10=26000 z11=26000
2026-09-24T19:40:02Z z9=26000 z10=26000 z11=26000
2026-09-24T19:40:07Z z9=26000 z10=27000 z11=27000
2026-09-24T19:40:12Z z9=26000 z10=26000 z11=26000
2026-09-24T19:40:18Z z9=28000 z10=26000 z11=26000
2026-09-24T19:40:23Z z9=26000 z10=26000 z11=27000
2026-09-24T19:40:28Z z9=26000 z10=26000 z11=27000
2026-09-24T19:40:33Z z9=26000 z10=26000 z11=27000
2026-09-24T19:40:38Z z9=27000 z10=26000 z11=27000
2026-09-24T19:40:43Z z9=26000 z10=26000 z11=26000
2026-09-24T19:40:48Z z9=26000 z10=26000 z11=27000
2026-09-24T19:40:53Z z9=29000 z10=26000 z11=27000
2026-09-24T19:40:58Z z9=26000 z10=26000 z11=27000
2026-09-24T19:41:03Z z9=27000 z10=26000 z11=27000
2026-09-24T19:41:08Z z9=27000 z10=26000 z11=26000
2026-09-24T19:41:14Z z9=27000 z10=26000 z11=27000
2026-09-24T19:41:19Z z9=27000 z10=26000 z11=26000
2026-09-24T19:41:24Z z9=26000 z10=26000 z11=27000
2026-09-24T19:41:29Z z9=27000 z10=26000 z11=27000
2026-09-24T19:41:34Z z9=26000 z10=26000 z11=27000
2026-09-24T19:41:39Z z9=27000 z10=26000 z11=27000
2026-09-24T19:41:44Z z9=26000 z10=26000 z11=27000
2026-09-24T19:41:49Z z9=27000 z10=26000 z11=27000
2026-09-24T19:41:54Z z9=28000 z10=26000 z11=27000
2026-09-24T19:41:59Z z9=27000 z10=26000 z11=26000
2026-09-24T19:42:04Z z9=26000 z10=26000 z11=27000
2026-09-24T19:42:09Z z9=27000 z10=26000 z11=27000
2026-09-24T19:42:15Z z9=27000 z10=27000 z11=27000
2026-09-24T19:42:20Z z9=26000 z10=27000 z11=27000
2026-09-24T19:42:25Z z9=28000 z10=26000 z11=27000
2026-09-24T19:42:30Z z9=28000 z10=26000 z11=27000
2026-09-24T19:42:35Z z9=26000 z10=26000 z11=26000
2026-09-24T19:42:40Z z9=26000 z10=26000 z11=26000
2026-09-24T19:42:45Z z9=26000 z10=26000 z11=26000
2026-09-24T19:42:50Z z9=26000 z10=26000 z11=26000
2026-09-24T19:42:55Z z9=27000 z10=26000 z11=26000
2026-09-24T19:43:00Z z9=26000 z10=26000 z11=26000
2026-09-24T19:43:05Z z9=26000 z10=26000 z11=26000
2026-09-24T19:43:10Z z9=26000 z10=26000 z11=26000
2026-09-24T19:43:16Z z9=26000 z10=26000 z11=27000
2026-09-24T19:43:21Z z9=26000 z10=26000 z11=26000
2026-09-24T19:43:26Z z9=26000 z10=26000 z11=26000
2026-09-24T19:43:31Z z9=26000 z10=26000 z11=26000
2026-09-24T19:43:36Z z9=26000 z10=26000 z11=26000
2026-09-24T19:43:41Z z9=26000 z10=26000 z11=26000
2026-09-24T19:43:46Z z9=26000 z10=26000 z11=26000
2026-09-24T19:43:51Z z9=27000 z10=26000 z11=26000
2026-09-24T19:43:56Z z9=26000 z10=26000 z11=26000
2026-09-24T19:44:01Z z9=26000 z10=26000 z11=27000
2026-09-24T19:44:07Z z9=26000 z10=26000 z11=26000
2026-09-24T19:44:12Z z9=28000 z10=27000 z11=27000
2026-09-24T19:44:17Z z9=26000 z10=27000 z11=26000
2026-09-24T19:44:22Z z9=26000 z10=26000 z11=26000
2026-09-24T19:44:27Z z9=27000 z10=26000 z11=26000
2026-09-24T19:44:32Z z9=27000 z10=26000 z11=27000
2026-09-24T19:44:37Z z9=26000 z10=26000 z11=26000
2026-09-24T19:44:42Z z9=28000 z10=26000 z11=27000
2026-09-24T19:44:47Z z9=26000 z10=26000 z11=26000
2026-09-24T19:44:52Z z9=28000 z10=26000 z11=26000
2026-09-24T19:44:57Z z9=26000 z10=26000 z11=27000
2026-09-24T19:45:03Z z9=26000 z10=26000 z11=26000
2026-09-24T19:45:08Z z9=27000 z10=26000 z11=26000
2026-09-24T19:45:13Z z9=26000 z10=26000 z11=27000
2026-09-24T19:45:18Z z9=26000 z10=26000 z11=26000
2026-09-24T19:45:23Z z9=26000 z10=26000 z11=26000
2026-09-24T19:45:28Z z9=27000 z10=26000 z11=26000
2026-09-24T19:45:33Z z9=26000 z10=26000 z11=26000
2026-09-24T19:45:38Z z9=26000 z10=26000 z11=26000
2026-09-24T19:45:43Z z9=26000 z10=26000 z11=26000
2026-09-24T19:45:48Z z9=27000 z10=26000 z11=27000
2026-09-24T19:45:54Z z9=28000 z10=26000 z11=27000
2026-09-24T19:45:59Z z9=28000 z10=26000 z11=27000
2026-09-24T19:46:04Z z9=26000 z10=26000 z11=26000
2026-09-24T19:46:09Z z9=27000 z10=26000 z11=26000
2026-09-24T19:46:14Z z9=26000 z10=26000 z11=27000
2026-09-24T19:46:19Z z9=26000 z10=26000 z11=27000
2026-09-24T19:46:24Z z9=27000 z10=26000 z11=26000
2026-09-24T19:46:29Z z9=26000 z10=27000 z11=26000
2026-09-24T19:46:34Z z9=28000 z10=26000 z11=26000
2026-09-24T19:46:39Z z9=26000 z10=26000 z11=26000
2026-09-24T19:46:44Z z9=27000 z10=26000 z11=26000
2026-09-24T19:46:50Z z9=27000 z10=26000 z11=26000
2026-09-24T19:46:55Z z9=27000 z10=26000 z11=26000
2026-09-24T19:47:00Z z9=26000 z10=26000 z11=26000
2026-09-24T19:47:05Z z9=27000 z10=26000 z11=26000
2026-09-24T19:47:10Z z9=27000 z10=26000 z11=27000
2026-09-24T19:47:15Z z9=26000 z10=26000 z11=26000
2026-09-24T19:47:20Z z9=27000 z10=25000 z11=26000
2026-09-24T19:47:25Z z9=26000 z10=26000 z11=26000
2026-09-24T19:47:30Z z9=26000 z10=26000 z11=26000
2026-09-24T19:47:35Z z9=26000 z10=25000 z11=26000
2026-09-24T19:47:40Z z9=26000 z10=26000 z11=26000
2026-09-24T19:47:46Z z9=25000 z10=26000 z11=26000
2026-09-24T19:47:51Z z9=28000 z10=26000 z11=27000
2026-09-24T19:47:56Z z9=28000 z10=29000 z11=32000
2026-09-24T19:48:01Z z9=29000 z10=27000 z11=28000
2026-09-24T19:48:06Z z9=27000 z10=26000 z11=28000
2026-09-24T19:48:11Z z9=26000 z10=27000 z11=27000
2026-09-24T19:48:16Z z9=26000 z10=26000 z11=26000
2026-09-24T19:48:21Z z9=26000 z10=26000 z11=27000
2026-09-24T19:48:26Z z9=26000 z10=26000 z11=26000
2026-09-24T19:48:31Z z9=26000 z10=26000 z11=27000
2026-09-24T19:48:36Z z9=26000 z10=26000 z11=26000
2026-09-24T19:48:42Z z9=27000 z10=26000 z11=26000
2026-09-24T19:48:47Z z9=26000 z10=26000 z11=26000
2026-09-24T19:48:52Z z9=27000 z10=26000 z11=26000
2026-09-24T19:48:57Z z9=27000 z10=26000 z11=26000
2026-09-24T19:49:02Z z9=27000 z10=26000 z11=26000
2026-09-24T19:49:07Z z9=27000 z10=26000 z11=26000
2026-09-24T19:49:12Z z9=25000 z10=26000 z11=26000
2026-09-24T19:49:17Z z9=25000 z10=26000 z11=26000
2026-09-24T19:49:22Z z9=26000 z10=26000 z11=26000
2026-09-24T19:49:27Z z9=26000 z10=26000 z11=26000
2026-09-24T19:49:32Z z9=26000 z10=26000 z11=26000
2026-09-24T19:49:38Z z9=25000 z10=26000 z11=26000
2026-09-24T19:49:43Z z9=27000 z10=26000 z11=26000
2026-09-24T19:49:48Z z9=26000 z10=26000 z11=26000
2026-09-24T19:49:53Z z9=27000 z10=26000 z11=26000
2026-09-24T19:49:58Z z9=26000 z10=26000 z11=26000
2026-09-24T19:50:03Z z9=28000 z10=26000 z11=27000
2026-09-24T19:50:08Z z9=27000 z10=26000 z11=27000
2026-09-24T19:50:13Z z9=26000 z10=26000 z11=26000
2026-09-24T19:50:18Z z9=26000 z10=26000 z11=26000
2026-09-24T19:50:23Z z9=26000 z10=26000 z11=26000
2026-09-24T19:50:28Z z9=27000 z10=26000 z11=26000
2026-09-24T19:50:33Z z9=26000 z10=26000 z11=26000
2026-09-24T19:50:39Z z9=27000 z10=26000 z11=26000
2026-09-24T19:50:44Z z9=26000 z10=26000 z11=26000
2026-09-24T19:50:49Z z9=25000 z10=26000 z11=26000
2026-09-24T19:50:54Z z9=26000 z10=26000 z11=26000
2026-09-24T19:50:59Z z9=25000 z10=25000 z11=26000
2026-09-24T19:51:04Z z9=26000 z10=26000 z11=26000
2026-09-24T19:51:09Z z9=26000 z10=25000 z11=26000
2026-09-24T19:51:14Z z9=27000 z10=26000 z11=26000
2026-09-24T19:51:19Z z9=26000 z10=26000 z11=27000
2026-09-24T19:51:24Z z9=28000 z10=26000 z11=26000
2026-09-24T19:51:30Z z9=28000 z10=26000 z11=26000
2026-09-24T19:51:35Z z9=25000 z10=26000 z11=26000
2026-09-24T19:51:40Z z9=25000 z10=25000 z11=26000
2026-09-24T19:51:45Z z9=25000 z10=26000 z11=26000
2026-09-24T19:51:50Z z9=26000 z10=26000 z11=26000
2026-09-24T19:51:55Z z9=27000 z10=25000 z11=26000
2026-09-24T19:52:00Z z9=26000 z10=26000 z11=26000
2026-09-24T19:52:05Z z9=26000 z10=26000 z11=26000
2026-09-24T19:52:10Z z9=26000 z10=26000 z11=26000
2026-09-24T19:52:15Z z9=26000 z10=27000 z11=26000
2026-09-24T19:52:20Z z9=28000 z10=27000 z11=27000
2026-09-24T19:52:54Z z9=27000 z10=26000 z11=26000
2026-09-24T19:53:35Z z9=26000 z10=26000 z11=27000
2026-09-24T19:53:40Z z9=28000 z10=28000 z11=28000
2026-09-24T19:54:50Z z9=25000 z10=25000 z11=26000
2026-09-24T19:54:55Z z9=25000 z10=25000 z11=25000
2026-09-24T19:56:11Z z9=25000 z10=24000 z11=25000
2026-09-24T19:57:37Z z9=25000 z10=25000 z11=25000
2026-09-24T19:59:41Z z9=26000 z10=25000 z11=26000
2026-09-24T19:59:59Z z9=26000 z10=25000 z11=26000
2026-09-24T20:00:04Z z9=25000 z10=25000 z11=25000
2026-09-24T20:00:09Z z9=25000 z10=25000 z11=26000
2026-09-24T20:01:25Z z9=25000 z10=25000 z11=25000
2026-09-24T20:02:07Z z9=25000 z10=25000 z11=25000
2026-09-24T20:02:12Z z9=25000 z10=25000 z11=25000
2026-09-24T20:02:36Z z9=26000 z10=26000 z11=26000
2026-09-24T20:03:44Z z9=26000 z10=25000 z11=25000
2026-09-24T20:03:49Z z9=25000 z10=25000 z11=25000
2026-09-24T20:04:30Z z9=26000 z10=26000 z11=27000
2026-09-24T20:06:17Z z9=24000 z10=25000 z11=25000
2026-09-24T20:09:08Z z9=25000 z10=25000 z11=25000
2026-09-24T20:10:55Z z9=25000 z10=25000 z11=25000
2026-09-24T20:13:37Z z9=25000 z10=24000 z11=25000
2026-09-24T20:17:12Z z9=25000 z10=25000 z11=25000
2026-09-24T20:21:07Z z9=25000 z10=24000 z11=24000
2026-09-24T20:21:31Z z9=25000 z10=25000 z11=25000
2026-09-24T20:21:36Z z9=25000 z10=25000 z11=25000
2026-09-24T20:21:41Z z9=25000 z10=25000 z11=25000
2026-09-24T20:22:34Z z9=25000 z10=25000 z11=25000
2026-09-24T20:23:21Z z9=25000 z10=25000 z11=25000
2026-09-24T20:26:38Z z9=25000 z10=25000 z11=25000
2026-09-24T20:28:54Z z9=25000 z10=25000 z11=25000
2026-09-24T20:30:33Z z9=25000 z10=27000 z11=28000
2026-09-24T20:30:38Z z9=25000 z10=25000 z11=25000
2026-09-24T20:32:16Z z9=25000 z10=25000 z11=25000
2026-09-24T20:35:05Z z9=27000 z10=25000 z11=26000
2026-09-24T20:35:57Z z9=26000 z10=26000 z11=27000
2026-09-24T20:36:03Z z9=37000 z10=40000 z11=41000
2026-09-24T20:36:08Z z9=32000 z10=32000 z11=34000
2026-09-24T20:36:13Z z9=29000 z10=29000 z11=30000
2026-09-24T20:36:18Z z9=31000 z10=30000 z11=31000
2026-09-24T20:36:57Z z9=27000 z10=27000 z11=27000
2026-09-24T20:37:33Z z9=25000 z10=25000 z11=26000
2026-09-24T20:38:47Z z9=27000 z10=26000 z11=27000
2026-09-24T20:38:52Z z9=27000 z10=26000 z11=26000
2026-09-24T20:39:07Z z9=26000 z10=26000 z11=26000
2026-09-24T20:40:34Z z9=29000 z10=27000 z11=27000
2026-09-24T20:41:15Z z9=39000 z10=35000 z11=37000
2026-09-24T20:41:20Z z9=29000 z10=28000 z11=29000
2026-09-24T20:41:25Z z9=28000 z10=29000 z11=29000
2026-09-24T20:41:30Z z9=30000 z10=29000 z11=29000
2026-09-24T20:41:35Z z9=29000 z10=29000 z11=29000
2026-09-24T20:41:40Z z9=29000 z10=29000 z11=30000
2026-09-24T20:41:45Z z9=29000 z10=28000 z11=28000
2026-09-24T20:41:50Z z9=30000 z10=29000 z11=30000
2026-09-24T20:41:56Z z9=28000 z10=29000 z11=29000
2026-09-24T20:42:01Z z9=29000 z10=29000 z11=29000
2026-09-24T20:42:06Z z9=29000 z10=29000 z11=29000
2026-09-24T20:42:11Z z9=30000 z10=29000 z11=29000
2026-09-24T20:42:16Z z9=29000 z10=30000 z11=30000
2026-09-24T20:42:21Z z9=29000 z10=29000 z11=30000
2026-09-24T20:42:26Z z9=30000 z10=29000 z11=30000
2026-09-24T20:42:31Z z9=29000 z10=29000 z11=30000
2026-09-24T20:42:36Z z9=30000 z10=29000 z11=29000
2026-09-24T20:42:41Z z9=29000 z10=29000 z11=30000
2026-09-24T20:42:46Z z9=30000 z10=29000 z11=30000
2026-09-24T20:42:52Z z9=29000 z10=29000 z11=29000
2026-09-24T20:42:57Z z9=29000 z10=29000 z11=30000
2026-09-24T20:43:02Z z9=30000 z10=29000 z11=30000
2026-09-24T20:43:07Z z9=28000 z10=29000 z11=29000
2026-09-24T20:43:12Z z9=29000 z10=28000 z11=29000
2026-09-24T20:43:17Z z9=28000 z10=28000 z11=28000
2026-09-24T20:43:22Z z9=30000 z10=28000 z11=28000
2026-09-24T20:43:27Z z9=31000 z10=30000 z11=30000
2026-09-24T20:43:32Z z9=35000 z10=33000 z11=34000
2026-09-24T20:43:37Z z9=33000 z10=33000 z11=33000
2026-09-24T20:43:43Z z9=33000 z10=31000 z11=32000
2026-09-24T20:43:48Z z9=30000 z10=30000 z11=31000
2026-09-24T20:43:53Z z9=30000 z10=30000 z11=31000
2026-09-24T20:43:58Z z9=30000 z10=30000 z11=31000
2026-09-24T20:44:03Z z9=29000 z10=30000 z11=30000
2026-09-24T20:44:08Z z9=31000 z10=29000 z11=29000
2026-09-24T20:44:13Z z9=28000 z10=28000 z11=29000
2026-09-24T20:44:18Z z9=28000 z10=28000 z11=29000
2026-09-24T20:44:23Z z9=28000 z10=28000 z11=29000
2026-09-24T20:44:28Z z9=28000 z10=29000 z11=29000
2026-09-24T20:44:34Z z9=29000 z10=28000 z11=29000
2026-09-24T20:44:39Z z9=29000 z10=28000 z11=29000
2026-09-24T20:44:44Z z9=28000 z10=28000 z11=29000
2026-09-24T20:44:49Z z9=29000 z10=29000 z11=29000
2026-09-24T20:44:54Z z9=29000 z10=29000 z11=30000
2026-09-24T20:44:59Z z9=29000 z10=28000 z11=28000
2026-09-24T20:45:04Z z9=28000 z10=28000 z11=28000
2026-09-24T20:45:09Z z9=27000 z10=27000 z11=28000
2026-09-24T20:45:14Z z9=27000 z10=28000 z11=28000
2026-09-24T20:45:19Z z9=30000 z10=27000 z11=28000
2026-09-24T20:45:25Z z9=27000 z10=27000 z11=28000
2026-09-24T20:45:30Z z9=27000 z10=28000 z11=28000
2026-09-24T20:45:35Z z9=29000 z10=28000 z11=28000
2026-09-24T20:45:40Z z9=30000 z10=28000 z11=28000
2026-09-24T20:45:45Z z9=28000 z10=28000 z11=29000
2026-09-24T20:45:50Z z9=29000 z10=29000 z11=30000
2026-09-24T20:45:55Z z9=29000 z10=28000 z11=29000
2026-09-24T20:46:00Z z9=30000 z10=28000 z11=28000
2026-09-24T20:46:05Z z9=28000 z10=29000 z11=29000
2026-09-24T20:46:10Z z9=28000 z10=28000 z11=29000
2026-09-24T20:46:15Z z9=28000 z10=28000 z11=29000
2026-09-24T20:46:21Z z9=28000 z10=28000 z11=29000
2026-09-24T20:46:26Z z9=28000 z10=29000 z11=29000
2026-09-24T20:46:31Z z9=31000 z10=30000 z11=31000
2026-09-24T20:46:36Z z9=30000 z10=30000 z11=32000
2026-09-24T20:46:41Z z9=33000 z10=33000 z11=33000
2026-09-24T20:46:46Z z9=29000 z10=29000 z11=29000
2026-09-24T20:46:51Z z9=28000 z10=28000 z11=29000
2026-09-24T20:46:56Z z9=28000 z10=29000 z11=29000
2026-09-24T20:47:01Z z9=27000 z10=27000 z11=28000
2026-09-24T20:47:06Z z9=27000 z10=28000 z11=28000
2026-09-24T20:47:11Z z9=28000 z10=27000 z11=28000
2026-09-24T20:47:17Z z9=27000 z10=27000 z11=28000
2026-09-24T20:47:22Z z9=28000 z10=28000 z11=28000
2026-09-24T20:47:27Z z9=29000 z10=29000 z11=29000
2026-09-24T20:47:32Z z9=29000 z10=29000 z11=29000
2026-09-24T20:47:37Z z9=29000 z10=29000 z11=30000
2026-09-24T20:47:42Z z9=29000 z10=29000 z11=30000
2026-09-24T20:47:47Z z9=28000 z10=29000 z11=29000
2026-09-24T20:47:52Z z9=28000 z10=28000 z11=29000
2026-09-24T20:47:57Z z9=29000 z10=28000 z11=28000
2026-09-24T20:48:02Z z9=28000 z10=28000 z11=28000
2026-09-24T20:48:08Z z9=28000 z10=27000 z11=28000
2026-09-24T20:48:13Z z9=29000 z10=27000 z11=28000
2026-09-24T20:48:18Z z9=29000 z10=28000 z11=29000
2026-09-24T20:48:23Z z9=28000 z10=28000 z11=29000
2026-09-24T20:48:28Z z9=28000 z10=29000 z11=29000
2026-09-24T20:48:33Z z9=28000 z10=28000 z11=29000
2026-09-24T20:48:38Z z9=29000 z10=29000 z11=30000
2026-09-24T20:48:43Z z9=30000 z10=28000 z11=29000
2026-09-24T20:48:48Z z9=29000 z10=30000 z11=31000
2026-09-24T20:48:54Z z9=28000 z10=28000 z11=29000
2026-09-24T20:48:59Z z9=30000 z10=28000 z11=29000
2026-09-24T20:49:04Z z9=30000 z10=28000 z11=28000
2026-09-24T20:49:09Z z9=28000 z10=28000 z11=30000
2026-09-24T20:49:14Z z9=29000 z10=28000 z11=28000
2026-09-24T20:49:19Z z9=28000 z10=28000 z11=29000
2026-09-24T20:49:24Z z9=28000 z10=29000 z11=29000
2026-09-24T20:49:29Z z9=29000 z10=29000 z11=29000
2026-09-24T20:49:34Z z9=30000 z10=29000 z11=29000
2026-09-24T20:49:39Z z9=30000 z10=28000 z11=29000
2026-09-24T20:49:45Z z9=29000 z10=29000 z11=29000
2026-09-24T20:49:50Z z9=30000 z10=29000 z11=29000
2026-09-24T20:49:55Z z9=28000 z10=28000 z11=29000
2026-09-24T20:50:00Z z9=29000 z10=29000 z11=29000
2026-09-24T20:50:05Z z9=28000 z10=29000 z11=29000
2026-09-24T20:50:10Z z9=29000 z10=30000 z11=30000
2026-09-24T20:50:15Z z9=29000 z10=29000 z11=30000
2026-09-24T20:50:20Z z9=29000 z10=30000 z11=30000
2026-09-24T20:50:25Z z9=29000 z10=29000 z11=29000
2026-09-24T20:50:30Z z9=30000 z10=30000 z11=30000
2026-09-24T20:50:36Z z9=30000 z10=30000 z11=30000
2026-09-24T20:50:41Z z9=29000 z10=29000 z11=29000
2026-09-24T20:50:46Z z9=29000 z10=30000 z11=30000
2026-09-24T20:50:51Z z9=29000 z10=29000 z11=30000
2026-09-24T20:50:56Z z9=30000 z10=30000 z11=30000
2026-09-24T20:51:01Z z9=30000 z10=30000 z11=31000
2026-09-24T20:51:06Z z9=30000 z10=30000 z11=31000
2026-09-24T20:51:11Z z9=29000 z10=29000 z11=29000
2026-09-24T20:51:17Z z9=29000 z10=28000 z11=29000
2026-09-24T20:51:22Z z9=28000 z10=29000 z11=28000
2026-09-24T20:51:27Z z9=29000 z10=28000 z11=28000
2026-09-24T20:51:32Z z9=30000 z10=28000 z11=29000
2026-09-24T20:51:37Z z9=28000 z10=28000 z11=28000
2026-09-24T20:51:42Z z9=29000 z10=28000 z11=29000
2026-09-24T20:51:47Z z9=28000 z10=28000 z11=29000
2026-09-24T20:51:52Z z9=28000 z10=29000 z11=29000
2026-09-24T20:51:57Z z9=29000 z10=29000 z11=29000
2026-09-24T20:52:02Z z9=29000 z10=29000 z11=30000
2026-09-24T20:52:08Z z9=29000 z10=29000 z11=29000
2026-09-24T20:52:13Z z9=30000 z10=28000 z11=29000
2026-09-24T20:52:18Z z9=29000 z10=29000 z11=30000
2026-09-24T20:52:23Z z9=30000 z10=29000 z11=29000
2026-09-24T20:52:28Z z9=29000 z10=29000 z11=29000
2026-09-24T20:52:33Z z9=29000 z10=29000 z11=30000
2026-09-24T20:52:38Z z9=30000 z10=28000 z11=29000
2026-09-24T20:52:43Z z9=30000 z10=28000 z11=29000
2026-09-24T20:52:48Z z9=29000 z10=29000 z11=29000
2026-09-24T20:52:54Z z9=29000 z10=28000 z11=29000
2026-09-24T20:52:59Z z9=29000 z10=29000 z11=29000
2026-09-24T20:53:04Z z9=29000 z10=31000 z11=31000
2026-09-24T20:53:09Z z9=29000 z10=29000 z11=29000
2026-09-24T20:53:14Z z9=29000 z10=29000 z11=30000
2026-09-24T20:53:19Z z9=30000 z10=29000 z11=30000
2026-09-24T20:53:24Z z9=29000 z10=29000 z11=30000
2026-09-24T20:53:29Z z9=30000 z10=29000 z11=29000
2026-09-24T20:53:34Z z9=29000 z10=29000 z11=29000
2026-09-24T20:53:39Z z9=29000 z10=29000 z11=29000
2026-09-24T20:53:45Z z9=29000 z10=29000 z11=30000
2026-09-24T20:53:50Z z9=30000 z10=30000 z11=30000
2026-09-24T20:53:55Z z9=29000 z10=29000 z11=30000
2026-09-24T20:54:00Z z9=29000 z10=29000 z11=30000
2026-09-24T20:54:05Z z9=29000 z10=29000 z11=30000
2026-09-24T20:54:10Z z9=29000 z10=29000 z11=30000
2026-09-24T20:54:15Z z9=29000 z10=29000 z11=30000
2026-09-24T20:54:20Z z9=32000 z10=29000 z11=30000
2026-09-24T20:54:25Z z9=29000 z10=29000 z11=30000
2026-09-24T20:54:30Z z9=29000 z10=29000 z11=29000
2026-09-24T20:54:36Z z9=30000 z10=29000 z11=29000
2026-09-24T20:54:41Z z9=30000 z10=30000 z11=30000
2026-09-24T20:54:46Z z9=34000 z10=33000 z11=33000
2026-09-24T20:54:51Z z9=31000 z10=30000 z11=30000
2026-09-24T20:54:56Z z9=31000 z10=30000 z11=31000
2026-09-24T20:55:01Z z9=31000 z10=30000 z11=30000
2026-09-24T20:55:06Z z9=30000 z10=30000 z11=30000
2026-09-24T20:55:11Z z9=29000 z10=30000 z11=30000
2026-09-24T20:55:16Z z9=30000 z10=30000 z11=30000
2026-09-24T20:55:21Z z9=31000 z10=31000 z11=32000
2026-09-24T20:55:27Z z9=32000 z10=32000 z11=33000
2026-09-24T20:55:32Z z9=34000 z10=33000 z11=34000
2026-09-24T20:55:37Z z9=34000 z10=37000 z11=36000
2026-09-24T20:55:42Z z9=31000 z10=32000 z11=33000
2026-09-24T20:55:47Z z9=31000 z10=31000 z11=32000
2026-09-24T20:55:52Z z9=31000 z10=30000 z11=31000
2026-09-24T20:55:57Z z9=31000 z10=30000 z11=30000
2026-09-24T20:56:02Z z9=31000 z10=30000 z11=30000
2026-09-24T20:56:07Z z9=30000 z10=30000 z11=30000
2026-09-24T20:56:12Z z9=30000 z10=30000 z11=30000
2026-09-24T20:56:18Z z9=30000 z10=30000 z11=31000
2026-09-24T20:56:23Z z9=31000 z10=30000 z11=31000
2026-09-24T20:56:28Z z9=29000 z10=30000 z11=30000
2026-09-24T20:56:33Z z9=32000 z10=31000 z11=32000
2026-09-24T20:56:38Z z9=30000 z10=30000 z11=30000
2026-09-24T20:56:43Z z9=30000 z10=30000 z11=30000
2026-09-24T20:56:48Z z9=29000 z10=29000 z11=30000
2026-09-24T20:56:53Z z9=29000 z10=30000 z11=30000
2026-09-24T20:56:58Z z9=29000 z10=30000 z11=30000
2026-09-24T20:57:03Z z9=31000 z10=29000 z11=31000
2026-09-24T20:57:09Z z9=30000 z10=29000 z11=30000
2026-09-24T20:57:14Z z9=30000 z10=30000 z11=31000
2026-09-24T20:57:19Z z9=29000 z10=29000 z11=29000
2026-09-24T20:57:24Z z9=31000 z10=30000 z11=30000
2026-09-24T20:57:29Z z9=30000 z10=30000 z11=31000
2026-09-24T20:57:34Z z9=30000 z10=30000 z11=31000
2026-09-24T20:57:39Z z9=30000 z10=29000 z11=30000
2026-09-24T20:57:44Z z9=29000 z10=30000 z11=31000
2026-09-24T20:57:49Z z9=30000 z10=31000 z11=32000
2026-09-24T20:57:55Z z9=32000 z10=30000 z11=30000
2026-09-24T20:58:00Z z9=30000 z10=30000 z11=31000
2026-09-24T20:58:05Z z9=32000 z10=30000 z11=31000
2026-09-24T20:58:10Z z9=32000 z10=30000 z11=31000
2026-09-24T20:58:15Z z9=32000 z10=30000 z11=31000
2026-09-24T20:58:20Z z9=31000 z10=32000 z11=33000
2026-09-24T20:58:25Z z9=33000 z10=33000 z11=34000
2026-09-24T20:58:30Z z9=32000 z10=33000 z11=34000
2026-09-24T20:58:35Z z9=31000 z10=32000 z11=32000
2026-09-24T20:58:40Z z9=31000 z10=32000 z11=32000
2026-09-24T20:58:46Z z9=30000 z10=30000 z11=31000
2026-09-24T20:58:51Z z9=32000 z10=31000 z11=32000
2026-09-24T20:58:56Z z9=30000 z10=30000 z11=31000
2026-09-24T20:59:01Z z9=30000 z10=30000 z11=31000
2026-09-24T20:59:06Z z9=31000 z10=31000 z11=32000
2026-09-24T20:59:11Z z9=30000 z10=30000 z11=32000
2026-09-24T20:59:16Z z9=31000 z10=31000 z11=32000
2026-09-24T20:59:21Z z9=30000 z10=30000 z11=31000
2026-09-24T20:59:26Z z9=30000 z10=30000 z11=31000
2026-09-24T20:59:31Z z9=31000 z10=32000 z11=32000
2026-09-24T20:59:37Z z9=31000 z10=30000 z11=30000
2026-09-24T20:59:42Z z9=33000 z10=30000 z11=30000
2026-09-24T20:59:47Z z9=30000 z10=30000 z11=30000
2026-09-24T20:59:52Z z9=30000 z10=30000 z11=30000
2026-09-24T20:59:57Z z9=30000 z10=30000 z11=30000
2026-09-24T21:00:02Z z9=30000 z10=30000 z11=30000
2026-09-24T21:00:07Z z9=29000 z10=29000 z11=30000
2026-09-24T21:00:12Z z9=29000 z10=29000 z11=30000
2026-09-24T21:00:17Z z9=30000 z10=30000 z11=30000
2026-09-24T21:00:23Z z9=29000 z10=30000 z11=30000
2026-09-24T21:00:28Z z9=31000 z10=31000 z11=31000
2026-09-24T21:00:33Z z9=30000 z10=30000 z11=30000
2026-09-24T21:00:38Z z9=30000 z10=30000 z11=32000
2026-09-24T21:00:43Z z9=30000 z10=29000 z11=30000
2026-09-24T21:00:48Z z9=29000 z10=29000 z11=30000
2026-09-24T21:00:53Z z9=29000 z10=29000 z11=29000
2026-09-24T21:00:58Z z9=31000 z10=31000 z11=33000
2026-09-24T21:01:03Z z9=30000 z10=31000 z11=32000
2026-09-24T21:01:08Z z9=30000 z10=30000 z11=31000
2026-09-24T21:01:14Z z9=30000 z10=30000 z11=31000
2026-09-24T21:01:19Z z9=32000 z10=30000 z11=30000
2026-09-24T21:01:24Z z9=30000 z10=31000 z11=32000
2026-09-24T21:01:29Z z9=29000 z10=30000 z11=30000
2026-09-24T21:01:34Z z9=31000 z10=30000 z11=30000
2026-09-24T21:01:39Z z9=30000 z10=30000 z11=30000
2026-09-24T21:01:44Z z9=31000 z10=30000 z11=30000
2026-09-24T21:01:49Z z9=32000 z10=30000 z11=30000
2026-09-24T21:01:54Z z9=31000 z10=29000 z11=30000
2026-09-24T21:01:59Z z9=30000 z10=30000 z11=32000
2026-09-24T21:02:05Z z9=31000 z10=30000 z11=31000
2026-09-24T21:02:10Z z9=29000 z10=30000 z11=31000
2026-09-24T21:02:15Z z9=31000 z10=32000 z11=32000
2026-09-24T21:02:20Z z9=31000 z10=30000 z11=32000
2026-09-24T21:02:25Z z9=30000 z10=29000 z11=30000
2026-09-24T21:02:30Z z9=30000 z10=30000 z11=30000
2026-09-24T21:02:35Z z9=31000 z10=30000 z11=30000
2026-09-24T21:02:40Z z9=31000 z10=32000 z11=34000
2026-09-24T21:02:45Z z9=32000 z10=31000 z11=32000
2026-09-24T21:02:51Z z9=31000 z10=32000 z11=32000
2026-09-24T21:02:56Z z9=32000 z10=31000 z11=32000
2026-09-24T21:03:01Z z9=31000 z10=32000 z11=32000
2026-09-24T21:03:06Z z9=30000 z10=30000 z11=30000
2026-09-24T21:03:11Z z9=31000 z10=30000 z11=31000
2026-09-24T21:03:16Z z9=31000 z10=31000 z11=32000
2026-09-24T21:03:21Z z9=33000 z10=30000 z11=31000
2026-09-24T21:03:26Z z9=29000 z10=30000 z11=30000
2026-09-24T21:03:31Z z9=32000 z10=30000 z11=32000
2026-09-24T21:03:36Z z9=39000 z10=41000 z11=41000
2026-09-24T21:03:42Z z9=33000 z10=32000 z11=32000
2026-09-24T21:03:47Z z9=30000 z10=32000 z11=32000
2026-09-24T21:03:52Z z9=32000 z10=32000 z11=33000
2026-09-24T21:03:57Z z9=32000 z10=33000 z11=33000
2026-09-24T21:04:02Z z9=34000 z10=32000 z11=33000
2026-09-24T21:04:07Z z9=33000 z10=33000 z11=34000
2026-09-24T21:04:12Z z9=32000 z10=32000 z11=32000
2026-09-24T21:04:17Z z9=32000 z10=33000 z11=35000
2026-09-24T21:04:22Z z9=32000 z10=33000 z11=34000
2026-09-24T21:04:27Z z9=31000 z10=32000 z11=32000
2026-09-24T21:04:33Z z9=31000 z10=32000 z11=32000
2026-09-24T21:04:38Z z9=32000 z10=31000 z11=32000
2026-09-24T21:04:43Z z9=31000 z10=30000 z11=31000
2026-09-24T21:04:48Z z9=34000 z10=33000 z11=34000
2026-09-24T21:04:53Z z9=30000 z10=31000 z11=31000
2026-09-24T21:04:58Z z9=30000 z10=31000 z11=30000
2026-09-24T21:05:03Z z9=30000 z10=30000 z11=30000
2026-09-24T21:05:08Z z9=30000 z10=30000 z11=30000
2026-09-24T21:05:13Z z9=29000 z10=30000 z11=30000
2026-09-24T21:05:18Z z9=30000 z10=29000 z11=30000
2026-09-24T21:05:24Z z9=31000 z10=30000 z11=31000
2026-09-24T21:05:29Z z9=30000 z10=30000 z11=31000
2026-09-24T21:05:34Z z9=31000 z10=30000 z11=31000
2026-09-24T21:05:39Z z9=31000 z10=30000 z11=31000
2026-09-24T21:05:44Z z9=31000 z10=30000 z11=30000
2026-09-24T21:05:49Z z9=31000 z10=30000 z11=30000
2026-09-24T21:05:54Z z9=30000 z10=30000 z11=30000
2026-09-24T21:05:59Z z9=29000 z10=29000 z11=30000
2026-09-24T21:06:04Z z9=30000 z10=29000 z11=30000
2026-09-24T21:06:09Z z9=29000 z10=29000 z11=30000
2026-09-24T21:06:14Z z9=29000 z10=29000 z11=30000
2026-09-24T21:06:20Z z9=30000 z10=29000 z11=30000
2026-09-24T21:06:25Z z9=31000 z10=29000 z11=30000
2026-09-24T21:06:30Z z9=30000 z10=29000 z11=30000
2026-09-24T21:06:35Z z9=31000 z10=29000 z11=30000
2026-09-24T21:06:40Z z9=30000 z10=30000 z11=30000
2026-09-24T21:06:45Z z9=31000 z10=30000 z11=31000
2026-09-24T21:06:50Z z9=30000 z10=31000 z11=32000
2026-09-24T21:06:55Z z9=31000 z10=31000 z11=31000
2026-09-24T21:07:00Z z9=31000 z10=32000 z11=32000
2026-09-24T21:07:06Z z9=31000 z10=32000 z11=33000
2026-09-24T21:07:11Z z9=31000 z10=31000 z11=32000
2026-09-24T21:07:16Z z9=33000 z10=31000 z11=32000
2026-09-24T21:07:21Z z9=33000 z10=31000 z11=32000
2026-09-24T21:07:26Z z9=33000 z10=31000 z11=32000
2026-09-24T21:07:31Z z9=31000 z10=32000 z11=33000
2026-09-24T21:07:36Z z9=32000 z10=32000 z11=33000
2026-09-24T21:07:41Z z9=31000 z10=32000 z11=32000
2026-09-24T21:07:46Z z9=31000 z10=32000 z11=32000
2026-09-24T21:07:51Z z9=35000 z10=35000 z11=35000
2026-09-24T21:07:57Z z9=32000 z10=33000 z11=34000
2026-09-24T21:08:02Z z9=34000 z10=32000 z11=34000
2026-09-24T21:08:07Z z9=31000 z10=32000 z11=32000
2026-09-24T21:08:12Z z9=33000 z10=32000 z11=32000
2026-09-24T21:08:17Z z9=32000 z10=31000 z11=32000
2026-09-24T21:08:22Z z9=32000 z10=33000 z11=34000
2026-09-24T21:08:27Z z9=33000 z10=31000 z11=32000
2026-09-24T21:08:32Z z9=30000 z10=31000 z11=31000
2026-09-24T21:08:37Z z9=32000 z10=31000 z11=32000
2026-09-24T21:08:42Z z9=30000 z10=30000 z11=31000
2026-09-24T21:08:47Z z9=31000 z10=30000 z11=31000
2026-09-24T21:08:53Z z9=30000 z10=30000 z11=30000
2026-09-24T21:08:58Z z9=30000 z10=31000 z11=32000
2026-09-24T21:09:03Z z9=31000 z10=31000 z11=32000
2026-09-24T21:09:08Z z9=32000 z10=30000 z11=31000
2026-09-24T21:09:13Z z9=30000 z10=30000 z11=31000
2026-09-24T21:09:18Z z9=31000 z10=30000 z11=31000
2026-09-24T21:09:23Z z9=30000 z10=31000 z11=32000
2026-09-24T21:09:28Z z9=32000 z10=33000 z11=34000
2026-09-24T21:09:33Z z9=38000 z10=40000 z11=41000
2026-09-24T21:09:38Z z9=37000 z10=37000 z11=37000
2026-09-24T21:09:44Z z9=37000 z10=37000 z11=37000
2026-09-24T21:09:49Z z9=35000 z10=36000 z11=37000
2026-09-24T21:09:54Z z9=35000 z10=36000 z11=36000
2026-09-24T21:09:59Z z9=35000 z10=34000 z11=35000
2026-09-24T21:10:04Z z9=34000 z10=33000 z11=34000
2026-09-24T21:10:09Z z9=32000 z10=33000 z11=33000
2026-09-24T21:10:14Z z9=33000 z10=33000 z11=34000
2026-09-24T21:10:19Z z9=40000 z10=40000 z11=41000
2026-09-24T21:10:24Z z9=34000 z10=35000 z11=35000
2026-09-24T21:10:29Z z9=33000 z10=33000 z11=33000
2026-09-24T21:10:35Z z9=32000 z10=33000 z11=34000
2026-09-24T21:10:40Z z9=31000 z10=32000 z11=33000
2026-09-24T21:10:45Z z9=32000 z10=31000 z11=32000
2026-09-24T21:10:50Z z9=30000 z10=31000 z11=32000
2026-09-24T21:10:55Z z9=32000 z10=30000 z11=32000
2026-09-24T21:11:00Z z9=30000 z10=30000 z11=30000
2026-09-24T21:11:05Z z9=32000 z10=30000 z11=30000
2026-09-24T21:11:10Z z9=29000 z10=30000 z11=30000
2026-09-24T21:11:15Z z9=31000 z10=29000 z11=30000
2026-09-24T21:11:20Z z9=32000 z10=29000 z11=30000
2026-09-24T21:11:25Z z9=30000 z10=29000 z11=30000
2026-09-24T21:11:31Z z9=30000 z10=30000 z11=30000
2026-09-24T21:11:36Z z9=30000 z10=29000 z11=29000
2026-09-24T21:11:41Z z9=29000 z10=29000 z11=29000
2026-09-24T21:11:46Z z9=30000 z10=29000 z11=29000
2026-09-24T21:11:51Z z9=30000 z10=30000 z11=30000
2026-09-24T21:11:56Z z9=31000 z10=29000 z11=31000
2026-09-24T21:12:01Z z9=30000 z10=29000 z11=30000
2026-09-24T21:12:06Z z9=30000 z10=30000 z11=30000
2026-09-24T21:12:11Z z9=30000 z10=30000 z11=31000
2026-09-24T21:12:16Z z9=30000 z10=31000 z11=32000
2026-09-24T21:12:21Z z9=30000 z10=30000 z11=32000
2026-09-24T21:12:27Z z9=32000 z10=30000 z11=31000
2026-09-24T21:12:32Z z9=31000 z10=32000 z11=33000
2026-09-24T21:12:37Z z9=48000 z10=41000 z11=42000
2026-09-24T21:12:42Z z9=34000 z10=36000 z11=35000
2026-09-24T21:12:47Z z9=35000 z10=35000 z11=36000
2026-09-24T21:12:52Z z9=34000 z10=34000 z11=34000
2026-09-24T21:12:57Z z9=53000 z10=45000 z11=47000
2026-09-24T21:13:02Z z9=57000 z10=49000 z11=49000
2026-09-24T21:13:08Z z9=58000 z10=50000 z11=50000
2026-09-24T21:13:13Z z9=57000 z10=51000 z11=53000
2026-09-24T21:13:18Z z9=47000 z10=49000 z11=49000
2026-09-24T21:13:23Z z9=63000 z10=49000 z11=49000
2026-09-24T21:13:28Z z9=60000 z10=53000 z11=54000
2026-09-24T21:13:33Z z9=61000 z10=54000 z11=56000
2026-09-24T21:13:38Z z9=64000 z10=54000 z11=55000
2026-09-24T21:13:43Z z9=63000 z10=55000 z11=55000
2026-09-24T21:13:48Z z9=64000 z10=56000 z11=57000
2026-09-24T21:13:53Z z9=60000 z10=55000 z11=56000
2026-09-24T21:13:59Z z9=63000 z10=57000 z11=59000
2026-09-24T21:14:04Z z9=63000 z10=56000 z11=57000
2026-09-24T21:14:09Z z9=61000 z10=55000 z11=56000
2026-09-24T21:14:14Z z9=42000 z10=42000 z11=43000
2026-09-24T21:14:19Z z9=41000 z10=40000 z11=40000
2026-09-24T21:14:24Z z9=38000 z10=38000 z11=40000
2026-09-24T21:14:29Z z9=40000 z10=40000 z11=40000
2026-09-24T21:14:34Z z9=38000 z10=39000 z11=40000
2026-09-24T21:14:39Z z9=38000 z10=39000 z11=39000
2026-09-24T21:14:45Z z9=38000 z10=38000 z11=39000
2026-09-24T21:14:50Z z9=38000 z10=39000 z11=41000
2026-09-24T21:14:55Z z9=37000 z10=38000 z11=39000
2026-09-24T21:15:00Z z9=37000 z10=38000 z11=39000
2026-09-24T21:15:05Z z9=36000 z10=36000 z11=37000
2026-09-24T21:15:10Z z9=36000 z10=35000 z11=36000
2026-09-24T21:15:15Z z9=34000 z10=34000 z11=35000
2026-09-24T21:15:20Z z9=35000 z10=34000 z11=34000
2026-09-24T21:15:26Z z9=34000 z10=33000 z11=34000
2026-09-24T21:15:31Z z9=50000 z10=44000 z11=45000
2026-09-24T21:15:36Z z9=57000 z10=48000 z11=48000
2026-09-24T21:15:41Z z9=55000 z10=49000 z11=50000
2026-09-24T21:15:46Z z9=66000 z10=54000 z11=54000
2026-09-24T21:15:51Z z9=49000 z10=49000 z11=50000
2026-09-24T21:15:56Z z9=42000 z10=41000 z11=42000
2026-09-24T21:16:01Z z9=39000 z10=39000 z11=40000
2026-09-24T21:16:06Z z9=37000 z10=37000 z11=39000
2026-09-24T21:16:12Z z9=36000 z10=36000 z11=36000
2026-09-24T21:16:17Z z9=35000 z10=35000 z11=36000
2026-09-24T21:16:22Z z9=53000 z10=45000 z11=47000
2026-09-24T21:16:27Z z9=40000 z10=38000 z11=39000
2026-09-24T21:16:32Z z9=43000 z10=40000 z11=41000
2026-09-24T21:16:37Z z9=37000 z10=38000 z11=39000
2026-09-24T21:16:42Z z9=44000 z10=45000 z11=46000
2026-09-24T21:16:47Z z9=59000 z10=50000 z11=52000
2026-09-24T21:16:52Z z9=64000 z10=53000 z11=55000
2026-09-24T21:16:57Z z9=61000 z10=55000 z11=57000
2026-09-24T21:17:03Z z9=51000 z10=53000 z11=53000
2026-09-24T21:17:08Z z9=44000 z10=45000 z11=46000
2026-09-24T21:17:13Z z9=59000 z10=51000 z11=51000
2026-09-24T21:17:18Z z9=62000 z10=54000 z11=56000
2026-09-24T21:17:23Z z9=63000 z10=56000 z11=57000
2026-09-24T21:17:28Z z9=65000 z10=57000 z11=57000
2026-09-24T21:17:33Z z9=66000 z10=59000 z11=60000
2026-09-24T21:17:38Z z9=64000 z10=58000 z11=59000
2026-09-24T21:17:43Z z9=64000 z10=57000 z11=58000
2026-09-24T21:17:49Z z9=65000 z10=59000 z11=59000
2026-09-24T21:17:54Z z9=67000 z10=57000 z11=60000
2026-09-24T21:17:59Z z9=52000 z10=50000 z11=51000
2026-09-24T21:18:04Z z9=62000 z10=55000 z11=56000
2026-09-24T21:18:09Z z9=61000 z10=54000 z11=55000
2026-09-24T21:18:14Z z9=46000 z10=47000 z11=47000
2026-09-24T21:18:19Z z9=44000 z10=44000 z11=45000
2026-09-24T21:18:24Z z9=43000 z10=43000 z11=45000
2026-09-24T21:18:29Z z9=43000 z10=43000 z11=44000
2026-09-24T21:18:35Z z9=41000 z10=42000 z11=42000
2026-09-24T21:18:40Z z9=41000 z10=42000 z11=43000
2026-09-24T21:18:45Z z9=39000 z10=39000 z11=40000
2026-09-24T21:18:50Z z9=56000 z10=49000 z11=50000
2026-09-24T21:18:55Z z9=63000 z10=54000 z11=56000
2026-09-24T21:19:00Z z9=50000 z10=49000 z11=51000
2026-09-24T21:19:05Z z9=42000 z10=42000 z11=43000
2026-09-24T21:19:10Z z9=59000 z10=51000 z11=53000
2026-09-24T21:19:15Z z9=60000 z10=54000 z11=55000
2026-09-24T21:19:21Z z9=62000 z10=55000 z11=56000
2026-09-24T21:19:26Z z9=70000 z10=61000 z11=59000
2026-09-24T21:19:31Z z9=75000 z10=61000 z11=65000
2026-09-24T21:19:36Z z9=79000 z10=63000 z11=66000
2026-09-24T21:19:41Z z9=74000 z10=62000 z11=64000
2026-09-24T21:19:46Z z9=85000 z10=66000 z11=68000
2026-09-24T21:19:51Z z9=85000 z10=67000 z11=69000
2026-09-24T21:19:56Z z9=78000 z10=62000 z11=63000
2026-09-24T21:20:01Z z9=102000 z10=91000 z11=90000
2026-09-24T21:20:07Z z9=61000 z10=61000 z11=62000
2026-09-24T21:20:12Z z9=50000 z10=52000 z11=52000
2026-09-24T21:20:17Z z9=87000 z10=73000 z11=74000
2026-09-24T21:20:22Z z9=93000 z10=77000 z11=77000
2026-09-24T21:20:27Z z9=99000 z10=96000 z11=95000
2026-09-24T21:20:32Z z9=103000 z10=97000 z11=98000
2026-09-24T21:20:37Z z9=100000 z10=98000 z11=99000
2026-09-24T21:20:42Z z9=102000 z10=102000 z11=97000
2026-09-24T21:20:47Z z9=102000 z10=100000 z11=99000
2026-09-24T21:20:53Z z9=82000 z10=87000 z11=88000
2026-09-24T21:20:58Z z9=100000 z10=102000 z11=99000
2026-09-24T21:21:03Z z9=100000 z10=99000 z11=99000
2026-09-24T21:21:08Z z9=102000 z10=100000 z11=100000
2026-09-24T21:21:13Z z9=71000 z10=70000 z11=70000
2026-09-24T21:21:18Z z9=60000 z10=60000 z11=62000
2026-09-24T21:21:23Z z9=53000 z10=53000 z11=54000
2026-09-24T21:21:28Z z9=50000 z10=54000 z11=53000
2026-09-24T21:21:33Z z9=64000 z10=57000 z11=59000
2026-09-24T21:21:38Z z9=49000 z10=50000 z11=51000
2026-09-24T21:21:44Z z9=47000 z10=46000 z11=48000
2026-09-24T21:21:49Z z9=45000 z10=45000 z11=45000
2026-09-24T21:21:54Z z9=43000 z10=43000 z11=43000
2026-09-24T21:21:59Z z9=43000 z10=41000 z11=42000
2026-09-24T21:22:04Z z9=41000 z10=41000 z11=42000
2026-09-24T21:22:09Z z9=57000 z10=49000 z11=51000
2026-09-24T21:22:14Z z9=46000 z10=45000 z11=46000
2026-09-24T21:22:19Z z9=42000 z10=42000 z11=43000
2026-09-24T21:22:24Z z9=40000 z10=40000 z11=41000
2026-09-24T21:22:29Z z9=39000 z10=39000 z11=40000
2026-09-24T21:22:34Z z9=61000 z10=48000 z11=48000
2026-09-24T21:22:40Z z9=94000 z10=81000 z11=82000
2026-09-24T21:22:45Z z9=99000 z10=90000 z11=90000
2026-09-24T21:22:50Z z9=54000 z10=55000 z11=55000
2026-09-24T21:22:55Z z9=47000 z10=48000 z11=49000
2026-09-24T21:23:00Z z9=46000 z10=47000 z11=47000
2026-09-24T21:23:05Z z9=45000 z10=45000 z11=46000
2026-09-24T21:23:10Z z9=50000 z10=52000 z11=53000
2026-09-24T21:23:15Z z9=50000 z10=53000 z11=53000
2026-09-24T21:23:20Z z9=49000 z10=52000 z11=52000
2026-09-24T21:23:26Z z9=47000 z10=47000 z11=48000
2026-09-24T21:23:31Z z9=44000 z10=44000 z11=45000
2026-09-24T21:23:36Z z9=43000 z10=41000 z11=42000
2026-09-24T21:23:41Z z9=40000 z10=41000 z11=41000
2026-09-24T21:23:46Z z9=40000 z10=40000 z11=41000
2026-09-24T21:23:51Z z9=38000 z10=39000 z11=40000
2026-09-24T21:23:56Z z9=38000 z10=38000 z11=39000
2026-09-24T21:24:01Z z9=37000 z10=37000 z11=37000
2026-09-24T21:24:06Z z9=37000 z10=36000 z11=37000
2026-09-24T21:24:12Z z9=36000 z10=36000 z11=37000
2026-09-24T21:24:17Z z9=36000 z10=36000 z11=36000
2026-09-24T21:24:22Z z9=37000 z10=35000 z11=36000
2026-09-24T21:24:27Z z9=35000 z10=35000 z11=36000
2026-09-24T21:24:32Z z9=36000 z10=35000 z11=35000
2026-09-24T21:24:37Z z9=35000 z10=35000 z11=35000
2026-09-24T21:24:42Z z9=36000 z10=34000 z11=35000
2026-09-24T21:24:47Z z9=35000 z10=34000 z11=35000
2026-09-24T21:24:52Z z9=36000 z10=34000 z11=34000
2026-09-24T21:24:57Z z9=35000 z10=34000 z11=34000
2026-09-24T21:25:02Z z9=34000 z10=34000 z11=34000
2026-09-24T21:25:08Z z9=34000 z10=34000 z11=34000
2026-09-24T21:25:13Z z9=35000 z10=34000 z11=34000
2026-09-24T21:25:18Z z9=34000 z10=34000 z11=34000
2026-09-24T21:25:23Z z9=35000 z10=34000 z11=34000
2026-09-24T21:25:28Z z9=35000 z10=35000 z11=35000
2026-09-24T21:25:33Z z9=35000 z10=33000 z11=34000
2026-09-24T21:25:38Z z9=34000 z10=33000 z11=33000
2026-09-24T21:25:43Z z9=33000 z10=33000 z11=34000
2026-09-24T21:25:48Z z9=34000 z10=33000 z11=34000
2026-09-24T21:25:53Z z9=34000 z10=33000 z11=33000
2026-09-24T21:25:58Z z9=34000 z10=33000 z11=34000
2026-09-24T21:26:03Z z9=32000 z10=33000 z11=33000
2026-09-24T21:26:08Z z9=34000 z10=33000 z11=33000
2026-09-24T21:26:14Z z9=32000 z10=32000 z11=33000
2026-09-24T21:26:19Z z9=33000 z10=33000 z11=33000
2026-09-24T21:26:24Z z9=32000 z10=33000 z11=33000
2026-09-24T21:26:29Z z9=34000 z10=33000 z11=33000
2026-09-24T21:26:34Z z9=33000 z10=33000 z11=33000
2026-09-24T21:26:39Z z9=32000 z10=33000 z11=33000
2026-09-24T21:26:44Z z9=33000 z10=32000 z11=33000
2026-09-24T21:26:49Z z9=34000 z10=32000 z11=33000
2026-09-24T21:26:54Z z9=32000 z10=33000 z11=33000
2026-09-24T21:26:59Z z9=32000 z10=32000 z11=33000
2026-09-24T21:27:04Z z9=32000 z10=32000 z11=33000
2026-09-24T21:27:09Z z9=31000 z10=33000 z11=33000
2026-09-24T21:27:15Z z9=33000 z10=32000 z11=33000
2026-09-24T21:27:20Z z9=33000 z10=32000 z11=33000
2026-09-24T21:27:25Z z9=34000 z10=32000 z11=32000
2026-09-24T21:27:30Z z9=33000 z10=32000 z11=32000
2026-09-24T21:27:35Z z9=31000 z10=32000 z11=32000
2026-09-24T21:27:40Z z9=32000 z10=32000 z11=32000
2026-09-24T21:27:45Z z9=31000 z10=32000 z11=32000
2026-09-24T21:27:50Z z9=31000 z10=32000 z11=32000
2026-09-24T21:27:55Z z9=33000 z10=32000 z11=33000
2026-09-24T21:28:00Z z9=31000 z10=32000 z11=32000
2026-09-24T21:28:06Z z9=33000 z10=32000 z11=32000
2026-09-24T21:28:11Z z9=31000 z10=32000 z11=32000
2026-09-24T21:28:16Z z9=32000 z10=32000 z11=32000
2026-09-24T21:28:21Z z9=31000 z10=32000 z11=32000
2026-09-24T21:28:26Z z9=32000 z10=32000 z11=32000
2026-09-24T21:28:31Z z9=31000 z10=32000 z11=32000
2026-09-24T21:28:36Z z9=33000 z10=32000 z11=32000
2026-09-24T21:28:41Z z9=31000 z10=32000 z11=32000
2026-09-24T21:28:46Z z9=31000 z10=32000 z11=32000
2026-09-24T21:28:51Z z9=31000 z10=31000 z11=32000
2026-09-24T21:28:56Z z9=32000 z10=32000 z11=32000
2026-09-24T21:29:02Z z9=31000 z10=32000 z11=32000
2026-09-24T21:29:07Z z9=34000 z10=31000 z11=32000
2026-09-24T21:29:12Z z9=34000 z10=32000 z11=32000
2026-09-24T21:29:17Z z9=31000 z10=32000 z11=32000
2026-09-24T21:29:22Z z9=32000 z10=32000 z11=32000
2026-09-24T21:29:27Z z9=32000 z10=31000 z11=31000
2026-09-24T21:29:32Z z9=31000 z10=32000 z11=32000
2026-09-24T21:29:41Z z9=34000 z10=34000 z11=35000
2026-09-24T21:29:46Z z9=33000 z10=33000 z11=33000
2026-09-24T21:29:51Z z9=34000 z10=33000 z11=33000
2026-09-24T21:29:56Z z9=31000 z10=32000 z11=33000
2026-09-24T21:30:01Z z9=32000 z10=33000 z11=33000
2026-09-24T21:30:06Z z9=33000 z10=32000 z11=33000
2026-09-24T21:30:12Z z9=31000 z10=32000 z11=33000
2026-09-24T21:30:17Z z9=33000 z10=32000 z11=33000
2026-09-24T21:30:22Z z9=33000 z10=32000 z11=32000
2026-09-24T21:30:27Z z9=32000 z10=32000 z11=32000
2026-09-24T21:30:32Z z9=32000 z10=31000 z11=32000
2026-09-24T21:30:37Z z9=31000 z10=31000 z11=32000
2026-09-24T21:30:42Z z9=30000 z10=30000 z11=32000
2026-09-24T21:30:47Z z9=30000 z10=30000 z11=31000
2026-09-24T21:30:52Z z9=30000 z10=30000 z11=31000
2026-09-24T21:30:57Z z9=31000 z10=30000 z11=31000
2026-09-24T21:31:02Z z9=30000 z10=31000 z11=31000
2026-09-24T21:31:07Z z9=30000 z10=30000 z11=30000
2026-09-24T21:31:13Z z9=30000 z10=30000 z11=30000
2026-09-24T21:31:18Z z9=31000 z10=30000 z11=30000
2026-09-24T21:31:23Z z9=31000 z10=30000 z11=31000
2026-09-24T21:31:28Z z9=32000 z10=30000 z11=31000
2026-09-24T21:31:33Z z9=32000 z10=30000 z11=31000
2026-09-24T21:31:38Z z9=32000 z10=30000 z11=31000
2026-09-24T21:31:43Z z9=31000 z10=30000 z11=30000
2026-09-24T21:31:48Z z9=30000 z10=30000 z11=31000
2026-09-24T21:31:53Z z9=32000 z10=30000 z11=30000
2026-09-24T21:31:58Z z9=30000 z10=30000 z11=30000
2026-09-24T21:32:03Z z9=30000 z10=30000 z11=30000
2026-09-24T21:32:08Z z9=32000 z10=30000 z11=30000
2026-09-24T21:32:14Z z9=30000 z10=30000 z11=30000
2026-09-24T21:32:19Z z9=30000 z10=30000 z11=30000
2026-09-24T21:32:24Z z9=32000 z10=30000 z11=30000
2026-09-24T21:32:29Z z9=30000 z10=30000 z11=30000
2026-09-24T21:32:34Z z9=30000 z10=30000 z11=30000
2026-09-24T21:32:39Z z9=31000 z10=30000 z11=31000
2026-09-24T21:32:44Z z9=32000 z10=31000 z11=32000
2026-09-24T21:32:49Z z9=30000 z10=30000 z11=31000
2026-09-24T21:32:54Z z9=32000 z10=30000 z11=30000
2026-09-24T21:32:59Z z9=31000 z10=30000 z11=31000
2026-09-24T21:33:05Z z9=30000 z10=29000 z11=31000
2026-09-24T21:33:10Z z9=30000 z10=30000 z11=30000
2026-09-24T21:33:15Z z9=29000 z10=30000 z11=30000
2026-09-24T21:33:20Z z9=29000 z10=30000 z11=30000
2026-09-24T21:33:25Z z9=31000 z10=30000 z11=30000
2026-09-24T21:33:30Z z9=31000 z10=29000 z11=30000
2026-09-24T21:33:35Z z9=31000 z10=30000 z11=30000
2026-09-24T21:33:40Z z9=31000 z10=30000 z11=30000
2026-09-24T21:33:45Z z9=31000 z10=30000 z11=30000
2026-09-24T21:33:50Z z9=31000 z10=30000 z11=30000
2026-09-24T21:33:55Z z9=31000 z10=30000 z11=30000
2026-09-24T21:34:00Z z9=29000 z10=30000 z11=30000
2026-09-24T21:34:06Z z9=30000 z10=29000 z11=30000
2026-09-24T21:34:11Z z9=29000 z10=29000 z11=30000
2026-09-24T21:34:16Z z9=29000 z10=29000 z11=30000
2026-09-24T21:34:21Z z9=30000 z10=29000 z11=30000
2026-09-24T21:34:26Z z9=30000 z10=29000 z11=30000
2026-09-24T21:34:31Z z9=30000 z10=30000 z11=30000
2026-09-24T21:34:36Z z9=29000 z10=29000 z11=30000
2026-09-24T21:34:41Z z9=30000 z10=29000 z11=29000
2026-09-24T21:34:46Z z9=29000 z10=29000 z11=30000
2026-09-24T21:34:51Z z9=31000 z10=29000 z11=30000
2026-09-24T21:34:56Z z9=31000 z10=29000 z11=30000
2026-09-24T21:35:02Z z9=29000 z10=29000 z11=30000
2026-09-24T21:35:07Z z9=29000 z10=30000 z11=30000
2026-09-24T21:35:12Z z9=30000 z10=31000 z11=32000
2026-09-24T21:35:17Z z9=30000 z10=29000 z11=30000
2026-09-24T21:35:22Z z9=29000 z10=29000 z11=30000
2026-09-24T21:35:27Z z9=29000 z10=30000 z11=30000
2026-09-24T21:35:32Z z9=30000 z10=29000 z11=30000
2026-09-24T21:35:37Z z9=29000 z10=30000 z11=29000
2026-09-24T21:35:42Z z9=29000 z10=29000 z11=30000
2026-09-24T21:35:47Z z9=31000 z10=29000 z11=30000
2026-09-24T21:35:52Z z9=30000 z10=30000 z11=30000
2026-09-24T21:35:57Z z9=29000 z10=30000 z11=29000
2026-09-24T21:36:03Z z9=29000 z10=29000 z11=30000
2026-09-24T21:36:08Z z9=30000 z10=29000 z11=30000
2026-09-24T21:36:13Z z9=32000 z10=29000 z11=30000
2026-09-24T21:36:18Z z9=33000 z10=32000 z11=33000
2026-09-24T21:36:23Z z9=31000 z10=30000 z11=32000
2026-09-24T21:36:28Z z9=30000 z10=30000 z11=30000
2026-09-24T21:36:33Z z9=31000 z10=30000 z11=30000
2026-09-24T21:36:38Z z9=30000 z10=30000 z11=30000
2026-09-24T21:36:43Z z9=29000 z10=30000 z11=30000
2026-09-24T21:36:48Z z9=31000 z10=29000 z11=30000
2026-09-24T21:36:53Z z9=29000 z10=29000 z11=30000
2026-09-24T21:36:59Z z9=31000 z10=29000 z11=30000
2026-09-24T21:37:04Z z9=30000 z10=29000 z11=30000
2026-09-24T21:37:09Z z9=29000 z10=29000 z11=30000
2026-09-24T21:37:14Z z9=31000 z10=30000 z11=30000
2026-09-24T21:37:19Z z9=32000 z10=30000 z11=30000
2026-09-24T21:37:24Z z9=29000 z10=30000 z11=30000
2026-09-24T21:37:29Z z9=29000 z10=30000 z11=30000
2026-09-24T21:37:34Z z9=29000 z10=29000 z11=30000
2026-09-24T21:37:39Z z9=29000 z10=30000 z11=30000
2026-09-24T21:37:44Z z9=29000 z10=30000 z11=29000
2026-09-24T21:37:49Z z9=31000 z10=29000 z11=30000
2026-09-24T21:37:54Z z9=29000 z10=30000 z11=30000
2026-09-24T21:38:00Z z9=30000 z10=30000 z11=30000
2026-09-24T21:38:05Z z9=30000 z10=30000 z11=30000
2026-09-24T21:38:10Z z9=30000 z10=29000 z11=30000
2026-09-24T21:38:15Z z9=30000 z10=29000 z11=30000
2026-09-24T21:38:20Z z9=31000 z10=30000 z11=30000
2026-09-24T21:38:25Z z9=31000 z10=30000 z11=30000
2026-09-24T21:38:30Z z9=31000 z10=29000 z11=30000
2026-09-24T21:38:35Z z9=30000 z10=29000 z11=29000
2026-09-24T21:38:40Z z9=29000 z10=29000 z11=29000
2026-09-24T21:38:45Z z9=30000 z10=29000 z11=30000
2026-09-24T21:38:50Z z9=29000 z10=29000 z11=29000
2026-09-24T21:38:55Z z9=29000 z10=29000 z11=29000
2026-09-24T21:39:01Z z9=30000 z10=29000 z11=29000
2026-09-24T21:39:06Z z9=31000 z10=29000 z11=29000
2026-09-24T21:39:11Z z9=29000 z10=29000 z11=29000
2026-09-24T21:39:16Z z9=29000 z10=29000 z11=29000
2026-09-24T21:39:21Z z9=29000 z10=29000 z11=29000
2026-09-24T21:39:26Z z9=29000 z10=29000 z11=29000
2026-09-24T21:39:31Z z9=31000 z10=31000 z11=31000
2026-09-24T21:39:36Z z9=30000 z10=30000 z11=30000
2026-09-24T21:39:41Z z9=31000 z10=30000 z11=30000
2026-09-24T21:39:46Z z9=29000 z10=29000 z11=30000
2026-09-24T21:39:51Z z9=31000 z10=30000 z11=30000
2026-09-24T21:39:56Z z9=30000 z10=30000 z11=30000
2026-09-24T21:40:02Z z9=29000 z10=29000 z11=29000
2026-09-24T21:40:07Z z9=31000 z10=29000 z11=29000
2026-09-24T21:40:12Z z9=29000 z10=29000 z11=29000
2026-09-24T21:40:17Z z9=29000 z10=29000 z11=30000
2026-09-24T21:40:22Z z9=29000 z10=29000 z11=29000
2026-09-24T21:40:27Z z9=30000 z10=29000 z11=29000
2026-09-24T21:40:32Z z9=30000 z10=30000 z11=29000
2026-09-24T21:40:37Z z9=29000 z10=29000 z11=29000
2026-09-24T21:40:42Z z9=29000 z10=29000 z11=29000
2026-09-24T21:40:47Z z9=29000 z10=29000 z11=30000
2026-09-24T21:40:52Z z9=29000 z10=29000 z11=29000
2026-09-24T21:40:58Z z9=29000 z10=29000 z11=29000
2026-09-24T21:41:03Z z9=30000 z10=29000 z11=29000
2026-09-24T21:41:08Z z9=30000 z10=29000 z11=29000
2026-09-24T21:41:13Z z9=29000 z10=28000 z11=29000
2026-09-24T21:41:18Z z9=29000 z10=29000 z11=29000
2026-09-24T21:41:23Z z9=29000 z10=29000 z11=29000
2026-09-24T21:41:28Z z9=30000 z10=29000 z11=29000
2026-09-24T21:41:33Z z9=29000 z10=29000 z11=29000
2026-09-24T21:41:38Z z9=29000 z10=30000 z11=30000
2026-09-24T21:41:43Z z9=29000 z10=29000 z11=29000
2026-09-24T21:41:49Z z9=30000 z10=30000 z11=29000
2026-09-24T21:41:54Z z9=30000 z10=29000 z11=29000
2026-09-24T21:41:59Z z9=31000 z10=29000 z11=29000
2026-09-24T21:42:04Z z9=29000 z10=29000 z11=29000
2026-09-24T21:42:09Z z9=29000 z10=29000 z11=29000
2026-09-24T21:42:14Z z9=29000 z10=29000 z11=29000
2026-09-24T21:42:19Z z9=30000 z10=29000 z11=29000
2026-09-24T21:42:24Z z9=29000 z10=29000 z11=29000
2026-09-24T21:42:29Z z9=28000 z10=29000 z11=29000
2026-09-24T21:42:34Z z9=29000 z10=29000 z11=29000
2026-09-24T21:42:39Z z9=28000 z10=28000 z11=29000
2026-09-24T21:42:44Z z9=28000 z10=28000 z11=29000
2026-09-24T21:42:50Z z9=28000 z10=28000 z11=29000
2026-09-24T21:42:55Z z9=28000 z10=29000 z11=29000
2026-09-24T21:43:00Z z9=29000 z10=29000 z11=29000
2026-09-24T21:43:05Z z9=29000 z10=28000 z11=29000
2026-09-24T21:43:10Z z9=28000 z10=28000 z11=29000
2026-09-24T21:43:15Z z9=28000 z10=29000 z11=29000
2026-09-24T21:43:20Z z9=28000 z10=28000 z11=29000
2026-09-24T21:43:25Z z9=28000 z10=28000 z11=29000
2026-09-24T21:43:30Z z9=30000 z10=28000 z11=29000
2026-09-24T21:43:35Z z9=28000 z10=28000 z11=28000
2026-09-24T21:43:40Z z9=29000 z10=29000 z11=29000
2026-09-24T21:43:46Z z9=28000 z10=28000 z11=29000
2026-09-24T21:43:51Z z9=29000 z10=28000 z11=29000
2026-09-24T21:43:56Z z9=31000 z10=28000 z11=29000
2026-09-24T21:44:01Z z9=28000 z10=28000 z11=29000
2026-09-24T21:44:06Z z9=28000 z10=28000 z11=29000
2026-09-24T21:44:11Z z9=29000 z10=28000 z11=29000
2026-09-24T21:44:16Z z9=28000 z10=28000 z11=29000
2026-09-24T21:44:21Z z9=28000 z10=28000 z11=29000
2026-09-24T21:44:26Z z9=29000 z10=28000 z11=29000
2026-09-24T21:44:31Z z9=28000 z10=28000 z11=29000
2026-09-24T21:44:36Z z9=29000 z10=28000 z11=29000
2026-09-24T21:44:42Z z9=28000 z10=29000 z11=28000
2026-09-24T21:44:47Z z9=28000 z10=28000 z11=29000
2026-09-24T21:44:52Z z9=29000 z10=28000 z11=29000
2026-09-24T21:44:57Z z9=28000 z10=28000 z11=28000
2026-09-24T21:45:02Z z9=28000 z10=28000 z11=29000
2026-09-24T21:45:07Z z9=29000 z10=28000 z11=29000
2026-09-24T21:45:12Z z9=29000 z10=28000 z11=29000
2026-09-24T21:45:17Z z9=28000 z10=28000 z11=28000
2026-09-24T21:45:22Z z9=29000 z10=28000 z11=29000
2026-09-24T21:45:27Z z9=28000 z10=28000 z11=29000
2026-09-24T21:45:32Z z9=28000 z10=28000 z11=29000
2026-09-24T21:45:37Z z9=29000 z10=28000 z11=28000
2026-09-24T21:45:43Z z9=28000 z10=28000 z11=28000
2026-09-24T21:45:48Z z9=28000 z10=28000 z11=29000
2026-09-24T21:45:53Z z9=28000 z10=28000 z11=29000
2026-09-24T21:45:58Z z9=30000 z10=28000 z11=29000
2026-09-24T21:46:03Z z9=29000 z10=28000 z11=29000
2026-09-24T21:46:08Z z9=28000 z10=28000 z11=28000
2026-09-24T21:46:13Z z9=28000 z10=28000 z11=28000
2026-09-24T21:46:18Z z9=28000 z10=28000 z11=28000
2026-09-24T21:46:23Z z9=28000 z10=28000 z11=29000
2026-09-24T21:46:28Z z9=28000 z10=28000 z11=28000
2026-09-24T21:46:33Z z9=29000 z10=28000 z11=29000
2026-09-24T21:46:38Z z9=28000 z10=29000 z11=29000
2026-09-24T21:46:44Z z9=29000 z10=28000 z11=29000
2026-09-24T21:46:49Z z9=28000 z10=28000 z11=28000
2026-09-24T21:46:54Z z9=28000 z10=28000 z11=28000
2026-09-24T21:46:59Z z9=28000 z10=28000 z11=29000
2026-09-24T21:47:04Z z9=29000 z10=28000 z11=28000
2026-09-24T21:47:09Z z9=29000 z10=28000 z11=28000
2026-09-24T21:47:14Z z9=28000 z10=28000 z11=28000
2026-09-24T21:47:19Z z9=29000 z10=28000 z11=28000
2026-09-24T21:47:24Z z9=29000 z10=27000 z11=28000
2026-09-24T21:47:29Z z9=29000 z10=28000 z11=28000
2026-09-24T21:47:34Z z9=29000 z10=28000 z11=28000
2026-09-24T21:47:40Z z9=28000 z10=28000 z11=28000
2026-09-24T21:47:45Z z9=30000 z10=28000 z11=28000
2026-09-24T21:47:50Z z9=29000 z10=28000 z11=28000
2026-09-24T21:47:55Z z9=28000 z10=28000 z11=28000
2026-09-24T21:48:00Z z9=28000 z10=28000 z11=28000
2026-09-24T21:48:05Z z9=28000 z10=28000 z11=28000
2026-09-24T21:48:10Z z9=28000 z10=28000 z11=28000
2026-09-24T21:48:15Z z9=28000 z10=28000 z11=28000
2026-09-24T21:48:20Z z9=28000 z10=28000 z11=28000
2026-09-24T21:48:25Z z9=28000 z10=28000 z11=28000
2026-09-24T21:48:30Z z9=28000 z10=28000 z11=28000
2026-09-24T21:48:35Z z9=30000 z10=28000 z11=28000
2026-09-24T21:48:41Z z9=29000 z10=28000 z11=28000
2026-09-24T21:48:46Z z9=28000 z10=28000 z11=29000
2026-09-24T21:48:51Z z9=28000 z10=28000 z11=29000
2026-09-24T21:48:56Z z9=30000 z10=28000 z11=29000
2026-09-24T21:49:01Z z9=28000 z10=28000 z11=28000
2026-09-24T21:49:06Z z9=28000 z10=28000 z11=28000
2026-09-24T21:49:11Z z9=28000 z10=28000 z11=28000
2026-09-24T21:49:16Z z9=27000 z10=27000 z11=28000
2026-09-24T21:49:21Z z9=28000 z10=28000 z11=28000
2026-09-24T21:49:26Z z9=28000 z10=28000 z11=28000
2026-09-24T21:49:31Z z9=29000 z10=28000 z11=28000
2026-09-24T21:49:37Z z9=28000 z10=28000 z11=28000
2026-09-24T21:49:42Z z9=28000 z10=28000 z11=29000
2026-09-24T21:49:47Z z9=28000 z10=28000 z11=28000
2026-09-24T21:49:52Z z9=28000 z10=28000 z11=28000
2026-09-24T21:49:57Z z9=28000 z10=28000 z11=28000
2026-09-24T21:50:02Z z9=30000 z10=28000 z11=28000
2026-09-24T21:50:07Z z9=29000 z10=28000 z11=28000
2026-09-24T21:50:12Z z9=28000 z10=28000 z11=28000
2026-09-24T21:50:17Z z9=28000 z10=27000 z11=28000
2026-09-24T21:50:22Z z9=27000 z10=27000 z11=28000
2026-09-24T21:50:27Z z9=29000 z10=27000 z11=28000
2026-09-24T21:50:32Z z9=27000 z10=27000 z11=28000
2026-09-24T21:50:38Z z9=27000 z10=27000 z11=28000
2026-09-24T21:50:43Z z9=27000 z10=27000 z11=28000
2026-09-24T21:50:48Z z9=27000 z10=28000 z11=28000
2026-09-24T21:50:53Z z9=27000 z10=28000 z11=28000
2026-09-24T21:50:58Z z9=29000 z10=27000 z11=28000
2026-09-24T21:51:03Z z9=27000 z10=28000 z11=28000
2026-09-24T21:51:08Z z9=27000 z10=28000 z11=28000
2026-09-24T21:51:13Z z9=28000 z10=27000 z11=27000
2026-09-24T21:51:18Z z9=27000 z10=28000 z11=28000
2026-09-24T21:51:23Z z9=28000 z10=28000 z11=28000
2026-09-24T21:51:28Z z9=27000 z10=28000 z11=28000
2026-09-24T21:51:34Z z9=27000 z10=28000 z11=28000
2026-09-24T21:51:39Z z9=28000 z10=27000 z11=28000
2026-09-24T21:51:44Z z9=28000 z10=27000 z11=28000
2026-09-24T21:51:49Z z9=29000 z10=27000 z11=28000
2026-09-24T21:51:54Z z9=27000 z10=27000 z11=27000
2026-09-24T21:51:59Z z9=27000 z10=27000 z11=27000
2026-09-24T21:52:04Z z9=27000 z10=27000 z11=28000
2026-09-24T21:52:09Z z9=27000 z10=27000 z11=28000
2026-09-24T21:52:14Z z9=28000 z10=27000 z11=27000
2026-09-24T21:52:19Z z9=28000 z10=28000 z11=28000
2026-09-24T21:52:24Z z9=28000 z10=28000 z11=28000
2026-09-24T21:52:30Z z9=28000 z10=28000 z11=28000
2026-09-24T21:52:35Z z9=28000 z10=28000 z11=28000
2026-09-24T21:52:40Z z9=28000 z10=28000 z11=28000
2026-09-24T21:52:45Z z9=29000 z10=28000 z11=28000
2026-09-24T21:52:50Z z9=30000 z10=28000 z11=28000
2026-09-24T21:52:55Z z9=28000 z10=29000 z11=30000
2026-09-24T21:53:00Z z9=30000 z10=28000 z11=28000
2026-09-24T21:53:05Z z9=28000 z10=28000 z11=29000
2026-09-24T21:53:10Z z9=30000 z10=29000 z11=30000
2026-09-24T21:53:15Z z9=28000 z10=28000 z11=28000
2026-09-24T21:53:20Z z9=28000 z10=28000 z11=28000
2026-09-24T21:53:25Z z9=29000 z10=29000 z11=29000
2026-09-24T21:53:31Z z9=28000 z10=28000 z11=29000
2026-09-24T21:53:36Z z9=28000 z10=28000 z11=28000
2026-09-24T21:53:41Z z9=28000 z10=28000 z11=28000
2026-09-24T21:53:46Z z9=28000 z10=28000 z11=28000
2026-09-24T21:53:51Z z9=29000 z10=28000 z11=29000
2026-09-24T21:53:56Z z9=28000 z10=28000 z11=28000
2026-09-24T21:54:01Z z9=28000 z10=28000 z11=29000
2026-09-24T21:54:06Z z9=29000 z10=28000 z11=29000
2026-09-24T21:54:11Z z9=29000 z10=27000 z11=28000
2026-09-24T21:54:16Z z9=28000 z10=28000 z11=28000
2026-09-24T21:54:21Z z9=28000 z10=28000 z11=28000
2026-09-24T21:54:26Z z9=27000 z10=28000 z11=28000
2026-09-24T21:54:32Z z9=27000 z10=27000 z11=28000
2026-09-24T21:54:37Z z9=27000 z10=27000 z11=28000
2026-09-24T21:54:42Z z9=30000 z10=28000 z11=28000
2026-09-24T21:54:47Z z9=27000 z10=27000 z11=28000
2026-09-24T21:54:52Z z9=27000 z10=27000 z11=28000
2026-09-24T21:54:57Z z9=27000 z10=28000 z11=28000
2026-09-24T21:55:02Z z9=27000 z10=27000 z11=28000
2026-09-24T21:55:07Z z9=28000 z10=27000 z11=28000
2026-09-24T21:55:12Z z9=29000 z10=28000 z11=28000
2026-09-24T21:55:17Z z9=27000 z10=28000 z11=28000
2026-09-24T21:55:22Z z9=28000 z10=28000 z11=29000
2026-09-24T21:55:27Z z9=28000 z10=28000 z11=28000
2026-09-24T21:55:33Z z9=27000 z10=28000 z11=27000
2026-09-24T21:55:38Z z9=30000 z10=27000 z11=27000
2026-09-24T21:55:43Z z9=28000 z10=27000 z11=28000
2026-09-24T21:55:48Z z9=27000 z10=27000 z11=27000
2026-09-24T21:55:53Z z9=28000 z10=27000 z11=28000
2026-09-24T21:55:58Z z9=27000 z10=27000 z11=28000
2026-09-24T21:56:03Z z9=29000 z10=27000 z11=28000
2026-09-24T21:56:08Z z9=28000 z10=27000 z11=28000
2026-09-24T21:56:13Z z9=28000 z10=27000 z11=28000
2026-09-24T21:56:18Z z9=27000 z10=27000 z11=28000
2026-09-24T21:56:24Z z9=28000 z10=27000 z11=28000
2026-09-24T21:56:29Z z9=28000 z10=27000 z11=28000
2026-09-24T21:56:34Z z9=28000 z10=27000 z11=28000
2026-09-24T21:56:39Z z9=27000 z10=27000 z11=28000
2026-09-24T21:56:44Z z9=28000 z10=27000 z11=28000
2026-09-24T21:56:49Z z9=27000 z10=27000 z11=27000
2026-09-24T21:56:54Z z9=27000 z10=27000 z11=28000
2026-09-24T21:56:59Z z9=28000 z10=27000 z11=28000
2026-09-24T21:57:04Z z9=27000 z10=27000 z11=28000
2026-09-24T21:57:09Z z9=27000 z10=27000 z11=27000
2026-09-24T21:57:14Z z9=27000 z10=28000 z11=28000
2026-09-24T21:57:20Z z9=28000 z10=28000 z11=28000
2026-09-24T21:57:25Z z9=28000 z10=27000 z11=28000
2026-09-24T21:57:30Z z9=27000 z10=27000 z11=28000
2026-09-24T21:57:35Z z9=27000 z10=29000 z11=29000
2026-09-24T21:57:40Z z9=27000 z10=27000 z11=28000
2026-09-24T21:57:45Z z9=29000 z10=27000 z11=27000
2026-09-24T21:57:50Z z9=27000 z10=27000 z11=28000
2026-09-24T21:57:55Z z9=27000 z10=27000 z11=28000
2026-09-24T21:58:00Z z9=27000 z10=27000 z11=28000
2026-09-24T21:58:05Z z9=28000 z10=27000 z11=28000
2026-09-24T21:58:11Z z9=28000 z10=27000 z11=28000
2026-09-24T21:58:16Z z9=28000 z10=27000 z11=28000
2026-09-24T21:58:21Z z9=28000 z10=27000 z11=28000
2026-09-24T21:58:26Z z9=28000 z10=27000 z11=27000
2026-09-24T21:58:31Z z9=27000 z10=27000 z11=27000
2026-09-24T21:58:36Z z9=29000 z10=27000 z11=28000
2026-09-24T21:58:41Z z9=29000 z10=27000 z11=28000
2026-09-24T21:58:46Z z9=27000 z10=27000 z11=27000
2026-09-24T21:58:51Z z9=28000 z10=27000 z11=27000
2026-09-24T21:58:56Z z9=28000 z10=27000 z11=28000
2026-09-24T21:59:01Z z9=28000 z10=27000 z11=28000
2026-09-24T21:59:07Z z9=27000 z10=27000 z11=27000
2026-09-24T21:59:12Z z9=27000 z10=27000 z11=28000
2026-09-24T21:59:17Z z9=28000 z10=27000 z11=28000
2026-09-24T21:59:22Z z9=28000 z10=28000 z11=28000
2026-09-24T21:59:27Z z9=27000 z10=27000 z11=27000
2026-09-24T21:59:32Z z9=28000 z10=27000 z11=28000
2026-09-24T21:59:37Z z9=27000 z10=27000 z11=27000
2026-09-24T21:59:42Z z9=27000 z10=28000 z11=27000
2026-09-24T21:59:47Z z9=27000 z10=27000 z11=27000
2026-09-24T21:59:52Z z9=27000 z10=28000 z11=27000
2026-09-24T21:59:57Z z9=26000 z10=27000 z11=28000
2026-09-24T22:00:02Z z9=28000 z10=27000 z11=28000
2026-09-24T22:00:08Z z9=28000 z10=27000 z11=28000
2026-09-24T22:00:13Z z9=28000 z10=27000 z11=27000
2026-09-24T22:00:18Z z9=28000 z10=27000 z11=27000
2026-09-24T22:00:23Z z9=28000 z10=27000 z11=28000
2026-09-24T22:00:28Z z9=29000 z10=27000 z11=27000
2026-09-24T22:00:33Z z9=27000 z10=27000 z11=27000
2026-09-24T22:00:38Z z9=28000 z10=27000 z11=27000
2026-09-24T22:00:43Z z9=28000 z10=26000 z11=27000
2026-09-24T22:00:48Z z9=27000 z10=27000 z11=27000
2026-09-24T22:00:53Z z9=29000 z10=27000 z11=27000
2026-09-24T22:00:58Z z9=29000 z10=28000 z11=27000
2026-09-24T22:01:03Z z9=29000 z10=27000 z11=27000
2026-09-24T22:01:08Z z9=26000 z10=27000 z11=28000
2026-09-24T22:01:14Z z9=26000 z10=27000 z11=27000
2026-09-24T22:01:19Z z9=28000 z10=27000 z11=27000
2026-09-24T22:01:24Z z9=26000 z10=27000 z11=27000
2026-09-24T22:01:29Z z9=28000 z10=27000 z11=27000
2026-09-24T22:01:34Z z9=27000 z10=27000 z11=27000
2026-09-24T22:01:39Z z9=28000 z10=26000 z11=27000
2026-09-24T22:01:44Z z9=26000 z10=27000 z11=27000
2026-09-24T22:01:49Z z9=26000 z10=27000 z11=27000
2026-09-24T22:01:54Z z9=26000 z10=26000 z11=27000
2026-09-24T22:01:59Z z9=28000 z10=27000 z11=27000
2026-09-24T22:02:04Z z9=26000 z10=27000 z11=27000
2026-09-24T22:02:10Z z9=28000 z10=27000 z11=28000
2026-09-24T22:02:15Z z9=26000 z10=27000 z11=27000
2026-09-24T22:02:20Z z9=27000 z10=27000 z11=27000
2026-09-24T22:02:25Z z9=26000 z10=27000 z11=27000
2026-09-24T22:02:30Z z9=26000 z10=26000 z11=27000
2026-09-24T22:02:35Z z9=27000 z10=27000 z11=27000
2026-09-24T22:02:40Z z9=26000 z10=26000 z11=27000
2026-09-24T22:02:45Z z9=26000 z10=26000 z11=27000
2026-09-24T22:02:50Z z9=26000 z10=27000 z11=27000
2026-09-24T22:02:55Z z9=28000 z10=26000 z11=27000
2026-09-24T22:03:00Z z9=27000 z10=27000 z11=27000
2026-09-24T22:03:06Z z9=28000 z10=27000 z11=27000
2026-09-24T22:03:11Z z9=26000 z10=27000 z11=27000
2026-09-24T22:03:16Z z9=27000 z10=27000 z11=27000
2026-09-24T22:03:21Z z9=26000 z10=27000 z11=27000
2026-09-24T22:03:26Z z9=26000 z10=26000 z11=27000
2026-09-24T22:03:31Z z9=26000 z10=26000 z11=27000
2026-09-24T22:03:36Z z9=28000 z10=27000 z11=27000
2026-09-24T22:03:41Z z9=26000 z10=27000 z11=27000
2026-09-24T22:03:46Z z9=28000 z10=26000 z11=27000
2026-09-24T22:03:51Z z9=27000 z10=27000 z11=27000
2026-09-24T22:03:56Z z9=28000 z10=27000 z11=27000
2026-09-24T22:04:02Z z9=29000 z10=28000 z11=28000
2026-09-24T22:04:07Z z9=27000 z10=27000 z11=27000
2026-09-24T22:04:12Z z9=27000 z10=27000 z11=27000
2026-09-24T22:04:17Z z9=27000 z10=27000 z11=27000
2026-09-24T22:04:22Z z9=27000 z10=27000 z11=27000
2026-09-24T22:04:27Z z9=28000 z10=27000 z11=27000
2026-09-24T22:04:32Z z9=27000 z10=27000 z11=27000
2026-09-24T22:04:37Z z9=28000 z10=27000 z11=28000
2026-09-24T22:04:42Z z9=27000 z10=27000 z11=27000
2026-09-24T22:04:47Z z9=28000 z10=27000 z11=27000
2026-09-24T22:04:52Z z9=27000 z10=27000 z11=27000
2026-09-24T22:04:58Z z9=28000 z10=27000 z11=27000
2026-09-24T22:05:03Z z9=28000 z10=27000 z11=28000
2026-09-24T22:05:08Z z9=26000 z10=27000 z11=27000
2026-09-24T22:05:13Z z9=27000 z10=27000 z11=27000
2026-09-24T22:05:18Z z9=26000 z10=27000 z11=27000
2026-09-24T22:05:23Z z9=26000 z10=27000 z11=27000
2026-09-24T22:05:28Z z9=27000 z10=27000 z11=27000
2026-09-24T22:05:33Z z9=26000 z10=27000 z11=27000
2026-09-24T22:05:38Z z9=27000 z10=26000 z11=27000
2026-09-24T22:05:43Z z9=26000 z10=27000 z11=27000
2026-09-24T22:05:48Z z9=26000 z10=27000 z11=27000
2026-09-24T22:05:54Z z9=29000 z10=28000 z11=28000
2026-09-24T22:05:59Z z9=27000 z10=27000 z11=28000
2026-09-24T22:06:04Z z9=28000 z10=27000 z11=28000
2026-09-24T22:06:09Z z9=28000 z10=27000 z11=28000
2026-09-24T22:06:14Z z9=27000 z10=28000 z11=28000
2026-09-24T22:06:19Z z9=30000 z10=30000 z11=30000
2026-09-24T22:06:24Z z9=28000 z10=28000 z11=28000
2026-09-24T22:06:29Z z9=30000 z10=28000 z11=29000
2026-09-24T22:06:34Z z9=28000 z10=28000 z11=29000
2026-09-24T22:06:39Z z9=28000 z10=29000 z11=29000
2026-09-24T22:06:44Z z9=33000 z10=30000 z11=31000
2026-09-24T22:06:50Z z9=30000 z10=30000 z11=31000
2026-09-24T22:06:55Z z9=30000 z10=28000 z11=29000
2026-09-24T22:07:00Z z9=28000 z10=28000 z11=29000
2026-09-24T22:07:05Z z9=28000 z10=28000 z11=29000
2026-09-24T22:07:10Z z9=29000 z10=28000 z11=29000
2026-09-24T22:07:15Z z9=28000 z10=28000 z11=28000
2026-09-24T22:07:20Z z9=29000 z10=28000 z11=28000
2026-09-24T22:07:25Z z9=28000 z10=28000 z11=29000
2026-09-24T22:07:30Z z9=28000 z10=28000 z11=29000
2026-09-24T22:07:35Z z9=28000 z10=28000 z11=28000
2026-09-24T22:07:41Z z9=29000 z10=28000 z11=29000
2026-09-24T22:07:46Z z9=29000 z10=28000 z11=28000
2026-09-24T22:07:51Z z9=27000 z10=27000 z11=28000
2026-09-24T22:07:56Z z9=28000 z10=28000 z11=28000
2026-09-24T22:08:01Z z9=29000 z10=28000 z11=29000
2026-09-24T22:08:06Z z9=28000 z10=28000 z11=28000
2026-09-24T22:08:11Z z9=28000 z10=28000 z11=29000
2026-09-24T22:08:16Z z9=28000 z10=28000 z11=29000
2026-09-24T22:08:21Z z9=28000 z10=28000 z11=28000
2026-09-24T22:08:26Z z9=28000 z10=28000 z11=28000
2026-09-24T22:08:31Z z9=28000 z10=28000 z11=28000
2026-09-24T22:08:37Z z9=29000 z10=28000 z11=29000
2026-09-24T22:08:42Z z9=28000 z10=28000 z11=28000
2026-09-24T22:08:47Z z9=29000 z10=29000 z11=30000
2026-09-24T22:08:52Z z9=30000 z10=31000 z11=31000
2026-09-24T22:08:57Z z9=31000 z10=29000 z11=31000
2026-09-24T22:09:02Z z9=31000 z10=29000 z11=29000
2026-09-24T22:09:07Z z9=29000 z10=29000 z11=30000
2026-09-24T22:09:12Z z9=30000 z10=29000 z11=29000
2026-09-24T22:09:17Z z9=29000 z10=28000 z11=29000
2026-09-24T22:09:22Z z9=30000 z10=28000 z11=29000
2026-09-24T22:09:28Z z9=29000 z10=28000 z11=29000
2026-09-24T22:09:33Z z9=29000 z10=29000 z11=29000
2026-09-24T22:09:38Z z9=28000 z10=28000 z11=29000
2026-09-24T22:09:43Z z9=30000 z10=29000 z11=28000
2026-09-24T22:09:48Z z9=30000 z10=29000 z11=29000
2026-09-24T22:09:53Z z9=29000 z10=29000 z11=30000
2026-09-24T22:09:58Z z9=30000 z10=29000 z11=30000
2026-09-24T22:10:03Z z9=30000 z10=29000 z11=29000
2026-09-24T22:10:08Z z9=29000 z10=29000 z11=30000
2026-09-24T22:10:13Z z9=30000 z10=29000 z11=29000
2026-09-24T22:10:18Z z9=31000 z10=29000 z11=29000
2026-09-24T22:10:23Z z9=29000 z10=29000 z11=29000
2026-09-24T22:10:29Z z9=35000 z10=35000 z11=36000
2026-09-24T22:10:34Z z9=35000 z10=33000 z11=33000
2026-09-24T22:10:39Z z9=32000 z10=32000 z11=32000
2026-09-24T22:10:44Z z9=32000 z10=33000 z11=34000
2026-09-24T22:10:49Z z9=31000 z10=32000 z11=32000
2026-09-24T22:10:54Z z9=31000 z10=32000 z11=32000
2026-09-24T22:10:59Z z9=31000 z10=31000 z11=33000
2026-09-24T22:11:04Z z9=31000 z10=31000 z11=32000
2026-09-24T22:11:09Z z9=31000 z10=31000 z11=32000
2026-09-24T22:11:14Z z9=30000 z10=31000 z11=32000
2026-09-24T22:11:20Z z9=31000 z10=31000 z11=32000
2026-09-24T22:11:25Z z9=33000 z10=32000 z11=32000
2026-09-24T22:11:30Z z9=48000 z10=40000 z11=40000
2026-09-24T22:11:35Z z9=37000 z10=36000 z11=36000
2026-09-24T22:11:40Z z9=35000 z10=34000 z11=35000
2026-09-24T22:11:45Z z9=33000 z10=33000 z11=34000
2026-09-24T22:11:50Z z9=33000 z10=32000 z11=32000
2026-09-24T22:11:55Z z9=34000 z10=33000 z11=33000
2026-09-24T22:12:00Z z9=31000 z10=31000 z11=32000
2026-09-24T22:12:05Z z9=31000 z10=31000 z11=32000
2026-09-24T22:12:11Z z9=32000 z10=32000 z11=34000
2026-09-24T22:12:16Z z9=30000 z10=30000 z11=30000
2026-09-24T22:12:21Z z9=32000 z10=30000 z11=30000
2026-09-24T22:12:26Z z9=30000 z10=30000 z11=31000
2026-09-24T22:12:31Z z9=30000 z10=30000 z11=30000
2026-09-24T22:12:36Z z9=31000 z10=30000 z11=30000
2026-09-24T22:12:41Z z9=31000 z10=30000 z11=30000
2026-09-24T22:12:46Z z9=30000 z10=30000 z11=30000
2026-09-24T22:12:51Z z9=29000 z10=30000 z11=30000
2026-09-24T22:12:56Z z9=31000 z10=30000 z11=30000
2026-09-24T22:13:01Z z9=32000 z10=30000 z11=30000
2026-09-24T22:13:07Z z9=29000 z10=29000 z11=30000
2026-09-24T22:13:12Z z9=29000 z10=29000 z11=30000
2026-09-24T22:13:17Z z9=31000 z10=30000 z11=30000
2026-09-24T22:13:22Z z9=30000 z10=30000 z11=30000
2026-09-24T22:13:27Z z9=29000 z10=29000 z11=30000
2026-09-24T22:13:32Z z9=29000 z10=30000 z11=30000
2026-09-24T22:13:37Z z9=30000 z10=31000 z11=31000
2026-09-24T22:13:42Z z9=38000 z10=39000 z11=41000
2026-09-24T22:13:47Z z9=37000 z10=35000 z11=36000
2026-09-24T22:13:52Z z9=33000 z10=34000 z11=34000
2026-09-24T22:13:57Z z9=34000 z10=34000 z11=34000
2026-09-24T22:14:03Z z9=34000 z10=32000 z11=33000
2026-09-24T22:14:08Z z9=31000 z10=32000 z11=32000
2026-09-24T22:14:13Z z9=31000 z10=32000 z11=32000
2026-09-24T22:14:18Z z9=31000 z10=32000 z11=32000
2026-09-24T22:14:23Z z9=30000 z10=30000 z11=31000
2026-09-24T22:14:28Z z9=30000 z10=30000 z11=32000
2026-09-24T22:14:33Z z9=31000 z10=32000 z11=32000
2026-09-24T22:14:51Z z9=31000 z10=30000 z11=30000
2026-09-24T22:14:56Z z9=30000 z10=30000 z11=30000
2026-09-24T22:15:13Z z9=31000 z10=30000 z11=30000
2026-09-24T22:15:42Z z9=30000 z10=30000 z11=30000
2026-09-24T22:16:17Z z9=31000 z10=29000 z11=30000
2026-09-24T22:16:22Z z9=30000 z10=30000 z11=29000
2026-09-24T22:16:27Z z9=30000 z10=29000 z11=30000
2026-09-24T22:17:42Z z9=30000 z10=30000 z11=30000
2026-09-24T22:19:01Z z9=29000 z10=29000 z11=31000
2026-09-24T22:21:22Z z9=31000 z10=30000 z11=30000
2026-09-24T22:21:27Z z9=29000 z10=28000 z11=29000
2026-09-24T22:21:34Z z9=29000 z10=29000 z11=28000
2026-09-24T22:21:43Z z9=29000 z10=29000 z11=28000
2026-09-24T22:21:48Z z9=29000 z10=28000 z11=29000
2026-09-24T22:21:53Z z9=28000 z10=28000 z11=29000
2026-09-24T22:22:11Z z9=28000 z10=28000 z11=28000
2026-09-24T22:22:16Z z9=28000 z10=28000 z11=29000
2026-09-24T22:23:50Z z9=30000 z10=29000 z11=29000
2026-09-24T22:24:39Z z9=29000 z10=28000 z11=30000
2026-09-24T22:24:44Z z9=29000 z10=28000 z11=29000
2026-09-24T22:25:44Z z9=28000 z10=28000 z11=28000
2026-09-24T22:27:38Z z9=29000 z10=28000 z11=29000
2026-09-24T22:29:11Z z9=30000 z10=30000 z11=31000
2026-09-24T22:29:16Z z9=29000 z10=29000 z11=30000
2026-09-24T22:29:21Z z9=29000 z10=30000 z11=30000
2026-09-24T22:29:26Z z9=30000 z10=30000 z11=31000
2026-09-24T22:29:32Z z9=31000 z10=30000 z11=30000
2026-09-24T22:29:37Z z9=31000 z10=30000 z11=32000
2026-09-24T22:29:42Z z9=31000 z10=30000 z11=31000
2026-09-24T22:29:47Z z9=30000 z10=31000 z11=31000
2026-09-24T22:29:52Z z9=30000 z10=30000 z11=31000
2026-09-24T22:29:57Z z9=30000 z10=31000 z11=31000
2026-09-24T22:30:02Z z9=31000 z10=30000 z11=32000
2026-09-24T22:30:07Z z9=31000 z10=31000 z11=32000
2026-09-24T22:30:12Z z9=31000 z10=31000 z11=31000
2026-09-24T22:30:17Z z9=30000 z10=30000 z11=32000
2026-09-24T22:30:22Z z9=32000 z10=30000 z11=31000
2026-09-24T22:30:28Z z9=31000 z10=30000 z11=31000
2026-09-24T22:30:33Z z9=30000 z10=30000 z11=30000
2026-09-24T22:30:38Z z9=31000 z10=30000 z11=32000
2026-09-24T22:30:43Z z9=30000 z10=30000 z11=30000
2026-09-24T22:30:48Z z9=31000 z10=30000 z11=31000
2026-09-24T22:30:53Z z9=30000 z10=30000 z11=31000
2026-09-24T22:30:58Z z9=32000 z10=31000 z11=32000
2026-09-24T22:31:03Z z9=31000 z10=31000 z11=32000
2026-09-24T22:31:08Z z9=31000 z10=32000 z11=32000
2026-09-24T22:31:13Z z9=31000 z10=31000 z11=32000
2026-09-24T22:31:19Z z9=33000 z10=31000 z11=32000
2026-09-24T22:31:24Z z9=32000 z10=31000 z11=32000
2026-09-24T22:31:29Z z9=31000 z10=31000 z11=32000
2026-09-24T22:31:34Z z9=31000 z10=32000 z11=32000
2026-09-24T22:31:39Z z9=31000 z10=32000 z11=33000
2026-09-24T22:31:44Z z9=33000 z10=32000 z11=32000
2026-09-24T22:31:49Z z9=32000 z10=32000 z11=32000
2026-09-24T22:31:54Z z9=33000 z10=34000 z11=34000
2026-09-24T22:31:59Z z9=39000 z10=39000 z11=40000
2026-09-24T22:32:04Z z9=35000 z10=33000 z11=34000
2026-09-24T22:32:10Z z9=33000 z10=34000 z11=35000
2026-09-24T22:32:15Z z9=32000 z10=32000 z11=33000
2026-09-24T22:32:20Z z9=32000 z10=32000 z11=33000
2026-09-24T22:32:25Z z9=32000 z10=32000 z11=33000
2026-09-24T22:32:30Z z9=34000 z10=33000 z11=34000
2026-09-24T22:32:35Z z9=34000 z10=33000 z11=33000
2026-09-24T22:32:40Z z9=33000 z10=33000 z11=34000
2026-09-24T22:32:45Z z9=34000 z10=33000 z11=33000
2026-09-24T22:32:50Z z9=39000 z10=41000 z11=42000
2026-09-24T22:32:55Z z9=35000 z10=34000 z11=34000
2026-09-24T22:33:00Z z9=33000 z10=33000 z11=34000
2026-09-24T22:33:05Z z9=33000 z10=33000 z11=34000
2026-09-24T22:33:11Z z9=34000 z10=33000 z11=33000
2026-09-24T22:33:16Z z9=33000 z10=32000 z11=33000
2026-09-24T22:33:21Z z9=34000 z10=33000 z11=34000
2026-09-24T22:33:26Z z9=41000 z10=42000 z11=43000
2026-09-24T22:33:31Z z9=97000 z10=89000 z11=89000
2026-09-24T22:33:36Z z9=98000 z10=95000 z11=93000
2026-09-24T22:33:41Z z9=101000 z10=95000 z11=95000
2026-09-24T22:33:46Z z9=102000 z10=97000 z11=96000
2026-09-24T22:33:51Z z9=102000 z10=100000 z11=99000
2026-09-24T22:33:57Z z9=100000 z10=100000 z11=97000
2026-09-24T22:34:02Z z9=99000 z10=100000 z11=97000
2026-09-24T22:34:07Z z9=98000 z10=97000 z11=98000
2026-09-24T22:34:12Z z9=101000 z10=101000 z11=98000
2026-09-24T22:34:17Z z9=100000 z10=102000 z11=99000
2026-09-24T22:34:22Z z9=73000 z10=74000 z11=74000
2026-09-24T22:34:27Z z9=59000 z10=59000 z11=59000
2026-09-24T22:34:32Z z9=65000 z10=60000 z11=61000
2026-09-24T22:34:37Z z9=70000 z10=63000 z11=64000
2026-09-24T22:34:43Z z9=81000 z10=66000 z11=65000
2026-09-24T22:34:48Z z9=71000 z10=63000 z11=65000
2026-09-24T22:34:53Z z9=60000 z10=59000 z11=59000
2026-09-24T22:34:58Z z9=62000 z10=60000 z11=60000
2026-09-24T22:35:03Z z9=71000 z10=62000 z11=65000
2026-09-24T22:35:08Z z9=69000 z10=63000 z11=65000
2026-09-24T22:35:13Z z9=67000 z10=67000 z11=68000
2026-09-24T22:35:18Z z9=77000 z10=68000 z11=69000
2026-09-24T22:35:23Z z9=84000 z10=68000 z11=72000
2026-09-24T22:35:28Z z9=80000 z10=68000 z11=67000
2026-09-24T22:35:34Z z9=90000 z10=71000 z11=74000
2026-09-24T22:35:39Z z9=82000 z10=68000 z11=70000
2026-09-24T22:35:44Z z9=98000 z10=89000 z11=93000
2026-09-24T22:35:49Z z9=80000 z10=72000 z11=73000
2026-09-24T22:35:54Z z9=76000 z10=68000 z11=70000
2026-09-24T22:35:59Z z9=101000 z10=100000 z11=97000
2026-09-24T22:36:04Z z9=102000 z10=101000 z11=97000
2026-09-24T22:36:09Z z9=101000 z10=101000 z11=97000
2026-09-24T22:36:14Z z9=101000 z10=102000 z11=99000
2026-09-24T22:36:20Z z9=102000 z10=103000 z11=100000
2026-09-24T22:36:25Z z9=100000 z10=100000 z11=100000
2026-09-24T22:36:30Z z9=79000 z10=81000 z11=80000
2026-09-24T22:36:35Z z9=80000 z10=81000 z11=80000
2026-09-24T22:36:40Z z9=80000 z10=81000 z11=79000
2026-09-24T22:36:45Z z9=80000 z10=80000 z11=80000
2026-09-24T22:36:50Z z9=81000 z10=80000 z11=80000
2026-09-24T22:36:56Z z9=60000 z10=59000 z11=60000
2026-09-24T22:37:01Z z9=54000 z10=53000 z11=54000
2026-09-24T22:37:06Z z9=52000 z10=52000 z11=53000
2026-09-24T22:37:11Z z9=48000 z10=48000 z11=49000
2026-09-24T22:37:16Z z9=47000 z10=46000 z11=46000
2026-09-24T22:37:21Z z9=44000 z10=45000 z11=45000
2026-09-24T22:37:26Z z9=43000 z10=43000 z11=45000
2026-09-24T22:37:31Z z9=42000 z10=42000 z11=43000
2026-09-24T22:37:36Z z9=42000 z10=42000 z11=42000
2026-09-24T22:37:41Z z9=41000 z10=41000 z11=42000
2026-09-24T22:37:46Z z9=41000 z10=40000 z11=41000
2026-09-24T22:37:52Z z9=41000 z10=40000 z11=41000
2026-09-24T22:37:57Z z9=39000 z10=40000 z11=40000
2026-09-24T22:38:02Z z9=40000 z10=39000 z11=40000
2026-09-24T22:38:07Z z9=39000 z10=39000 z11=40000
2026-09-24T22:38:12Z z9=40000 z10=39000 z11=40000
2026-09-24T22:38:17Z z9=44000 z10=43000 z11=46000
2026-09-24T22:38:22Z z9=39000 z10=38000 z11=39000
2026-09-24T22:38:27Z z9=39000 z10=38000 z11=39000
2026-09-24T22:38:32Z z9=38000 z10=39000 z11=39000
2026-09-24T22:38:37Z z9=39000 z10=38000 z11=39000
2026-09-24T22:38:42Z z9=38000 z10=38000 z11=39000
2026-09-24T22:38:48Z z9=37000 z10=37000 z11=38000
2026-09-24T22:38:53Z z9=38000 z10=37000 z11=37000
2026-09-24T22:38:58Z z9=38000 z10=37000 z11=37000
2026-09-24T22:39:03Z z9=37000 z10=37000 z11=38000
2026-09-24T22:39:08Z z9=37000 z10=37000 z11=37000
2026-09-24T22:39:13Z z9=37000 z10=37000 z11=37000
2026-09-24T22:39:18Z z9=37000 z10=37000 z11=37000
2026-09-24T22:39:23Z z9=37000 z10=37000 z11=39000
2026-09-24T22:39:28Z z9=36000 z10=37000 z11=37000
2026-09-24T22:39:34Z z9=37000 z10=37000 z11=38000
2026-09-24T22:39:39Z z9=38000 z10=36000 z11=37000
2026-09-24T22:39:44Z z9=39000 z10=36000 z11=37000
2026-09-24T22:39:49Z z9=37000 z10=36000 z11=37000
2026-09-24T22:39:54Z z9=36000 z10=36000 z11=37000
2026-09-24T22:39:59Z z9=36000 z10=36000 z11=36000
2026-09-24T22:40:04Z z9=36000 z10=36000 z11=36000
2026-09-24T22:40:09Z z9=35000 z10=36000 z11=36000
2026-09-24T22:40:14Z z9=39000 z10=38000 z11=39000
2026-09-24T22:40:20Z z9=37000 z10=36000 z11=37000
2026-09-24T22:40:25Z z9=38000 z10=38000 z11=39000
2026-09-24T22:40:30Z z9=36000 z10=36000 z11=37000
2026-09-24T22:40:35Z z9=35000 z10=36000 z11=36000
2026-09-24T22:40:40Z z9=38000 z10=38000 z11=39000
2026-09-24T22:40:45Z z9=35000 z10=36000 z11=36000
2026-09-24T22:40:50Z z9=36000 z10=36000 z11=36000
2026-09-24T22:40:55Z z9=37000 z10=36000 z11=36000
2026-09-24T22:41:00Z z9=35000 z10=36000 z11=36000
2026-09-24T22:41:05Z z9=35000 z10=36000 z11=36000
2026-09-24T22:41:11Z z9=36000 z10=35000 z11=36000
2026-09-24T22:41:16Z z9=35000 z10=35000 z11=35000
2026-09-24T22:41:21Z z9=52000 z10=45000 z11=45000
2026-09-24T22:41:26Z z9=89000 z10=74000 z11=76000
2026-09-24T22:41:31Z z9=101000 z10=88000 z11=90000
2026-09-24T22:41:36Z z9=101000 z10=91000 z11=92000
2026-09-24T22:41:41Z z9=100000 z10=92000 z11=93000
2026-09-24T22:41:46Z z9=98000 z10=93000 z11=93000
2026-09-24T22:41:51Z z9=100000 z10=94000 z11=95000
2026-09-24T22:41:57Z z9=99000 z10=95000 z11=96000
2026-09-24T22:42:02Z z9=100000 z10=95000 z11=95000
2026-09-24T22:42:07Z z9=100000 z10=95000 z11=94000
2026-09-24T22:42:12Z z9=101000 z10=96000 z11=95000
2026-09-24T22:42:17Z z9=100000 z10=96000 z11=95000
2026-09-24T22:42:22Z z9=80000 z10=80000 z11=80000
2026-09-24T22:42:27Z z9=81000 z10=81000 z11=81000
2026-09-24T22:42:32Z z9=80000 z10=80000 z11=79000
2026-09-24T22:42:38Z z9=80000 z10=79000 z11=79000
2026-09-24T22:42:43Z z9=80000 z10=79000 z11=79000
2026-09-24T22:42:48Z z9=80000 z10=78000 z11=77000
2026-09-24T22:42:53Z z9=80000 z10=78000 z11=77000
2026-09-24T22:42:58Z z9=80000 z10=77000 z11=77000
2026-09-24T22:43:03Z z9=81000 z10=77000 z11=77000
2026-09-24T22:43:08Z z9=80000 z10=78000 z11=77000
2026-09-24T22:43:13Z z9=81000 z10=77000 z11=76000
2026-09-24T22:43:18Z z9=56000 z10=55000 z11=56000
2026-09-24T22:43:24Z z9=53000 z10=52000 z11=52000
2026-09-24T22:43:29Z z9=49000 z10=49000 z11=49000
2026-09-24T22:43:34Z z9=53000 z10=52000 z11=53000
2026-09-24T22:43:39Z z9=54000 z10=53000 z11=54000
2026-09-24T22:43:44Z z9=59000 z10=56000 z11=57000
2026-09-24T22:43:49Z z9=63000 z10=57000 z11=59000
2026-09-24T22:43:54Z z9=70000 z10=58000 z11=60000
2026-09-24T22:43:59Z z9=80000 z10=83000 z11=79000
2026-09-24T22:44:04Z z9=79000 z10=81000 z11=79000
2026-09-24T22:44:10Z z9=66000 z10=65000 z11=66000
2026-09-24T22:44:15Z z9=69000 z10=63000 z11=64000
2026-09-24T22:44:20Z z9=63000 z10=62000 z11=63000
2026-09-24T22:44:25Z z9=60000 z10=62000 z11=63000
2026-09-24T22:44:30Z z9=68000 z10=64000 z11=66000
2026-09-24T22:44:35Z z9=82000 z10=85000 z11=81000
2026-09-24T22:44:40Z z9=80000 z10=79000 z11=81000
2026-09-24T22:44:45Z z9=66000 z10=66000 z11=67000
2026-09-24T22:44:50Z z9=66000 z10=65000 z11=65000
2026-09-24T22:44:56Z z9=67000 z10=63000 z11=63000
2026-09-24T22:45:01Z z9=61000 z10=62000 z11=62000
2026-09-24T22:45:06Z z9=69000 z10=63000 z11=64000
2026-09-24T22:45:11Z z9=72000 z10=65000 z11=67000
2026-09-24T22:45:16Z z9=79000 z10=81000 z11=79000
2026-09-24T22:45:21Z z9=84000 z10=79000 z11=79000
2026-09-24T22:45:26Z z9=68000 z10=69000 z11=70000
2026-09-24T22:45:31Z z9=82000 z10=76000 z11=74000
2026-09-24T22:45:36Z z9=80000 z10=80000 z11=79000
2026-09-24T22:45:42Z z9=81000 z10=80000 z11=79000
2026-09-24T22:45:47Z z9=80000 z10=79000 z11=78000
2026-09-24T22:45:52Z z9=80000 z10=77000 z11=77000
2026-09-24T22:45:57Z z9=82000 z10=76000 z11=77000
2026-09-24T22:46:02Z z9=80000 z10=76000 z11=76000
2026-09-24T22:46:07Z z9=80000 z10=77000 z11=77000
2026-09-24T22:46:12Z z9=78000 z10=75000 z11=75000
2026-09-24T22:46:17Z z9=76000 z10=75000 z11=75000
2026-09-24T22:46:22Z z9=75000 z10=73000 z11=73000
2026-09-24T22:46:28Z z9=73000 z10=71000 z11=72000
2026-09-24T22:46:33Z z9=71000 z10=70000 z11=69000
2026-09-24T22:46:38Z z9=70000 z10=69000 z11=68000
2026-09-24T22:46:43Z z9=69000 z10=70000 z11=70000
2026-09-24T22:46:48Z z9=65000 z10=65000 z11=65000
2026-09-24T22:46:53Z z9=66000 z10=67000 z11=67000
2026-09-24T22:46:58Z z9=67000 z10=69000 z11=68000
2026-09-24T22:47:03Z z9=68000 z10=68000 z11=67000
2026-09-24T22:47:09Z z9=66000 z10=66000 z11=66000
2026-09-24T22:47:14Z z9=65000 z10=66000 z11=66000
2026-09-24T22:47:19Z z9=54000 z10=55000 z11=56000
2026-09-24T22:47:24Z z9=49000 z10=51000 z11=51000
2026-09-24T22:47:29Z z9=49000 z10=49000 z11=51000
2026-09-24T22:47:34Z z9=46000 z10=47000 z11=47000
2026-09-24T22:47:39Z z9=49000 z10=48000 z11=49000
2026-09-24T22:47:44Z z9=50000 z10=53000 z11=52000
2026-09-24T22:47:49Z z9=51000 z10=51000 z11=52000
2026-09-24T22:47:55Z z9=53000 z10=52000 z11=52000
2026-09-24T22:48:00Z z9=55000 z10=53000 z11=53000
2026-09-24T22:48:05Z z9=52000 z10=53000 z11=52000
2026-09-24T22:48:10Z z9=79000 z10=73000 z11=74000
2026-09-24T22:48:15Z z9=81000 z10=85000 z11=80000
2026-09-24T22:48:20Z z9=78000 z10=83000 z11=79000
2026-09-24T22:48:25Z z9=81000 z10=80000 z11=81000
2026-09-24T22:48:30Z z9=81000 z10=78000 z11=80000
2026-09-24T22:48:35Z z9=81000 z10=77000 z11=79000
2026-09-24T22:48:41Z z9=77000 z10=76000 z11=75000
2026-09-24T22:48:46Z z9=73000 z10=73000 z11=74000
2026-09-24T22:48:51Z z9=72000 z10=72000 z11=74000
2026-09-24T22:48:56Z z9=71000 z10=73000 z11=72000
2026-09-24T22:49:01Z z9=69000 z10=69000 z11=70000
2026-09-24T22:49:06Z z9=68000 z10=68000 z11=68000
2026-09-24T22:49:11Z z9=65000 z10=67000 z11=68000
2026-09-24T22:49:17Z z9=65000 z10=65000 z11=66000
2026-09-24T22:49:22Z z9=65000 z10=68000 z11=67000
2026-09-24T22:49:27Z z9=66000 z10=67000 z11=66000
2026-09-24T22:49:32Z z9=65000 z10=65000 z11=66000
2026-09-24T22:49:37Z z9=65000 z10=68000 z11=66000
2026-09-24T22:49:42Z z9=66000 z10=66000 z11=66000
2026-09-24T22:49:47Z z9=65000 z10=66000 z11=65000
2026-09-24T22:49:52Z z9=66000 z10=67000 z11=66000
2026-09-24T22:49:58Z z9=65000 z10=66000 z11=66000
2026-09-24T22:50:03Z z9=67000 z10=67000 z11=67000
2026-09-24T22:50:08Z z9=66000 z10=66000 z11=67000
2026-09-24T22:50:13Z z9=66000 z10=66000 z11=66000
2026-09-24T22:50:18Z z9=66000 z10=68000 z11=66000
2026-09-24T22:50:23Z z9=64000 z10=66000 z11=67000
2026-09-24T22:50:28Z z9=64000 z10=67000 z11=66000
2026-09-24T22:50:33Z z9=65000 z10=68000 z11=67000
2026-09-24T22:50:39Z z9=65000 z10=65000 z11=65000
2026-09-24T22:50:44Z z9=64000 z10=66000 z11=65000
2026-09-24T22:50:49Z z9=66000 z10=68000 z11=67000
2026-09-24T22:50:54Z z9=64000 z10=65000 z11=66000
2026-09-24T22:50:59Z z9=67000 z10=67000 z11=67000
2026-09-24T22:51:04Z z9=66000 z10=68000 z11=67000
2026-09-24T22:51:09Z z9=65000 z10=66000 z11=65000
2026-09-24T22:51:15Z z9=66000 z10=66000 z11=66000
2026-09-24T22:51:20Z z9=64000 z10=67000 z11=66000
2026-09-24T22:51:25Z z9=66000 z10=67000 z11=67000
2026-09-24T22:51:30Z z9=65000 z10=65000 z11=65000
2026-09-24T22:51:35Z z9=66000 z10=68000 z11=67000
2026-09-24T22:51:40Z z9=65000 z10=66000 z11=66000
2026-09-24T22:51:45Z z9=65000 z10=65000 z11=65000
2026-09-24T22:51:50Z z9=65000 z10=66000 z11=66000
2026-09-24T22:51:56Z z9=64000 z10=67000 z11=66000
2026-09-24T22:52:01Z z9=65000 z10=66000 z11=65000
2026-09-24T22:52:06Z z9=64000 z10=66000 z11=65000
2026-09-24T22:52:11Z z9=68000 z10=69000 z11=67000
2026-09-24T22:52:16Z z9=66000 z10=67000 z11=67000
2026-09-24T22:52:21Z z9=64000 z10=66000 z11=65000
2026-09-24T22:52:26Z z9=65000 z10=65000 z11=65000
2026-09-24T22:52:32Z z9=64000 z10=66000 z11=65000
2026-09-24T22:52:37Z z9=64000 z10=64000 z11=66000
2026-09-24T22:52:42Z z9=66000 z10=68000 z11=67000
2026-09-24T22:52:47Z z9=65000 z10=66000 z11=66000
2026-09-24T22:52:52Z z9=63000 z10=66000 z11=66000
2026-09-24T22:52:57Z z9=63000 z10=64000 z11=65000
2026-09-24T22:53:02Z z9=66000 z10=67000 z11=67000
2026-09-24T22:53:07Z z9=64000 z10=65000 z11=66000
2026-09-24T22:53:13Z z9=64000 z10=66000 z11=66000
2026-09-24T22:53:18Z z9=64000 z10=65000 z11=67000
2026-09-24T22:53:40Z z9=49000 z10=52000 z11=52000
2026-09-24T22:53:52Z z9=53000 z10=57000 z11=57000
2026-09-24T22:53:57Z z9=59000 z10=62000 z11=61000
2026-09-24T22:54:02Z z9=59000 z10=63000 z11=65000
2026-09-24T22:54:07Z z9=57000 z10=63000 z11=62000
2026-09-24T22:54:12Z z9=57000 z10=62000 z11=61000
2026-09-24T22:54:17Z z9=57000 z10=60000 z11=60000
2026-09-24T22:54:22Z z9=56000 z10=61000 z11=62000
2026-09-24T22:54:27Z z9=59000 z10=63000 z11=62000
2026-09-24T22:54:32Z z9=56000 z10=59000 z11=60000
2026-09-24T22:54:37Z z9=56000 z10=60000 z11=61000
2026-09-24T22:54:42Z z9=57000 z10=57000 z11=59000
2026-09-24T22:54:47Z z9=60000 z10=61000 z11=61000
2026-09-24T22:54:52Z z9=56000 z10=61000 z11=62000
2026-09-24T22:54:58Z z9=56000 z10=60000 z11=60000
2026-09-24T22:55:03Z z9=57000 z10=60000 z11=60000
2026-09-24T22:55:08Z z9=53000 z10=53000 z11=53000
2026-09-24T22:55:13Z z9=52000 z10=55000 z11=55000
2026-09-24T22:55:18Z z9=53000 z10=53000 z11=53000
2026-09-24T22:55:23Z z9=51000 z10=53000 z11=54000
2026-09-24T22:55:28Z z9=52000 z10=55000 z11=55000
2026-09-24T22:55:33Z z9=52000 z10=54000 z11=55000
2026-09-24T22:55:38Z z9=62000 z10=66000 z11=65000
2026-09-24T22:55:43Z z9=60000 z10=70000 z11=68000
2026-09-24T22:55:48Z z9=62000 z10=72000 z11=68000
2026-09-24T22:55:53Z z9=61000 z10=69000 z11=68000
2026-09-24T22:55:58Z z9=65000 z10=68000 z11=70000
2026-09-24T22:56:04Z z9=65000 z10=70000 z11=69000
2026-09-24T22:56:09Z z9=62000 z10=70000 z11=68000
2026-09-24T22:56:14Z z9=63000 z10=69000 z11=69000
2026-09-24T22:56:19Z z9=62000 z10=70000 z11=68000
2026-09-24T22:56:24Z z9=63000 z10=68000 z11=69000
2026-09-24T22:56:29Z z9=66000 z10=67000 z11=67000
2026-09-24T22:56:34Z z9=62000 z10=70000 z11=68000
2026-09-24T22:56:39Z z9=69000 z10=71000 z11=73000
2026-09-24T22:56:44Z z9=76000 z10=77000 z11=79000
2026-09-24T22:56:49Z z9=79000 z10=78000 z11=77000
2026-09-24T22:56:54Z z9=79000 z10=79000 z11=77000
2026-09-24T22:56:59Z z9=80000 z10=77000 z11=77000
2026-09-24T22:57:05Z z9=82000 z10=76000 z11=76000
2026-09-24T22:57:10Z z9=83000 z10=79000 z11=78000
2026-09-24T22:57:15Z z9=80000 z10=75000 z11=76000
2026-09-24T22:57:20Z z9=81000 z10=76000 z11=77000
2026-09-24T22:57:25Z z9=80000 z10=75000 z11=76000
2026-09-24T22:57:30Z z9=75000 z10=76000 z11=75000
2026-09-24T22:57:35Z z9=81000 z10=76000 z11=76000
2026-09-24T22:57:40Z z9=75000 z10=74000 z11=75000
2026-09-24T22:57:45Z z9=73000 z10=73000 z11=72000
2026-09-24T22:57:51Z z9=71000 z10=71000 z11=72000
2026-09-24T22:57:56Z z9=71000 z10=68000 z11=69000
2026-09-24T22:58:01Z z9=67000 z10=68000 z11=69000
2026-09-24T22:58:06Z z9=67000 z10=69000 z11=68000
2026-09-24T22:58:11Z z9=65000 z10=65000 z11=67000
2026-09-24T22:58:16Z z9=62000 z10=63000 z11=65000
2026-09-24T22:58:21Z z9=62000 z10=63000 z11=64000
2026-09-24T22:58:26Z z9=63000 z10=66000 z11=65000
2026-09-24T22:58:32Z z9=60000 z10=60000 z11=62000
2026-09-24T22:58:37Z z9=63000 z10=63000 z11=63000
2026-09-24T22:58:42Z z9=62000 z10=63000 z11=63000
2026-09-24T22:58:47Z z9=62000 z10=62000 z11=63000
2026-09-24T22:58:52Z z9=61000 z10=62000 z11=63000
2026-09-24T22:58:57Z z9=63000 z10=65000 z11=65000
2026-09-24T22:59:02Z z9=62000 z10=65000 z11=65000
2026-09-24T22:59:07Z z9=64000 z10=63000 z11=63000
2026-09-24T22:59:12Z z9=63000 z10=65000 z11=67000
2026-09-24T22:59:18Z z9=63000 z10=67000 z11=66000
2026-09-24T22:59:23Z z9=63000 z10=66000 z11=66000
2026-09-24T22:59:28Z z9=65000 z10=66000 z11=66000
2026-09-24T22:59:33Z z9=65000 z10=65000 z11=67000
2026-09-24T22:59:38Z z9=64000 z10=67000 z11=67000
2026-09-24T22:59:43Z z9=65000 z10=67000 z11=66000
2026-09-24T22:59:48Z z9=65000 z10=67000 z11=67000
2026-09-24T22:59:53Z z9=67000 z10=66000 z11=67000
2026-09-24T22:59:59Z z9=66000 z10=67000 z11=67000
2026-09-24T23:00:04Z z9=66000 z10=65000 z11=65000
2026-09-24T23:00:09Z z9=65000 z10=67000 z11=67000
2026-09-24T23:00:14Z z9=65000 z10=66000 z11=66000
2026-09-24T23:00:19Z z9=65000 z10=65000 z11=66000
2026-09-24T23:00:24Z z9=65000 z10=65000 z11=66000
2026-09-24T23:00:29Z z9=65000 z10=67000 z11=66000
2026-09-24T23:00:34Z z9=65000 z10=66000 z11=67000
2026-09-24T23:00:39Z z9=66000 z10=67000 z11=67000
2026-09-24T23:00:45Z z9=66000 z10=68000 z11=67000
2026-09-24T23:00:50Z z9=66000 z10=68000 z11=68000
2026-09-24T23:00:55Z z9=66000 z10=67000 z11=68000
2026-09-24T23:01:00Z z9=67000 z10=68000 z11=68000
2026-09-24T23:01:05Z z9=65000 z10=67000 z11=65000
2026-09-24T23:01:10Z z9=67000 z10=69000 z11=68000
2026-09-24T23:01:15Z z9=67000 z10=69000 z11=68000
2026-09-24T23:01:20Z z9=66000 z10=67000 z11=67000
2026-09-24T23:01:26Z z9=66000 z10=67000 z11=67000
2026-09-24T23:01:31Z z9=66000 z10=66000 z11=67000
2026-09-24T23:01:36Z z9=68000 z10=67000 z11=68000
2026-09-24T23:01:41Z z9=65000 z10=67000 z11=67000
2026-09-24T23:01:46Z z9=66000 z10=70000 z11=68000
2026-09-24T23:01:51Z z9=68000 z10=70000 z11=68000
2026-09-24T23:01:56Z z9=69000 z10=70000 z11=69000
2026-09-24T23:02:01Z z9=66000 z10=66000 z11=68000
2026-09-24T23:02:07Z z9=67000 z10=67000 z11=68000
2026-09-24T23:02:12Z z9=68000 z10=70000 z11=69000
2026-09-24T23:02:17Z z9=68000 z10=68000 z11=68000
2026-09-24T23:02:22Z z9=66000 z10=68000 z11=68000
2026-09-24T23:02:27Z z9=66000 z10=67000 z11=69000
2026-09-24T23:02:32Z z9=66000 z10=69000 z11=66000
2026-09-24T23:02:37Z z9=65000 z10=69000 z11=69000
2026-09-24T23:02:42Z z9=68000 z10=68000 z11=71000
2026-09-24T23:02:47Z z9=68000 z10=68000 z11=68000
2026-09-24T23:02:52Z z9=67000 z10=69000 z11=68000
2026-09-24T23:02:58Z z9=66000 z10=70000 z11=69000
2026-09-24T23:03:03Z z9=65000 z10=67000 z11=68000
2026-09-24T23:03:08Z z9=65000 z10=67000 z11=67000
2026-09-24T23:03:13Z z9=66000 z10=69000 z11=69000
2026-09-24T23:03:18Z z9=66000 z10=68000 z11=69000
2026-09-24T23:03:23Z z9=65000 z10=68000 z11=67000
2026-09-24T23:03:28Z z9=57000 z10=57000 z11=57000
2026-09-24T23:03:33Z z9=55000 z10=54000 z11=55000
2026-09-24T23:03:39Z z9=54000 z10=54000 z11=55000
2026-09-24T23:03:44Z z9=55000 z10=54000 z11=56000
2026-09-24T23:03:49Z z9=55000 z10=54000 z11=54000
2026-09-24T23:03:54Z z9=55000 z10=54000 z11=54000
2026-09-24T23:03:59Z z9=62000 z10=56000 z11=57000
2026-09-24T23:04:04Z z9=75000 z10=73000 z11=73000
2026-09-24T23:04:09Z z9=78000 z10=81000 z11=77000
2026-09-24T23:04:14Z z9=79000 z10=82000 z11=80000
2026-09-24T23:04:20Z z9=79000 z10=80000 z11=76000
2026-09-24T23:04:25Z z9=76000 z10=76000 z11=77000
2026-09-24T23:04:30Z z9=73000 z10=75000 z11=74000
2026-09-24T23:04:35Z z9=71000 z10=70000 z11=72000
2026-09-24T23:04:40Z z9=69000 z10=68000 z11=68000
2026-09-24T23:04:45Z z9=69000 z10=68000 z11=69000
2026-09-24T23:04:50Z z9=67000 z10=68000 z11=68000
2026-09-24T23:04:56Z z9=66000 z10=68000 z11=68000
2026-09-24T23:05:01Z z9=64000 z10=67000 z11=67000
2026-09-24T23:05:06Z z9=66000 z10=67000 z11=67000
2026-09-24T23:05:11Z z9=66000 z10=66000 z11=67000
2026-09-24T23:05:16Z z9=66000 z10=67000 z11=67000
2026-09-24T23:05:21Z z9=66000 z10=65000 z11=67000
2026-09-24T23:05:26Z z9=66000 z10=68000 z11=67000
2026-09-24T23:05:31Z z9=66000 z10=68000 z11=67000
2026-09-24T23:05:37Z z9=68000 z10=69000 z11=69000
2026-09-24T23:05:42Z z9=70000 z10=70000 z11=69000
2026-09-24T23:05:47Z z9=68000 z10=68000 z11=67000
2026-09-24T23:05:52Z z9=67000 z10=68000 z11=68000
2026-09-24T23:05:57Z z9=66000 z10=67000 z11=67000
2026-09-24T23:06:02Z z9=65000 z10=66000 z11=66000
2026-09-24T23:06:07Z z9=65000 z10=68000 z11=66000
2026-09-24T23:06:13Z z9=66000 z10=68000 z11=67000
2026-09-24T23:06:18Z z9=65000 z10=67000 z11=67000
2026-09-24T23:06:23Z z9=67000 z10=69000 z11=68000
2026-09-24T23:06:28Z z9=62000 z10=62000 z11=64000
2026-09-24T23:06:33Z z9=55000 z10=56000 z11=57000
2026-09-24T23:06:38Z z9=69000 z10=70000 z11=69000
2026-09-24T23:06:43Z z9=76000 z10=76000 z11=76000
2026-09-24T23:06:48Z z9=75000 z10=76000 z11=75000
2026-09-24T23:06:54Z z9=72000 z10=71000 z11=72000
2026-09-24T23:06:59Z z9=70000 z10=70000 z11=69000
2026-09-24T23:07:04Z z9=67000 z10=67000 z11=68000
2026-09-24T23:07:09Z z9=66000 z10=68000 z11=68000
2026-09-24T23:07:14Z z9=67000 z10=68000 z11=67000
2026-09-24T23:07:19Z z9=66000 z10=67000 z11=68000
2026-09-24T23:07:24Z z9=68000 z10=70000 z11=70000
2026-09-24T23:07:29Z z9=68000 z10=69000 z11=69000
2026-09-24T23:07:35Z z9=64000 z10=65000 z11=65000
2026-09-24T23:07:40Z z9=65000 z10=66000 z11=67000
2026-09-24T23:07:45Z z9=67000 z10=68000 z11=67000
2026-09-24T23:07:50Z z9=66000 z10=67000 z11=66000
2026-09-24T23:07:55Z z9=65000 z10=67000 z11=66000
2026-09-24T23:08:00Z z9=67000 z10=67000 z11=67000
2026-09-24T23:08:05Z z9=66000 z10=67000 z11=66000
2026-09-24T23:08:11Z z9=67000 z10=68000 z11=68000
2026-09-24T23:08:16Z z9=68000 z10=69000 z11=68000
2026-09-24T23:08:21Z z9=65000 z10=67000 z11=67000
2026-09-24T23:08:26Z z9=67000 z10=67000 z11=67000
2026-09-24T23:08:31Z z9=67000 z10=68000 z11=67000
2026-09-24T23:08:36Z z9=66000 z10=67000 z11=68000
2026-09-24T23:08:41Z z9=67000 z10=67000 z11=67000
2026-09-24T23:08:47Z z9=66000 z10=68000 z11=67000
2026-09-24T23:08:52Z z9=65000 z10=67000 z11=67000
2026-09-24T23:08:57Z z9=68000 z10=69000 z11=68000
2026-09-24T23:09:02Z z9=66000 z10=68000 z11=69000
2026-09-24T23:09:07Z z9=67000 z10=67000 z11=67000
2026-09-24T23:09:12Z z9=67000 z10=68000 z11=67000
2026-09-24T23:09:17Z z9=65000 z10=67000 z11=66000
2026-09-24T23:09:23Z z9=67000 z10=69000 z11=68000
2026-09-24T23:09:28Z z9=67000 z10=69000 z11=68000
2026-09-24T23:09:33Z z9=55000 z10=56000 z11=56000
2026-09-24T23:09:38Z z9=60000 z10=60000 z11=60000
2026-09-24T23:09:43Z z9=64000 z10=65000 z11=64000
2026-09-24T23:09:48Z z9=66000 z10=67000 z11=66000
2026-09-24T23:09:53Z z9=65000 z10=66000 z11=66000
2026-09-24T23:09:58Z z9=69000 z10=69000 z11=69000
2026-09-24T23:10:03Z z9=68000 z10=69000 z11=69000
2026-09-24T23:10:09Z z9=64000 z10=65000 z11=65000
2026-09-24T23:10:14Z z9=66000 z10=66000 z11=65000
2026-09-24T23:10:19Z z9=66000 z10=67000 z11=66000
2026-09-24T23:10:24Z z9=68000 z10=68000 z11=67000
2026-09-24T23:10:29Z z9=66000 z10=67000 z11=66000
2026-09-24T23:10:34Z z9=65000 z10=66000 z11=66000
2026-09-24T23:10:39Z z9=66000 z10=67000 z11=66000
2026-09-24T23:10:44Z z9=67000 z10=68000 z11=67000
2026-09-24T23:10:50Z z9=67000 z10=66000 z11=66000
2026-09-24T23:10:55Z z9=66000 z10=67000 z11=67000
2026-09-24T23:11:00Z z9=66000 z10=67000 z11=66000
2026-09-24T23:11:05Z z9=64000 z10=65000 z11=64000
2026-09-24T23:11:10Z z9=64000 z10=65000 z11=64000
2026-09-24T23:11:15Z z9=67000 z10=67000 z11=66000
2026-09-24T23:11:20Z z9=66000 z10=66000 z11=66000
2026-09-24T23:11:25Z z9=65000 z10=66000 z11=65000
2026-09-24T23:11:31Z z9=66000 z10=66000 z11=66000
2026-09-24T23:11:36Z z9=65000 z10=67000 z11=66000
2026-09-24T23:11:41Z z9=66000 z10=67000 z11=66000
2026-09-24T23:11:46Z z9=67000 z10=67000 z11=67000
2026-09-24T23:11:51Z z9=66000 z10=67000 z11=66000
2026-09-24T23:11:56Z z9=67000 z10=67000 z11=66000
2026-09-24T23:12:01Z z9=67000 z10=67000 z11=67000
2026-09-24T23:12:06Z z9=64000 z10=65000 z11=64000
2026-09-24T23:12:12Z z9=67000 z10=67000 z11=66000
2026-09-24T23:12:17Z z9=66000 z10=66000 z11=65000
2026-09-24T23:12:22Z z9=65000 z10=66000 z11=65000
2026-09-24T23:12:27Z z9=67000 z10=67000 z11=66000
2026-09-24T23:12:32Z z9=65000 z10=66000 z11=66000
2026-09-24T23:12:37Z z9=66000 z10=66000 z11=65000
2026-09-24T23:12:42Z z9=66000 z10=66000 z11=66000
2026-09-24T23:12:47Z z9=66000 z10=67000 z11=66000
2026-09-24T23:12:53Z z9=63000 z10=63000 z11=62000
2026-09-24T23:12:58Z z9=66000 z10=66000 z11=65000
2026-09-24T23:13:03Z z9=68000 z10=69000 z11=68000
2026-09-24T23:13:08Z z9=65000 z10=66000 z11=65000
2026-09-24T23:13:13Z z9=63000 z10=63000 z11=63000
2026-09-24T23:13:18Z z9=66000 z10=66000 z11=65000
2026-09-24T23:13:23Z z9=67000 z10=68000 z11=67000
2026-09-24T23:13:28Z z9=67000 z10=67000 z11=66000
2026-09-24T23:13:34Z z9=66000 z10=67000 z11=66000
2026-09-24T23:13:39Z z9=65000 z10=67000 z11=67000
2026-09-24T23:13:44Z z9=65000 z10=65000 z11=65000
2026-09-24T23:13:49Z z9=67000 z10=67000 z11=67000
2026-09-24T23:13:54Z z9=68000 z10=67000 z11=67000
2026-09-24T23:13:59Z z9=67000 z10=66000 z11=66000
2026-09-24T23:14:04Z z9=68000 z10=68000 z11=67000
2026-09-24T23:14:09Z z9=67000 z10=67000 z11=67000
2026-09-24T23:14:15Z z9=66000 z10=66000 z11=65000
2026-09-24T23:14:20Z z9=68000 z10=68000 z11=67000
2026-09-24T23:14:25Z z9=68000 z10=68000 z11=68000
2026-09-24T23:14:30Z z9=68000 z10=68000 z11=67000
2026-09-24T23:14:35Z z9=67000 z10=68000 z11=67000
2026-09-24T23:14:40Z z9=67000 z10=67000 z11=67000
2026-09-24T23:14:45Z z9=68000 z10=68000 z11=67000
2026-09-24T23:14:50Z z9=69000 z10=68000 z11=67000
2026-09-24T23:14:56Z z9=65000 z10=65000 z11=65000
2026-09-24T23:15:01Z z9=67000 z10=67000 z11=67000
2026-09-24T23:15:06Z z9=66000 z10=66000 z11=65000
2026-09-24T23:15:11Z z9=65000 z10=66000 z11=65000
2026-09-24T23:15:16Z z9=64000 z10=64000 z11=63000
2026-09-24T23:15:21Z z9=66000 z10=66000 z11=65000
2026-09-24T23:15:26Z z9=67000 z10=67000 z11=67000
2026-09-24T23:15:31Z z9=68000 z10=68000 z11=68000
2026-09-24T23:15:37Z z9=67000 z10=67000 z11=67000
2026-09-24T23:15:42Z z9=67000 z10=67000 z11=67000
2026-09-24T23:15:47Z z9=68000 z10=67000 z11=67000
2026-09-24T23:15:52Z z9=67000 z10=67000 z11=66000
2026-09-24T23:15:57Z z9=68000 z10=69000 z11=68000
2026-09-24T23:16:02Z z9=66000 z10=66000 z11=66000
2026-09-24T23:16:07Z z9=67000 z10=66000 z11=66000
2026-09-24T23:16:12Z z9=68000 z10=68000 z11=67000
2026-09-24T23:16:18Z z9=67000 z10=67000 z11=66000
2026-09-24T23:16:23Z z9=63000 z10=64000 z11=63000
2026-09-24T23:16:28Z z9=67000 z10=68000 z11=67000
2026-09-24T23:16:33Z z9=67000 z10=66000 z11=66000
2026-09-24T23:16:38Z z9=68000 z10=68000 z11=67000
2026-09-24T23:16:43Z z9=68000 z10=68000 z11=67000
2026-09-24T23:16:48Z z9=66000 z10=66000 z11=66000
2026-09-24T23:16:53Z z9=70000 z10=69000 z11=69000
2026-09-24T23:16:59Z z9=68000 z10=67000 z11=67000
2026-09-24T23:17:04Z z9=67000 z10=67000 z11=67000
2026-09-24T23:17:09Z z9=63000 z10=63000 z11=63000
2026-09-24T23:17:14Z z9=66000 z10=66000 z11=65000
2026-09-24T23:17:19Z z9=67000 z10=67000 z11=66000
2026-09-24T23:17:24Z z9=68000 z10=68000 z11=68000
2026-09-24T23:17:29Z z9=65000 z10=65000 z11=65000
2026-09-24T23:17:34Z z9=67000 z10=68000 z11=67000
2026-09-24T23:17:40Z z9=66000 z10=66000 z11=66000
2026-09-24T23:17:45Z z9=66000 z10=66000 z11=66000
2026-09-24T23:17:50Z z9=68000 z10=68000 z11=68000
2026-09-24T23:17:55Z z9=67000 z10=67000 z11=67000
2026-09-24T23:18:00Z z9=67000 z10=66000 z11=66000
2026-09-24T23:18:05Z z9=67000 z10=68000 z11=68000
2026-09-24T23:18:10Z z9=67000 z10=66000 z11=66000
2026-09-24T23:18:15Z z9=67000 z10=68000 z11=67000
2026-09-24T23:18:20Z z9=68000 z10=68000 z11=67000
2026-09-24T23:18:26Z z9=68000 z10=67000 z11=67000
2026-09-24T23:18:31Z z9=66000 z10=67000 z11=66000
2026-09-24T23:18:36Z z9=67000 z10=66000 z11=67000
2026-09-24T23:18:41Z z9=66000 z10=66000 z11=66000
2026-09-24T23:18:46Z z9=68000 z10=68000 z11=67000
2026-09-24T23:18:51Z z9=67000 z10=67000 z11=66000
2026-09-24T23:18:56Z z9=68000 z10=68000 z11=67000
2026-09-24T23:19:01Z z9=68000 z10=68000 z11=68000
2026-09-24T23:19:07Z z9=67000 z10=66000 z11=66000
2026-09-24T23:19:12Z z9=68000 z10=69000 z11=68000
2026-09-24T23:19:17Z z9=68000 z10=69000 z11=69000
2026-09-24T23:19:22Z z9=67000 z10=67000 z11=66000
2026-09-24T23:19:27Z z9=67000 z10=67000 z11=67000
2026-09-24T23:19:32Z z9=67000 z10=67000 z11=66000
2026-09-24T23:19:37Z z9=67000 z10=67000 z11=67000
2026-09-24T23:19:42Z z9=68000 z10=68000 z11=68000
2026-09-24T23:19:48Z z9=67000 z10=67000 z11=67000
2026-09-24T23:19:53Z z9=67000 z10=68000 z11=67000
2026-09-24T23:19:58Z z9=68000 z10=67000 z11=67000
2026-09-24T23:20:03Z z9=67000 z10=66000 z11=67000
2026-09-24T23:20:08Z z9=67000 z10=67000 z11=67000
2026-09-24T23:20:13Z z9=68000 z10=69000 z11=68000
2026-09-24T23:20:18Z z9=68000 z10=67000 z11=67000
2026-09-24T23:20:23Z z9=68000 z10=68000 z11=67000
2026-09-24T23:20:29Z z9=67000 z10=67000 z11=66000
2026-09-24T23:20:34Z z9=67000 z10=67000 z11=66000
2026-09-24T23:20:39Z z9=68000 z10=68000 z11=68000
2026-09-24T23:20:44Z z9=68000 z10=67000 z11=67000
2026-09-24T23:20:49Z z9=66000 z10=67000 z11=66000
2026-09-24T23:20:54Z z9=68000 z10=68000 z11=67000
2026-09-24T23:20:59Z z9=67000 z10=67000 z11=67000
2026-09-24T23:21:04Z z9=68000 z10=69000 z11=67000
2026-09-24T23:21:10Z z9=68000 z10=68000 z11=68000
2026-09-24T23:21:15Z z9=67000 z10=67000 z11=66000
2026-09-24T23:21:20Z z9=67000 z10=68000 z11=67000
2026-09-24T23:21:25Z z9=67000 z10=67000 z11=67000
2026-09-24T23:21:30Z z9=67000 z10=68000 z11=67000
2026-09-24T23:21:35Z z9=66000 z10=68000 z11=67000
2026-09-24T23:21:40Z z9=67000 z10=67000 z11=67000
2026-09-24T23:21:45Z z9=67000 z10=67000 z11=66000
2026-09-24T23:21:51Z z9=68000 z10=68000 z11=68000
2026-09-24T23:21:56Z z9=67000 z10=66000 z11=66000
2026-09-24T23:22:01Z z9=66000 z10=67000 z11=67000
2026-09-24T23:22:06Z z9=66000 z10=66000 z11=65000
2026-09-24T23:22:11Z z9=66000 z10=66000 z11=66000
2026-09-24T23:22:16Z z9=66000 z10=67000 z11=68000
2026-09-24T23:22:21Z z9=66000 z10=67000 z11=66000
2026-09-24T23:22:26Z z9=65000 z10=65000 z11=65000
2026-09-24T23:22:32Z z9=68000 z10=68000 z11=68000
2026-09-24T23:22:37Z z9=65000 z10=66000 z11=65000
2026-09-24T23:22:42Z z9=67000 z10=67000 z11=66000
2026-09-24T23:22:47Z z9=68000 z10=68000 z11=67000
2026-09-24T23:22:52Z z9=65000 z10=65000 z11=65000
2026-09-24T23:22:57Z z9=66000 z10=67000 z11=66000
2026-09-24T23:23:02Z z9=67000 z10=66000 z11=66000
2026-09-24T23:23:07Z z9=67000 z10=67000 z11=66000
2026-09-24T23:23:13Z z9=67000 z10=68000 z11=67000
2026-09-24T23:23:18Z z9=67000 z10=68000 z11=67000
2026-09-24T23:23:23Z z9=67000 z10=67000 z11=67000
2026-09-24T23:23:28Z z9=67000 z10=68000 z11=67000
2026-09-24T23:23:33Z z9=67000 z10=67000 z11=66000
2026-09-24T23:23:38Z z9=67000 z10=68000 z11=67000
2026-09-24T23:23:43Z z9=68000 z10=69000 z11=68000
2026-09-24T23:23:48Z z9=66000 z10=66000 z11=66000
2026-09-24T23:23:54Z z9=68000 z10=68000 z11=68000
2026-09-24T23:23:59Z z9=68000 z10=67000 z11=67000
2026-09-24T23:24:04Z z9=67000 z10=67000 z11=67000
2026-09-24T23:24:09Z z9=67000 z10=68000 z11=67000
2026-09-24T23:24:14Z z9=67000 z10=67000 z11=67000
2026-09-24T23:24:19Z z9=67000 z10=66000 z11=66000
2026-09-24T23:24:24Z z9=68000 z10=69000 z11=68000
2026-09-24T23:24:29Z z9=66000 z10=66000 z11=65000
2026-09-24T23:24:35Z z9=69000 z10=68000 z11=68000
2026-09-24T23:24:40Z z9=71000 z10=70000 z11=70000
2026-09-24T23:24:45Z z9=68000 z10=67000 z11=67000
2026-09-24T23:24:50Z z9=65000 z10=66000 z11=66000
2026-09-24T23:24:55Z z9=66000 z10=66000 z11=66000
2026-09-24T23:25:00Z z9=67000 z10=66000 z11=66000
2026-09-24T23:25:05Z z9=66000 z10=68000 z11=67000
2026-09-24T23:25:10Z z9=67000 z10=67000 z11=66000
2026-09-24T23:25:16Z z9=66000 z10=67000 z11=67000
2026-09-24T23:25:21Z z9=67000 z10=67000 z11=67000
2026-09-24T23:25:26Z z9=67000 z10=66000 z11=66000
2026-09-24T23:25:31Z z9=68000 z10=68000 z11=67000
2026-09-24T23:25:36Z z9=67000 z10=67000 z11=67000
2026-09-24T23:25:41Z z9=66000 z10=66000 z11=66000
2026-09-24T23:25:46Z z9=68000 z10=68000 z11=67000
2026-09-24T23:25:51Z z9=68000 z10=68000 z11=67000
2026-09-24T23:25:57Z z9=67000 z10=67000 z11=66000
2026-09-24T23:26:02Z z9=67000 z10=68000 z11=67000
2026-09-24T23:26:07Z z9=69000 z10=67000 z11=67000
2026-09-24T23:26:12Z z9=68000 z10=69000 z11=68000
2026-09-24T23:26:17Z z9=69000 z10=69000 z11=69000
2026-09-24T23:26:22Z z9=64000 z10=64000 z11=64000
2026-09-24T23:26:27Z z9=67000 z10=67000 z11=66000
2026-09-24T23:26:32Z z9=67000 z10=67000 z11=67000
2026-09-24T23:26:38Z z9=65000 z10=66000 z11=66000
2026-09-24T23:26:43Z z9=67000 z10=68000 z11=67000
2026-09-24T23:26:48Z z9=66000 z10=66000 z11=66000
2026-09-24T23:26:53Z z9=64000 z10=64000 z11=64000
2026-09-24T23:26:58Z z9=67000 z10=68000 z11=67000
2026-09-24T23:27:03Z z9=67000 z10=67000 z11=67000
2026-09-24T23:27:08Z z9=67000 z10=68000 z11=67000
2026-09-24T23:27:13Z z9=68000 z10=68000 z11=67000
2026-09-24T23:27:19Z z9=64000 z10=65000 z11=64000
2026-09-24T23:27:24Z z9=67000 z10=67000 z11=67000
2026-09-24T23:27:29Z z9=67000 z10=67000 z11=67000
2026-09-24T23:27:34Z z9=67000 z10=67000 z11=66000
2026-09-24T23:27:39Z z9=66000 z10=67000 z11=66000
2026-09-24T23:27:44Z z9=63000 z10=63000 z11=62000
2026-09-24T23:27:49Z z9=66000 z10=66000 z11=66000
2026-09-24T23:27:54Z z9=67000 z10=67000 z11=67000
2026-09-24T23:27:59Z z9=67000 z10=66000 z11=67000
2026-09-24T23:28:05Z z9=67000 z10=68000 z11=67000
2026-09-24T23:28:10Z z9=68000 z10=69000 z11=68000
2026-09-24T23:28:15Z z9=66000 z10=66000 z11=65000
2026-09-24T23:28:20Z z9=67000 z10=67000 z11=67000
2026-09-24T23:28:25Z z9=68000 z10=67000 z11=67000
2026-09-24T23:28:30Z z9=67000 z10=67000 z11=67000
2026-09-24T23:28:35Z z9=68000 z10=68000 z11=68000
2026-09-24T23:28:40Z z9=65000 z10=65000 z11=65000
2026-09-24T23:28:46Z z9=66000 z10=66000 z11=66000
2026-09-24T23:28:51Z z9=68000 z10=68000 z11=67000
2026-09-24T23:28:56Z z9=67000 z10=67000 z11=67000
2026-09-24T23:29:01Z z9=68000 z10=68000 z11=67000
2026-09-24T23:29:06Z z9=69000 z10=69000 z11=68000
2026-09-24T23:29:11Z z9=66000 z10=66000 z11=66000
2026-09-24T23:29:16Z z9=68000 z10=68000 z11=67000
2026-09-24T23:29:21Z z9=68000 z10=67000 z11=67000
2026-09-24T23:29:27Z z9=67000 z10=67000 z11=66000
2026-09-24T23:29:32Z z9=67000 z10=67000 z11=67000
2026-09-24T23:29:37Z z9=67000 z10=67000 z11=67000
2026-09-24T23:29:42Z z9=68000 z10=68000 z11=68000
2026-09-24T23:29:47Z z9=66000 z10=66000 z11=66000
2026-09-24T23:29:52Z z9=68000 z10=68000 z11=67000
2026-09-24T23:29:57Z z9=66000 z10=66000 z11=66000
2026-09-24T23:30:02Z z9=62000 z10=62000 z11=62000
2026-09-24T23:30:08Z z9=68000 z10=68000 z11=68000
2026-09-24T23:30:13Z z9=66000 z10=66000 z11=66000
2026-09-24T23:30:18Z z9=67000 z10=67000 z11=66000
2026-09-24T23:30:23Z z9=67000 z10=66000 z11=66000
2026-09-24T23:30:28Z z9=67000 z10=68000 z11=67000
2026-09-24T23:30:33Z z9=66000 z10=67000 z11=66000
2026-09-24T23:30:38Z z9=66000 z10=66000 z11=66000
2026-09-24T23:30:43Z z9=66000 z10=67000 z11=66000
2026-09-24T23:30:49Z z9=67000 z10=66000 z11=66000
2026-09-24T23:30:54Z z9=65000 z10=66000 z11=65000
2026-09-24T23:30:59Z z9=62000 z10=62000 z11=62000
2026-09-24T23:31:04Z z9=68000 z10=68000 z11=67000
2026-09-24T23:31:09Z z9=66000 z10=66000 z11=66000
2026-09-24T23:31:14Z z9=66000 z10=66000 z11=66000
2026-09-24T23:31:19Z z9=67000 z10=67000 z11=66000
2026-09-24T23:31:24Z z9=67000 z10=68000 z11=68000
2026-09-24T23:31:30Z z9=65000 z10=66000 z11=65000
2026-09-24T23:31:35Z z9=65000 z10=65000 z11=66000
2026-09-24T23:31:40Z z9=67000 z10=67000 z11=67000
2026-09-24T23:31:45Z z9=67000 z10=67000 z11=67000
2026-09-24T23:31:50Z z9=67000 z10=66000 z11=66000
2026-09-24T23:31:55Z z9=67000 z10=66000 z11=66000
2026-09-24T23:32:00Z z9=66000 z10=68000 z11=67000
2026-09-24T23:32:05Z z9=67000 z10=66000 z11=66000
2026-09-24T23:32:11Z z9=63000 z10=63000 z11=62000
2026-09-24T23:32:16Z z9=64000 z10=64000 z11=64000
2026-09-24T23:32:21Z z9=67000 z10=68000 z11=67000
2026-09-24T23:32:26Z z9=65000 z10=65000 z11=65000
2026-09-24T23:32:31Z z9=66000 z10=65000 z11=65000
2026-09-24T23:32:36Z z9=67000 z10=67000 z11=66000
2026-09-24T23:32:41Z z9=64000 z10=65000 z11=65000
2026-09-24T23:32:46Z z9=66000 z10=65000 z11=65000
2026-09-24T23:32:52Z z9=66000 z10=66000 z11=66000
2026-09-24T23:32:57Z z9=66000 z10=67000 z11=66000
2026-09-24T23:33:02Z z9=64000 z10=64000 z11=63000
2026-09-24T23:33:07Z z9=67000 z10=67000 z11=67000
2026-09-24T23:33:12Z z9=67000 z10=68000 z11=67000
2026-09-24T23:33:17Z z9=65000 z10=66000 z11=65000
2026-09-24T23:33:22Z z9=66000 z10=66000 z11=66000
2026-09-24T23:33:27Z z9=66000 z10=67000 z11=67000
2026-09-24T23:33:33Z z9=68000 z10=68000 z11=67000
2026-09-24T23:33:38Z z9=65000 z10=66000 z11=65000
2026-09-24T23:33:43Z z9=66000 z10=66000 z11=66000
2026-09-24T23:33:48Z z9=66000 z10=65000 z11=65000
2026-09-24T23:33:53Z z9=68000 z10=67000 z11=67000
2026-09-24T23:33:58Z z9=65000 z10=66000 z11=65000
2026-09-24T23:34:03Z z9=66000 z10=66000 z11=65000
2026-09-24T23:34:08Z z9=65000 z10=65000 z11=65000
2026-09-24T23:34:14Z z9=67000 z10=67000 z11=67000
2026-09-24T23:34:19Z z9=65000 z10=65000 z11=65000
2026-09-24T23:34:24Z z9=66000 z10=66000 z11=66000
2026-09-24T23:34:29Z z9=66000 z10=66000 z11=66000
2026-09-24T23:34:34Z z9=65000 z10=66000 z11=66000
2026-09-24T23:34:39Z z9=67000 z10=66000 z11=66000
2026-09-24T23:34:44Z z9=67000 z10=67000 z11=66000
2026-09-24T23:34:49Z z9=66000 z10=67000 z11=67000
2026-09-24T23:34:54Z z9=63000 z10=62000 z11=62000
2026-09-24T23:35:00Z z9=66000 z10=66000 z11=65000
2026-09-24T23:35:05Z z9=67000 z10=66000 z11=66000
2026-09-24T23:35:10Z z9=66000 z10=67000 z11=66000
2026-09-24T23:35:15Z z9=67000 z10=66000 z11=67000
2026-09-24T23:35:20Z z9=66000 z10=66000 z11=65000
2026-09-24T23:35:25Z z9=66000 z10=66000 z11=66000
2026-09-24T23:35:30Z z9=66000 z10=67000 z11=66000
2026-09-24T23:35:35Z z9=67000 z10=66000 z11=66000
2026-09-24T23:35:41Z z9=66000 z10=66000 z11=65000
2026-09-24T23:35:46Z z9=64000 z10=65000 z11=64000
2026-09-24T23:35:51Z z9=67000 z10=68000 z11=67000
2026-09-24T23:35:56Z z9=65000 z10=66000 z11=66000
2026-09-24T23:36:01Z z9=65000 z10=65000 z11=65000
2026-09-24T23:36:06Z z9=66000 z10=66000 z11=66000
2026-09-24T23:36:11Z z9=65000 z10=66000 z11=66000
2026-09-24T23:36:16Z z9=66000 z10=65000 z11=66000
2026-09-24T23:36:22Z z9=66000 z10=66000 z11=66000
2026-09-24T23:36:27Z z9=66000 z10=67000 z11=66000
2026-09-24T23:36:32Z z9=67000 z10=66000 z11=66000
2026-09-24T23:36:37Z z9=62000 z10=62000 z11=62000
2026-09-24T23:36:42Z z9=64000 z10=65000 z11=64000
2026-09-24T23:36:47Z z9=67000 z10=67000 z11=67000
2026-09-24T23:36:52Z z9=65000 z10=66000 z11=65000
2026-09-24T23:36:57Z z9=65000 z10=65000 z11=65000
2026-09-24T23:37:03Z z9=66000 z10=67000 z11=66000
2026-09-24T23:37:08Z z9=65000 z10=66000 z11=66000
2026-09-24T23:37:13Z z9=66000 z10=65000 z11=65000
2026-09-24T23:37:18Z z9=67000 z10=67000 z11=67000
2026-09-24T23:37:23Z z9=66000 z10=67000 z11=68000
2026-09-24T23:37:28Z z9=67000 z10=69000 z11=68000
2026-09-24T23:37:33Z z9=65000 z10=67000 z11=67000
2026-09-24T23:37:38Z z9=67000 z10=67000 z11=67000
2026-09-24T23:37:44Z z9=68000 z10=68000 z11=67000
2026-09-24T23:37:49Z z9=65000 z10=66000 z11=65000
2026-09-24T23:37:54Z z9=65000 z10=66000 z11=65000
2026-09-24T23:37:59Z z9=65000 z10=66000 z11=66000
2026-09-24T23:38:04Z z9=63000 z10=63000 z11=62000
2026-09-24T23:38:09Z z9=66000 z10=67000 z11=68000
2026-09-24T23:38:14Z z9=66000 z10=67000 z11=67000
2026-09-24T23:38:19Z z9=67000 z10=66000 z11=67000
2026-09-24T23:38:25Z z9=66000 z10=66000 z11=66000
2026-09-24T23:38:30Z z9=65000 z10=66000 z11=65000
2026-09-24T23:38:35Z z9=64000 z10=63000 z11=63000
2026-09-24T23:38:40Z z9=67000 z10=67000 z11=67000
2026-09-24T23:38:45Z z9=66000 z10=66000 z11=65000
2026-09-24T23:38:50Z z9=66000 z10=66000 z11=65000
2026-09-24T23:38:55Z z9=66000 z10=66000 z11=66000
2026-09-24T23:39:00Z z9=65000 z10=65000 z11=65000
2026-09-24T23:39:06Z z9=66000 z10=67000 z11=66000
2026-09-24T23:39:11Z z9=67000 z10=68000 z11=68000
2026-09-24T23:39:16Z z9=65000 z10=66000 z11=66000
2026-09-24T23:39:21Z z9=67000 z10=67000 z11=66000
2026-09-24T23:39:26Z z9=65000 z10=66000 z11=65000
2026-09-24T23:39:31Z z9=64000 z10=65000 z11=63000
2026-09-24T23:39:36Z z9=67000 z10=67000 z11=67000
2026-09-24T23:39:41Z z9=66000 z10=66000 z11=65000
2026-09-24T23:39:47Z z9=66000 z10=66000 z11=66000
2026-09-24T23:39:52Z z9=67000 z10=67000 z11=66000
2026-09-24T23:39:57Z z9=65000 z10=66000 z11=66000
2026-09-24T23:40:02Z z9=67000 z10=67000 z11=66000
2026-09-24T23:40:07Z z9=67000 z10=68000 z11=67000
2026-09-24T23:40:12Z z9=65000 z10=65000 z11=65000
2026-09-24T23:40:17Z z9=66000 z10=66000 z11=65000
2026-09-24T23:40:22Z z9=65000 z10=66000 z11=66000
2026-09-24T23:40:28Z z9=61000 z10=61000 z11=62000
2026-09-24T23:40:33Z z9=67000 z10=67000 z11=67000
2026-09-24T23:40:38Z z9=65000 z10=66000 z11=66000
2026-09-24T23:40:43Z z9=66000 z10=66000 z11=65000
2026-09-24T23:40:48Z z9=63000 z10=63000 z11=63000
2026-09-24T23:40:53Z z9=64000 z10=65000 z11=64000
2026-09-24T23:40:58Z z9=67000 z10=67000 z11=67000
2026-09-24T23:41:03Z z9=68000 z10=67000 z11=67000
2026-09-24T23:41:09Z z9=65000 z10=66000 z11=65000
2026-09-24T23:41:14Z z9=66000 z10=66000 z11=65000
2026-09-24T23:41:19Z z9=65000 z10=65000 z11=65000
2026-09-24T23:41:24Z z9=64000 z10=65000 z11=64000
2026-09-24T23:41:29Z z9=67000 z10=68000 z11=67000
2026-09-24T23:41:34Z z9=65000 z10=66000 z11=65000
2026-09-24T23:41:39Z z9=62000 z10=63000 z11=62000
2026-09-24T23:41:44Z z9=64000 z10=66000 z11=65000
2026-09-24T23:41:50Z z9=66000 z10=66000 z11=66000
2026-09-24T23:41:55Z z9=65000 z10=66000 z11=66000
2026-09-24T23:42:00Z z9=66000 z10=66000 z11=65000
2026-09-24T23:42:05Z z9=67000 z10=67000 z11=66000
2026-09-24T23:42:10Z z9=63000 z10=63000 z11=63000
2026-09-24T23:42:15Z z9=66000 z10=66000 z11=65000
2026-09-24T23:42:20Z z9=66000 z10=67000 z11=66000
2026-09-24T23:42:25Z z9=66000 z10=67000 z11=66000
2026-09-24T23:42:31Z z9=67000 z10=67000 z11=66000
2026-09-24T23:42:36Z z9=65000 z10=65000 z11=65000
2026-09-24T23:42:41Z z9=65000 z10=65000 z11=64000
2026-09-24T23:42:46Z z9=66000 z10=66000 z11=66000
2026-09-24T23:42:51Z z9=66000 z10=67000 z11=66000
2026-09-24T23:42:56Z z9=66000 z10=66000 z11=66000
2026-09-24T23:43:01Z z9=66000 z10=66000 z11=66000
2026-09-24T23:43:06Z z9=65000 z10=65000 z11=65000
2026-09-24T23:43:12Z z9=65000 z10=66000 z11=65000
2026-09-24T23:43:17Z z9=61000 z10=62000 z11=62000
2026-09-24T23:43:22Z z9=68000 z10=68000 z11=67000
2026-09-24T23:43:27Z z9=65000 z10=66000 z11=65000
2026-09-24T23:43:32Z z9=67000 z10=69000 z11=69000
2026-09-24T23:43:37Z z9=65000 z10=66000 z11=65000
2026-09-24T23:43:42Z z9=65000 z10=65000 z11=65000
2026-09-24T23:43:47Z z9=66000 z10=66000 z11=66000
2026-09-24T23:43:53Z z9=65000 z10=66000 z11=65000
2026-09-24T23:43:58Z z9=65000 z10=66000 z11=66000
2026-09-24T23:44:03Z z9=64000 z10=65000 z11=64000
2026-09-24T23:44:08Z z9=67000 z10=66000 z11=66000
2026-09-24T23:44:13Z z9=67000 z10=68000 z11=68000
2026-09-24T23:44:18Z z9=66000 z10=67000 z11=67000
2026-09-24T23:44:23Z z9=65000 z10=66000 z11=65000
2026-09-24T23:44:28Z z9=66000 z10=65000 z11=65000
2026-09-24T23:44:33Z z9=66000 z10=66000 z11=66000
2026-09-24T23:44:39Z z9=65000 z10=65000 z11=64000
2026-09-24T23:44:44Z z9=64000 z10=66000 z11=65000
2026-09-24T23:44:49Z z9=66000 z10=67000 z11=66000
2026-09-24T23:44:54Z z9=66000 z10=66000 z11=65000
2026-09-24T23:44:59Z z9=65000 z10=67000 z11=66000
2026-09-24T23:45:04Z z9=66000 z10=66000 z11=66000
2026-09-24T23:45:09Z z9=66000 z10=65000 z11=66000
2026-09-24T23:45:14Z z9=63000 z10=62000 z11=62000
2026-09-24T23:45:20Z z9=64000 z10=64000 z11=63000
2026-09-24T23:45:25Z z9=66000 z10=65000 z11=65000
2026-09-24T23:45:30Z z9=66000 z10=66000 z11=66000
2026-09-24T23:45:35Z z9=65000 z10=66000 z11=65000
2026-09-24T23:45:40Z z9=65000 z10=66000 z11=65000
2026-09-24T23:45:45Z z9=65000 z10=65000 z11=64000
2026-09-24T23:45:50Z z9=66000 z10=65000 z11=65000
2026-09-24T23:45:55Z z9=65000 z10=67000 z11=67000
2026-09-24T23:46:01Z z9=67000 z10=67000 z11=67000
2026-09-24T23:46:06Z z9=66000 z10=66000 z11=66000
2026-09-24T23:46:11Z z9=65000 z10=65000 z11=64000
2026-09-24T23:46:16Z z9=64000 z10=65000 z11=64000
2026-09-24T23:46:21Z z9=66000 z10=66000 z11=65000
2026-09-24T23:46:26Z z9=66000 z10=66000 z11=66000
2026-09-24T23:46:31Z z9=66000 z10=67000 z11=67000
2026-09-24T23:46:36Z z9=65000 z10=65000 z11=65000
2026-09-24T23:46:42Z z9=65000 z10=65000 z11=65000
2026-09-24T23:46:47Z z9=66000 z10=66000 z11=65000
2026-09-24T23:46:52Z z9=65000 z10=65000 z11=65000
2026-09-24T23:46:57Z z9=66000 z10=66000 z11=65000
2026-09-24T23:47:02Z z9=66000 z10=67000 z11=66000
2026-09-24T23:47:07Z z9=66000 z10=68000 z11=66000
2026-09-24T23:47:12Z z9=65000 z10=67000 z11=66000
2026-09-24T23:47:17Z z9=66000 z10=66000 z11=66000
2026-09-24T23:47:23Z z9=65000 z10=67000 z11=66000
2026-09-24T23:47:28Z z9=65000 z10=65000 z11=65000
2026-09-24T23:47:33Z z9=65000 z10=65000 z11=64000
2026-09-24T23:47:38Z z9=62000 z10=62000 z11=62000
2026-09-24T23:47:43Z z9=66000 z10=65000 z11=65000
2026-09-24T23:47:48Z z9=65000 z10=67000 z11=66000
2026-09-24T23:47:53Z z9=66000 z10=66000 z11=66000
2026-09-24T23:47:58Z z9=65000 z10=66000 z11=66000
2026-09-24T23:48:04Z z9=65000 z10=66000 z11=65000
2026-09-24T23:48:09Z z9=64000 z10=64000 z11=63000
2026-09-24T23:48:14Z z9=66000 z10=65000 z11=65000
2026-09-24T23:48:19Z z9=65000 z10=66000 z11=66000
2026-09-24T23:48:24Z z9=66000 z10=67000 z11=66000
2026-09-24T23:48:29Z z9=65000 z10=65000 z11=65000
2026-09-24T23:48:34Z z9=67000 z10=66000 z11=66000
2026-09-24T23:48:39Z z9=66000 z10=65000 z11=65000
2026-09-24T23:48:45Z z9=64000 z10=65000 z11=63000
2026-09-24T23:48:50Z z9=66000 z10=66000 z11=65000
2026-09-24T23:48:55Z z9=65000 z10=65000 z11=65000
2026-09-24T23:49:00Z z9=65000 z10=65000 z11=65000
2026-09-24T23:49:05Z z9=63000 z10=63000 z11=63000
2026-09-24T23:49:10Z z9=66000 z10=67000 z11=66000
2026-09-24T23:49:15Z z9=66000 z10=66000 z11=66000
2026-09-24T23:49:20Z z9=65000 z10=65000 z11=65000
2026-09-24T23:49:26Z z9=65000 z10=65000 z11=65000
2026-09-24T23:49:31Z z9=65000 z10=66000 z11=65000
2026-09-24T23:49:36Z z9=65000 z10=65000 z11=65000
2026-09-24T23:49:41Z z9=66000 z10=65000 z11=65000
2026-09-24T23:49:46Z z9=65000 z10=65000 z11=65000
2026-09-24T23:49:51Z z9=65000 z10=66000 z11=65000
2026-09-24T23:49:56Z z9=64000 z10=65000 z11=64000
2026-09-24T23:50:01Z z9=65000 z10=65000 z11=65000
2026-09-24T23:50:07Z z9=67000 z10=67000 z11=66000
2026-09-24T23:50:12Z z9=65000 z10=66000 z11=65000
2026-09-24T23:50:17Z z9=65000 z10=65000 z11=65000
2026-09-24T23:50:22Z z9=65000 z10=65000 z11=65000
2026-09-24T23:50:27Z z9=66000 z10=66000 z11=65000
2026-09-24T23:50:32Z z9=65000 z10=66000 z11=65000
2026-09-24T23:50:37Z z9=65000 z10=65000 z11=65000
2026-09-24T23:50:42Z z9=65000 z10=65000 z11=64000
2026-09-24T23:50:48Z z9=65000 z10=65000 z11=64000
2026-09-24T23:50:53Z z9=66000 z10=65000 z11=65000
2026-09-24T23:50:58Z z9=66000 z10=67000 z11=66000
2026-09-24T23:51:03Z z9=65000 z10=65000 z11=65000
2026-09-24T23:51:08Z z9=66000 z10=66000 z11=65000
2026-09-24T23:51:13Z z9=67000 z10=66000 z11=66000
2026-09-24T23:51:18Z z9=64000 z10=65000 z11=64000
2026-09-24T23:51:23Z z9=64000 z10=65000 z11=64000
2026-09-24T23:51:29Z z9=65000 z10=66000 z11=65000
2026-09-24T23:51:34Z z9=66000 z10=66000 z11=65000
2026-09-24T23:51:39Z z9=65000 z10=65000 z11=64000
2026-09-24T23:51:44Z z9=65000 z10=65000 z11=65000
2026-09-24T23:51:49Z z9=65000 z10=64000 z11=64000
2026-09-24T23:51:54Z z9=66000 z10=66000 z11=66000
2026-09-24T23:51:59Z z9=66000 z10=67000 z11=66000
2026-09-24T23:52:04Z z9=65000 z10=66000 z11=65000
2026-09-24T23:52:10Z z9=63000 z10=63000 z11=63000
2026-09-24T23:52:15Z z9=66000 z10=65000 z11=65000
2026-09-24T23:52:20Z z9=65000 z10=65000 z11=65000
2026-09-24T23:52:25Z z9=65000 z10=65000 z11=65000
2026-09-24T23:52:30Z z9=65000 z10=65000 z11=65000
2026-09-24T23:52:35Z z9=65000 z10=65000 z11=65000
2026-09-24T23:52:40Z z9=65000 z10=65000 z11=65000
2026-09-24T23:52:45Z z9=65000 z10=66000 z11=66000
2026-09-24T23:52:51Z z9=66000 z10=67000 z11=66000
2026-09-24T23:52:56Z z9=66000 z10=66000 z11=65000
2026-09-24T23:53:01Z z9=65000 z10=65000 z11=65000
2026-09-24T23:53:06Z z9=64000 z10=65000 z11=64000
2026-09-24T23:53:11Z z9=64000 z10=65000 z11=64000
2026-09-24T23:53:16Z z9=62000 z10=62000 z11=62000
2026-09-24T23:53:21Z z9=64000 z10=65000 z11=64000
2026-09-24T23:53:26Z z9=64000 z10=64000 z11=64000
2026-09-24T23:53:31Z z9=66000 z10=66000 z11=65000
2026-09-24T23:53:37Z z9=65000 z10=66000 z11=66000
2026-09-24T23:53:42Z z9=64000 z10=66000 z11=65000
2026-09-24T23:53:47Z z9=65000 z10=67000 z11=66000
2026-09-24T23:53:52Z z9=66000 z10=66000 z11=66000
2026-09-24T23:53:57Z z9=65000 z10=66000 z11=65000
2026-09-24T23:54:02Z z9=65000 z10=66000 z11=65000
2026-09-24T23:54:07Z z9=64000 z10=64000 z11=63000
2026-09-24T23:54:12Z z9=66000 z10=66000 z11=65000
2026-09-24T23:54:18Z z9=66000 z10=66000 z11=66000
2026-09-24T23:54:23Z z9=65000 z10=65000 z11=65000
2026-09-24T23:54:28Z z9=62000 z10=62000 z11=62000
2026-09-24T23:54:33Z z9=64000 z10=64000 z11=63000
2026-09-24T23:54:38Z z9=65000 z10=65000 z11=65000
2026-09-24T23:54:43Z z9=67000 z10=67000 z11=66000
2026-09-24T23:54:48Z z9=65000 z10=65000 z11=65000
2026-09-24T23:54:53Z z9=61000 z10=61000 z11=61000
2026-09-24T23:54:59Z z9=65000 z10=66000 z11=66000
2026-09-24T23:55:04Z z9=68000 z10=68000 z11=67000
2026-09-24T23:55:09Z z9=65000 z10=67000 z11=66000
2026-09-24T23:55:14Z z9=65000 z10=65000 z11=65000
2026-09-24T23:55:19Z z9=65000 z10=66000 z11=65000
2026-09-24T23:55:24Z z9=64000 z10=65000 z11=65000
2026-09-24T23:55:29Z z9=66000 z10=65000 z11=65000
2026-09-24T23:55:34Z z9=67000 z10=67000 z11=67000
2026-09-24T23:55:40Z z9=65000 z10=65000 z11=65000
2026-09-24T23:55:45Z z9=65000 z10=66000 z11=65000
2026-09-24T23:55:50Z z9=61000 z10=61000 z11=61000
2026-09-24T23:55:55Z z9=64000 z10=66000 z11=65000
2026-09-24T23:56:00Z z9=66000 z10=66000 z11=66000
2026-09-24T23:56:05Z z9=65000 z10=65000 z11=65000
2026-09-24T23:56:10Z z9=65000 z10=65000 z11=64000
2026-09-24T23:56:15Z z9=65000 z10=65000 z11=65000
2026-09-24T23:56:21Z z9=64000 z10=64000 z11=63000
2026-09-24T23:56:26Z z9=65000 z10=65000 z11=65000
2026-09-24T23:56:31Z z9=65000 z10=66000 z11=65000
2026-09-24T23:56:36Z z9=66000 z10=68000 z11=67000
2026-09-24T23:56:41Z z9=65000 z10=66000 z11=65000
2026-09-24T23:56:46Z z9=65000 z10=66000 z11=65000
2026-09-24T23:56:51Z z9=64000 z10=65000 z11=64000
2026-09-24T23:56:56Z z9=66000 z10=66000 z11=66000
2026-09-24T23:57:02Z z9=65000 z10=65000 z11=65000
2026-09-24T23:57:07Z z9=64000 z10=65000 z11=65000
2026-09-24T23:57:12Z z9=65000 z10=66000 z11=65000
2026-09-24T23:57:17Z z9=61000 z10=62000 z11=61000
2026-09-24T23:57:22Z z9=65000 z10=65000 z11=65000
2026-09-24T23:57:27Z z9=66000 z10=66000 z11=65000
2026-09-24T23:57:32Z z9=65000 z10=65000 z11=65000
2026-09-24T23:57:37Z z9=65000 z10=65000 z11=65000
2026-09-24T23:57:43Z z9=65000 z10=66000 z11=65000
2026-09-24T23:57:48Z z9=64000 z10=64000 z11=63000
2026-09-24T23:57:53Z z9=66000 z10=66000 z11=65000
2026-09-24T23:57:58Z z9=64000 z10=65000 z11=65000
2026-09-24T23:58:03Z z9=65000 z10=66000 z11=65000
2026-09-24T23:58:08Z z9=64000 z10=65000 z11=64000
2026-09-24T23:58:13Z z9=64000 z10=65000 z11=65000
2026-09-24T23:58:18Z z9=66000 z10=67000 z11=66000
2026-09-24T23:58:24Z z9=66000 z10=66000 z11=65000
2026-09-24T23:58:29Z z9=65000 z10=65000 z11=65000
2026-09-24T23:58:34Z z9=65000 z10=65000 z11=64000
2026-09-24T23:58:39Z z9=65000 z10=66000 z11=65000
2026-09-24T23:58:44Z z9=61000 z10=61000 z11=61000
2026-09-24T23:58:49Z z9=66000 z10=66000 z11=65000
2026-09-24T23:58:54Z z9=65000 z10=65000 z11=65000
2026-09-24T23:58:59Z z9=64000 z10=65000 z11=64000
2026-09-24T23:59:05Z z9=65000 z10=66000 z11=65000
2026-09-24T23:59:10Z z9=65000 z10=66000 z11=65000
2026-09-24T23:59:15Z z9=65000 z10=65000 z11=65000
2026-09-24T23:59:20Z z9=65000 z10=65000 z11=65000
2026-09-24T23:59:25Z z9=64000 z10=65000 z11=65000
2026-09-24T23:59:30Z z9=64000 z10=65000 z11=63000
2026-09-24T23:59:35Z z9=66000 z10=66000 z11=66000
2026-09-24T23:59:40Z z9=66000 z10=66000 z11=66000
2026-09-24T23:59:46Z z9=64000 z10=65000 z11=65000
2026-09-24T23:59:51Z z9=64000 z10=65000 z11=64000
2026-09-24T23:59:56Z z9=65000 z10=67000 z11=66000
2026-09-25T00:00:01Z z9=66000 z10=67000 z11=67000
2026-09-25T00:00:06Z z9=66000 z10=66000 z11=66000
2026-09-25T00:00:11Z z9=65000 z10=66000 z11=65000
2026-09-25T00:00:16Z z9=65000 z10=65000 z11=65000
2026-09-25T00:00:21Z z9=65000 z10=66000 z11=66000
2026-09-25T00:00:27Z z9=61000 z10=62000 z11=61000
2026-09-25T00:00:32Z z9=66000 z10=65000 z11=65000
2026-09-25T00:00:37Z z9=65000 z10=65000 z11=65000
2026-09-25T00:00:42Z z9=65000 z10=65000 z11=65000
2026-09-25T00:00:47Z z9=65000 z10=65000 z11=65000
2026-09-25T00:00:52Z z9=65000 z10=66000 z11=65000
2026-09-25T00:00:57Z z9=61000 z10=62000 z11=61000
2026-09-25T00:01:02Z z9=64000 z10=64000 z11=63000
2026-09-25T00:01:08Z z9=66000 z10=66000 z11=66000
2026-09-25T00:01:13Z z9=65000 z10=66000 z11=65000
2026-09-25T00:01:18Z z9=65000 z10=65000 z11=65000
2026-09-25T00:01:23Z z9=65000 z10=66000 z11=66000
2026-09-25T00:01:28Z z9=61000 z10=62000 z11=62000
2026-09-25T00:01:33Z z9=64000 z10=64000 z11=64000
2026-09-25T00:01:38Z z9=64000 z10=65000 z11=64000
2026-09-25T00:01:43Z z9=66000 z10=66000 z11=65000
2026-09-25T00:01:49Z z9=65000 z10=65000 z11=65000
2026-09-25T00:01:54Z z9=64000 z10=65000 z11=65000
2026-09-25T00:01:59Z z9=64000 z10=65000 z11=64000
2026-09-25T00:02:04Z z9=65000 z10=65000 z11=64000
2026-09-25T00:02:09Z z9=65000 z10=65000 z11=64000
2026-09-25T00:02:14Z z9=63000 z10=63000 z11=63000
2026-09-25T00:02:19Z z9=66000 z10=65000 z11=65000
2026-09-25T00:02:24Z z9=65000 z10=65000 z11=64000
2026-09-25T00:02:30Z z9=65000 z10=65000 z11=65000
2026-09-25T00:02:35Z z9=65000 z10=66000 z11=65000
2026-09-25T00:02:40Z z9=64000 z10=65000 z11=64000
2026-09-25T00:02:45Z z9=64000 z10=65000 z11=64000
2026-09-25T00:02:50Z z9=65000 z10=65000 z11=66000
2026-09-25T00:02:55Z z9=66000 z10=66000 z11=66000
2026-09-25T00:03:00Z z9=64000 z10=65000 z11=64000
2026-09-25T00:03:05Z z9=64000 z10=65000 z11=65000
2026-09-25T00:03:11Z z9=64000 z10=65000 z11=64000
2026-09-25T00:03:16Z z9=64000 z10=64000 z11=64000
2026-09-25T00:03:21Z z9=65000 z10=65000 z11=65000
2026-09-25T00:03:26Z z9=65000 z10=65000 z11=65000
2026-09-25T00:03:31Z z9=66000 z10=66000 z11=65000
2026-09-25T00:03:36Z z9=65000 z10=65000 z11=65000
2026-09-25T00:03:41Z z9=65000 z10=65000 z11=64000
2026-09-25T00:03:46Z z9=65000 z10=65000 z11=65000
2026-09-25T00:03:52Z z9=64000 z10=64000 z11=63000
2026-09-25T00:03:57Z z9=66000 z10=67000 z11=67000
2026-09-25T00:04:02Z z9=66000 z10=67000 z11=67000
2026-09-25T00:04:07Z z9=66000 z10=67000 z11=66000
2026-09-25T00:04:12Z z9=63000 z10=64000 z11=63000
2026-09-25T00:04:17Z z9=63000 z10=64000 z11=63000
2026-09-25T00:04:22Z z9=61000 z10=61000 z11=62000
2026-09-25T00:04:27Z z9=61000 z10=61000 z11=61000
2026-09-25T00:04:32Z z9=59000 z10=59000 z11=59000
2026-09-25T00:04:38Z z9=60000 z10=60000 z11=61000
2026-09-25T00:04:43Z z9=59000 z10=60000 z11=60000
2026-09-25T00:04:48Z z9=58000 z10=59000 z11=59000
2026-09-25T00:04:53Z z9=58000 z10=59000 z11=59000
2026-09-25T00:04:58Z z9=58000 z10=59000 z11=59000
2026-09-25T00:05:03Z z9=59000 z10=59000 z11=59000
2026-09-25T00:05:08Z z9=59000 z10=60000 z11=59000
2026-09-25T00:05:13Z z9=58000 z10=59000 z11=59000
2026-09-25T00:05:19Z z9=59000 z10=60000 z11=59000
2026-09-25T00:05:24Z z9=59000 z10=59000 z11=60000
2026-09-25T00:05:29Z z9=60000 z10=61000 z11=61000
2026-09-25T00:05:34Z z9=59000 z10=60000 z11=60000
2026-09-25T00:05:39Z z9=59000 z10=60000 z11=60000
2026-09-25T00:05:44Z z9=59000 z10=60000 z11=60000
2026-09-25T00:05:49Z z9=61000 z10=61000 z11=61000
2026-09-25T00:05:54Z z9=59000 z10=59000 z11=59000
2026-09-25T00:06:00Z z9=59000 z10=60000 z11=60000
2026-09-25T00:06:05Z z9=61000 z10=61000 z11=61000
2026-09-25T00:06:10Z z9=60000 z10=60000 z11=61000
2026-09-25T00:06:15Z z9=60000 z10=61000 z11=60000
2026-09-25T00:06:20Z z9=61000 z10=61000 z11=61000
2026-09-25T00:06:25Z z9=60000 z10=61000 z11=61000
2026-09-25T00:06:30Z z9=57000 z10=58000 z11=58000
2026-09-25T00:06:35Z z9=60000 z10=60000 z11=60000
2026-09-25T00:06:41Z z9=61000 z10=61000 z11=61000
2026-09-25T00:06:46Z z9=60000 z10=60000 z11=60000
2026-09-25T00:06:51Z z9=61000 z10=62000 z11=62000
2026-09-25T00:06:56Z z9=61000 z10=61000 z11=61000
2026-09-25T00:07:01Z z9=60000 z10=61000 z11=61000
2026-09-25T00:07:06Z z9=52000 z10=53000 z11=53000
2026-09-25T00:07:11Z z9=51000 z10=50000 z11=52000
2026-09-25T00:07:16Z z9=49000 z10=50000 z11=50000
2026-09-25T00:07:21Z z9=48000 z10=48000 z11=48000
2026-09-25T00:07:27Z z9=46000 z10=49000 z11=48000
2026-09-25T00:07:32Z z9=46000 z10=47000 z11=47000
2026-09-25T00:07:37Z z9=46000 z10=48000 z11=48000
2026-09-25T00:07:42Z z9=47000 z10=46000 z11=46000
2026-09-25T00:07:47Z z9=45000 z10=46000 z11=46000
2026-09-25T00:07:52Z z9=45000 z10=46000 z11=46000
2026-09-25T00:07:57Z z9=45000 z10=45000 z11=45000
2026-09-25T00:08:02Z z9=44000 z10=45000 z11=45000
2026-09-25T00:08:07Z z9=46000 z10=45000 z11=45000
2026-09-25T00:08:12Z z9=46000 z10=45000 z11=46000
2026-09-25T00:08:18Z z9=46000 z10=47000 z11=48000
2026-09-25T00:08:23Z z9=45000 z10=46000 z11=46000
2026-09-25T00:08:28Z z9=45000 z10=45000 z11=45000
2026-09-25T00:08:33Z z9=44000 z10=45000 z11=46000
2026-09-25T00:08:38Z z9=44000 z10=45000 z11=45000
2026-09-25T00:08:43Z z9=44000 z10=44000 z11=46000
2026-09-25T00:08:48Z z9=44000 z10=44000 z11=45000
2026-09-25T00:08:53Z z9=45000 z10=45000 z11=45000
2026-09-25T00:08:58Z z9=45000 z10=44000 z11=46000
2026-09-25T00:09:03Z z9=43000 z10=44000 z11=44000
2026-09-25T00:09:08Z z9=44000 z10=43000 z11=45000
2026-09-25T00:09:14Z z9=44000 z10=44000 z11=45000
2026-09-25T00:09:19Z z9=44000 z10=45000 z11=45000
2026-09-25T00:09:24Z z9=43000 z10=43000 z11=44000
2026-09-25T00:09:29Z z9=43000 z10=44000 z11=44000
2026-09-25T00:09:34Z z9=43000 z10=43000 z11=45000
2026-09-25T00:09:39Z z9=43000 z10=43000 z11=45000
2026-09-25T00:09:44Z z9=43000 z10=43000 z11=44000
2026-09-25T00:09:49Z z9=42000 z10=43000 z11=43000
2026-09-25T00:09:54Z z9=43000 z10=43000 z11=43000
2026-09-25T00:10:00Z z9=44000 z10=43000 z11=44000
2026-09-25T00:10:05Z z9=44000 z10=42000 z11=43000
2026-09-25T00:10:10Z z9=43000 z10=43000 z11=43000
2026-09-25T00:10:15Z z9=43000 z10=43000 z11=43000
2026-09-25T00:10:20Z z9=44000 z10=43000 z11=43000
2026-09-25T00:10:25Z z9=42000 z10=43000 z11=44000
2026-09-25T00:10:30Z z9=44000 z10=43000 z11=44000
2026-09-25T00:10:35Z z9=43000 z10=43000 z11=44000
2026-09-25T00:10:40Z z9=44000 z10=43000 z11=43000
2026-09-25T00:10:45Z z9=43000 z10=43000 z11=43000
2026-09-25T00:10:50Z z9=43000 z10=43000 z11=44000
2026-09-25T00:10:56Z z9=43000 z10=43000 z11=43000
2026-09-25T00:11:01Z z9=44000 z10=43000 z11=43000
2026-09-25T00:11:06Z z9=42000 z10=42000 z11=43000
2026-09-25T00:11:11Z z9=43000 z10=42000 z11=43000
2026-09-25T00:11:16Z z9=43000 z10=43000 z11=43000
2026-09-25T00:11:21Z z9=43000 z10=42000 z11=43000
2026-09-25T00:11:26Z z9=44000 z10=42000 z11=43000
2026-09-25T00:11:31Z z9=42000 z10=42000 z11=43000
2026-09-25T00:11:36Z z9=42000 z10=43000 z11=43000
2026-09-25T00:11:41Z z9=42000 z10=42000 z11=43000
2026-09-25T00:11:47Z z9=44000 z10=43000 z11=44000
2026-09-25T00:11:52Z z9=42000 z10=43000 z11=44000
2026-09-25T00:11:57Z z9=42000 z10=43000 z11=43000
2026-09-25T00:12:02Z z9=43000 z10=43000 z11=43000
2026-09-25T00:12:07Z z9=43000 z10=43000 z11=44000
2026-09-25T00:12:12Z z9=44000 z10=45000 z11=46000
2026-09-25T00:12:17Z z9=43000 z10=43000 z11=44000
2026-09-25T00:12:22Z z9=43000 z10=43000 z11=44000
2026-09-25T00:12:27Z z9=42000 z10=43000 z11=43000
2026-09-25T00:12:32Z z9=42000 z10=42000 z11=43000
2026-09-25T00:12:38Z z9=42000 z10=42000 z11=42000
2026-09-25T00:12:43Z z9=44000 z10=45000 z11=45000
2026-09-25T00:12:48Z z9=43000 z10=43000 z11=44000
2026-09-25T00:12:53Z z9=43000 z10=43000 z11=43000
2026-09-25T00:12:58Z z9=43000 z10=43000 z11=44000
2026-09-25T00:13:03Z z9=43000 z10=43000 z11=43000
2026-09-25T00:13:08Z z9=43000 z10=42000 z11=43000
2026-09-25T00:13:13Z z9=43000 z10=42000 z11=43000
2026-09-25T00:13:18Z z9=42000 z10=42000 z11=43000
2026-09-25T00:13:24Z z9=42000 z10=42000 z11=43000
2026-09-25T00:13:29Z z9=42000 z10=42000 z11=42000
2026-09-25T00:13:34Z z9=43000 z10=42000 z11=42000
2026-09-25T00:13:39Z z9=42000 z10=41000 z11=42000
2026-09-25T00:13:44Z z9=42000 z10=41000 z11=42000
2026-09-25T00:13:49Z z9=40000 z10=42000 z11=41000
2026-09-25T00:13:54Z z9=40000 z10=41000 z11=41000
2026-09-25T00:13:59Z z9=41000 z10=41000 z11=41000
2026-09-25T00:14:04Z z9=42000 z10=41000 z11=41000
2026-09-25T00:14:09Z z9=42000 z10=41000 z11=41000
2026-09-25T00:14:14Z z9=42000 z10=41000 z11=41000
2026-09-25T00:14:19Z z9=40000 z10=41000 z11=41000
2026-09-25T00:14:25Z z9=43000 z10=40000 z11=41000
2026-09-25T00:14:30Z z9=42000 z10=41000 z11=41000
2026-09-25T00:14:35Z z9=40000 z10=40000 z11=41000
2026-09-25T00:14:40Z z9=42000 z10=41000 z11=41000
2026-09-25T00:14:45Z z9=40000 z10=40000 z11=41000
2026-09-25T00:14:50Z z9=40000 z10=41000 z11=41000
2026-09-25T00:14:55Z z9=40000 z10=40000 z11=40000
2026-09-25T00:15:00Z z9=40000 z10=40000 z11=41000
2026-09-25T00:15:05Z z9=40000 z10=41000 z11=40000
2026-09-25T00:15:10Z z9=40000 z10=41000 z11=41000
2026-09-25T00:15:15Z z9=41000 z10=41000 z11=41000
2026-09-25T00:15:21Z z9=40000 z10=40000 z11=41000
2026-09-25T00:15:26Z z9=42000 z10=41000 z11=41000
2026-09-25T00:15:31Z z9=42000 z10=40000 z11=40000
2026-09-25T00:15:36Z z9=42000 z10=40000 z11=41000
2026-09-25T00:15:41Z z9=42000 z10=40000 z11=40000
2026-09-25T00:15:46Z z9=42000 z10=40000 z11=41000
2026-09-25T00:15:51Z z9=41000 z10=41000 z11=41000
2026-09-25T00:15:56Z z9=42000 z10=40000 z11=41000
2026-09-25T00:16:01Z z9=41000 z10=40000 z11=40000
2026-09-25T00:16:06Z z9=40000 z10=40000 z11=40000
2026-09-25T00:16:11Z z9=40000 z10=40000 z11=40000
2026-09-25T00:16:16Z z9=42000 z10=40000 z11=40000
2026-09-25T00:16:22Z z9=40000 z10=40000 z11=41000
2026-09-25T00:16:27Z z9=40000 z10=40000 z11=41000
2026-09-25T00:16:32Z z9=40000 z10=40000 z11=40000
2026-09-25T00:16:37Z z9=40000 z10=40000 z11=41000
2026-09-25T00:16:42Z z9=40000 z10=40000 z11=41000
2026-09-25T00:16:47Z z9=40000 z10=40000 z11=40000
2026-09-25T00:16:52Z z9=39000 z10=40000 z11=40000
2026-09-25T00:16:57Z z9=41000 z10=40000 z11=40000
2026-09-25T00:17:02Z z9=40000 z10=40000 z11=41000
2026-09-25T00:17:07Z z9=40000 z10=40000 z11=41000
2026-09-25T00:17:12Z z9=41000 z10=40000 z11=40000
2026-09-25T00:17:17Z z9=41000 z10=40000 z11=41000
2026-09-25T00:17:23Z z9=41000 z10=40000 z11=40000
2026-09-25T00:17:28Z z9=40000 z10=40000 z11=41000
2026-09-25T00:17:33Z z9=40000 z10=40000 z11=40000
2026-09-25T00:17:38Z z9=40000 z10=40000 z11=40000
2026-09-25T00:17:43Z z9=40000 z10=40000 z11=40000
2026-09-25T00:17:48Z z9=40000 z10=40000 z11=40000
2026-09-25T00:17:53Z z9=40000 z10=40000 z11=40000
2026-09-25T00:17:58Z z9=41000 z10=40000 z11=41000
2026-09-25T00:18:03Z z9=40000 z10=40000 z11=41000
2026-09-25T00:18:08Z z9=40000 z10=40000 z11=40000
2026-09-25T00:18:13Z z9=41000 z10=40000 z11=40000
2026-09-25T00:18:18Z z9=42000 z10=40000 z11=41000
2026-09-25T00:18:24Z z9=40000 z10=40000 z11=40000
2026-09-25T00:18:29Z z9=41000 z10=40000 z11=40000
2026-09-25T00:18:34Z z9=41000 z10=40000 z11=40000
2026-09-25T00:18:39Z z9=39000 z10=40000 z11=40000
2026-09-25T00:18:44Z z9=40000 z10=40000 z11=41000
2026-09-25T00:18:49Z z9=40000 z10=40000 z11=40000
2026-09-25T00:18:54Z z9=41000 z10=40000 z11=41000
2026-09-25T00:18:59Z z9=41000 z10=40000 z11=40000
2026-09-25T00:19:04Z z9=41000 z10=40000 z11=41000
2026-09-25T00:19:09Z z9=42000 z10=40000 z11=40000
2026-09-25T00:19:14Z z9=39000 z10=40000 z11=40000
2026-09-25T00:19:19Z z9=40000 z10=40000 z11=41000
2026-09-25T00:19:24Z z9=42000 z10=40000 z11=40000
2026-09-25T00:19:29Z z9=42000 z10=40000 z11=40000
2026-09-25T00:19:35Z z9=39000 z10=40000 z11=40000
2026-09-25T00:19:40Z z9=39000 z10=40000 z11=40000
2026-09-25T00:19:45Z z9=41000 z10=40000 z11=40000
2026-09-25T00:19:50Z z9=39000 z10=40000 z11=40000
2026-09-25T00:19:55Z z9=41000 z10=40000 z11=41000
2026-09-25T00:20:00Z z9=40000 z10=40000 z11=40000
2026-09-25T00:20:05Z z9=47000 z10=50000 z11=52000
2026-09-25T00:20:10Z z9=45000 z10=46000 z11=47000
2026-09-25T00:20:15Z z9=44000 z10=45000 z11=46000
2026-09-25T00:20:20Z z9=44000 z10=43000 z11=43000
2026-09-25T00:20:25Z z9=44000 z10=43000 z11=44000
2026-09-25T00:20:30Z z9=43000 z10=42000 z11=42000
2026-09-25T00:20:35Z z9=42000 z10=41000 z11=42000
2026-09-25T00:20:41Z z9=43000 z10=41000 z11=41000
2026-09-25T00:20:46Z z9=42000 z10=41000 z11=41000
2026-09-25T00:20:51Z z9=40000 z10=41000 z11=41000
2026-09-25T00:20:56Z z9=40000 z10=41000 z11=41000
2026-09-25T00:21:01Z z9=40000 z10=40000 z11=41000
2026-09-25T00:21:06Z z9=43000 z10=40000 z11=41000
2026-09-25T00:21:11Z z9=42000 z10=40000 z11=41000
2026-09-25T00:21:16Z z9=42000 z10=40000 z11=41000
2026-09-25T00:21:21Z z9=40000 z10=40000 z11=40000
2026-09-25T00:21:26Z z9=40000 z10=40000 z11=41000
2026-09-25T00:21:32Z z9=41000 z10=40000 z11=41000
2026-09-25T00:21:37Z z9=41000 z10=41000 z11=41000
2026-09-25T00:21:42Z z9=42000 z10=40000 z11=40000
2026-09-25T00:21:47Z z9=40000 z10=40000 z11=41000
2026-09-25T00:21:52Z z9=39000 z10=40000 z11=40000
2026-09-25T00:21:57Z z9=39000 z10=40000 z11=40000
2026-09-25T00:22:02Z z9=40000 z10=40000 z11=40000
2026-09-25T00:22:07Z z9=40000 z10=41000 z11=41000
2026-09-25T00:22:12Z z9=39000 z10=40000 z11=40000
2026-09-25T00:22:17Z z9=40000 z10=40000 z11=40000
2026-09-25T00:22:22Z z9=41000 z10=40000 z11=41000
2026-09-25T00:22:27Z z9=41000 z10=40000 z11=40000
2026-09-25T00:22:32Z z9=39000 z10=40000 z11=40000
2026-09-25T00:22:38Z z9=39000 z10=40000 z11=40000
2026-09-25T00:22:43Z z9=40000 z10=40000 z11=40000
2026-09-25T00:22:48Z z9=39000 z10=39000 z11=40000
2026-09-25T00:22:53Z z9=42000 z10=40000 z11=40000
2026-09-25T00:22:58Z z9=40000 z10=40000 z11=40000
2026-09-25T00:23:03Z z9=40000 z10=39000 z11=40000
2026-09-25T00:23:08Z z9=39000 z10=39000 z11=40000
2026-09-25T00:23:13Z z9=39000 z10=40000 z11=40000
2026-09-25T00:23:18Z z9=40000 z10=40000 z11=39000
2026-09-25T00:23:23Z z9=40000 z10=40000 z11=40000
2026-09-25T00:23:28Z z9=41000 z10=40000 z11=40000
2026-09-25T00:23:34Z z9=39000 z10=39000 z11=40000
2026-09-25T00:23:39Z z9=41000 z10=42000 z11=42000
2026-09-25T00:23:44Z z9=39000 z10=40000 z11=40000
2026-09-25T00:23:49Z z9=39000 z10=40000 z11=41000
2026-09-25T00:23:54Z z9=39000 z10=40000 z11=40000
2026-09-25T00:23:59Z z9=39000 z10=39000 z11=40000
2026-09-25T00:24:04Z z9=39000 z10=40000 z11=40000
2026-09-25T00:24:09Z z9=42000 z10=40000 z11=40000
2026-09-25T00:24:14Z z9=39000 z10=39000 z11=40000
2026-09-25T00:24:19Z z9=40000 z10=40000 z11=40000
2026-09-25T00:24:24Z z9=40000 z10=39000 z11=40000
2026-09-25T00:24:29Z z9=42000 z10=39000 z11=40000
2026-09-25T00:24:35Z z9=39000 z10=39000 z11=40000
2026-09-25T00:24:40Z z9=39000 z10=40000 z11=40000
2026-09-25T00:24:45Z z9=40000 z10=40000 z11=40000
2026-09-25T00:24:50Z z9=41000 z10=39000 z11=40000
2026-09-25T00:24:55Z z9=42000 z10=39000 z11=40000
2026-09-25T00:25:00Z z9=40000 z10=39000 z11=40000
2026-09-25T00:25:05Z z9=41000 z10=40000 z11=41000
2026-09-25T00:25:10Z z9=39000 z10=39000 z11=39000
2026-09-25T00:25:15Z z9=39000 z10=39000 z11=40000
2026-09-25T00:25:20Z z9=40000 z10=39000 z11=40000
2026-09-25T00:25:25Z z9=41000 z10=40000 z11=40000
2026-09-25T00:25:30Z z9=40000 z10=39000 z11=40000
2026-09-25T00:25:36Z z9=41000 z10=39000 z11=40000
2026-09-25T00:25:41Z z9=42000 z10=39000 z11=40000
2026-09-25T00:25:46Z z9=40000 z10=39000 z11=40000
2026-09-25T00:25:51Z z9=40000 z10=39000 z11=40000
2026-09-25T00:25:56Z z9=39000 z10=40000 z11=40000
2026-09-25T00:26:01Z z9=39000 z10=39000 z11=39000
2026-09-25T00:26:06Z z9=41000 z10=40000 z11=39000
2026-09-25T00:26:11Z z9=39000 z10=40000 z11=40000
2026-09-25T00:26:16Z z9=38000 z10=39000 z11=39000
2026-09-25T00:26:21Z z9=40000 z10=39000 z11=40000
2026-09-25T00:26:26Z z9=40000 z10=39000 z11=40000
2026-09-25T00:26:32Z z9=40000 z10=39000 z11=40000
2026-09-25T00:26:37Z z9=40000 z10=39000 z11=39000
2026-09-25T00:26:42Z z9=40000 z10=39000 z11=40000
2026-09-25T00:26:47Z z9=40000 z10=39000 z11=40000
2026-09-25T00:26:52Z z9=41000 z10=39000 z11=40000
2026-09-25T00:26:57Z z9=40000 z10=39000 z11=39000
2026-09-25T00:27:02Z z9=39000 z10=39000 z11=40000
2026-09-25T00:27:07Z z9=38000 z10=40000 z11=39000
2026-09-25T00:27:12Z z9=40000 z10=39000 z11=40000
2026-09-25T00:27:17Z z9=38000 z10=39000 z11=40000
2026-09-25T00:27:22Z z9=38000 z10=39000 z11=39000
2026-09-25T00:27:28Z z9=40000 z10=40000 z11=39000
2026-09-25T00:27:33Z z9=38000 z10=39000 z11=39000
2026-09-25T00:27:38Z z9=41000 z10=39000 z11=39000
2026-09-25T00:27:43Z z9=41000 z10=39000 z11=39000
2026-09-25T00:27:48Z z9=39000 z10=39000 z11=39000
2026-09-25T00:27:53Z z9=38000 z10=39000 z11=39000
2026-09-25T00:27:58Z z9=40000 z10=39000 z11=40000
2026-09-25T00:28:03Z z9=40000 z10=39000 z11=39000
2026-09-25T00:28:08Z z9=38000 z10=39000 z11=40000
2026-09-25T00:28:13Z z9=38000 z10=39000 z11=39000
2026-09-25T00:28:18Z z9=39000 z10=38000 z11=39000
2026-09-25T00:28:23Z z9=38000 z10=38000 z11=38000
2026-09-25T00:28:29Z z9=38000 z10=39000 z11=39000
2026-09-25T00:28:34Z z9=40000 z10=39000 z11=39000
2026-09-25T00:28:39Z z9=38000 z10=39000 z11=39000
2026-09-25T00:28:44Z z9=39000 z10=39000 z11=39000
2026-09-25T00:28:49Z z9=40000 z10=39000 z11=40000
2026-09-25T00:28:54Z z9=38000 z10=38000 z11=39000
2026-09-25T00:28:59Z z9=38000 z10=38000 z11=39000
2026-09-25T00:29:04Z z9=41000 z10=39000 z11=39000
2026-09-25T00:29:09Z z9=38000 z10=38000 z11=39000
2026-09-25T00:29:14Z z9=39000 z10=38000 z11=39000
2026-09-25T00:29:19Z z9=38000 z10=39000 z11=39000
2026-09-25T00:29:24Z z9=38000 z10=39000 z11=39000
2026-09-25T00:29:30Z z9=38000 z10=37000 z11=39000
2026-09-25T00:29:35Z z9=40000 z10=38000 z11=39000
2026-09-25T00:29:40Z z9=39000 z10=38000 z11=39000
2026-09-25T00:29:45Z z9=39000 z10=38000 z11=39000
2026-09-25T00:29:50Z z9=37000 z10=37000 z11=39000
2026-09-25T00:29:55Z z9=38000 z10=39000 z11=39000
2026-09-25T00:30:00Z z9=38000 z10=38000 z11=38000
2026-09-25T00:30:05Z z9=40000 z10=39000 z11=39000
2026-09-25T00:30:10Z z9=37000 z10=38000 z11=39000
2026-09-25T00:30:15Z z9=38000 z10=37000 z11=39000
2026-09-25T00:30:21Z z9=37000 z10=38000 z11=38000
2026-09-25T00:30:26Z z9=39000 z10=38000 z11=39000
2026-09-25T00:30:31Z z9=38000 z10=38000 z11=38000
2026-09-25T00:30:36Z z9=40000 z10=38000 z11=39000
2026-09-25T00:30:41Z z9=37000 z10=37000 z11=38000
2026-09-25T00:30:46Z z9=39000 z10=37000 z11=37000
2026-09-25T00:30:51Z z9=37000 z10=37000 z11=38000
2026-09-25T00:30:56Z z9=40000 z10=38000 z11=38000
2026-09-25T00:31:01Z z9=40000 z10=37000 z11=38000
2026-09-25T00:31:06Z z9=38000 z10=37000 z11=38000
2026-09-25T00:31:12Z z9=38000 z10=37000 z11=39000
2026-09-25T00:31:17Z z9=40000 z10=38000 z11=40000
2026-09-25T00:31:22Z z9=37000 z10=38000 z11=39000
2026-09-25T00:31:27Z z9=40000 z10=38000 z11=38000
2026-09-25T00:31:32Z z9=39000 z10=38000 z11=39000
2026-09-25T00:31:37Z z9=38000 z10=37000 z11=38000
2026-09-25T00:31:42Z z9=38000 z10=38000 z11=38000
2026-09-25T00:31:47Z z9=37000 z10=37000 z11=37000
2026-09-25T00:31:52Z z9=37000 z10=37000 z11=37000
2026-09-25T00:31:57Z z9=38000 z10=37000 z11=38000
2026-09-25T00:32:02Z z9=37000 z10=37000 z11=39000
2026-09-25T00:32:07Z z9=37000 z10=37000 z11=37000
2026-09-25T00:32:13Z z9=38000 z10=37000 z11=38000
2026-09-25T00:32:18Z z9=37000 z10=37000 z11=38000
2026-09-25T00:32:23Z z9=37000 z10=37000 z11=37000
2026-09-25T00:32:28Z z9=37000 z10=37000 z11=37000
2026-09-25T00:32:33Z z9=37000 z10=38000 z11=37000
2026-09-25T00:32:38Z z9=37000 z10=37000 z11=37000
2026-09-25T00:32:43Z z9=40000 z10=37000 z11=38000
2026-09-25T00:32:48Z z9=39000 z10=37000 z11=37000
2026-09-25T00:32:53Z z9=38000 z10=37000 z11=37000
2026-09-25T00:32:58Z z9=38000 z10=37000 z11=38000
2026-09-25T00:33:04Z z9=37000 z10=37000 z11=38000
2026-09-25T00:33:09Z z9=37000 z10=37000 z11=37000
2026-09-25T00:33:14Z z9=40000 z10=37000 z11=38000
2026-09-25T00:33:19Z z9=37000 z10=37000 z11=37000
2026-09-25T00:33:24Z z9=37000 z10=37000 z11=37000
2026-09-25T00:33:29Z z9=39000 z10=37000 z11=38000
2026-09-25T00:33:34Z z9=37000 z10=37000 z11=37000
2026-09-25T00:33:39Z z9=37000 z10=36000 z11=37000
2026-09-25T00:33:44Z z9=37000 z10=37000 z11=37000
2026-09-25T00:33:49Z z9=39000 z10=37000 z11=37000
2026-09-25T00:33:54Z z9=37000 z10=37000 z11=37000
2026-09-25T00:34:00Z z9=39000 z10=37000 z11=37000
2026-09-25T00:34:05Z z9=37000 z10=37000 z11=37000
2026-09-25T00:34:10Z z9=37000 z10=37000 z11=37000
2026-09-25T00:34:15Z z9=37000 z10=37000 z11=38000
2026-09-25T00:34:20Z z9=37000 z10=36000 z11=37000
2026-09-25T00:34:25Z z9=37000 z10=37000 z11=37000
2026-09-25T00:34:30Z z9=38000 z10=37000 z11=37000
2026-09-25T00:34:35Z z9=37000 z10=37000 z11=37000
2026-09-25T00:34:40Z z9=37000 z10=37000 z11=37000
2026-09-25T00:34:45Z z9=38000 z10=37000 z11=37000
2026-09-25T00:34:50Z z9=38000 z10=38000 z11=38000
2026-09-25T00:34:56Z z9=39000 z10=37000 z11=38000
2026-09-25T00:35:01Z z9=37000 z10=37000 z11=37000
2026-09-25T00:35:06Z z9=37000 z10=37000 z11=38000
2026-09-25T00:35:11Z z9=37000 z10=37000 z11=37000
2026-09-25T00:35:16Z z9=37000 z10=37000 z11=39000
2026-09-25T00:35:21Z z9=37000 z10=37000 z11=37000
2026-09-25T00:35:26Z z9=40000 z10=37000 z11=38000
2026-09-25T00:35:31Z z9=37000 z10=37000 z11=37000
2026-09-25T00:35:36Z z9=37000 z10=37000 z11=38000
2026-09-25T00:35:41Z z9=38000 z10=36000 z11=37000
2026-09-25T00:35:46Z z9=38000 z10=37000 z11=37000
2026-09-25T00:35:52Z z9=37000 z10=37000 z11=37000
2026-09-25T00:35:57Z z9=37000 z10=37000 z11=37000
2026-09-25T00:36:02Z z9=37000 z10=37000 z11=37000
2026-09-25T00:36:07Z z9=38000 z10=37000 z11=37000
2026-09-25T00:36:12Z z9=36000 z10=37000 z11=37000
2026-09-25T00:36:17Z z9=37000 z10=37000 z11=37000
2026-09-25T00:36:22Z z9=40000 z10=37000 z11=37000
2026-09-25T00:36:27Z z9=37000 z10=37000 z11=37000
2026-09-25T00:36:32Z z9=38000 z10=37000 z11=37000
2026-09-25T00:36:37Z z9=38000 z10=37000 z11=37000
2026-09-25T00:36:42Z z9=37000 z10=37000 z11=37000
2026-09-25T00:36:47Z z9=37000 z10=37000 z11=37000
2026-09-25T00:36:53Z z9=38000 z10=37000 z11=37000
2026-09-25T00:36:58Z z9=37000 z10=37000 z11=37000
2026-09-25T00:37:03Z z9=36000 z10=37000 z11=37000
2026-09-25T00:37:08Z z9=37000 z10=36000 z11=37000
2026-09-25T00:37:13Z z9=39000 z10=37000 z11=37000
2026-09-25T00:37:18Z z9=37000 z10=37000 z11=37000
2026-09-25T00:37:23Z z9=38000 z10=37000 z11=37000
2026-09-25T00:37:28Z z9=37000 z10=37000 z11=37000
2026-09-25T00:37:33Z z9=38000 z10=37000 z11=37000
2026-09-25T00:37:38Z z9=38000 z10=37000 z11=37000
2026-09-25T00:37:43Z z9=37000 z10=37000 z11=37000
2026-09-25T00:37:49Z z9=37000 z10=37000 z11=37000
2026-09-25T00:37:54Z z9=37000 z10=37000 z11=38000
2026-09-25T00:37:59Z z9=40000 z10=37000 z11=38000
2026-09-25T00:38:04Z z9=37000 z10=37000 z11=38000
2026-09-25T00:38:09Z z9=38000 z10=37000 z11=37000
2026-09-25T00:38:14Z z9=37000 z10=37000 z11=37000
2026-09-25T00:38:19Z z9=37000 z10=37000 z11=37000
2026-09-25T00:38:24Z z9=36000 z10=37000 z11=37000
2026-09-25T00:38:29Z z9=37000 z10=36000 z11=37000
2026-09-25T00:38:34Z z9=38000 z10=37000 z11=37000
2026-09-25T00:38:39Z z9=38000 z10=38000 z11=37000
2026-09-25T00:38:45Z z9=38000 z10=37000 z11=37000
2026-09-25T00:38:50Z z9=37000 z10=36000 z11=37000
2026-09-25T00:38:55Z z9=36000 z10=37000 z11=37000
2026-09-25T00:39:00Z z9=36000 z10=36000 z11=37000
2026-09-25T00:39:05Z z9=37000 z10=37000 z11=37000
2026-09-25T00:39:10Z z9=37000 z10=37000 z11=37000
2026-09-25T00:39:15Z z9=37000 z10=36000 z11=37000
2026-09-25T00:39:20Z z9=38000 z10=36000 z11=37000
2026-09-25T00:39:25Z z9=36000 z10=37000 z11=37000
2026-09-25T00:39:30Z z9=37000 z10=37000 z11=37000
2026-09-25T00:39:35Z z9=36000 z10=37000 z11=37000
2026-09-25T00:39:41Z z9=36000 z10=36000 z11=37000
2026-09-25T00:39:46Z z9=39000 z10=36000 z11=37000
2026-09-25T00:39:51Z z9=36000 z10=37000 z11=37000
2026-09-25T00:39:56Z z9=39000 z10=36000 z11=36000
2026-09-25T00:40:01Z z9=36000 z10=37000 z11=37000
2026-09-25T00:40:06Z z9=37000 z10=36000 z11=37000
2026-09-25T00:40:11Z z9=37000 z10=36000 z11=37000
2026-09-25T00:40:16Z z9=38000 z10=36000 z11=37000
2026-09-25T00:40:21Z z9=36000 z10=36000 z11=37000
2026-09-25T00:40:26Z z9=37000 z10=36000 z11=37000
2026-09-25T00:40:31Z z9=37000 z10=37000 z11=37000
2026-09-25T00:40:37Z z9=36000 z10=37000 z11=37000
2026-09-25T00:40:42Z z9=37000 z10=36000 z11=38000
2026-09-25T00:40:47Z z9=36000 z10=36000 z11=37000
2026-09-25T00:40:52Z z9=37000 z10=36000 z11=37000
2026-09-25T00:40:57Z z9=36000 z10=36000 z11=37000
2026-09-25T00:41:02Z z9=37000 z10=36000 z11=37000
2026-09-25T00:41:07Z z9=36000 z10=37000 z11=37000
2026-09-25T00:41:12Z z9=37000 z10=36000 z11=37000
2026-09-25T00:41:17Z z9=41000 z10=40000 z11=40000
2026-09-25T00:41:22Z z9=40000 z10=37000 z11=38000
2026-09-25T00:41:27Z z9=38000 z10=37000 z11=39000
2026-09-25T00:41:33Z z9=37000 z10=37000 z11=39000
2026-09-25T00:41:38Z z9=37000 z10=37000 z11=37000
2026-09-25T00:41:43Z z9=36000 z10=37000 z11=37000
2026-09-25T00:41:48Z z9=37000 z10=36000 z11=37000
2026-09-25T00:41:53Z z9=36000 z10=37000 z11=37000
2026-09-25T00:41:58Z z9=36000 z10=36000 z11=36000
2026-09-25T00:42:03Z z9=36000 z10=36000 z11=36000
2026-09-25T00:42:08Z z9=36000 z10=36000 z11=36000
2026-09-25T00:42:13Z z9=36000 z10=36000 z11=37000
2026-09-25T00:42:18Z z9=36000 z10=37000 z11=37000
2026-09-25T00:42:23Z z9=36000 z10=36000 z11=37000
2026-09-25T00:42:28Z z9=36000 z10=36000 z11=37000
2026-09-25T00:42:34Z z9=36000 z10=36000 z11=36000
2026-09-25T00:42:39Z z9=37000 z10=36000 z11=37000
2026-09-25T00:42:44Z z9=36000 z10=36000 z11=36000
2026-09-25T00:42:49Z z9=36000 z10=36000 z11=37000
2026-09-25T00:42:54Z z9=36000 z10=36000 z11=37000
2026-09-25T00:42:59Z z9=36000 z10=36000 z11=36000
2026-09-25T00:43:04Z z9=36000 z10=36000 z11=36000
2026-09-25T00:43:09Z z9=38000 z10=36000 z11=36000
2026-09-25T00:43:14Z z9=37000 z10=36000 z11=36000
2026-09-25T00:43:19Z z9=37000 z10=36000 z11=37000
2026-09-25T00:43:24Z z9=36000 z10=36000 z11=36000
2026-09-25T00:43:30Z z9=36000 z10=36000 z11=36000
2026-09-25T00:43:35Z z9=38000 z10=35000 z11=36000
2026-09-25T00:43:40Z z9=36000 z10=36000 z11=36000
2026-09-25T00:43:45Z z9=37000 z10=36000 z11=36000
2026-09-25T00:43:50Z z9=37000 z10=36000 z11=36000
2026-09-25T00:43:55Z z9=37000 z10=36000 z11=36000
2026-09-25T00:44:00Z z9=35000 z10=35000 z11=36000
2026-09-25T00:44:05Z z9=36000 z10=36000 z11=36000
2026-09-25T00:44:10Z z9=36000 z10=36000 z11=36000
2026-09-25T00:44:15Z z9=36000 z10=36000 z11=36000
2026-09-25T00:44:20Z z9=37000 z10=36000 z11=36000
2026-09-25T00:44:26Z z9=36000 z10=36000 z11=36000
2026-09-25T00:44:31Z z9=36000 z10=36000 z11=36000
2026-09-25T00:44:36Z z9=36000 z10=36000 z11=37000
2026-09-25T00:44:41Z z9=35000 z10=36000 z11=36000
2026-09-25T00:44:46Z z9=35000 z10=36000 z11=36000
2026-09-25T00:44:51Z z9=37000 z10=35000 z11=36000
2026-09-25T00:44:56Z z9=35000 z10=35000 z11=36000
2026-09-25T00:45:01Z z9=35000 z10=35000 z11=36000
2026-09-25T00:45:06Z z9=36000 z10=36000 z11=36000
2026-09-25T00:45:11Z z9=37000 z10=36000 z11=36000
2026-09-25T00:45:16Z z9=37000 z10=36000 z11=36000
2026-09-25T00:45:22Z z9=36000 z10=36000 z11=37000
2026-09-25T00:45:27Z z9=36000 z10=36000 z11=36000
2026-09-25T00:45:32Z z9=38000 z10=36000 z11=36000
2026-09-25T00:45:37Z z9=38000 z10=36000 z11=36000
2026-09-25T00:45:42Z z9=37000 z10=36000 z11=36000
2026-09-25T00:45:47Z z9=35000 z10=36000 z11=36000
2026-09-25T00:45:52Z z9=36000 z10=36000 z11=36000
2026-09-25T00:45:57Z z9=36000 z10=35000 z11=36000
2026-09-25T00:46:02Z z9=37000 z10=36000 z11=36000
2026-09-25T00:46:07Z z9=35000 z10=36000 z11=36000
2026-09-25T00:46:12Z z9=36000 z10=36000 z11=36000
2026-09-25T00:46:17Z z9=36000 z10=35000 z11=36000
2026-09-25T00:46:23Z z9=35000 z10=35000 z11=36000
2026-09-25T00:46:28Z z9=37000 z10=35000 z11=35000
2026-09-25T00:46:33Z z9=35000 z10=35000 z11=36000
2026-09-25T00:46:38Z z9=35000 z10=35000 z11=35000
2026-09-25T00:46:43Z z9=37000 z10=35000 z11=36000
2026-09-25T00:46:48Z z9=35000 z10=35000 z11=35000
2026-09-25T00:46:53Z z9=35000 z10=35000 z11=36000
2026-09-25T00:46:58Z z9=36000 z10=35000 z11=35000
2026-09-25T00:47:03Z z9=36000 z10=35000 z11=36000
2026-09-25T00:47:08Z z9=36000 z10=35000 z11=35000
2026-09-25T00:47:13Z z9=37000 z10=35000 z11=35000
2026-09-25T00:47:19Z z9=38000 z10=38000 z11=37000
2026-09-25T00:47:24Z z9=36000 z10=35000 z11=35000
2026-09-25T00:47:29Z z9=35000 z10=35000 z11=35000
2026-09-25T00:47:34Z z9=37000 z10=35000 z11=36000
2026-09-25T00:47:39Z z9=35000 z10=35000 z11=36000
2026-09-25T00:47:44Z z9=36000 z10=35000 z11=35000
2026-09-25T00:47:49Z z9=34000 z10=35000 z11=35000
2026-09-25T00:47:54Z z9=36000 z10=35000 z11=35000
2026-09-25T00:47:59Z z9=35000 z10=36000 z11=37000
2026-09-25T00:48:04Z z9=36000 z10=35000 z11=36000
2026-09-25T00:48:09Z z9=36000 z10=35000 z11=35000
2026-09-25T00:48:15Z z9=35000 z10=35000 z11=36000
2026-09-25T00:48:20Z z9=36000 z10=35000 z11=36000
2026-09-25T00:48:25Z z9=38000 z10=35000 z11=35000
2026-09-25T00:48:30Z z9=35000 z10=35000 z11=36000
2026-09-25T00:48:35Z z9=35000 z10=35000 z11=36000
2026-09-25T00:48:40Z z9=35000 z10=35000 z11=35000
2026-09-25T00:48:45Z z9=35000 z10=35000 z11=35000
2026-09-25T00:48:50Z z9=35000 z10=35000 z11=36000
2026-09-25T00:48:55Z z9=35000 z10=35000 z11=36000
2026-09-25T00:49:00Z z9=35000 z10=35000 z11=35000
2026-09-25T00:49:05Z z9=37000 z10=35000 z11=36000
2026-09-25T00:49:11Z z9=36000 z10=35000 z11=35000
2026-09-25T00:49:16Z z9=35000 z10=35000 z11=35000
2026-09-25T00:49:21Z z9=35000 z10=35000 z11=35000
2026-09-25T00:49:26Z z9=36000 z10=35000 z11=36000
2026-09-25T00:49:31Z z9=36000 z10=35000 z11=36000
2026-09-25T00:49:36Z z9=35000 z10=36000 z11=36000
2026-09-25T00:49:41Z z9=36000 z10=35000 z11=35000
2026-09-25T00:49:46Z z9=35000 z10=35000 z11=35000
2026-09-25T00:49:51Z z9=35000 z10=35000 z11=35000
2026-09-25T00:49:56Z z9=35000 z10=35000 z11=35000
2026-09-25T00:50:01Z z9=34000 z10=35000 z11=35000
2026-09-25T00:50:06Z z9=35000 z10=34000 z11=36000
2026-09-25T00:50:12Z z9=34000 z10=35000 z11=35000
2026-09-25T00:50:17Z z9=36000 z10=35000 z11=35000
2026-09-25T00:50:22Z z9=37000 z10=34000 z11=35000
2026-09-25T00:50:27Z z9=37000 z10=35000 z11=35000
2026-09-25T00:50:32Z z9=34000 z10=34000 z11=36000
2026-09-25T00:50:37Z z9=36000 z10=35000 z11=35000
2026-09-25T00:50:42Z z9=35000 z10=34000 z11=35000
2026-09-25T00:50:47Z z9=34000 z10=35000 z11=35000
2026-09-25T00:50:52Z z9=36000 z10=35000 z11=35000
2026-09-25T00:50:57Z z9=34000 z10=34000 z11=35000
2026-09-25T00:51:02Z z9=34000 z10=35000 z11=35000
2026-09-25T00:51:08Z z9=35000 z10=35000 z11=35000
2026-09-25T00:51:13Z z9=35000 z10=34000 z11=35000
2026-09-25T00:51:18Z z9=34000 z10=35000 z11=35000
2026-09-25T00:51:23Z z9=34000 z10=34000 z11=35000
2026-09-25T00:51:28Z z9=34000 z10=34000 z11=35000
2026-09-25T00:51:33Z z9=36000 z10=34000 z11=35000
2026-09-25T00:51:38Z z9=34000 z10=34000 z11=35000
2026-09-25T00:51:43Z z9=35000 z10=34000 z11=35000
2026-09-25T00:51:48Z z9=34000 z10=34000 z11=35000
2026-09-25T00:51:53Z z9=35000 z10=34000 z11=35000
2026-09-25T00:51:58Z z9=35000 z10=35000 z11=35000
2026-09-25T00:52:04Z z9=34000 z10=34000 z11=35000
2026-09-25T00:52:09Z z9=36000 z10=34000 z11=35000
2026-09-25T00:52:14Z z9=34000 z10=34000 z11=35000
2026-09-25T00:52:19Z z9=34000 z10=34000 z11=35000
2026-09-25T00:52:24Z z9=34000 z10=34000 z11=34000
2026-09-25T00:52:29Z z9=36000 z10=34000 z11=35000
2026-09-25T00:52:34Z z9=34000 z10=34000 z11=35000
2026-09-25T00:52:39Z z9=34000 z10=35000 z11=35000
2026-09-25T00:52:44Z z9=34000 z10=34000 z11=35000
2026-09-25T00:52:49Z z9=34000 z10=35000 z11=35000
2026-09-25T00:52:54Z z9=34000 z10=34000 z11=35000
2026-09-25T00:52:59Z z9=34000 z10=34000 z11=35000
2026-09-25T00:53:04Z z9=37000 z10=34000 z11=35000
2026-09-25T00:53:10Z z9=35000 z10=34000 z11=35000
2026-09-25T00:53:15Z z9=34000 z10=34000 z11=35000
2026-09-25T00:53:20Z z9=34000 z10=34000 z11=34000
2026-09-25T00:53:25Z z9=34000 z10=34000 z11=35000
2026-09-25T00:53:30Z z9=35000 z10=34000 z11=35000
2026-09-25T00:53:35Z z9=34000 z10=34000 z11=35000
2026-09-25T00:53:40Z z9=34000 z10=34000 z11=35000
2026-09-25T00:53:45Z z9=34000 z10=34000 z11=35000
2026-09-25T00:53:50Z z9=35000 z10=34000 z11=35000
2026-09-25T00:53:55Z z9=34000 z10=35000 z11=34000
2026-09-25T00:54:01Z z9=35000 z10=34000 z11=35000
2026-09-25T00:54:06Z z9=35000 z10=34000 z11=34000
2026-09-25T00:54:11Z z9=36000 z10=34000 z11=35000
2026-09-25T00:54:16Z z9=35000 z10=34000 z11=34000
2026-09-25T00:54:21Z z9=34000 z10=34000 z11=34000
2026-09-25T00:54:26Z z9=34000 z10=34000 z11=35000
2026-09-25T00:54:31Z z9=34000 z10=35000 z11=34000
2026-09-25T00:54:36Z z9=34000 z10=34000 z11=34000
2026-09-25T00:54:41Z z9=33000 z10=34000 z11=34000
2026-09-25T00:54:46Z z9=35000 z10=34000 z11=35000
2026-09-25T00:54:51Z z9=36000 z10=34000 z11=34000
2026-09-25T00:54:57Z z9=35000 z10=34000 z11=35000
2026-09-25T00:55:02Z z9=35000 z10=34000 z11=35000
2026-09-25T00:55:07Z z9=34000 z10=34000 z11=34000
2026-09-25T00:55:12Z z9=34000 z10=33000 z11=34000
2026-09-25T00:55:17Z z9=36000 z10=34000 z11=34000
2026-09-25T00:55:22Z z9=34000 z10=34000 z11=34000
2026-09-25T00:55:27Z z9=33000 z10=34000 z11=34000
2026-09-25T00:55:32Z z9=34000 z10=33000 z11=34000
2026-09-25T00:55:37Z z9=33000 z10=34000 z11=34000
2026-09-25T00:55:42Z z9=34000 z10=34000 z11=34000
2026-09-25T00:55:47Z z9=34000 z10=34000 z11=34000
2026-09-25T00:55:53Z z9=33000 z10=34000 z11=34000
2026-09-25T00:55:58Z z9=35000 z10=34000 z11=34000
2026-09-25T00:56:03Z z9=36000 z10=34000 z11=34000
2026-09-25T00:56:08Z z9=36000 z10=34000 z11=34000
2026-09-25T00:56:13Z z9=34000 z10=34000 z11=34000
2026-09-25T00:56:18Z z9=34000 z10=34000 z11=34000
2026-09-25T00:56:23Z z9=34000 z10=34000 z11=34000
2026-09-25T00:56:28Z z9=35000 z10=34000 z11=34000
2026-09-25T00:56:33Z z9=33000 z10=35000 z11=34000
2026-09-25T00:56:38Z z9=36000 z10=34000 z11=34000
2026-09-25T00:56:43Z z9=34000 z10=33000 z11=34000
2026-09-25T00:56:48Z z9=34000 z10=34000 z11=34000
2026-09-25T00:56:54Z z9=35000 z10=34000 z11=34000
2026-09-25T00:56:59Z z9=33000 z10=34000 z11=34000
2026-09-25T00:57:04Z z9=35000 z10=34000 z11=34000
2026-09-25T00:57:09Z z9=35000 z10=34000 z11=34000
2026-09-25T00:57:14Z z9=34000 z10=34000 z11=34000
2026-09-25T00:57:19Z z9=35000 z10=34000 z11=35000
2026-09-25T00:57:24Z z9=36000 z10=34000 z11=34000
2026-09-25T00:57:29Z z9=33000 z10=34000 z11=34000
2026-09-25T00:57:34Z z9=34000 z10=33000 z11=34000
2026-09-25T00:57:39Z z9=35000 z10=34000 z11=34000
2026-09-25T00:57:44Z z9=36000 z10=34000 z11=34000
2026-09-25T00:57:50Z z9=34000 z10=34000 z11=34000
2026-09-25T00:57:55Z z9=34000 z10=34000 z11=34000
2026-09-25T00:58:00Z z9=36000 z10=34000 z11=34000
2026-09-25T00:58:05Z z9=35000 z10=33000 z11=34000
2026-09-25T00:58:10Z z9=35000 z10=34000 z11=34000
2026-09-25T00:58:15Z z9=34000 z10=33000 z11=34000
2026-09-25T00:58:20Z z9=34000 z10=34000 z11=34000
2026-09-25T00:58:25Z z9=35000 z10=33000 z11=34000
2026-09-25T00:58:30Z z9=33000 z10=34000 z11=34000
2026-09-25T00:58:35Z z9=33000 z10=33000 z11=34000
2026-09-25T00:58:41Z z9=33000 z10=34000 z11=34000
2026-09-25T00:58:46Z z9=33000 z10=33000 z11=34000
2026-09-25T00:58:51Z z9=34000 z10=34000 z11=34000
2026-09-25T00:58:56Z z9=33000 z10=33000 z11=34000
2026-09-25T00:59:01Z z9=33000 z10=33000 z11=34000
2026-09-25T00:59:06Z z9=34000 z10=34000 z11=34000
2026-09-25T00:59:11Z z9=33000 z10=33000 z11=34000
2026-09-25T00:59:16Z z9=34000 z10=33000 z11=33000
2026-09-25T00:59:21Z z9=33000 z10=34000 z11=34000
2026-09-25T00:59:26Z z9=33000 z10=34000 z11=34000
2026-09-25T00:59:31Z z9=34000 z10=33000 z11=34000
2026-09-25T00:59:37Z z9=33000 z10=33000 z11=33000
2026-09-25T00:59:42Z z9=34000 z10=33000 z11=33000
2026-09-25T00:59:47Z z9=33000 z10=33000 z11=34000
2026-09-25T00:59:52Z z9=34000 z10=33000 z11=34000
2026-09-25T00:59:57Z z9=33000 z10=33000 z11=34000
2026-09-25T01:00:02Z z9=36000 z10=34000 z11=34000
2026-09-25T01:00:07Z z9=35000 z10=33000 z11=34000
2026-09-25T01:00:12Z z9=33000 z10=33000 z11=34000
2026-09-25T01:00:17Z z9=33000 z10=33000 z11=34000
2026-09-25T01:00:22Z z9=35000 z10=33000 z11=34000
2026-09-25T01:00:27Z z9=33000 z10=33000 z11=33000
2026-09-25T01:00:33Z z9=33000 z10=33000 z11=34000
2026-09-25T01:00:38Z z9=34000 z10=33000 z11=33000
2026-09-25T01:00:43Z z9=34000 z10=33000 z11=33000
2026-09-25T01:00:48Z z9=32000 z10=33000 z11=33000
2026-09-25T01:00:53Z z9=32000 z10=33000 z11=33000
2026-09-25T01:00:58Z z9=33000 z10=33000 z11=34000
2026-09-25T01:01:03Z z9=33000 z10=33000 z11=33000
2026-09-25T01:01:08Z z9=33000 z10=33000 z11=34000
2026-09-25T01:01:13Z z9=33000 z10=33000 z11=33000
2026-09-25T01:01:18Z z9=33000 z10=33000 z11=33000
2026-09-25T01:01:23Z z9=33000 z10=33000 z11=33000
2026-09-25T01:01:29Z z9=34000 z10=33000 z11=33000
2026-09-25T01:01:34Z z9=32000 z10=33000 z11=33000
2026-09-25T01:01:39Z z9=34000 z10=33000 z11=33000
2026-09-25T01:01:44Z z9=33000 z10=33000 z11=33000
2026-09-25T01:01:49Z z9=32000 z10=33000 z11=33000
2026-09-25T01:01:54Z z9=32000 z10=33000 z11=33000
2026-09-25T01:01:59Z z9=32000 z10=33000 z11=33000
2026-09-25T01:02:04Z z9=34000 z10=33000 z11=33000
2026-09-25T01:02:09Z z9=34000 z10=33000 z11=33000
2026-09-25T01:02:14Z z9=33000 z10=33000 z11=33000
2026-09-25T01:02:19Z z9=32000 z10=33000 z11=33000
2026-09-25T01:02:25Z z9=32000 z10=33000 z11=33000
2026-09-25T01:02:30Z z9=35000 z10=33000 z11=33000
2026-09-25T01:02:35Z z9=32000 z10=33000 z11=33000
2026-09-25T01:02:40Z z9=32000 z10=33000 z11=33000
2026-09-25T01:02:45Z z9=34000 z10=33000 z11=33000
2026-09-25T01:02:50Z z9=35000 z10=33000 z11=34000
2026-09-25T01:02:55Z z9=32000 z10=32000 z11=33000
2026-09-25T01:03:00Z z9=32000 z10=33000 z11=33000
2026-09-25T01:03:05Z z9=35000 z10=33000 z11=33000
2026-09-25T01:03:10Z z9=34000 z10=33000 z11=33000
2026-09-25T01:03:15Z z9=32000 z10=33000 z11=33000
2026-09-25T01:03:21Z z9=32000 z10=33000 z11=33000
2026-09-25T01:03:26Z z9=32000 z10=32000 z11=33000
2026-09-25T01:03:31Z z9=32000 z10=32000 z11=33000
2026-09-25T01:03:36Z z9=34000 z10=33000 z11=33000
2026-09-25T01:03:41Z z9=32000 z10=33000 z11=33000
2026-09-25T01:03:46Z z9=34000 z10=33000 z11=33000
2026-09-25T01:03:51Z z9=34000 z10=32000 z11=33000
2026-09-25T01:03:56Z z9=34000 z10=32000 z11=33000
2026-09-25T01:04:01Z z9=32000 z10=33000 z11=33000
2026-09-25T01:04:06Z z9=32000 z10=32000 z11=33000
2026-09-25T01:04:11Z z9=32000 z10=33000 z11=33000
2026-09-25T01:04:17Z z9=32000 z10=33000 z11=33000
2026-09-25T01:04:22Z z9=34000 z10=33000 z11=33000
2026-09-25T01:04:27Z z9=32000 z10=33000 z11=33000
2026-09-25T01:04:32Z z9=32000 z10=33000 z11=33000
2026-09-25T01:04:37Z z9=33000 z10=32000 z11=32000
2026-09-25T01:04:42Z z9=32000 z10=33000 z11=33000
2026-09-25T01:04:47Z z9=32000 z10=32000 z11=32000
2026-09-25T01:04:52Z z9=33000 z10=32000 z11=33000
2026-09-25T01:04:57Z z9=33000 z10=32000 z11=33000
2026-09-25T01:05:02Z z9=32000 z10=33000 z11=33000
2026-09-25T01:05:08Z z9=32000 z10=32000 z11=33000
2026-09-25T01:05:13Z z9=32000 z10=33000 z11=33000
2026-09-25T01:05:18Z z9=33000 z10=32000 z11=33000
2026-09-25T01:05:23Z z9=33000 z10=32000 z11=33000
2026-09-25T01:05:28Z z9=34000 z10=33000 z11=34000
2026-09-25T01:05:33Z z9=33000 z10=33000 z11=33000
2026-09-25T01:05:38Z z9=32000 z10=32000 z11=33000
2026-09-25T01:05:43Z z9=32000 z10=32000 z11=33000
2026-09-25T01:05:48Z z9=33000 z10=33000 z11=33000
2026-09-25T01:05:53Z z9=33000 z10=34000 z11=34000
2026-09-25T01:05:58Z z9=32000 z10=32000 z11=32000
2026-09-25T01:06:03Z z9=32000 z10=33000 z11=33000
2026-09-25T01:06:09Z z9=33000 z10=33000 z11=33000
2026-09-25T01:06:14Z z9=31000 z10=32000 z11=33000
2026-09-25T01:06:19Z z9=34000 z10=32000 z11=33000
2026-09-25T01:06:24Z z9=33000 z10=33000 z11=33000
2026-09-25T01:06:29Z z9=32000 z10=33000 z11=33000
2026-09-25T01:06:34Z z9=32000 z10=32000 z11=32000
2026-09-25T01:06:39Z z9=32000 z10=33000 z11=33000
2026-09-25T01:06:44Z z9=33000 z10=32000 z11=32000
2026-09-25T01:06:49Z z9=35000 z10=33000 z11=33000
2026-09-25T01:06:54Z z9=33000 z10=32000 z11=33000
2026-09-25T01:06:59Z z9=33000 z10=32000 z11=33000
2026-09-25T01:07:05Z z9=32000 z10=32000 z11=33000
2026-09-25T01:07:10Z z9=33000 z10=32000 z11=33000
2026-09-25T01:07:15Z z9=32000 z10=32000 z11=33000
2026-09-25T01:07:20Z z9=33000 z10=32000 z11=32000
2026-09-25T01:07:25Z z9=31000 z10=32000 z11=32000
2026-09-25T01:07:30Z z9=32000 z10=32000 z11=33000
2026-09-25T01:07:35Z z9=31000 z10=32000 z11=32000
2026-09-25T01:07:40Z z9=32000 z10=32000 z11=32000
2026-09-25T01:07:45Z z9=32000 z10=32000 z11=33000
2026-09-25T01:07:50Z z9=31000 z10=32000 z11=33000
2026-09-25T01:07:55Z z9=34000 z10=32000 z11=33000
2026-09-25T01:08:01Z z9=31000 z10=32000 z11=32000
2026-09-25T01:08:06Z z9=32000 z10=33000 z11=32000
2026-09-25T01:08:11Z z9=32000 z10=32000 z11=33000
2026-09-25T01:08:16Z z9=32000 z10=32000 z11=33000
2026-09-25T01:08:21Z z9=31000 z10=32000 z11=32000
2026-09-25T01:08:26Z z9=31000 z10=32000 z11=32000
2026-09-25T01:08:31Z z9=32000 z10=32000 z11=32000
2026-09-25T01:08:36Z z9=31000 z10=32000 z11=33000
2026-09-25T01:08:41Z z9=32000 z10=32000 z11=33000
2026-09-25T01:08:46Z z9=32000 z10=32000 z11=32000
2026-09-25T01:08:52Z z9=33000 z10=32000 z11=32000
2026-09-25T01:08:57Z z9=31000 z10=32000 z11=32000
2026-09-25T01:09:02Z z9=31000 z10=32000 z11=32000
2026-09-25T01:09:07Z z9=33000 z10=32000 z11=32000
2026-09-25T01:09:12Z z9=31000 z10=32000 z11=32000
2026-09-25T01:09:17Z z9=34000 z10=32000 z11=32000
2026-09-25T01:09:22Z z9=32000 z10=32000 z11=32000
2026-09-25T01:09:27Z z9=32000 z10=32000 z11=32000
2026-09-25T01:09:32Z z9=33000 z10=32000 z11=32000
2026-09-25T01:09:37Z z9=31000 z10=32000 z11=32000
2026-09-25T01:09:42Z z9=33000 z10=32000 z11=32000
2026-09-25T01:09:47Z z9=33000 z10=32000 z11=32000
2026-09-25T01:09:53Z z9=31000 z10=32000 z11=32000
2026-09-25T01:09:58Z z9=31000 z10=32000 z11=32000
2026-09-25T01:10:03Z z9=31000 z10=32000 z11=33000
2026-09-25T01:10:08Z z9=31000 z10=32000 z11=32000
2026-09-25T01:10:13Z z9=31000 z10=32000 z11=32000
2026-09-25T01:10:18Z z9=33000 z10=32000 z11=32000
2026-09-25T01:10:23Z z9=31000 z10=32000 z11=32000
2026-09-25T01:10:28Z z9=31000 z10=32000 z11=32000
2026-09-25T01:10:33Z z9=33000 z10=32000 z11=32000
2026-09-25T01:10:38Z z9=32000 z10=32000 z11=32000
2026-09-25T01:10:43Z z9=33000 z10=32000 z11=32000
2026-09-25T01:10:49Z z9=31000 z10=32000 z11=32000
2026-09-25T01:10:54Z z9=32000 z10=32000 z11=32000
2026-09-25T01:10:59Z z9=33000 z10=32000 z11=33000
2026-09-25T01:11:04Z z9=31000 z10=32000 z11=33000
2026-09-25T01:11:09Z z9=33000 z10=32000 z11=32000
2026-09-25T01:11:14Z z9=31000 z10=32000 z11=32000
2026-09-25T01:11:19Z z9=33000 z10=32000 z11=32000
2026-09-25T01:11:24Z z9=32000 z10=32000 z11=32000
2026-09-25T01:11:29Z z9=33000 z10=32000 z11=32000
2026-09-25T01:11:34Z z9=31000 z10=32000 z11=32000
2026-09-25T01:11:39Z z9=31000 z10=32000 z11=32000
2026-09-25T01:11:45Z z9=32000 z10=32000 z11=32000
2026-09-25T01:11:50Z z9=32000 z10=32000 z11=32000
2026-09-25T01:11:55Z z9=31000 z10=31000 z11=32000
2026-09-25T01:12:00Z z9=31000 z10=32000 z11=32000
2026-09-25T01:12:05Z z9=33000 z10=32000 z11=32000
2026-09-25T01:12:10Z z9=31000 z10=31000 z11=32000
2026-09-25T01:12:15Z z9=34000 z10=32000 z11=32000
2026-09-25T01:12:20Z z9=31000 z10=31000 z11=32000
2026-09-25T01:12:25Z z9=31000 z10=31000 z11=32000
2026-09-25T01:12:30Z z9=32000 z10=31000 z11=32000
2026-09-25T01:12:35Z z9=32000 z10=30000 z11=32000
2026-09-25T01:12:41Z z9=32000 z10=31000 z11=32000
2026-09-25T01:12:46Z z9=31000 z10=31000 z11=32000
2026-09-25T01:12:51Z z9=32000 z10=31000 z11=32000
2026-09-25T01:12:56Z z9=31000 z10=32000 z11=32000
2026-09-25T01:13:01Z z9=31000 z10=32000 z11=32000
2026-09-25T01:13:06Z z9=31000 z10=31000 z11=32000
2026-09-25T01:13:11Z z9=31000 z10=32000 z11=32000
2026-09-25T01:13:16Z z9=31000 z10=31000 z11=32000
2026-09-25T01:13:21Z z9=31000 z10=31000 z11=32000
2026-09-25T01:13:26Z z9=31000 z10=31000 z11=32000
2026-09-25T01:13:31Z z9=31000 z10=31000 z11=32000
2026-09-25T01:13:36Z z9=32000 z10=31000 z11=32000
2026-09-25T01:13:42Z z9=30000 z10=32000 z11=32000
2026-09-25T01:13:47Z z9=32000 z10=31000 z11=32000
2026-09-25T01:13:52Z z9=31000 z10=32000 z11=32000
2026-09-25T01:13:57Z z9=32000 z10=31000 z11=32000
2026-09-25T01:14:02Z z9=31000 z10=32000 z11=32000
2026-09-25T01:14:07Z z9=32000 z10=31000 z11=32000
2026-09-25T01:14:12Z z9=32000 z10=31000 z11=31000
2026-09-25T01:14:17Z z9=33000 z10=31000 z11=31000
2026-09-25T01:14:22Z z9=32000 z10=31000 z11=32000
2026-09-25T01:14:27Z z9=31000 z10=31000 z11=31000
2026-09-25T01:14:32Z z9=30000 z10=31000 z11=32000
2026-09-25T01:14:38Z z9=33000 z10=31000 z11=31000
2026-09-25T01:14:43Z z9=30000 z10=31000 z11=32000
2026-09-25T01:14:48Z z9=31000 z10=31000 z11=32000
2026-09-25T01:14:53Z z9=30000 z10=31000 z11=31000
2026-09-25T01:14:58Z z9=30000 z10=31000 z11=32000
2026-09-25T01:15:03Z z9=32000 z10=31000 z11=32000
2026-09-25T01:15:08Z z9=31000 z10=31000 z11=32000
2026-09-25T01:15:13Z z9=30000 z10=31000 z11=31000
2026-09-25T01:15:18Z z9=31000 z10=32000 z11=32000
2026-09-25T01:15:23Z z9=32000 z10=32000 z11=32000
2026-09-25T01:15:28Z z9=32000 z10=31000 z11=32000
2026-09-25T01:15:34Z z9=31000 z10=32000 z11=32000
2026-09-25T01:15:39Z z9=32000 z10=31000 z11=32000
2026-09-25T01:15:44Z z9=31000 z10=31000 z11=32000
2026-09-25T01:15:49Z z9=33000 z10=31000 z11=32000
2026-09-25T01:15:54Z z9=30000 z10=31000 z11=32000
2026-09-25T01:15:59Z z9=32000 z10=31000 z11=32000
2026-09-25T01:16:04Z z9=32000 z10=31000 z11=32000
2026-09-25T01:16:09Z z9=31000 z10=31000 z11=32000
2026-09-25T01:16:14Z z9=30000 z10=32000 z11=32000
2026-09-25T01:16:19Z z9=30000 z10=31000 z11=31000
2026-09-25T01:16:24Z z9=32000 z10=30000 z11=32000
2026-09-25T01:16:29Z z9=31000 z10=31000 z11=31000
2026-09-25T01:16:35Z z9=32000 z10=31000 z11=31000
2026-09-25T01:16:40Z z9=31000 z10=30000 z11=32000
2026-09-25T01:16:45Z z9=32000 z10=31000 z11=31000
2026-09-25T01:16:50Z z9=33000 z10=31000 z11=32000
2026-09-25T01:16:55Z z9=30000 z10=30000 z11=31000
2026-09-25T01:17:00Z z9=33000 z10=32000 z11=31000
2026-09-25T01:17:05Z z9=32000 z10=31000 z11=32000
2026-09-25T01:17:10Z z9=32000 z10=31000 z11=32000
2026-09-25T01:17:15Z z9=31000 z10=31000 z11=31000
2026-09-25T01:17:20Z z9=33000 z10=32000 z11=31000
2026-09-25T01:17:25Z z9=30000 z10=31000 z11=32000
2026-09-25T01:17:31Z z9=32000 z10=30000 z11=32000
2026-09-25T01:17:36Z z9=30000 z10=32000 z11=31000
2026-09-25T01:17:41Z z9=30000 z10=32000 z11=32000
2026-09-25T01:17:46Z z9=32000 z10=31000 z11=31000
2026-09-25T01:17:51Z z9=30000 z10=31000 z11=31000
2026-09-25T01:17:56Z z9=32000 z10=31000 z11=31000
2026-09-25T01:18:01Z z9=32000 z10=31000 z11=32000
2026-09-25T01:18:06Z z9=30000 z10=31000 z11=31000
2026-09-25T01:18:11Z z9=32000 z10=31000 z11=31000
2026-09-25T01:18:16Z z9=33000 z10=32000 z11=31000
2026-09-25T01:18:21Z z9=32000 z10=30000 z11=31000
2026-09-25T01:18:26Z z9=33000 z10=31000 z11=31000
2026-09-25T01:18:32Z z9=33000 z10=30000 z11=32000
2026-09-25T01:18:37Z z9=30000 z10=30000 z11=31000
2026-09-25T01:18:42Z z9=33000 z10=31000 z11=32000
2026-09-25T01:18:47Z z9=32000 z10=30000 z11=32000
2026-09-25T01:18:52Z z9=32000 z10=30000 z11=31000
2026-09-25T01:18:57Z z9=30000 z10=30000 z11=31000
2026-09-25T01:19:02Z z9=30000 z10=32000 z11=31000
2026-09-25T01:19:07Z z9=30000 z10=31000 z11=30000
2026-09-25T01:19:12Z z9=30000 z10=30000 z11=31000
2026-09-25T01:19:17Z z9=32000 z10=31000 z11=31000
2026-09-25T01:19:22Z z9=31000 z10=30000 z11=31000
2026-09-25T01:19:27Z z9=32000 z10=30000 z11=32000
2026-09-25T01:19:33Z z9=30000 z10=30000 z11=31000
2026-09-25T01:19:38Z z9=32000 z10=30000 z11=30000
2026-09-25T01:19:43Z z9=32000 z10=30000 z11=31000
2026-09-25T01:19:48Z z9=31000 z10=30000 z11=31000
2026-09-25T01:19:53Z z9=31000 z10=30000 z11=31000
2026-09-25T01:19:58Z z9=30000 z10=31000 z11=31000
2026-09-25T01:20:03Z z9=33000 z10=32000 z11=31000
2026-09-25T01:20:08Z z9=32000 z10=31000 z11=30000
2026-09-25T01:20:13Z z9=30000 z10=30000 z11=30000
2026-09-25T01:20:18Z z9=30000 z10=31000 z11=31000
2026-09-25T01:20:23Z z9=30000 z10=30000 z11=31000
2026-09-25T01:20:29Z z9=30000 z10=31000 z11=31000
2026-09-25T01:20:34Z z9=30000 z10=31000 z11=31000
2026-09-25T01:20:39Z z9=30000 z10=31000 z11=31000
2026-09-25T01:20:44Z z9=30000 z10=30000 z11=31000
2026-09-25T01:20:49Z z9=30000 z10=31000 z11=32000
2026-09-25T01:20:54Z z9=30000 z10=31000 z11=31000
2026-09-25T01:20:59Z z9=30000 z10=31000 z11=31000
2026-09-25T01:21:04Z z9=32000 z10=30000 z11=31000
2026-09-25T01:21:09Z z9=31000 z10=30000 z11=31000
2026-09-25T01:21:14Z z9=33000 z10=31000 z11=31000
2026-09-25T01:21:19Z z9=30000 z10=30000 z11=31000
2026-09-25T01:21:24Z z9=30000 z10=30000 z11=31000
2026-09-25T01:21:30Z z9=30000 z10=30000 z11=31000
2026-09-25T01:21:35Z z9=31000 z10=30000 z11=31000
2026-09-25T01:21:40Z z9=32000 z10=30000 z11=30000
2026-09-25T01:21:45Z z9=32000 z10=32000 z11=31000
2026-09-25T01:21:50Z z9=30000 z10=30000 z11=31000
2026-09-25T01:21:55Z z9=31000 z10=32000 z11=32000
2026-09-25T01:22:00Z z9=33000 z10=31000 z11=31000
2026-09-25T01:22:05Z z9=30000 z10=31000 z11=31000
2026-09-25T01:22:10Z z9=30000 z10=30000 z11=31000
2026-09-25T01:22:15Z z9=31000 z10=30000 z11=31000
2026-09-25T01:22:20Z z9=32000 z10=30000 z11=30000
2026-09-25T01:22:26Z z9=30000 z10=30000 z11=30000
2026-09-25T01:22:31Z z9=32000 z10=30000 z11=31000
2026-09-25T01:22:36Z z9=32000 z10=30000 z11=31000
2026-09-25T01:22:41Z z9=30000 z10=30000 z11=32000
2026-09-25T01:22:46Z z9=31000 z10=30000 z11=30000
2026-09-25T01:22:51Z z9=30000 z10=30000 z11=30000
2026-09-25T01:22:56Z z9=30000 z10=30000 z11=31000
2026-09-25T01:23:01Z z9=30000 z10=30000 z11=31000
2026-09-25T01:23:06Z z9=30000 z10=30000 z11=31000
2026-09-25T01:23:11Z z9=30000 z10=31000 z11=30000
2026-09-25T01:23:17Z z9=30000 z10=30000 z11=30000
2026-09-25T01:23:22Z z9=31000 z10=30000 z11=31000
2026-09-25T01:23:27Z z9=30000 z10=30000 z11=30000
2026-09-25T01:23:32Z z9=31000 z10=30000 z11=30000
2026-09-25T01:23:37Z z9=32000 z10=30000 z11=31000
2026-09-25T01:23:42Z z9=30000 z10=30000 z11=30000
2026-09-25T01:23:47Z z9=31000 z10=30000 z11=30000
2026-09-25T01:23:52Z z9=30000 z10=30000 z11=31000
2026-09-25T01:23:57Z z9=32000 z10=30000 z11=30000
2026-09-25T01:24:02Z z9=30000 z10=30000 z11=30000
2026-09-25T01:24:07Z z9=30000 z10=30000 z11=30000
2026-09-25T01:24:12Z z9=32000 z10=30000 z11=30000
2026-09-25T01:24:17Z z9=31000 z10=30000 z11=30000
2026-09-25T01:24:23Z z9=32000 z10=30000 z11=30000
2026-09-25T01:24:28Z z9=30000 z10=30000 z11=30000
2026-09-25T01:24:33Z z9=31000 z10=30000 z11=31000
2026-09-25T01:24:38Z z9=30000 z10=30000 z11=31000
2026-09-25T01:24:43Z z9=29000 z10=30000 z11=30000
2026-09-25T01:24:48Z z9=31000 z10=30000 z11=30000
2026-09-25T01:24:53Z z9=30000 z10=30000 z11=30000
2026-09-25T01:24:58Z z9=30000 z10=30000 z11=30000
2026-09-25T01:25:03Z z9=31000 z10=30000 z11=30000
2026-09-25T01:25:08Z z9=30000 z10=30000 z11=31000
2026-09-25T01:25:13Z z9=30000 z10=31000 z11=30000
2026-09-25T01:25:19Z z9=29000 z10=30000 z11=30000
2026-09-25T01:25:24Z z9=30000 z10=30000 z11=30000
2026-09-25T01:25:29Z z9=30000 z10=30000 z11=30000
2026-09-25T01:25:34Z z9=31000 z10=30000 z11=31000
2026-09-25T01:25:39Z z9=30000 z10=30000 z11=30000
2026-09-25T01:25:44Z z9=30000 z10=29000 z11=30000
2026-09-25T01:25:49Z z9=32000 z10=30000 z11=30000
2026-09-25T01:25:54Z z9=29000 z10=30000 z11=30000
2026-09-25T01:25:59Z z9=29000 z10=30000 z11=30000
2026-09-25T01:26:04Z z9=30000 z10=30000 z11=31000
2026-09-25T01:26:09Z z9=30000 z10=30000 z11=30000
2026-09-25T01:26:15Z z9=31000 z10=30000 z11=30000
2026-09-25T01:26:20Z z9=32000 z10=29000 z11=30000
2026-09-25T01:26:25Z z9=31000 z10=30000 z11=30000
2026-09-25T01:26:30Z z9=30000 z10=30000 z11=30000
2026-09-25T01:26:35Z z9=30000 z10=30000 z11=30000
2026-09-25T01:26:40Z z9=31000 z10=30000 z11=31000
2026-09-25T01:26:45Z z9=29000 z10=30000 z11=30000
2026-09-25T01:26:50Z z9=30000 z10=30000 z11=30000
2026-09-25T01:26:55Z z9=30000 z10=30000 z11=30000
2026-09-25T01:27:00Z z9=31000 z10=30000 z11=30000
2026-09-25T01:27:05Z z9=30000 z10=30000 z11=30000
2026-09-25T01:27:11Z z9=29000 z10=30000 z11=30000
2026-09-25T01:27:16Z z9=30000 z10=30000 z11=30000
2026-09-25T01:27:21Z z9=31000 z10=30000 z11=30000
2026-09-25T01:27:26Z z9=29000 z10=30000 z11=30000
2026-09-25T01:27:31Z z9=30000 z10=29000 z11=30000
2026-09-25T01:27:36Z z9=33000 z10=30000 z11=31000
2026-09-25T01:27:41Z z9=29000 z10=30000 z11=30000
2026-09-25T01:27:46Z z9=30000 z10=30000 z11=30000
2026-09-25T01:27:51Z z9=31000 z10=30000 z11=30000
2026-09-25T01:27:56Z z9=29000 z10=30000 z11=30000
2026-09-25T01:28:01Z z9=29000 z10=29000 z11=30000
2026-09-25T01:28:06Z z9=29000 z10=30000 z11=30000
2026-09-25T01:28:12Z z9=30000 z10=30000 z11=30000
2026-09-25T01:28:17Z z9=31000 z10=30000 z11=30000
2026-09-25T01:28:22Z z9=30000 z10=30000 z11=30000
2026-09-25T01:28:27Z z9=31000 z10=30000 z11=30000
2026-09-25T01:28:32Z z9=32000 z10=30000 z11=30000
2026-09-25T01:28:37Z z9=30000 z10=30000 z11=30000
2026-09-25T01:28:42Z z9=29000 z10=30000 z11=30000
2026-09-25T01:28:47Z z9=30000 z10=30000 z11=30000
2026-09-25T01:28:52Z z9=31000 z10=30000 z11=30000
2026-09-25T01:28:57Z z9=30000 z10=30000 z11=31000
2026-09-25T01:29:02Z z9=29000 z10=30000 z11=30000
2026-09-25T01:29:07Z z9=30000 z10=30000 z11=30000
2026-09-25T01:29:13Z z9=30000 z10=29000 z11=30000
2026-09-25T01:29:18Z z9=30000 z10=29000 z11=30000
2026-09-25T01:29:23Z z9=31000 z10=30000 z11=30000
2026-09-25T01:29:28Z z9=30000 z10=30000 z11=30000
2026-09-25T01:29:33Z z9=30000 z10=30000 z11=30000
2026-09-25T01:29:38Z z9=30000 z10=30000 z11=30000
2026-09-25T01:29:43Z z9=30000 z10=30000 z11=30000
2026-09-25T01:29:48Z z9=29000 z10=30000 z11=30000
2026-09-25T01:29:53Z z9=29000 z10=29000 z11=30000
2026-09-25T01:29:58Z z9=29000 z10=29000 z11=30000
2026-09-25T01:30:03Z z9=31000 z10=30000 z11=30000
2026-09-25T01:30:08Z z9=29000 z10=30000 z11=30000
2026-09-25T01:30:14Z z9=32000 z10=30000 z11=31000
2026-09-25T01:30:19Z z9=30000 z10=30000 z11=30000
2026-09-25T01:30:24Z z9=30000 z10=29000 z11=30000
2026-09-25T01:30:29Z z9=30000 z10=29000 z11=30000
2026-09-25T01:30:34Z z9=30000 z10=30000 z11=30000
2026-09-25T01:30:39Z z9=31000 z10=30000 z11=30000
2026-09-25T01:30:44Z z9=29000 z10=30000 z11=30000
2026-09-25T01:30:49Z z9=30000 z10=29000 z11=30000
2026-09-25T01:30:54Z z9=30000 z10=30000 z11=30000
2026-09-25T01:30:59Z z9=30000 z10=30000 z11=31000
2026-09-25T01:31:04Z z9=31000 z10=30000 z11=30000
2026-09-25T01:31:10Z z9=31000 z10=30000 z11=30000
2026-09-25T01:31:15Z z9=31000 z10=30000 z11=30000
2026-09-25T01:31:20Z z9=30000 z10=30000 z11=31000
2026-09-25T01:31:25Z z9=32000 z10=30000 z11=30000
2026-09-25T01:31:30Z z9=32000 z10=30000 z11=31000
2026-09-25T01:31:35Z z9=29000 z10=30000 z11=30000
2026-09-25T01:31:40Z z9=29000 z10=30000 z11=30000
2026-09-25T01:31:45Z z9=30000 z10=30000 z11=30000
2026-09-25T01:31:50Z z9=30000 z10=30000 z11=30000
2026-09-25T01:31:55Z z9=29000 z10=30000 z11=30000
2026-09-25T01:32:01Z z9=31000 z10=30000 z11=30000
2026-09-25T01:32:06Z z9=31000 z10=30000 z11=30000
2026-09-25T01:32:11Z z9=30000 z10=30000 z11=30000
2026-09-25T01:32:16Z z9=30000 z10=30000 z11=30000
2026-09-25T01:32:21Z z9=30000 z10=29000 z11=30000
2026-09-25T01:32:26Z z9=30000 z10=30000 z11=30000
2026-09-25T01:32:31Z z9=30000 z10=29000 z11=30000
2026-09-25T01:32:36Z z9=31000 z10=30000 z11=30000
2026-09-25T01:32:41Z z9=32000 z10=30000 z11=30000
2026-09-25T01:32:46Z z9=30000 z10=30000 z11=30000
2026-09-25T01:32:51Z z9=31000 z10=30000 z11=30000
2026-09-25T01:32:57Z z9=30000 z10=30000 z11=30000
2026-09-25T01:33:02Z z9=32000 z10=30000 z11=30000
2026-09-25T01:33:07Z z9=31000 z10=29000 z11=30000
2026-09-25T01:33:12Z z9=30000 z10=29000 z11=30000
2026-09-25T01:33:17Z z9=30000 z10=29000 z11=30000
2026-09-25T01:33:22Z z9=29000 z10=29000 z11=29000
2026-09-25T01:33:27Z z9=29000 z10=29000 z11=30000
2026-09-25T01:33:32Z z9=30000 z10=29000 z11=30000
2026-09-25T01:33:37Z z9=30000 z10=29000 z11=30000
2026-09-25T01:33:42Z z9=30000 z10=29000 z11=30000
2026-09-25T01:33:48Z z9=29000 z10=30000 z11=30000
2026-09-25T01:33:53Z z9=29000 z10=29000 z11=30000
2026-09-25T01:33:58Z z9=31000 z10=30000 z11=30000
2026-09-25T01:34:03Z z9=32000 z10=29000 z11=30000
2026-09-25T01:34:08Z z9=30000 z10=29000 z11=30000
2026-09-25T01:34:13Z z9=30000 z10=29000 z11=30000
2026-09-25T01:34:18Z z9=30000 z10=29000 z11=30000
2026-09-25T01:34:23Z z9=30000 z10=30000 z11=30000
2026-09-25T01:34:28Z z9=31000 z10=29000 z11=30000
2026-09-25T01:34:33Z z9=29000 z10=30000 z11=30000
2026-09-25T01:34:38Z z9=29000 z10=29000 z11=29000
2026-09-25T01:34:43Z z9=29000 z10=29000 z11=30000
2026-09-25T01:34:49Z z9=29000 z10=29000 z11=30000
2026-09-25T01:34:54Z z9=29000 z10=29000 z11=30000
2026-09-25T01:34:59Z z9=30000 z10=29000 z11=29000
2026-09-25T01:35:04Z z9=29000 z10=29000 z11=30000
2026-09-25T01:35:09Z z9=29000 z10=29000 z11=30000
2026-09-25T01:35:14Z z9=31000 z10=29000 z11=30000
2026-09-25T01:35:19Z z9=29000 z10=29000 z11=30000
2026-09-25T01:35:24Z z9=29000 z10=29000 z11=30000
2026-09-25T01:35:29Z z9=29000 z10=30000 z11=30000
2026-09-25T01:35:34Z z9=30000 z10=29000 z11=29000
2026-09-25T01:35:40Z z9=29000 z10=29000 z11=30000
2026-09-25T01:35:45Z z9=29000 z10=29000 z11=30000
2026-09-25T01:35:50Z z9=30000 z10=29000 z11=30000
2026-09-25T01:35:55Z z9=29000 z10=29000 z11=30000
2026-09-25T01:36:00Z z9=29000 z10=30000 z11=30000
2026-09-25T01:36:05Z z9=30000 z10=29000 z11=30000
2026-09-25T01:36:10Z z9=29000 z10=29000 z11=30000
2026-09-25T01:36:15Z z9=29000 z10=29000 z11=30000
2026-09-25T01:36:20Z z9=29000 z10=29000 z11=30000
2026-09-25T01:36:25Z z9=31000 z10=29000 z11=30000
2026-09-25T01:36:30Z z9=29000 z10=29000 z11=30000
2026-09-25T01:36:35Z z9=30000 z10=29000 z11=30000
2026-09-25T01:36:41Z z9=29000 z10=29000 z11=29000
2026-09-25T01:36:46Z z9=29000 z10=29000 z11=30000
2026-09-25T01:36:51Z z9=29000 z10=29000 z11=30000
2026-09-25T01:36:56Z z9=30000 z10=29000 z11=30000
2026-09-25T01:37:01Z z9=29000 z10=29000 z11=30000
2026-09-25T01:37:06Z z9=29000 z10=29000 z11=30000
2026-09-25T01:37:11Z z9=29000 z10=29000 z11=30000
2026-09-25T01:37:16Z z9=29000 z10=30000 z11=30000
2026-09-25T01:37:21Z z9=29000 z10=29000 z11=29000
2026-09-25T01:37:26Z z9=30000 z10=29000 z11=29000
2026-09-25T01:37:32Z z9=29000 z10=29000 z11=29000
2026-09-25T01:37:37Z z9=29000 z10=29000 z11=29000
2026-09-25T01:37:42Z z9=30000 z10=29000 z11=30000
2026-09-25T01:37:47Z z9=29000 z10=29000 z11=30000
2026-09-25T01:37:52Z z9=30000 z10=29000 z11=30000
2026-09-25T01:37:57Z z9=29000 z10=29000 z11=29000
2026-09-25T01:38:02Z z9=29000 z10=29000 z11=29000
2026-09-25T01:38:07Z z9=29000 z10=29000 z11=29000
2026-09-25T01:38:12Z z9=31000 z10=29000 z11=29000
2026-09-25T01:38:17Z z9=29000 z10=29000 z11=29000
2026-09-25T01:38:22Z z9=30000 z10=29000 z11=30000
2026-09-25T01:38:27Z z9=29000 z10=30000 z11=30000
2026-09-25T01:38:33Z z9=29000 z10=30000 z11=29000
2026-09-25T01:38:38Z z9=30000 z10=29000 z11=29000
2026-09-25T01:38:43Z z9=29000 z10=29000 z11=29000
2026-09-25T01:38:48Z z9=29000 z10=29000 z11=29000
2026-09-25T01:38:53Z z9=31000 z10=29000 z11=29000
2026-09-25T01:38:58Z z9=29000 z10=29000 z11=30000
2026-09-25T01:39:03Z z9=29000 z10=29000 z11=29000
2026-09-25T01:39:08Z z9=29000 z10=29000 z11=29000
2026-09-25T01:39:13Z z9=31000 z10=29000 z11=29000
2026-09-25T01:39:18Z z9=30000 z10=29000 z11=29000
2026-09-25T01:39:23Z z9=29000 z10=29000 z11=29000
2026-09-25T01:39:28Z z9=30000 z10=29000 z11=29000
2026-09-25T01:39:34Z z9=29000 z10=29000 z11=29000
2026-09-25T01:39:39Z z9=29000 z10=29000 z11=29000
2026-09-25T01:39:44Z z9=29000 z10=29000 z11=29000
2026-09-25T01:39:49Z z9=29000 z10=29000 z11=29000
2026-09-25T01:39:54Z z9=29000 z10=29000 z11=30000
2026-09-25T01:39:59Z z9=29000 z10=29000 z11=28000
2026-09-25T01:40:04Z z9=29000 z10=29000 z11=29000
2026-09-25T01:40:09Z z9=29000 z10=29000 z11=29000
2026-09-25T01:40:14Z z9=29000 z10=30000 z11=30000
2026-09-25T01:40:19Z z9=29000 z10=30000 z11=29000
2026-09-25T01:40:24Z z9=30000 z10=29000 z11=29000
2026-09-25T01:40:29Z z9=29000 z10=29000 z11=29000
2026-09-25T01:40:35Z z9=29000 z10=29000 z11=29000
2026-09-25T01:40:40Z z9=28000 z10=29000 z11=29000
2026-09-25T01:40:45Z z9=29000 z10=29000 z11=29000
2026-09-25T01:40:50Z z9=30000 z10=28000 z11=29000
2026-09-25T01:40:55Z z9=29000 z10=29000 z11=29000
2026-09-25T01:41:00Z z9=29000 z10=29000 z11=29000
2026-09-25T01:41:05Z z9=29000 z10=29000 z11=29000
2026-09-25T01:41:10Z z9=30000 z10=29000 z11=29000
2026-09-25T01:41:15Z z9=29000 z10=30000 z11=30000
2026-09-25T01:41:20Z z9=29000 z10=29000 z11=30000
2026-09-25T01:41:26Z z9=30000 z10=30000 z11=31000
2026-09-25T01:41:31Z z9=30000 z10=29000 z11=29000
2026-09-25T01:41:36Z z9=29000 z10=29000 z11=29000
2026-09-25T01:41:41Z z9=28000 z10=29000 z11=29000
2026-09-25T01:41:46Z z9=29000 z10=29000 z11=30000
2026-09-25T01:41:51Z z9=29000 z10=28000 z11=30000
2026-09-25T01:41:56Z z9=28000 z10=29000 z11=29000
2026-09-25T01:42:01Z z9=29000 z10=29000 z11=29000
2026-09-25T01:42:06Z z9=31000 z10=29000 z11=29000
2026-09-25T01:42:11Z z9=28000 z10=29000 z11=29000
2026-09-25T01:42:16Z z9=29000 z10=28000 z11=29000
2026-09-25T01:42:21Z z9=31000 z10=29000 z11=29000
2026-09-25T01:42:27Z z9=30000 z10=29000 z11=29000
2026-09-25T01:42:32Z z9=30000 z10=28000 z11=29000
2026-09-25T01:42:37Z z9=29000 z10=29000 z11=29000
2026-09-25T01:42:42Z z9=29000 z10=29000 z11=29000
2026-09-25T01:42:47Z z9=29000 z10=29000 z11=29000
2026-09-25T01:42:52Z z9=29000 z10=29000 z11=29000
2026-09-25T01:42:57Z z9=29000 z10=29000 z11=29000
2026-09-25T01:43:02Z z9=29000 z10=29000 z11=29000
2026-09-25T01:43:07Z z9=28000 z10=28000 z11=29000
2026-09-25T01:43:12Z z9=29000 z10=29000 z11=29000
2026-09-25T01:43:17Z z9=30000 z10=29000 z11=29000
2026-09-25T01:43:23Z z9=29000 z10=29000 z11=29000
2026-09-25T01:43:28Z z9=28000 z10=29000 z11=29000
2026-09-25T01:43:33Z z9=28000 z10=29000 z11=29000
2026-09-25T01:43:38Z z9=28000 z10=29000 z11=29000
2026-09-25T01:43:43Z z9=29000 z10=29000 z11=29000
2026-09-25T01:43:48Z z9=28000 z10=29000 z11=29000
2026-09-25T01:43:53Z z9=31000 z10=29000 z11=30000
2026-09-25T01:43:58Z z9=28000 z10=29000 z11=29000
2026-09-25T01:44:03Z z9=29000 z10=29000 z11=29000
2026-09-25T01:44:08Z z9=30000 z10=29000 z11=29000
2026-09-25T01:44:13Z z9=29000 z10=29000 z11=29000
2026-09-25T01:44:19Z z9=28000 z10=29000 z11=29000
2026-09-25T01:44:24Z z9=28000 z10=29000 z11=29000
2026-09-25T01:44:29Z z9=29000 z10=28000 z11=29000
2026-09-25T01:44:34Z z9=28000 z10=29000 z11=29000
2026-09-25T01:44:39Z z9=31000 z10=29000 z11=29000
2026-09-25T01:44:44Z z9=28000 z10=29000 z11=29000
2026-09-25T01:44:49Z z9=28000 z10=29000 z11=29000
2026-09-25T01:44:54Z z9=29000 z10=29000 z11=29000
2026-09-25T01:44:59Z z9=30000 z10=29000 z11=29000
2026-09-25T01:45:04Z z9=29000 z10=29000 z11=29000
2026-09-25T01:45:09Z z9=28000 z10=28000 z11=29000
2026-09-25T01:45:15Z z9=30000 z10=29000 z11=29000
2026-09-25T01:45:20Z z9=28000 z10=29000 z11=29000
2026-09-25T01:45:25Z z9=31000 z10=29000 z11=29000
2026-09-25T01:45:30Z z9=28000 z10=29000 z11=29000
2026-09-25T01:45:35Z z9=28000 z10=29000 z11=29000
2026-09-25T01:45:40Z z9=28000 z10=28000 z11=29000
2026-09-25T01:45:45Z z9=28000 z10=28000 z11=29000
2026-09-25T01:45:50Z z9=30000 z10=30000 z11=32000
2026-09-25T01:45:55Z z9=29000 z10=29000 z11=30000
2026-09-25T01:46:00Z z9=30000 z10=29000 z11=30000
2026-09-25T01:46:05Z z9=31000 z10=29000 z11=29000
2026-09-25T01:46:11Z z9=29000 z10=29000 z11=30000
2026-09-25T01:46:16Z z9=29000 z10=29000 z11=29000
2026-09-25T01:46:21Z z9=30000 z10=29000 z11=30000
2026-09-25T01:46:26Z z9=29000 z10=29000 z11=29000
2026-09-25T01:46:31Z z9=29000 z10=29000 z11=29000
2026-09-25T01:46:36Z z9=28000 z10=29000 z11=29000
2026-09-25T01:46:41Z z9=29000 z10=29000 z11=29000
2026-09-25T01:46:46Z z9=29000 z10=28000 z11=29000
2026-09-25T01:46:51Z z9=30000 z10=29000 z11=29000
2026-09-25T01:46:56Z z9=28000 z10=28000 z11=29000
2026-09-25T01:47:01Z z9=28000 z10=28000 z11=29000
2026-09-25T01:47:06Z z9=29000 z10=28000 z11=29000
2026-09-25T01:47:12Z z9=30000 z10=29000 z11=29000
2026-09-25T01:47:17Z z9=29000 z10=29000 z11=29000
2026-09-25T01:47:22Z z9=29000 z10=28000 z11=29000
2026-09-25T01:47:27Z z9=28000 z10=29000 z11=29000
2026-09-25T01:47:32Z z9=28000 z10=28000 z11=28000
2026-09-25T01:47:37Z z9=28000 z10=29000 z11=29000
2026-09-25T01:47:42Z z9=29000 z10=29000 z11=29000
2026-09-25T01:47:47Z z9=28000 z10=28000 z11=29000
2026-09-25T01:47:52Z z9=28000 z10=29000 z11=29000
2026-09-25T01:47:57Z z9=29000 z10=28000 z11=29000
2026-09-25T01:48:03Z z9=28000 z10=29000 z11=29000
2026-09-25T01:48:08Z z9=29000 z10=29000 z11=29000
2026-09-25T01:48:13Z z9=29000 z10=28000 z11=29000
2026-09-25T01:48:18Z z9=29000 z10=28000 z11=29000
2026-09-25T01:48:23Z z9=28000 z10=29000 z11=29000
2026-09-25T01:48:28Z z9=30000 z10=29000 z11=29000
2026-09-25T01:48:33Z z9=29000 z10=28000 z11=29000
2026-09-25T01:48:38Z z9=29000 z10=29000 z11=29000
2026-09-25T01:48:43Z z9=28000 z10=28000 z11=29000
2026-09-25T01:48:48Z z9=28000 z10=28000 z11=29000
2026-09-25T01:48:53Z z9=29000 z10=29000 z11=29000
2026-09-25T01:48:59Z z9=28000 z10=28000 z11=29000
2026-09-25T01:49:04Z z9=29000 z10=29000 z11=29000
2026-09-25T01:49:09Z z9=28000 z10=28000 z11=29000
2026-09-25T01:49:14Z z9=28000 z10=29000 z11=29000
2026-09-25T01:49:19Z z9=29000 z10=28000 z11=29000
2026-09-25T01:49:24Z z9=29000 z10=29000 z11=29000
2026-09-25T01:49:29Z z9=30000 z10=28000 z11=29000
2026-09-25T01:49:34Z z9=28000 z10=28000 z11=29000
2026-09-25T01:49:39Z z9=28000 z10=29000 z11=29000
2026-09-25T01:49:44Z z9=31000 z10=29000 z11=29000
2026-09-25T01:49:49Z z9=28000 z10=29000 z11=29000
2026-09-25T01:49:55Z z9=29000 z10=29000 z11=29000
2026-09-25T01:50:00Z z9=29000 z10=29000 z11=29000
2026-09-25T01:50:05Z z9=29000 z10=29000 z11=29000
2026-09-25T01:50:10Z z9=31000 z10=29000 z11=29000
2026-09-25T01:50:15Z z9=28000 z10=29000 z11=29000
2026-09-25T01:50:20Z z9=28000 z10=29000 z11=29000
2026-09-25T01:50:25Z z9=30000 z10=29000 z11=29000
2026-09-25T01:50:30Z z9=30000 z10=29000 z11=29000
2026-09-25T01:50:35Z z9=28000 z10=29000 z11=29000
2026-09-25T01:50:40Z z9=28000 z10=29000 z11=29000
2026-09-25T01:50:45Z z9=28000 z10=28000 z11=29000
2026-09-25T01:50:51Z z9=31000 z10=28000 z11=29000
2026-09-25T01:50:56Z z9=29000 z10=28000 z11=29000
2026-09-25T01:51:01Z z9=28000 z10=28000 z11=29000
2026-09-25T01:51:06Z z9=30000 z10=29000 z11=29000
2026-09-25T01:51:11Z z9=28000 z10=29000 z11=29000
2026-09-25T01:51:16Z z9=28000 z10=28000 z11=29000
2026-09-25T01:51:21Z z9=28000 z10=29000 z11=30000
2026-09-25T01:51:26Z z9=29000 z10=29000 z11=30000
2026-09-25T01:51:31Z z9=28000 z10=29000 z11=29000
2026-09-25T01:51:36Z z9=29000 z10=29000 z11=29000
2026-09-25T01:51:41Z z9=28000 z10=29000 z11=29000
2026-09-25T01:51:46Z z9=29000 z10=29000 z11=29000
2026-09-25T01:51:52Z z9=28000 z10=28000 z11=29000
2026-09-25T01:51:57Z z9=28000 z10=29000 z11=29000
2026-09-25T01:52:02Z z9=28000 z10=28000 z11=29000
2026-09-25T01:52:07Z z9=29000 z10=29000 z11=29000
2026-09-25T01:52:12Z z9=30000 z10=28000 z11=29000
2026-09-25T01:52:17Z z9=29000 z10=28000 z11=29000
2026-09-25T01:52:22Z z9=28000 z10=28000 z11=29000
2026-09-25T01:52:27Z z9=28000 z10=28000 z11=29000
2026-09-25T01:52:32Z z9=28000 z10=29000 z11=29000
2026-09-25T01:52:37Z z9=30000 z10=28000 z11=29000
2026-09-25T01:52:43Z z9=28000 z10=28000 z11=29000
2026-09-25T01:52:48Z z9=30000 z10=29000 z11=29000
2026-09-25T01:52:53Z z9=30000 z10=29000 z11=29000
2026-09-25T01:52:58Z z9=29000 z10=29000 z11=29000
2026-09-25T01:53:03Z z9=30000 z10=29000 z11=29000
2026-09-25T01:53:08Z z9=29000 z10=29000 z11=29000
2026-09-25T01:53:13Z z9=29000 z10=28000 z11=29000
2026-09-25T01:53:18Z z9=29000 z10=28000 z11=29000
2026-09-25T01:53:23Z z9=28000 z10=28000 z11=29000
2026-09-25T01:53:28Z z9=28000 z10=29000 z11=29000
2026-09-25T01:53:33Z z9=30000 z10=28000 z11=29000
2026-09-25T01:53:38Z z9=29000 z10=29000 z11=29000
2026-09-25T01:53:44Z z9=28000 z10=29000 z11=29000
2026-09-25T01:53:49Z z9=28000 z10=28000 z11=29000
2026-09-25T01:53:54Z z9=29000 z10=29000 z11=28000
2026-09-25T01:53:59Z z9=28000 z10=28000 z11=29000
2026-09-25T01:54:04Z z9=28000 z10=29000 z11=29000
2026-09-25T01:54:09Z z9=30000 z10=29000 z11=29000
2026-09-25T01:54:14Z z9=30000 z10=28000 z11=29000
2026-09-25T01:54:19Z z9=29000 z10=29000 z11=29000
2026-09-25T01:54:24Z z9=28000 z10=29000 z11=29000
2026-09-25T01:54:29Z z9=31000 z10=28000 z11=29000
2026-09-25T01:54:34Z z9=28000 z10=29000 z11=29000
2026-09-25T01:54:40Z z9=29000 z10=29000 z11=29000
2026-09-25T01:54:45Z z9=29000 z10=28000 z11=29000
2026-09-25T01:54:50Z z9=29000 z10=28000 z11=29000
2026-09-25T01:54:55Z z9=29000 z10=29000 z11=29000
2026-09-25T01:55:00Z z9=31000 z10=29000 z11=29000
2026-09-25T01:55:05Z z9=28000 z10=29000 z11=29000
2026-09-25T01:55:10Z z9=30000 z10=28000 z11=29000
2026-09-25T01:55:15Z z9=28000 z10=29000 z11=29000
2026-09-25T01:55:20Z z9=31000 z10=28000 z11=29000
2026-09-25T01:55:25Z z9=28000 z10=29000 z11=29000
2026-09-25T01:55:30Z z9=28000 z10=29000 z11=29000
2026-09-25T01:55:36Z z9=28000 z10=28000 z11=29000
2026-09-25T01:55:41Z z9=28000 z10=28000 z11=28000
2026-09-25T01:55:46Z z9=30000 z10=28000 z11=29000
2026-09-25T01:55:51Z z9=28000 z10=28000 z11=29000
2026-09-25T01:55:56Z z9=29000 z10=28000 z11=28000
2026-09-25T01:56:01Z z9=29000 z10=28000 z11=29000
2026-09-25T01:56:06Z z9=28000 z10=29000 z11=29000
2026-09-25T01:56:11Z z9=29000 z10=29000 z11=29000
2026-09-25T01:56:16Z z9=28000 z10=28000 z11=29000
2026-09-25T01:56:21Z z9=28000 z10=28000 z11=29000
2026-09-25T01:56:26Z z9=29000 z10=28000 z11=29000
2026-09-25T01:56:31Z z9=28000 z10=28000 z11=29000
2026-09-25T01:56:37Z z9=29000 z10=28000 z11=29000
2026-09-25T01:56:42Z z9=28000 z10=28000 z11=29000
2026-09-25T01:56:47Z z9=28000 z10=28000 z11=29000
2026-09-25T01:56:52Z z9=29000 z10=28000 z11=29000
2026-09-25T01:56:57Z z9=28000 z10=28000 z11=29000
2026-09-25T01:57:02Z z9=28000 z10=28000 z11=29000
2026-09-25T01:57:07Z z9=28000 z10=28000 z11=29000
2026-09-25T01:57:12Z z9=28000 z10=28000 z11=28000
2026-09-25T01:57:17Z z9=28000 z10=29000 z11=29000
2026-09-25T01:57:22Z z9=28000 z10=28000 z11=28000
2026-09-25T01:57:27Z z9=30000 z10=28000 z11=29000
2026-09-25T01:57:33Z z9=28000 z10=28000 z11=28000
2026-09-25T01:57:38Z z9=29000 z10=28000 z11=28000
2026-09-25T01:57:43Z z9=30000 z10=28000 z11=29000
2026-09-25T01:57:48Z z9=30000 z10=29000 z11=29000
2026-09-25T01:57:53Z z9=29000 z10=28000 z11=29000
2026-09-25T01:57:58Z z9=29000 z10=28000 z11=29000
2026-09-25T01:58:03Z z9=28000 z10=29000 z11=29000
2026-09-25T01:58:08Z z9=28000 z10=28000 z11=28000
2026-09-25T01:58:13Z z9=29000 z10=28000 z11=29000
2026-09-25T01:58:18Z z9=29000 z10=28000 z11=29000
2026-09-25T01:58:23Z z9=28000 z10=28000 z11=29000
2026-09-25T01:58:28Z z9=29000 z10=29000 z11=29000
2026-09-25T01:58:34Z z9=28000 z10=28000 z11=29000
2026-09-25T01:58:39Z z9=29000 z10=29000 z11=29000
2026-09-25T01:58:44Z z9=31000 z10=28000 z11=29000
2026-09-25T01:58:49Z z9=29000 z10=28000 z11=29000
2026-09-25T01:58:54Z z9=29000 z10=29000 z11=29000
2026-09-25T01:58:59Z z9=28000 z10=28000 z11=29000
2026-09-25T01:59:04Z z9=31000 z10=28000 z11=29000
2026-09-25T01:59:09Z z9=28000 z10=28000 z11=29000
2026-09-25T01:59:14Z z9=28000 z10=28000 z11=29000
2026-09-25T01:59:19Z z9=30000 z10=29000 z11=28000
2026-09-25T01:59:24Z z9=29000 z10=28000 z11=29000
2026-09-25T01:59:29Z z9=28000 z10=28000 z11=29000
2026-09-25T01:59:35Z z9=28000 z10=29000 z11=29000
2026-09-25T01:59:40Z z9=28000 z10=28000 z11=29000
2026-09-25T01:59:45Z z9=28000 z10=28000 z11=28000
2026-09-25T01:59:50Z z9=29000 z10=28000 z11=29000
2026-09-25T01:59:55Z z9=28000 z10=28000 z11=28000
2026-09-25T02:00:00Z z9=29000 z10=29000 z11=29000
2026-09-25T02:00:05Z z9=28000 z10=28000 z11=29000
2026-09-25T02:00:10Z z9=29000 z10=28000 z11=28000
2026-09-25T02:00:15Z z9=29000 z10=28000 z11=28000
2026-09-25T02:00:20Z z9=30000 z10=28000 z11=29000
2026-09-25T02:00:25Z z9=30000 z10=28000 z11=28000
2026-09-25T02:00:30Z z9=28000 z10=28000 z11=28000
2026-09-25T02:00:36Z z9=30000 z10=28000 z11=29000
2026-09-25T02:00:41Z z9=28000 z10=28000 z11=28000
2026-09-25T02:00:46Z z9=30000 z10=28000 z11=28000
2026-09-25T02:00:51Z z9=28000 z10=28000 z11=28000
2026-09-25T02:00:56Z z9=29000 z10=28000 z11=28000
2026-09-25T02:01:01Z z9=28000 z10=28000 z11=29000
2026-09-25T02:01:06Z z9=28000 z10=28000 z11=28000
2026-09-25T02:01:11Z z9=28000 z10=28000 z11=28000
2026-09-25T02:01:16Z z9=27000 z10=28000 z11=28000
2026-09-25T02:01:21Z z9=28000 z10=28000 z11=29000
2026-09-25T02:01:26Z z9=28000 z10=28000 z11=28000
2026-09-25T02:01:32Z z9=29000 z10=28000 z11=28000
2026-09-25T02:01:37Z z9=29000 z10=28000 z11=29000
2026-09-25T02:01:42Z z9=29000 z10=28000 z11=29000
2026-09-25T02:01:47Z z9=29000 z10=28000 z11=28000
2026-09-25T02:01:52Z z9=28000 z10=28000 z11=29000
2026-09-25T02:01:57Z z9=30000 z10=28000 z11=28000
2026-09-25T02:02:02Z z9=28000 z10=28000 z11=29000
2026-09-25T02:02:07Z z9=28000 z10=28000 z11=29000
2026-09-25T02:02:12Z z9=28000 z10=28000 z11=28000
2026-09-25T02:02:17Z z9=28000 z10=28000 z11=28000
2026-09-25T02:02:22Z z9=29000 z10=28000 z11=28000
2026-09-25T02:02:27Z z9=28000 z10=28000 z11=29000
2026-09-25T02:02:33Z z9=28000 z10=28000 z11=28000
2026-09-25T02:02:38Z z9=28000 z10=28000 z11=28000
2026-09-25T02:02:43Z z9=29000 z10=28000 z11=28000
2026-09-25T02:02:48Z z9=28000 z10=28000 z11=28000
2026-09-25T02:02:53Z z9=27000 z10=28000 z11=28000
2026-09-25T02:02:58Z z9=27000 z10=28000 z11=29000
2026-09-25T02:03:03Z z9=29000 z10=28000 z11=28000
2026-09-25T02:03:08Z z9=28000 z10=28000 z11=28000
2026-09-25T02:03:13Z z9=29000 z10=28000 z11=29000
2026-09-25T02:03:18Z z9=30000 z10=28000 z11=28000
2026-09-25T02:03:23Z z9=28000 z10=28000 z11=28000
2026-09-25T02:03:28Z z9=29000 z10=28000 z11=29000
2026-09-25T02:03:34Z z9=27000 z10=28000 z11=28000
2026-09-25T02:03:39Z z9=28000 z10=28000 z11=28000
2026-09-25T02:03:44Z z9=30000 z10=28000 z11=28000
2026-09-25T02:03:49Z z9=28000 z10=28000 z11=28000
2026-09-25T02:03:54Z z9=27000 z10=28000 z11=28000
2026-09-25T02:03:59Z z9=28000 z10=27000 z11=28000
2026-09-25T02:04:04Z z9=28000 z10=28000 z11=28000
2026-09-25T02:04:09Z z9=28000 z10=28000 z11=28000
2026-09-25T02:04:14Z z9=28000 z10=28000 z11=29000
2026-09-25T02:04:19Z z9=28000 z10=28000 z11=28000
2026-09-25T02:04:24Z z9=28000 z10=28000 z11=28000
2026-09-25T02:04:29Z z9=29000 z10=28000 z11=28000
2026-09-25T02:04:35Z z9=28000 z10=28000 z11=28000
2026-09-25T02:04:40Z z9=28000 z10=28000 z11=29000
2026-09-25T02:04:45Z z9=28000 z10=28000 z11=28000
2026-09-25T02:04:50Z z9=27000 z10=28000 z11=28000
2026-09-25T02:04:55Z z9=28000 z10=28000 z11=28000
2026-09-25T02:05:00Z z9=28000 z10=28000 z11=28000
2026-09-25T02:05:05Z z9=27000 z10=28000 z11=28000
2026-09-25T02:05:10Z z9=28000 z10=28000 z11=28000
2026-09-25T02:05:15Z z9=29000 z10=28000 z11=28000
2026-09-25T02:05:20Z z9=30000 z10=28000 z11=28000
2026-09-25T02:05:26Z z9=30000 z10=28000 z11=28000
2026-09-25T02:05:31Z z9=30000 z10=27000 z11=28000
2026-09-25T02:05:36Z z9=29000 z10=27000 z11=28000
2026-09-25T02:05:41Z z9=28000 z10=28000 z11=28000
2026-09-25T02:05:46Z z9=29000 z10=27000 z11=28000
2026-09-25T02:05:51Z z9=28000 z10=28000 z11=28000
2026-09-25T02:05:56Z z9=27000 z10=28000 z11=28000
2026-09-25T02:06:01Z z9=27000 z10=28000 z11=28000
2026-09-25T02:06:06Z z9=27000 z10=28000 z11=28000
2026-09-25T02:06:11Z z9=28000 z10=27000 z11=28000
2026-09-25T02:06:16Z z9=28000 z10=28000 z11=28000
2026-09-25T02:06:22Z z9=27000 z10=27000 z11=28000
2026-09-25T02:06:27Z z9=30000 z10=28000 z11=28000
2026-09-25T02:06:32Z z9=28000 z10=28000 z11=28000
2026-09-25T02:06:37Z z9=29000 z10=27000 z11=28000
2026-09-25T02:06:42Z z9=27000 z10=28000 z11=28000
2026-09-25T02:06:47Z z9=27000 z10=27000 z11=28000
2026-09-25T02:06:52Z z9=30000 z10=27000 z11=28000
2026-09-25T02:06:57Z z9=27000 z10=27000 z11=28000
2026-09-25T02:07:02Z z9=28000 z10=28000 z11=28000
2026-09-25T02:07:07Z z9=29000 z10=27000 z11=28000
2026-09-25T02:07:12Z z9=27000 z10=28000 z11=28000
2026-09-25T02:07:17Z z9=28000 z10=28000 z11=28000
2026-09-25T02:07:23Z z9=27000 z10=28000 z11=28000
2026-09-25T02:07:28Z z9=27000 z10=27000 z11=28000
2026-09-25T02:07:33Z z9=27000 z10=28000 z11=28000
2026-09-25T02:07:38Z z9=29000 z10=28000 z11=28000
2026-09-25T02:07:43Z z9=28000 z10=28000 z11=28000
2026-09-25T02:07:48Z z9=27000 z10=27000 z11=28000
2026-09-25T02:07:53Z z9=27000 z10=27000 z11=28000
2026-09-25T02:07:58Z z9=28000 z10=27000 z11=28000
2026-09-25T02:08:03Z z9=29000 z10=28000 z11=28000
2026-09-25T02:08:08Z z9=27000 z10=27000 z11=28000
2026-09-25T02:08:13Z z9=27000 z10=28000 z11=28000
2026-09-25T02:08:19Z z9=27000 z10=28000 z11=28000
2026-09-25T02:08:24Z z9=27000 z10=27000 z11=28000
2026-09-25T02:08:29Z z9=27000 z10=28000 z11=28000
2026-09-25T02:08:34Z z9=28000 z10=28000 z11=28000
2026-09-25T02:08:39Z z9=28000 z10=28000 z11=28000
2026-09-25T02:08:44Z z9=28000 z10=28000 z11=28000
2026-09-25T02:08:49Z z9=27000 z10=27000 z11=28000
2026-09-25T02:08:54Z z9=28000 z10=28000 z11=28000
2026-09-25T02:08:59Z z9=27000 z10=28000 z11=27000
2026-09-25T02:09:04Z z9=28000 z10=27000 z11=28000
2026-09-25T02:09:09Z z9=27000 z10=28000 z11=28000
2026-09-25T02:09:15Z z9=28000 z10=27000 z11=28000
2026-09-25T02:09:20Z z9=27000 z10=28000 z11=28000
2026-09-25T02:09:25Z z9=28000 z10=27000 z11=28000
2026-09-25T02:09:30Z z9=29000 z10=27000 z11=28000
2026-09-25T02:09:35Z z9=27000 z10=27000 z11=27000
2026-09-25T02:09:40Z z9=29000 z10=27000 z11=28000
2026-09-25T02:09:45Z z9=28000 z10=27000 z11=28000
2026-09-25T02:09:50Z z9=27000 z10=28000 z11=28000
2026-09-25T02:09:55Z z9=27000 z10=27000 z11=28000
2026-09-25T02:10:00Z z9=28000 z10=28000 z11=28000
2026-09-25T02:10:05Z z9=28000 z10=27000 z11=28000
2026-09-25T02:10:10Z z9=29000 z10=27000 z11=28000
2026-09-25T02:10:16Z z9=27000 z10=27000 z11=28000
2026-09-25T02:10:21Z z9=28000 z10=27000 z11=28000
2026-09-25T02:10:26Z z9=28000 z10=27000 z11=28000
2026-09-25T02:10:31Z z9=28000 z10=27000 z11=28000
2026-09-25T02:10:36Z z9=28000 z10=27000 z11=28000
2026-09-25T02:10:41Z z9=27000 z10=27000 z11=28000
2026-09-25T02:10:46Z z9=27000 z10=28000 z11=28000
2026-09-25T02:10:51Z z9=27000 z10=27000 z11=27000
2026-09-25T02:10:56Z z9=29000 z10=27000 z11=28000
2026-09-25T02:11:01Z z9=28000 z10=28000 z11=28000
2026-09-25T02:11:06Z z9=27000 z10=27000 z11=28000
2026-09-25T02:11:11Z z9=28000 z10=27000 z11=28000
2026-09-25T02:11:17Z z9=27000 z10=28000 z11=28000
2026-09-25T02:11:22Z z9=28000 z10=27000 z11=28000
2026-09-25T02:11:27Z z9=27000 z10=27000 z11=27000
2026-09-25T02:11:32Z z9=29000 z10=27000 z11=28000
2026-09-25T02:11:37Z z9=27000 z10=28000 z11=28000
2026-09-25T02:11:42Z z9=27000 z10=28000 z11=28000
2026-09-25T02:11:47Z z9=27000 z10=28000 z11=28000
2026-09-25T02:11:52Z z9=28000 z10=27000 z11=28000
2026-09-25T02:11:57Z z9=28000 z10=27000 z11=27000
2026-09-25T02:12:02Z z9=28000 z10=28000 z11=28000
2026-09-25T02:12:07Z z9=27000 z10=27000 z11=28000
2026-09-25T02:12:13Z z9=27000 z10=28000 z11=28000
2026-09-25T02:12:18Z z9=27000 z10=28000 z11=28000
2026-09-25T02:12:23Z z9=27000 z10=27000 z11=28000
2026-09-25T02:12:28Z z9=28000 z10=28000 z11=28000
2026-09-25T02:12:33Z z9=27000 z10=27000 z11=28000
2026-09-25T02:12:38Z z9=28000 z10=27000 z11=28000
2026-09-25T02:12:43Z z9=30000 z10=28000 z11=28000
2026-09-25T02:12:48Z z9=27000 z10=27000 z11=28000
2026-09-25T02:12:53Z z9=27000 z10=28000 z11=28000
2026-09-25T02:12:58Z z9=27000 z10=27000 z11=27000
2026-09-25T02:13:03Z z9=28000 z10=28000 z11=28000
2026-09-25T02:13:09Z z9=28000 z10=27000 z11=28000
2026-09-25T02:13:14Z z9=28000 z10=28000 z11=28000
2026-09-25T02:13:19Z z9=28000 z10=27000 z11=28000
2026-09-25T02:13:24Z z9=28000 z10=27000 z11=28000
2026-09-25T02:13:29Z z9=28000 z10=27000 z11=28000
2026-09-25T02:13:34Z z9=29000 z10=28000 z11=28000
2026-09-25T02:13:39Z z9=27000 z10=28000 z11=28000
2026-09-25T02:13:44Z z9=28000 z10=27000 z11=28000
2026-09-25T02:13:49Z z9=27000 z10=27000 z11=28000
2026-09-25T02:13:54Z z9=29000 z10=28000 z11=28000
2026-09-25T02:13:59Z z9=27000 z10=27000 z11=28000
2026-09-25T02:14:04Z z9=28000 z10=28000 z11=28000
2026-09-25T02:14:10Z z9=28000 z10=27000 z11=28000
2026-09-25T02:14:15Z z9=29000 z10=28000 z11=28000
2026-09-25T02:14:20Z z9=27000 z10=27000 z11=28000
2026-09-25T02:14:25Z z9=28000 z10=27000 z11=28000
2026-09-25T02:14:30Z z9=28000 z10=27000 z11=28000
2026-09-25T02:14:35Z z9=28000 z10=27000 z11=28000
2026-09-25T02:14:40Z z9=27000 z10=27000 z11=27000
2026-09-25T02:14:45Z z9=27000 z10=27000 z11=28000
2026-09-25T02:14:50Z z9=27000 z10=27000 z11=28000
2026-09-25T02:14:55Z z9=27000 z10=27000 z11=27000
2026-09-25T02:15:00Z z9=27000 z10=27000 z11=27000
2026-09-25T02:15:06Z z9=27000 z10=27000 z11=28000
2026-09-25T02:15:11Z z9=28000 z10=27000 z11=28000
2026-09-25T02:15:16Z z9=28000 z10=28000 z11=28000
2026-09-25T02:15:21Z z9=28000 z10=28000 z11=28000
2026-09-25T02:15:26Z z9=29000 z10=27000 z11=28000
2026-09-25T02:15:31Z z9=27000 z10=27000 z11=28000
2026-09-25T02:15:36Z z9=27000 z10=28000 z11=28000
2026-09-25T02:15:41Z z9=27000 z10=27000 z11=28000
2026-09-25T02:15:46Z z9=27000 z10=27000 z11=28000
2026-09-25T02:15:51Z z9=28000 z10=27000 z11=28000
2026-09-25T02:15:56Z z9=27000 z10=27000 z11=27000
2026-09-25T02:16:01Z z9=27000 z10=27000 z11=28000
2026-09-25T02:16:07Z z9=27000 z10=27000 z11=28000
2026-09-25T02:16:12Z z9=27000 z10=27000 z11=27000
2026-09-25T02:16:17Z z9=27000 z10=27000 z11=28000
2026-09-25T02:16:22Z z9=29000 z10=27000 z11=28000
2026-09-25T02:16:27Z z9=27000 z10=28000 z11=28000
2026-09-25T02:16:32Z z9=28000 z10=27000 z11=28000
2026-09-25T02:16:37Z z9=27000 z10=27000 z11=27000
2026-09-25T02:16:42Z z9=27000 z10=27000 z11=28000
2026-09-25T02:16:47Z z9=27000 z10=27000 z11=27000
2026-09-25T02:16:52Z z9=27000 z10=27000 z11=27000
2026-09-25T02:16:57Z z9=29000 z10=27000 z11=28000
2026-09-25T02:17:02Z z9=28000 z10=27000 z11=27000
2026-09-25T02:17:08Z z9=27000 z10=27000 z11=28000
2026-09-25T02:17:13Z z9=28000 z10=27000 z11=27000
2026-09-25T02:17:18Z z9=28000 z10=27000 z11=28000
2026-09-25T02:17:23Z z9=29000 z10=27000 z11=28000
2026-09-25T02:17:28Z z9=28000 z10=28000 z11=28000
2026-09-25T02:17:33Z z9=29000 z10=27000 z11=28000
2026-09-25T02:17:38Z z9=27000 z10=27000 z11=28000
2026-09-25T02:17:43Z z9=27000 z10=27000 z11=28000
2026-09-25T02:17:48Z z9=28000 z10=27000 z11=27000
2026-09-25T02:17:53Z z9=27000 z10=27000 z11=27000
2026-09-25T02:17:58Z z9=27000 z10=27000 z11=27000
2026-09-25T02:18:03Z z9=27000 z10=27000 z11=28000
2026-09-25T02:18:09Z z9=27000 z10=27000 z11=27000
2026-09-25T02:18:14Z z9=28000 z10=27000 z11=27000
2026-09-25T02:18:19Z z9=27000 z10=28000 z11=27000
2026-09-25T02:18:24Z z9=27000 z10=28000 z11=28000
2026-09-25T02:18:29Z z9=27000 z10=27000 z11=27000
2026-09-25T02:18:34Z z9=28000 z10=28000 z11=27000
2026-09-25T02:18:39Z z9=27000 z10=28000 z11=27000
2026-09-25T02:18:44Z z9=27000 z10=27000 z11=27000
2026-09-25T02:18:49Z z9=28000 z10=27000 z11=28000
2026-09-25T02:18:54Z z9=27000 z10=28000 z11=28000
2026-09-25T02:18:59Z z9=27000 z10=27000 z11=27000
2026-09-25T02:19:05Z z9=27000 z10=27000 z11=27000
2026-09-25T02:19:10Z z9=27000 z10=27000 z11=27000
2026-09-25T02:19:15Z z9=29000 z10=27000 z11=28000
2026-09-25T02:19:20Z z9=27000 z10=27000 z11=28000
2026-09-25T02:19:25Z z9=27000 z10=27000 z11=28000
2026-09-25T02:19:30Z z9=27000 z10=27000 z11=28000
2026-09-25T02:19:35Z z9=27000 z10=27000 z11=27000
2026-09-25T02:19:40Z z9=27000 z10=27000 z11=28000
2026-09-25T02:19:45Z z9=27000 z10=28000 z11=28000
2026-09-25T02:19:50Z z9=28000 z10=27000 z11=28000
2026-09-25T02:19:55Z z9=28000 z10=28000 z11=28000
2026-09-25T02:20:00Z z9=27000 z10=28000 z11=28000
2026-09-25T02:20:06Z z9=28000 z10=27000 z11=28000
2026-09-25T02:20:11Z z9=29000 z10=27000 z11=27000
2026-09-25T02:20:16Z z9=28000 z10=27000 z11=28000
2026-09-25T02:20:21Z z9=28000 z10=27000 z11=27000
2026-09-25T02:20:26Z z9=27000 z10=27000 z11=27000
2026-09-25T02:20:31Z z9=27000 z10=27000 z11=27000
2026-09-25T02:20:36Z z9=27000 z10=27000 z11=27000
2026-09-25T02:20:41Z z9=27000 z10=27000 z11=27000
2026-09-25T02:20:46Z z9=29000 z10=27000 z11=28000
2026-09-25T02:20:51Z z9=27000 z10=27000 z11=27000
2026-09-25T02:20:57Z z9=27000 z10=27000 z11=28000
2026-09-25T02:21:02Z z9=27000 z10=27000 z11=27000
2026-09-25T02:21:07Z z9=27000 z10=27000 z11=27000
2026-09-25T02:21:12Z z9=29000 z10=27000 z11=28000
2026-09-25T02:21:17Z z9=28000 z10=27000 z11=28000
2026-09-25T02:21:22Z z9=27000 z10=27000 z11=28000
2026-09-25T02:21:27Z z9=28000 z10=27000 z11=28000
2026-09-25T02:21:32Z z9=28000 z10=28000 z11=27000
2026-09-25T02:21:37Z z9=29000 z10=27000 z11=28000
2026-09-25T02:21:42Z z9=27000 z10=27000 z11=28000
2026-09-25T02:21:47Z z9=27000 z10=27000 z11=27000
2026-09-25T02:21:53Z z9=28000 z10=27000 z11=27000
2026-09-25T02:21:58Z z9=28000 z10=27000 z11=27000
2026-09-25T02:22:03Z z9=27000 z10=27000 z11=27000
2026-09-25T02:22:08Z z9=28000 z10=27000 z11=27000
2026-09-25T02:22:13Z z9=27000 z10=27000 z11=28000
2026-09-25T02:22:18Z z9=27000 z10=27000 z11=27000
2026-09-25T02:22:23Z z9=27000 z10=27000 z11=27000
2026-09-25T02:22:28Z z9=28000 z10=27000 z11=28000
2026-09-25T02:22:33Z z9=29000 z10=27000 z11=28000
2026-09-25T02:22:38Z z9=27000 z10=27000 z11=28000
2026-09-25T02:22:43Z z9=27000 z10=28000 z11=28000
2026-09-25T02:22:49Z z9=27000 z10=27000 z11=27000
2026-09-25T02:22:54Z z9=28000 z10=27000 z11=28000
2026-09-25T02:22:59Z z9=27000 z10=27000 z11=28000
2026-09-25T02:23:04Z z9=28000 z10=27000 z11=28000
2026-09-25T02:23:09Z z9=28000 z10=27000 z11=27000
2026-09-25T02:23:14Z z9=29000 z10=27000 z11=27000
2026-09-25T02:23:19Z z9=27000 z10=27000 z11=27000
2026-09-25T02:23:24Z z9=27000 z10=27000 z11=27000
2026-09-25T02:23:29Z z9=28000 z10=27000 z11=27000
2026-09-25T02:23:34Z z9=28000 z10=27000 z11=27000
2026-09-25T02:23:39Z z9=29000 z10=27000 z11=27000
2026-09-25T02:23:45Z z9=27000 z10=27000 z11=28000
2026-09-25T02:23:50Z z9=27000 z10=27000 z11=27000
2026-09-25T02:23:55Z z9=28000 z10=27000 z11=28000
2026-09-25T02:24:00Z z9=27000 z10=27000 z11=28000
2026-09-25T02:24:05Z z9=27000 z10=27000 z11=27000
2026-09-25T02:24:10Z z9=27000 z10=27000 z11=27000
2026-09-25T02:24:15Z z9=27000 z10=27000 z11=27000
2026-09-25T02:24:20Z z9=27000 z10=27000 z11=27000
2026-09-25T02:24:25Z z9=27000 z10=27000 z11=27000
2026-09-25T02:24:30Z z9=28000 z10=27000 z11=27000
2026-09-25T02:24:35Z z9=27000 z10=27000 z11=27000
2026-09-25T02:24:40Z z9=27000 z10=27000 z11=27000
2026-09-25T02:24:46Z z9=28000 z10=27000 z11=28000
2026-09-25T02:24:51Z z9=27000 z10=27000 z11=27000
2026-09-25T02:24:56Z z9=28000 z10=27000 z11=28000
2026-09-25T02:25:01Z z9=28000 z10=27000 z11=28000
2026-09-25T02:25:06Z z9=28000 z10=27000 z11=27000
2026-09-25T02:25:11Z z9=27000 z10=27000 z11=27000
2026-09-25T02:25:16Z z9=28000 z10=27000 z11=28000
2026-09-25T02:25:21Z z9=27000 z10=27000 z11=28000
2026-09-25T02:25:26Z z9=28000 z10=27000 z11=27000
2026-09-25T02:25:31Z z9=27000 z10=27000 z11=28000
2026-09-25T02:25:36Z z9=29000 z10=27000 z11=28000
2026-09-25T02:25:42Z z9=27000 z10=27000 z11=28000
2026-09-25T02:25:47Z z9=27000 z10=27000 z11=27000
2026-09-25T02:25:52Z z9=28000 z10=27000 z11=28000
2026-09-25T02:25:57Z z9=28000 z10=27000 z11=28000
2026-09-25T02:26:02Z z9=28000 z10=27000 z11=27000
2026-09-25T02:26:07Z z9=28000 z10=27000 z11=28000
2026-09-25T02:26:12Z z9=28000 z10=27000 z11=28000
2026-09-25T02:26:17Z z9=27000 z10=28000 z11=28000
2026-09-25T02:26:22Z z9=28000 z10=27000 z11=27000
2026-09-25T02:26:27Z z9=27000 z10=28000 z11=28000
2026-09-25T02:26:32Z z9=28000 z10=27000 z11=28000
2026-09-25T02:26:37Z z9=27000 z10=27000 z11=27000
2026-09-25T02:26:43Z z9=28000 z10=27000 z11=28000
2026-09-25T02:26:48Z z9=27000 z10=27000 z11=28000
2026-09-25T02:26:53Z z9=28000 z10=27000 z11=27000
2026-09-25T02:26:58Z z9=29000 z10=27000 z11=27000
2026-09-25T02:27:03Z z9=27000 z10=27000 z11=28000
2026-09-25T02:27:08Z z9=27000 z10=27000 z11=27000
2026-09-25T02:27:13Z z9=27000 z10=27000 z11=27000
2026-09-25T02:27:18Z z9=27000 z10=27000 z11=27000
2026-09-25T02:27:23Z z9=27000 z10=27000 z11=27000
2026-09-25T02:27:28Z z9=27000 z10=27000 z11=28000
2026-09-25T02:27:33Z z9=28000 z10=27000 z11=27000
2026-09-25T02:27:39Z z9=27000 z10=27000 z11=28000
2026-09-25T02:27:44Z z9=27000 z10=27000 z11=28000
2026-09-25T02:27:49Z z9=27000 z10=27000 z11=28000
2026-09-25T02:27:54Z z9=27000 z10=27000 z11=27000
2026-09-25T02:27:59Z z9=28000 z10=27000 z11=28000
2026-09-25T02:28:04Z z9=27000 z10=27000 z11=27000
2026-09-25T02:28:09Z z9=27000 z10=27000 z11=28000
2026-09-25T02:28:14Z z9=28000 z10=27000 z11=27000
2026-09-25T02:28:19Z z9=28000 z10=28000 z11=29000
2026-09-25T02:28:24Z z9=27000 z10=27000 z11=28000
2026-09-25T02:28:30Z z9=27000 z10=27000 z11=28000
2026-09-25T02:28:35Z z9=28000 z10=27000 z11=28000
2026-09-25T02:28:40Z z9=27000 z10=27000 z11=27000
2026-09-25T02:28:45Z z9=29000 z10=27000 z11=27000
2026-09-25T02:28:50Z z9=27000 z10=27000 z11=28000
2026-09-25T02:28:55Z z9=27000 z10=27000 z11=28000
2026-09-25T02:29:00Z z9=27000 z10=27000 z11=27000
2026-09-25T02:29:05Z z9=27000 z10=27000 z11=27000
2026-09-25T02:29:10Z z9=27000 z10=27000 z11=27000
2026-09-25T02:29:15Z z9=27000 z10=27000 z11=28000
2026-09-25T02:29:21Z z9=27000 z10=27000 z11=27000
2026-09-25T02:29:26Z z9=27000 z10=27000 z11=27000
2026-09-25T02:29:31Z z9=27000 z10=27000 z11=28000
2026-09-25T02:29:36Z z9=27000 z10=27000 z11=28000
2026-09-25T02:29:41Z z9=27000 z10=27000 z11=27000
2026-09-25T02:29:46Z z9=29000 z10=27000 z11=28000
2026-09-25T02:29:51Z z9=27000 z10=28000 z11=28000
2026-09-25T02:29:56Z z9=28000 z10=27000 z11=27000
2026-09-25T02:30:01Z z9=27000 z10=27000 z11=27000
2026-09-25T02:30:06Z z9=28000 z10=27000 z11=27000
2026-09-25T02:30:12Z z9=28000 z10=27000 z11=28000
2026-09-25T02:30:17Z z9=28000 z10=27000 z11=28000
2026-09-25T02:30:22Z z9=27000 z10=27000 z11=27000
2026-09-25T02:30:27Z z9=27000 z10=27000 z11=28000
2026-09-25T02:30:32Z z9=28000 z10=28000 z11=28000
2026-09-25T02:30:37Z z9=29000 z10=28000 z11=28000
2026-09-25T02:30:42Z z9=28000 z10=27000 z11=27000
2026-09-25T02:30:47Z z9=27000 z10=27000 z11=28000
2026-09-25T02:30:52Z z9=27000 z10=27000 z11=27000
2026-09-25T02:30:57Z z9=29000 z10=27000 z11=28000
2026-09-25T02:31:02Z z9=27000 z10=27000 z11=27000
2026-09-25T02:31:08Z z9=28000 z10=28000 z11=28000
2026-09-25T02:31:13Z z9=29000 z10=27000 z11=28000
2026-09-25T02:31:18Z z9=30000 z10=28000 z11=28000
2026-09-25T02:31:23Z z9=27000 z10=27000 z11=27000
2026-09-25T02:31:28Z z9=27000 z10=27000 z11=27000
2026-09-25T02:31:33Z z9=28000 z10=27000 z11=27000
2026-09-25T02:31:38Z z9=28000 z10=27000 z11=28000
2026-09-25T02:31:43Z z9=28000 z10=27000 z11=28000
2026-09-25T02:31:48Z z9=27000 z10=27000 z11=27000
2026-09-25T02:31:53Z z9=29000 z10=27000 z11=27000
2026-09-25T02:31:59Z z9=27000 z10=27000 z11=28000
2026-09-25T02:32:04Z z9=28000 z10=28000 z11=28000
2026-09-25T02:32:09Z z9=29000 z10=27000 z11=28000
2026-09-25T02:32:14Z z9=27000 z10=28000 z11=28000
2026-09-25T02:32:19Z z9=27000 z10=27000 z11=28000
2026-09-25T02:32:24Z z9=30000 z10=27000 z11=28000
2026-09-25T02:32:29Z z9=28000 z10=28000 z11=28000
2026-09-25T02:32:34Z z9=28000 z10=27000 z11=28000
2026-09-25T02:32:39Z z9=29000 z10=28000 z11=28000
2026-09-25T02:32:44Z z9=29000 z10=27000 z11=27000
2026-09-25T02:32:49Z z9=27000 z10=27000 z11=28000
2026-09-25T02:32:55Z z9=27000 z10=27000 z11=27000
2026-09-25T02:33:00Z z9=29000 z10=28000 z11=28000
2026-09-25T02:33:05Z z9=28000 z10=27000 z11=28000
2026-09-25T02:33:10Z z9=28000 z10=27000 z11=28000
2026-09-25T02:33:15Z z9=28000 z10=28000 z11=29000
2026-09-25T02:33:20Z z9=28000 z10=28000 z11=28000
2026-09-25T02:33:25Z z9=28000 z10=27000 z11=28000
2026-09-25T02:33:30Z z9=28000 z10=27000 z11=28000
2026-09-25T02:33:35Z z9=28000 z10=27000 z11=28000
2026-09-25T02:33:40Z z9=27000 z10=28000 z11=28000
2026-09-25T02:33:45Z z9=27000 z10=27000 z11=27000
2026-09-25T02:33:50Z z9=29000 z10=27000 z11=28000
2026-09-25T02:33:56Z z9=28000 z10=27000 z11=27000
2026-09-25T02:34:01Z z9=28000 z10=28000 z11=28000
2026-09-25T02:34:06Z z9=28000 z10=28000 z11=28000
2026-09-25T02:34:11Z z9=29000 z10=29000 z11=30000
2026-09-25T02:34:16Z z9=41000 z10=40000 z11=42000
2026-09-25T02:34:21Z z9=37000 z10=39000 z11=41000
2026-09-25T02:34:26Z z9=32000 z10=30000 z11=31000
2026-09-25T02:34:31Z z9=30000 z10=30000 z11=32000
2026-09-25T02:34:36Z z9=29000 z10=29000 z11=30000
2026-09-25T02:34:41Z z9=28000 z10=29000 z11=29000
2026-09-25T02:34:46Z z9=28000 z10=28000 z11=29000
2026-09-25T02:34:51Z z9=29000 z10=28000 z11=29000
2026-09-25T02:34:56Z z9=29000 z10=29000 z11=30000
2026-09-25T02:35:02Z z9=28000 z10=29000 z11=29000
2026-09-25T02:35:07Z z9=28000 z10=28000 z11=28000
2026-09-25T02:35:12Z z9=29000 z10=28000 z11=28000
2026-09-25T02:35:17Z z9=27000 z10=28000 z11=28000
2026-09-25T02:35:22Z z9=29000 z10=28000 z11=28000
2026-09-25T02:35:27Z z9=29000 z10=28000 z11=28000
2026-09-25T02:35:32Z z9=28000 z10=27000 z11=28000
2026-09-25T02:35:37Z z9=27000 z10=27000 z11=28000
2026-09-25T02:35:42Z z9=27000 z10=27000 z11=28000
2026-09-25T02:35:47Z z9=28000 z10=28000 z11=28000
2026-09-25T02:35:52Z z9=27000 z10=27000 z11=28000
2026-09-25T02:35:57Z z9=27000 z10=27000 z11=28000
2026-09-25T02:36:03Z z9=28000 z10=27000 z11=28000
2026-09-25T02:36:08Z z9=29000 z10=27000 z11=28000
2026-09-25T02:36:13Z z9=27000 z10=27000 z11=28000
2026-09-25T02:36:18Z z9=28000 z10=27000 z11=27000
2026-09-25T02:36:23Z z9=29000 z10=28000 z11=28000
2026-09-25T02:36:28Z z9=28000 z10=27000 z11=28000
2026-09-25T02:36:33Z z9=28000 z10=27000 z11=28000
2026-09-25T02:36:38Z z9=27000 z10=27000 z11=27000
2026-09-25T02:36:43Z z9=28000 z10=27000 z11=28000
2026-09-25T02:36:48Z z9=29000 z10=27000 z11=28000
2026-09-25T02:36:53Z z9=29000 z10=29000 z11=29000
2026-09-25T02:36:59Z z9=28000 z10=27000 z11=27000
2026-09-25T02:37:04Z z9=27000 z10=27000 z11=28000
2026-09-25T02:37:09Z z9=27000 z10=27000 z11=28000
2026-09-25T02:37:14Z z9=28000 z10=27000 z11=27000
2026-09-25T02:37:19Z z9=27000 z10=27000 z11=28000
2026-09-25T02:37:24Z z9=27000 z10=27000 z11=27000
2026-09-25T02:37:29Z z9=28000 z10=27000 z11=27000
2026-09-25T02:37:34Z z9=27000 z10=27000 z11=28000
2026-09-25T02:37:39Z z9=28000 z10=27000 z11=27000
2026-09-25T02:37:44Z z9=28000 z10=28000 z11=28000
2026-09-25T02:37:49Z z9=28000 z10=27000 z11=27000
2026-09-25T02:37:54Z z9=27000 z10=28000 z11=27000
2026-09-25T02:38:00Z z9=29000 z10=27000 z11=29000
2026-09-25T02:38:05Z z9=27000 z10=27000 z11=28000
2026-09-25T02:38:10Z z9=27000 z10=27000 z11=28000
2026-09-25T02:38:15Z z9=28000 z10=27000 z11=28000
2026-09-25T02:38:20Z z9=27000 z10=27000 z11=27000
2026-09-25T02:38:25Z z9=27000 z10=27000 z11=28000
2026-09-25T02:38:30Z z9=27000 z10=27000 z11=27000
2026-09-25T02:38:35Z z9=27000 z10=27000 z11=27000
2026-09-25T02:38:40Z z9=27000 z10=27000 z11=28000
2026-09-25T02:38:45Z z9=27000 z10=27000 z11=27000
2026-09-25T02:38:50Z z9=28000 z10=27000 z11=28000
2026-09-25T02:38:55Z z9=27000 z10=27000 z11=28000
2026-09-25T02:39:01Z z9=29000 z10=27000 z11=28000
2026-09-25T02:39:06Z z9=28000 z10=28000 z11=28000
2026-09-25T02:39:11Z z9=29000 z10=27000 z11=28000
2026-09-25T02:39:16Z z9=28000 z10=27000 z11=28000
2026-09-25T02:39:21Z z9=28000 z10=27000 z11=28000
2026-09-25T02:39:26Z z9=27000 z10=27000 z11=28000
2026-09-25T02:39:31Z z9=28000 z10=28000 z11=28000
2026-09-25T02:39:36Z z9=28000 z10=27000 z11=27000
2026-09-25T02:39:41Z z9=28000 z10=27000 z11=28000
2026-09-25T02:39:46Z z9=28000 z10=28000 z11=29000
2026-09-25T02:39:51Z z9=28000 z10=28000 z11=28000
2026-09-25T02:39:56Z z9=28000 z10=27000 z11=28000
2026-09-25T02:40:02Z z9=28000 z10=28000 z11=28000
2026-09-25T02:40:07Z z9=28000 z10=27000 z11=28000
2026-09-25T02:40:12Z z9=27000 z10=27000 z11=28000
2026-09-25T02:40:17Z z9=27000 z10=28000 z11=28000
2026-09-25T02:40:22Z z9=28000 z10=27000 z11=28000
2026-09-25T02:40:27Z z9=28000 z10=27000 z11=28000
2026-09-25T02:40:32Z z9=28000 z10=27000 z11=28000
2026-09-25T02:40:37Z z9=28000 z10=27000 z11=28000
2026-09-25T02:40:42Z z9=28000 z10=27000 z11=27000
2026-09-25T02:40:47Z z9=29000 z10=27000 z11=27000
2026-09-25T02:40:52Z z9=27000 z10=27000 z11=28000
2026-09-25T02:40:57Z z9=28000 z10=27000 z11=27000
2026-09-25T02:41:03Z z9=29000 z10=27000 z11=27000
2026-09-25T02:41:08Z z9=27000 z10=27000 z11=27000
2026-09-25T02:41:13Z z9=27000 z10=27000 z11=27000
2026-09-25T02:41:18Z z9=27000 z10=28000 z11=28000
2026-09-25T02:41:23Z z9=29000 z10=27000 z11=28000
2026-09-25T02:41:28Z z9=27000 z10=27000 z11=27000
2026-09-25T02:41:33Z z9=27000 z10=27000 z11=28000
2026-09-25T02:41:38Z z9=28000 z10=27000 z11=27000
2026-09-25T02:41:43Z z9=29000 z10=27000 z11=28000
2026-09-25T02:41:48Z z9=29000 z10=28000 z11=27000
2026-09-25T02:41:53Z z9=27000 z10=27000 z11=28000
2026-09-25T02:41:58Z z9=27000 z10=27000 z11=27000
2026-09-25T02:42:04Z z9=29000 z10=27000 z11=27000
2026-09-25T02:42:09Z z9=27000 z10=27000 z11=27000
2026-09-25T02:42:14Z z9=28000 z10=27000 z11=28000
2026-09-25T02:42:19Z z9=28000 z10=27000 z11=28000
2026-09-25T02:42:24Z z9=27000 z10=27000 z11=27000
2026-09-25T02:42:29Z z9=27000 z10=27000 z11=27000
2026-09-25T02:42:34Z z9=27000 z10=27000 z11=27000
2026-09-25T02:42:39Z z9=27000 z10=28000 z11=27000
2026-09-25T02:42:44Z z9=28000 z10=30000 z11=31000
2026-09-25T02:42:49Z z9=27000 z10=27000 z11=28000
2026-09-25T02:42:54Z z9=28000 z10=27000 z11=27000
2026-09-25T02:43:00Z z9=27000 z10=27000 z11=28000
2026-09-25T02:43:05Z z9=27000 z10=27000 z11=27000
2026-09-25T02:43:10Z z9=28000 z10=27000 z11=28000
2026-09-25T02:43:15Z z9=27000 z10=27000 z11=28000
2026-09-25T02:43:20Z z9=27000 z10=27000 z11=27000
2026-09-25T02:43:25Z z9=28000 z10=27000 z11=27000
2026-09-25T02:43:30Z z9=27000 z10=27000 z11=27000
2026-09-25T02:43:35Z z9=29000 z10=27000 z11=27000
2026-09-25T02:43:40Z z9=27000 z10=27000 z11=27000
2026-09-25T02:43:45Z z9=27000 z10=27000 z11=27000
2026-09-25T02:43:50Z z9=28000 z10=27000 z11=27000
2026-09-25T02:43:56Z z9=28000 z10=27000 z11=27000
2026-09-25T02:44:01Z z9=28000 z10=27000 z11=27000
2026-09-25T02:44:06Z z9=28000 z10=27000 z11=27000
2026-09-25T02:44:11Z z9=27000 z10=27000 z11=27000
2026-09-25T02:44:16Z z9=28000 z10=27000 z11=27000
2026-09-25T02:44:21Z z9=27000 z10=27000 z11=27000
2026-09-25T02:44:26Z z9=27000 z10=28000 z11=27000
2026-09-25T02:44:31Z z9=29000 z10=27000 z11=28000
2026-09-25T02:44:36Z z9=28000 z10=27000 z11=28000
2026-09-25T02:44:41Z z9=27000 z10=27000 z11=27000
2026-09-25T02:44:46Z z9=27000 z10=27000 z11=27000
2026-09-25T02:44:52Z z9=27000 z10=27000 z11=27000
2026-09-25T02:44:57Z z9=26000 z10=27000 z11=27000
2026-09-25T02:45:02Z z9=28000 z10=27000 z11=27000
2026-09-25T02:45:07Z z9=29000 z10=27000 z11=28000
2026-09-25T02:45:12Z z9=29000 z10=27000 z11=27000
2026-09-25T02:45:17Z z9=28000 z10=28000 z11=28000
2026-09-25T02:45:22Z z9=28000 z10=28000 z11=28000
2026-09-25T02:45:27Z z9=27000 z10=28000 z11=28000
2026-09-25T02:45:32Z z9=27000 z10=28000 z11=28000
2026-09-25T02:45:37Z z9=28000 z10=27000 z11=28000
2026-09-25T02:45:42Z z9=28000 z10=27000 z11=28000
2026-09-25T02:45:47Z z9=28000 z10=27000 z11=27000
2026-09-25T02:45:53Z z9=28000 z10=27000 z11=28000
2026-09-25T02:45:58Z z9=27000 z10=27000 z11=28000
2026-09-25T02:46:03Z z9=27000 z10=27000 z11=28000
2026-09-25T02:46:08Z z9=27000 z10=28000 z11=28000
2026-09-25T02:46:13Z z9=27000 z10=27000 z11=28000
2026-09-25T02:46:18Z z9=28000 z10=27000 z11=28000
2026-09-25T02:46:23Z z9=28000 z10=28000 z11=28000
2026-09-25T02:46:28Z z9=29000 z10=27000 z11=28000
2026-09-25T02:46:33Z z9=28000 z10=27000 z11=28000
2026-09-25T02:46:38Z z9=27000 z10=28000 z11=28000
2026-09-25T02:46:43Z z9=27000 z10=27000 z11=28000
2026-09-25T02:46:48Z z9=27000 z10=27000 z11=27000
2026-09-25T02:46:54Z z9=29000 z10=27000 z11=27000
2026-09-25T02:46:59Z z9=26000 z10=27000 z11=28000
2026-09-25T02:47:04Z z9=28000 z10=27000 z11=27000
2026-09-25T02:47:09Z z9=27000 z10=27000 z11=27000
2026-09-25T02:47:14Z z9=29000 z10=27000 z11=27000
2026-09-25T02:47:19Z z9=28000 z10=27000 z11=28000
2026-09-25T02:47:24Z z9=27000 z10=27000 z11=27000
2026-09-25T02:47:29Z z9=28000 z10=27000 z11=27000
2026-09-25T02:47:34Z z9=28000 z10=27000 z11=28000
2026-09-25T02:47:39Z z9=27000 z10=27000 z11=27000
2026-09-25T02:47:44Z z9=28000 z10=27000 z11=28000
2026-09-25T02:47:50Z z9=28000 z10=27000 z11=27000
2026-09-25T02:47:55Z z9=27000 z10=27000 z11=28000
2026-09-25T02:48:00Z z9=27000 z10=27000 z11=28000
2026-09-25T02:48:05Z z9=28000 z10=27000 z11=28000
2026-09-25T02:48:10Z z9=29000 z10=27000 z11=28000
2026-09-25T02:48:15Z z9=28000 z10=28000 z11=29000
2026-09-25T02:48:20Z z9=27000 z10=28000 z11=27000
2026-09-25T02:48:25Z z9=28000 z10=27000 z11=28000
2026-09-25T02:48:30Z z9=27000 z10=27000 z11=27000
2026-09-25T02:48:35Z z9=27000 z10=27000 z11=27000
2026-09-25T02:48:40Z z9=28000 z10=27000 z11=27000
2026-09-25T02:48:45Z z9=27000 z10=27000 z11=28000
2026-09-25T02:48:51Z z9=27000 z10=27000 z11=28000
2026-09-25T02:48:56Z z9=27000 z10=28000 z11=27000
2026-09-25T02:49:01Z z9=29000 z10=27000 z11=27000
2026-09-25T02:49:06Z z9=29000 z10=27000 z11=28000
2026-09-25T02:49:11Z z9=28000 z10=27000 z11=28000
2026-09-25T02:49:16Z z9=28000 z10=27000 z11=28000
2026-09-25T02:49:21Z z9=27000 z10=27000 z11=28000
2026-09-25T02:49:26Z z9=27000 z10=27000 z11=28000
2026-09-25T02:49:31Z z9=27000 z10=27000 z11=27000
2026-09-25T02:49:36Z z9=27000 z10=27000 z11=27000
2026-09-25T02:49:41Z z9=28000 z10=27000 z11=28000
2026-09-25T02:49:47Z z9=27000 z10=28000 z11=27000
2026-09-25T02:49:52Z z9=28000 z10=27000 z11=28000
2026-09-25T02:49:57Z z9=28000 z10=27000 z11=28000
2026-09-25T02:50:02Z z9=27000 z10=27000 z11=27000
2026-09-25T02:50:07Z z9=29000 z10=27000 z11=28000
2026-09-25T02:50:12Z z9=29000 z10=27000 z11=28000
2026-09-25T02:50:17Z z9=28000 z10=27000 z11=27000
2026-09-25T02:50:22Z z9=27000 z10=27000 z11=28000
2026-09-25T02:50:27Z z9=27000 z10=27000 z11=27000
2026-09-25T02:50:32Z z9=27000 z10=27000 z11=27000
2026-09-25T02:50:37Z z9=27000 z10=27000 z11=28000
2026-09-25T02:50:43Z z9=27000 z10=27000 z11=27000
2026-09-25T02:50:48Z z9=28000 z10=28000 z11=28000
2026-09-25T02:50:53Z z9=27000 z10=27000 z11=28000
2026-09-25T02:50:58Z z9=28000 z10=28000 z11=28000
2026-09-25T02:51:03Z z9=29000 z10=28000 z11=28000
2026-09-25T02:51:08Z z9=28000 z10=27000 z11=28000
2026-09-25T02:51:13Z z9=29000 z10=28000 z11=28000
2026-09-25T02:51:18Z z9=28000 z10=28000 z11=28000
2026-09-25T02:51:23Z z9=27000 z10=27000 z11=28000
2026-09-25T02:51:28Z z9=28000 z10=27000 z11=28000
2026-09-25T02:51:33Z z9=28000 z10=27000 z11=28000
2026-09-25T02:51:38Z z9=28000 z10=27000 z11=27000
2026-09-25T02:51:44Z z9=28000 z10=27000 z11=28000
2026-09-25T02:51:49Z z9=27000 z10=27000 z11=28000
2026-09-25T02:51:54Z z9=27000 z10=27000 z11=27000
2026-09-25T02:51:59Z z9=28000 z10=27000 z11=28000
2026-09-25T02:52:04Z z9=27000 z10=27000 z11=27000
2026-09-25T02:52:09Z z9=27000 z10=27000 z11=27000
2026-09-25T02:52:14Z z9=28000 z10=27000 z11=28000
2026-09-25T02:52:19Z z9=28000 z10=27000 z11=28000
2026-09-25T02:52:24Z z9=28000 z10=27000 z11=27000
2026-09-25T02:52:29Z z9=28000 z10=27000 z11=28000
2026-09-25T02:52:34Z z9=27000 z10=27000 z11=27000
2026-09-25T02:52:39Z z9=28000 z10=27000 z11=27000
2026-09-25T02:52:45Z z9=27000 z10=27000 z11=27000
2026-09-25T02:52:50Z z9=27000 z10=27000 z11=27000
2026-09-25T02:52:55Z z9=28000 z10=27000 z11=28000
2026-09-25T02:53:00Z z9=27000 z10=27000 z11=27000
2026-09-25T02:53:05Z z9=27000 z10=27000 z11=27000
2026-09-25T02:53:10Z z9=28000 z10=27000 z11=27000
2026-09-25T02:53:15Z z9=28000 z10=27000 z11=27000
2026-09-25T02:53:20Z z9=27000 z10=26000 z11=27000
2026-09-25T02:53:25Z z9=27000 z10=27000 z11=28000
2026-09-25T02:53:30Z z9=29000 z10=27000 z11=27000
2026-09-25T02:53:35Z z9=27000 z10=27000 z11=27000
2026-09-25T02:53:41Z z9=28000 z10=27000 z11=27000
2026-09-25T02:53:46Z z9=27000 z10=27000 z11=27000
2026-09-25T02:53:51Z z9=26000 z10=27000 z11=27000
2026-09-25T02:53:56Z z9=29000 z10=27000 z11=28000
2026-09-25T02:54:01Z z9=26000 z10=26000 z11=27000
2026-09-25T02:54:06Z z9=27000 z10=27000 z11=27000
2026-09-25T02:54:11Z z9=28000 z10=27000 z11=27000
2026-09-25T02:54:16Z z9=28000 z10=27000 z11=27000
2026-09-25T02:54:21Z z9=28000 z10=27000 z11=28000
2026-09-25T02:54:26Z z9=27000 z10=27000 z11=27000
2026-09-25T02:54:31Z z9=27000 z10=27000 z11=27000
2026-09-25T02:54:37Z z9=26000 z10=27000 z11=27000
2026-09-25T02:54:42Z z9=30000 z10=28000 z11=28000
2026-09-25T02:54:47Z z9=28000 z10=27000 z11=27000
2026-09-25T02:54:52Z z9=26000 z10=27000 z11=27000
2026-09-25T02:54:57Z z9=28000 z10=27000 z11=27000
2026-09-25T02:55:02Z z9=27000 z10=27000 z11=27000
2026-09-25T02:55:07Z z9=27000 z10=27000 z11=27000
2026-09-25T02:55:12Z z9=27000 z10=27000 z11=27000
2026-09-25T02:55:17Z z9=29000 z10=27000 z11=28000
2026-09-25T02:55:22Z z9=27000 z10=27000 z11=27000
2026-09-25T02:55:27Z z9=27000 z10=27000 z11=28000
2026-09-25T02:55:33Z z9=27000 z10=27000 z11=27000
2026-09-25T02:55:38Z z9=28000 z10=27000 z11=27000
2026-09-25T02:55:43Z z9=28000 z10=27000 z11=27000
2026-09-25T02:55:48Z z9=29000 z10=27000 z11=28000
2026-09-25T02:55:53Z z9=27000 z10=27000 z11=27000
2026-09-25T02:55:58Z z9=28000 z10=27000 z11=27000
2026-09-25T02:56:03Z z9=29000 z10=27000 z11=28000
2026-09-25T02:56:08Z z9=27000 z10=27000 z11=28000
2026-09-25T02:56:13Z z9=28000 z10=27000 z11=27000
2026-09-25T02:56:18Z z9=28000 z10=28000 z11=28000
2026-09-25T02:56:23Z z9=27000 z10=27000 z11=28000
2026-09-25T02:56:29Z z9=28000 z10=27000 z11=28000
2026-09-25T02:56:34Z z9=27000 z10=27000 z11=28000
2026-09-25T02:56:39Z z9=29000 z10=28000 z11=28000
2026-09-25T02:56:44Z z9=27000 z10=27000 z11=28000
2026-09-25T02:56:49Z z9=27000 z10=27000 z11=27000
2026-09-25T02:56:54Z z9=29000 z10=27000 z11=27000
2026-09-25T02:56:59Z z9=27000 z10=27000 z11=27000
2026-09-25T02:57:04Z z9=28000 z10=27000 z11=28000
2026-09-25T02:57:09Z z9=28000 z10=27000 z11=28000
2026-09-25T02:57:14Z z9=28000 z10=27000 z11=27000
2026-09-25T02:57:19Z z9=27000 z10=27000 z11=28000
2026-09-25T02:57:24Z z9=28000 z10=28000 z11=29000
2026-09-25T02:57:30Z z9=31000 z10=29000 z11=30000
2026-09-25T02:57:35Z z9=29000 z10=29000 z11=29000
2026-09-25T02:57:40Z z9=30000 z10=30000 z11=31000
2026-09-25T02:57:45Z z9=30000 z10=30000 z11=30000
2026-09-25T02:57:50Z z9=44000 z10=37000 z11=39000
2026-09-25T02:57:55Z z9=31000 z10=31000 z11=32000
2026-09-25T02:58:00Z z9=32000 z10=32000 z11=33000
2026-09-25T02:58:05Z z9=30000 z10=30000 z11=32000
2026-09-25T02:58:10Z z9=29000 z10=29000 z11=29000
2026-09-25T02:58:16Z z9=31000 z10=31000 z11=32000
2026-09-25T02:58:21Z z9=31000 z10=30000 z11=30000
2026-09-25T02:58:26Z z9=30000 z10=29000 z11=29000
2026-09-25T02:58:31Z z9=36000 z10=32000 z11=33000
2026-09-25T02:58:36Z z9=30000 z10=29000 z11=29000
2026-09-25T02:58:41Z z9=29000 z10=29000 z11=29000
2026-09-25T02:58:46Z z9=29000 z10=29000 z11=29000
2026-09-25T02:58:51Z z9=29000 z10=29000 z11=29000
2026-09-25T02:58:56Z z9=28000 z10=28000 z11=29000
2026-09-25T02:59:01Z z9=28000 z10=28000 z11=29000
2026-09-25T02:59:07Z z9=30000 z10=28000 z11=28000
2026-09-25T02:59:12Z z9=28000 z10=28000 z11=28000
2026-09-25T02:59:17Z z9=28000 z10=28000 z11=28000
2026-09-25T02:59:22Z z9=28000 z10=27000 z11=28000
2026-09-25T02:59:27Z z9=28000 z10=27000 z11=28000
2026-09-25T02:59:32Z z9=28000 z10=27000 z11=27000
2026-09-25T02:59:37Z z9=28000 z10=28000 z11=28000
2026-09-25T02:59:42Z z9=29000 z10=28000 z11=28000
2026-09-25T02:59:47Z z9=29000 z10=27000 z11=28000
2026-09-25T02:59:52Z z9=30000 z10=27000 z11=28000
2026-09-25T02:59:57Z z9=27000 z10=28000 z11=29000
2026-09-25T03:00:02Z z9=28000 z10=28000 z11=29000
2026-09-25T03:00:08Z z9=31000 z10=29000 z11=29000
2026-09-25T03:00:13Z z9=29000 z10=29000 z11=29000
2026-09-25T03:00:18Z z9=30000 z10=29000 z11=30000
2026-09-25T03:00:23Z z9=29000 z10=29000 z11=29000
2026-09-25T03:00:28Z z9=29000 z10=29000 z11=29000
2026-09-25T03:00:33Z z9=29000 z10=28000 z11=29000
2026-09-25T03:00:38Z z9=30000 z10=29000 z11=30000
2026-09-25T03:00:43Z z9=28000 z10=28000 z11=29000
2026-09-25T03:00:48Z z9=30000 z10=29000 z11=31000
2026-09-25T03:00:54Z z9=29000 z10=29000 z11=30000
2026-09-25T03:00:59Z z9=30000 z10=29000 z11=29000
2026-09-25T03:01:04Z z9=29000 z10=28000 z11=28000
2026-09-25T03:01:09Z z9=28000 z10=28000 z11=28000
2026-09-25T03:01:14Z z9=29000 z10=29000 z11=29000
2026-09-25T03:01:19Z z9=34000 z10=33000 z11=34000
2026-09-25T03:01:24Z z9=31000 z10=31000 z11=32000
2026-09-25T03:01:29Z z9=30000 z10=30000 z11=31000
2026-09-25T03:01:34Z z9=30000 z10=30000 z11=31000
2026-09-25T03:01:39Z z9=29000 z10=30000 z11=30000
2026-09-25T03:01:44Z z9=30000 z10=30000 z11=31000
2026-09-25T03:01:50Z z9=30000 z10=30000 z11=30000
2026-09-25T03:01:55Z z9=30000 z10=30000 z11=31000
2026-09-25T03:02:00Z z9=43000 z10=37000 z11=37000
2026-09-25T03:02:05Z z9=32000 z10=30000 z11=32000
2026-09-25T03:02:10Z z9=30000 z10=30000 z11=31000
2026-09-25T03:02:15Z z9=32000 z10=30000 z11=31000
2026-09-25T03:02:20Z z9=31000 z10=31000 z11=32000
2026-09-25T03:02:25Z z9=30000 z10=31000 z11=32000
2026-09-25T03:02:30Z z9=30000 z10=31000 z11=32000
2026-09-25T03:02:35Z z9=32000 z10=31000 z11=32000
2026-09-25T03:02:41Z z9=30000 z10=31000 z11=32000
2026-09-25T03:02:46Z z9=32000 z10=32000 z11=33000
2026-09-25T03:02:51Z z9=30000 z10=30000 z11=32000
2026-09-25T03:02:56Z z9=31000 z10=32000 z11=32000
2026-09-25T03:03:01Z z9=30000 z10=30000 z11=30000
2026-09-25T03:03:06Z z9=29000 z10=29000 z11=29000
2026-09-25T03:03:11Z z9=31000 z10=29000 z11=29000
2026-09-25T03:03:16Z z9=30000 z10=30000 z11=30000
2026-09-25T03:03:21Z z9=30000 z10=29000 z11=30000
2026-09-25T03:03:26Z z9=30000 z10=29000 z11=29000
2026-09-25T03:03:31Z z9=29000 z10=29000 z11=30000
2026-09-25T03:03:37Z z9=29000 z10=29000 z11=30000
2026-09-25T03:03:42Z z9=29000 z10=29000 z11=30000
2026-09-25T03:03:47Z z9=29000 z10=29000 z11=29000
2026-09-25T03:03:52Z z9=29000 z10=29000 z11=30000
2026-09-25T03:03:57Z z9=30000 z10=29000 z11=30000
2026-09-25T03:04:02Z z9=30000 z10=29000 z11=30000
2026-09-25T03:04:07Z z9=29000 z10=29000 z11=29000
2026-09-25T03:04:12Z z9=31000 z10=29000 z11=29000
2026-09-25T03:04:17Z z9=30000 z10=29000 z11=30000
2026-09-25T03:04:22Z z9=28000 z10=29000 z11=29000
2026-09-25T03:04:27Z z9=29000 z10=30000 z11=30000
2026-09-25T03:04:33Z z9=30000 z10=30000 z11=30000
2026-09-25T03:04:38Z z9=30000 z10=29000 z11=30000
2026-09-25T03:04:43Z z9=30000 z10=30000 z11=30000
2026-09-25T03:04:48Z z9=29000 z10=29000 z11=30000
2026-09-25T03:04:53Z z9=29000 z10=29000 z11=29000
2026-09-25T03:04:58Z z9=31000 z10=29000 z11=30000
2026-09-25T03:05:03Z z9=29000 z10=29000 z11=30000
2026-09-25T03:05:08Z z9=29000 z10=29000 z11=30000
2026-09-25T03:05:13Z z9=29000 z10=29000 z11=30000
2026-09-25T03:05:18Z z9=29000 z10=30000 z11=31000
2026-09-25T03:05:23Z z9=29000 z10=29000 z11=30000
2026-09-25T03:05:29Z z9=30000 z10=30000 z11=30000
2026-09-25T03:05:34Z z9=31000 z10=29000 z11=30000
2026-09-25T03:05:39Z z9=29000 z10=29000 z11=30000
2026-09-25T03:05:44Z z9=30000 z10=30000 z11=30000
2026-09-25T03:05:49Z z9=31000 z10=30000 z11=30000
2026-09-25T03:05:54Z z9=30000 z10=30000 z11=30000
2026-09-25T03:05:59Z z9=29000 z10=29000 z11=30000
2026-09-25T03:06:04Z z9=31000 z10=30000 z11=30000
2026-09-25T03:06:09Z z9=31000 z10=30000 z11=30000
2026-09-25T03:06:14Z z9=30000 z10=29000 z11=29000
2026-09-25T03:06:19Z z9=29000 z10=29000 z11=30000
2026-09-25T03:06:25Z z9=30000 z10=29000 z11=30000
2026-09-25T03:06:30Z z9=31000 z10=29000 z11=30000
2026-09-25T03:06:35Z z9=30000 z10=29000 z11=30000
2026-09-25T03:06:40Z z9=31000 z10=30000 z11=30000
2026-09-25T03:06:45Z z9=29000 z10=29000 z11=30000
2026-09-25T03:06:50Z z9=29000 z10=30000 z11=30000
2026-09-25T03:06:55Z z9=29000 z10=29000 z11=29000
2026-09-25T03:07:00Z z9=30000 z10=30000 z11=30000
2026-09-25T03:07:05Z z9=30000 z10=29000 z11=30000
2026-09-25T03:07:10Z z9=30000 z10=31000 z11=31000
2026-09-25T03:07:15Z z9=30000 z10=29000 z11=30000
2026-09-25T03:07:20Z z9=29000 z10=30000 z11=30000
2026-09-25T03:07:26Z z9=31000 z10=30000 z11=30000
2026-09-25T03:07:31Z z9=31000 z10=30000 z11=31000
2026-09-25T03:07:36Z z9=30000 z10=30000 z11=30000
2026-09-25T03:07:41Z z9=29000 z10=29000 z11=30000
2026-09-25T03:07:46Z z9=29000 z10=30000 z11=30000
2026-09-25T03:07:51Z z9=29000 z10=29000 z11=30000
2026-09-25T03:07:56Z z9=29000 z10=29000 z11=29000
2026-09-25T03:08:01Z z9=29000 z10=28000 z11=29000
2026-09-25T03:08:06Z z9=30000 z10=29000 z11=29000
2026-09-25T03:08:11Z z9=30000 z10=28000 z11=29000
2026-09-25T03:08:17Z z9=28000 z10=28000 z11=29000
2026-09-25T03:08:22Z z9=28000 z10=28000 z11=28000
2026-09-25T03:08:27Z z9=28000 z10=28000 z11=28000
2026-09-25T03:08:32Z z9=31000 z10=28000 z11=29000
2026-09-25T03:08:37Z z9=28000 z10=28000 z11=29000
2026-09-25T03:08:42Z z9=29000 z10=28000 z11=29000
2026-09-25T03:08:47Z z9=28000 z10=28000 z11=28000
2026-09-25T03:08:52Z z9=28000 z10=29000 z11=29000
2026-09-25T03:08:57Z z9=28000 z10=28000 z11=29000
2026-09-25T03:09:02Z z9=30000 z10=28000 z11=28000
2026-09-25T03:09:07Z z9=28000 z10=28000 z11=28000
2026-09-25T03:09:12Z z9=29000 z10=28000 z11=29000
2026-09-25T03:09:18Z z9=28000 z10=29000 z11=29000
2026-09-25T03:09:23Z z9=28000 z10=28000 z11=29000
2026-09-25T03:09:28Z z9=30000 z10=29000 z11=29000
2026-09-25T03:09:33Z z9=28000 z10=29000 z11=29000
2026-09-25T03:09:38Z z9=28000 z10=28000 z11=29000
2026-09-25T03:09:43Z z9=28000 z10=29000 z11=29000
2026-09-25T03:09:48Z z9=28000 z10=28000 z11=29000
2026-09-25T03:09:53Z z9=28000 z10=28000 z11=29000
2026-09-25T03:09:58Z z9=29000 z10=29000 z11=29000
2026-09-25T03:10:03Z z9=30000 z10=29000 z11=30000
2026-09-25T03:10:08Z z9=29000 z10=29000 z11=29000
2026-09-25T03:10:14Z z9=33000 z10=31000 z11=32000
2026-09-25T03:10:19Z z9=30000 z10=29000 z11=30000
2026-09-25T03:10:24Z z9=32000 z10=32000 z11=35000
2026-09-25T03:10:29Z z9=32000 z10=31000 z11=32000
2026-09-25T03:10:34Z z9=31000 z10=31000 z11=32000
2026-09-25T03:10:39Z z9=30000 z10=31000 z11=31000
2026-09-25T03:10:44Z z9=32000 z10=31000 z11=32000
2026-09-25T03:10:49Z z9=34000 z10=34000 z11=35000
2026-09-25T03:10:54Z z9=31000 z10=32000 z11=32000
2026-09-25T03:10:59Z z9=30000 z10=30000 z11=31000
2026-09-25T03:11:05Z z9=32000 z10=30000 z11=31000
2026-09-25T03:11:10Z z9=30000 z10=30000 z11=30000
2026-09-25T03:11:15Z z9=31000 z10=30000 z11=31000
2026-09-25T03:11:20Z z9=31000 z10=30000 z11=30000
2026-09-25T03:11:25Z z9=31000 z10=30000 z11=30000
2026-09-25T03:11:30Z z9=30000 z10=30000 z11=30000
2026-09-25T03:11:35Z z9=30000 z10=30000 z11=30000
2026-09-25T03:11:40Z z9=31000 z10=32000 z11=33000
2026-09-25T03:11:45Z z9=30000 z10=30000 z11=31000
2026-09-25T03:11:50Z z9=30000 z10=30000 z11=30000
2026-09-25T03:11:56Z z9=30000 z10=30000 z11=31000
2026-09-25T03:12:01Z z9=30000 z10=30000 z11=30000
2026-09-25T03:12:06Z z9=32000 z10=32000 z11=33000
2026-09-25T03:12:11Z z9=30000 z10=31000 z11=32000
2026-09-25T03:12:16Z z9=31000 z10=30000 z11=31000
2026-09-25T03:12:21Z z9=30000 z10=31000 z11=31000
2026-09-25T03:12:26Z z9=32000 z10=30000 z11=31000
2026-09-25T03:12:31Z z9=30000 z10=30000 z11=31000
2026-09-25T03:12:36Z z9=30000 z10=30000 z11=31000
2026-09-25T03:12:41Z z9=32000 z10=30000 z11=31000
2026-09-25T03:12:47Z z9=31000 z10=30000 z11=32000
2026-09-25T03:12:52Z z9=30000 z10=30000 z11=31000
2026-09-25T03:12:57Z z9=30000 z10=30000 z11=31000
2026-09-25T03:13:02Z z9=30000 z10=30000 z11=32000
2026-09-25T03:13:07Z z9=30000 z10=30000 z11=32000
2026-09-25T03:13:12Z z9=30000 z10=30000 z11=32000
2026-09-25T03:13:17Z z9=32000 z10=30000 z11=31000
2026-09-25T03:13:22Z z9=37000 z10=36000 z11=37000
2026-09-25T03:13:27Z z9=38000 z10=40000 z11=41000
2026-09-25T03:13:32Z z9=39000 z10=38000 z11=41000
2026-09-25T03:13:37Z z9=36000 z10=36000 z11=36000
2026-09-25T03:13:42Z z9=41000 z10=41000 z11=42000
2026-09-25T03:13:48Z z9=36000 z10=37000 z11=37000
2026-09-25T03:13:53Z z9=34000 z10=34000 z11=34000
2026-09-25T03:13:58Z z9=34000 z10=35000 z11=36000
2026-09-25T03:14:03Z z9=34000 z10=34000 z11=35000
2026-09-25T03:14:08Z z9=33000 z10=33000 z11=34000
2026-09-25T03:14:13Z z9=32000 z10=33000 z11=34000
2026-09-25T03:14:18Z z9=33000 z10=33000 z11=33000
2026-09-25T03:14:23Z z9=35000 z10=34000 z11=35000
2026-09-25T03:14:28Z z9=32000 z10=32000 z11=33000
2026-09-25T03:14:33Z z9=33000 z10=33000 z11=34000
2026-09-25T03:14:39Z z9=32000 z10=33000 z11=34000
2026-09-25T03:14:44Z z9=33000 z10=33000 z11=34000
2026-09-25T03:14:49Z z9=32000 z10=32000 z11=33000
2026-09-25T03:14:54Z z9=32000 z10=32000 z11=32000
2026-09-25T03:14:59Z z9=32000 z10=32000 z11=33000
2026-09-25T03:15:04Z z9=32000 z10=33000 z11=34000
2026-09-25T03:15:09Z z9=32000 z10=32000 z11=33000
2026-09-25T03:15:14Z z9=34000 z10=34000 z11=35000
2026-09-25T03:15:20Z z9=33000 z10=33000 z11=34000
2026-09-25T03:15:25Z z9=34000 z10=32000 z11=33000
2026-09-25T03:15:30Z z9=33000 z10=33000 z11=34000
2026-09-25T03:15:35Z z9=32000 z10=32000 z11=32000
2026-09-25T03:15:40Z z9=32000 z10=31000 z11=32000
2026-09-25T03:15:45Z z9=30000 z10=32000 z11=32000
2026-09-25T03:15:50Z z9=43000 z10=38000 z11=41000
2026-09-25T03:15:55Z z9=34000 z10=34000 z11=34000
2026-09-25T03:16:00Z z9=34000 z10=34000 z11=34000
2026-09-25T03:16:05Z z9=36000 z10=37000 z11=39000
2026-09-25T03:16:10Z z9=34000 z10=34000 z11=35000
2026-09-25T03:16:16Z z9=33000 z10=33000 z11=35000
2026-09-25T03:16:21Z z9=32000 z10=33000 z11=33000
2026-09-25T03:16:26Z z9=34000 z10=34000 z11=35000
2026-09-25T03:16:31Z z9=32000 z10=32000 z11=33000
2026-09-25T03:16:36Z z9=37000 z10=37000 z11=38000
2026-09-25T03:16:41Z z9=34000 z10=34000 z11=35000
2026-09-25T03:16:46Z z9=32000 z10=33000 z11=33000
2026-09-25T03:16:51Z z9=32000 z10=33000 z11=33000
2026-09-25T03:16:56Z z9=34000 z10=34000 z11=35000
2026-09-25T03:17:02Z z9=32000 z10=33000 z11=33000
2026-09-25T03:17:07Z z9=33000 z10=32000 z11=33000
2026-09-25T03:17:12Z z9=31000 z10=32000 z11=32000
2026-09-25T03:17:17Z z9=32000 z10=31000 z11=32000
2026-09-25T03:17:22Z z9=30000 z10=31000 z11=31000
2026-09-25T03:17:27Z z9=32000 z10=31000 z11=32000
2026-09-25T03:17:32Z z9=30000 z10=31000 z11=31000
2026-09-25T03:17:37Z z9=30000 z10=30000 z11=31000
2026-09-25T03:17:42Z z9=30000 z10=30000 z11=30000
2026-09-25T03:17:47Z z9=30000 z10=30000 z11=31000
2026-09-25T03:17:52Z z9=30000 z10=30000 z11=31000
2026-09-25T03:17:58Z z9=30000 z10=30000 z11=31000
2026-09-25T03:18:03Z z9=33000 z10=30000 z11=31000
2026-09-25T03:18:08Z z9=55000 z10=44000 z11=43000
2026-09-25T03:18:13Z z9=35000 z10=35000 z11=35000
2026-09-25T03:18:18Z z9=34000 z10=33000 z11=33000
2026-09-25T03:18:23Z z9=32000 z10=33000 z11=33000
2026-09-25T03:18:28Z z9=33000 z10=34000 z11=34000
2026-09-25T03:18:33Z z9=37000 z10=38000 z11=39000
2026-09-25T03:18:38Z z9=34000 z10=34000 z11=34000
2026-09-25T03:18:43Z z9=34000 z10=34000 z11=35000
2026-09-25T03:18:48Z z9=33000 z10=33000 z11=33000
2026-09-25T03:18:53Z z9=33000 z10=33000 z11=34000
2026-09-25T03:18:59Z z9=34000 z10=33000 z11=33000
2026-09-25T03:19:04Z z9=33000 z10=33000 z11=35000
2026-09-25T03:19:09Z z9=33000 z10=33000 z11=34000
2026-09-25T03:19:14Z z9=34000 z10=33000 z11=33000
2026-09-25T03:19:19Z z9=31000 z10=32000 z11=33000
2026-09-25T03:19:24Z z9=31000 z10=32000 z11=33000
2026-09-25T03:19:29Z z9=32000 z10=33000 z11=33000
2026-09-25T03:19:34Z z9=33000 z10=32000 z11=33000
2026-09-25T03:19:39Z z9=33000 z10=32000 z11=33000
2026-09-25T03:19:45Z z9=33000 z10=32000 z11=32000
2026-09-25T03:19:50Z z9=31000 z10=32000 z11=33000
2026-09-25T03:19:55Z z9=33000 z10=33000 z11=34000
2026-09-25T03:20:00Z z9=34000 z10=33000 z11=33000
2026-09-25T03:20:05Z z9=31000 z10=32000 z11=32000
2026-09-25T03:20:10Z z9=31000 z10=32000 z11=32000
2026-09-25T03:20:15Z z9=33000 z10=32000 z11=32000
2026-09-25T03:20:20Z z9=33000 z10=32000 z11=32000
2026-09-25T03:20:25Z z9=33000 z10=33000 z11=33000
2026-09-25T03:20:30Z z9=33000 z10=33000 z11=34000
2026-09-25T03:20:36Z z9=33000 z10=33000 z11=33000
2026-09-25T03:20:41Z z9=33000 z10=32000 z11=33000
2026-09-25T03:20:46Z z9=32000 z10=33000 z11=33000
2026-09-25T03:20:51Z z9=33000 z10=32000 z11=33000
2026-09-25T03:20:56Z z9=33000 z10=32000 z11=33000
2026-09-25T03:21:01Z z9=31000 z10=32000 z11=32000
2026-09-25T03:21:06Z z9=31000 z10=32000 z11=32000
2026-09-25T03:21:11Z z9=34000 z10=32000 z11=33000
2026-09-25T03:21:16Z z9=31000 z10=32000 z11=32000
2026-09-25T03:21:21Z z9=31000 z10=31000 z11=32000
2026-09-25T03:21:26Z z9=31000 z10=32000 z11=32000
2026-09-25T03:21:31Z z9=34000 z10=32000 z11=32000
2026-09-25T03:21:37Z z9=33000 z10=32000 z11=32000
2026-09-25T03:21:42Z z9=31000 z10=31000 z11=32000
2026-09-25T03:21:47Z z9=33000 z10=32000 z11=33000
2026-09-25T03:21:52Z z9=32000 z10=32000 z11=33000
2026-09-25T03:21:57Z z9=32000 z10=32000 z11=33000
2026-09-25T03:22:02Z z9=32000 z10=34000 z11=35000
2026-09-25T03:22:07Z z9=32000 z10=33000 z11=33000
2026-09-25T03:22:12Z z9=33000 z10=32000 z11=34000
2026-09-25T03:22:17Z z9=33000 z10=33000 z11=33000
2026-09-25T03:22:22Z z9=33000 z10=33000 z11=33000
2026-09-25T03:22:28Z z9=33000 z10=32000 z11=33000
2026-09-25T03:22:33Z z9=33000 z10=32000 z11=33000
2026-09-25T03:22:38Z z9=33000 z10=33000 z11=35000
2026-09-25T03:22:43Z z9=32000 z10=33000 z11=33000
2026-09-25T03:22:48Z z9=33000 z10=34000 z11=34000
2026-09-25T03:22:53Z z9=33000 z10=34000 z11=34000
2026-09-25T03:22:58Z z9=33000 z10=34000 z11=34000
2026-09-25T03:23:03Z z9=33000 z10=33000 z11=34000
2026-09-25T03:23:08Z z9=36000 z10=35000 z11=36000
2026-09-25T03:23:13Z z9=37000 z10=36000 z11=37000
2026-09-25T03:23:19Z z9=36000 z10=36000 z11=37000
2026-09-25T03:23:24Z z9=34000 z10=34000 z11=35000
2026-09-25T03:23:29Z z9=34000 z10=33000 z11=34000
2026-09-25T03:23:34Z z9=34000 z10=35000 z11=35000
2026-09-25T03:23:39Z z9=34000 z10=33000 z11=34000
2026-09-25T03:23:44Z z9=34000 z10=34000 z11=34000
2026-09-25T03:23:49Z z9=34000 z10=33000 z11=34000
2026-09-25T03:23:54Z z9=32000 z10=33000 z11=34000
2026-09-25T03:23:59Z z9=32000 z10=33000 z11=33000
2026-09-25T03:24:04Z z9=34000 z10=33000 z11=34000
2026-09-25T03:24:10Z z9=36000 z10=34000 z11=34000
2026-09-25T03:24:15Z z9=34000 z10=34000 z11=35000
2026-09-25T03:24:20Z z9=33000 z10=33000 z11=34000
2026-09-25T03:24:25Z z9=34000 z10=33000 z11=34000
2026-09-25T03:24:30Z z9=33000 z10=33000 z11=33000
2026-09-25T03:24:35Z z9=32000 z10=33000 z11=34000
2026-09-25T03:24:40Z z9=33000 z10=33000 z11=34000
2026-09-25T03:24:45Z z9=34000 z10=34000 z11=34000
2026-09-25T03:24:50Z z9=33000 z10=33000 z11=34000
2026-09-25T03:24:56Z z9=34000 z10=33000 z11=34000
2026-09-25T03:25:01Z z9=32000 z10=33000 z11=33000
2026-09-25T03:25:06Z z9=33000 z10=34000 z11=34000
2026-09-25T03:25:11Z z9=34000 z10=33000 z11=33000
2026-09-25T03:25:16Z z9=34000 z10=33000 z11=34000
2026-09-25T03:25:21Z z9=32000 z10=33000 z11=34000
2026-09-25T03:25:26Z z9=32000 z10=32000 z11=33000
2026-09-25T03:25:31Z z9=33000 z10=33000 z11=34000
2026-09-25T03:25:36Z z9=33000 z10=33000 z11=34000
2026-09-25T03:25:42Z z9=33000 z10=33000 z11=35000
2026-09-25T03:25:47Z z9=34000 z10=33000 z11=34000
2026-09-25T03:25:52Z z9=34000 z10=32000 z11=33000
2026-09-25T03:25:57Z z9=32000 z10=33000 z11=33000
2026-09-25T03:26:02Z z9=33000 z10=33000 z11=34000
2026-09-25T03:26:07Z z9=35000 z10=33000 z11=34000
2026-09-25T03:26:12Z z9=33000 z10=33000 z11=34000
2026-09-25T03:26:17Z z9=33000 z10=33000 z11=33000
2026-09-25T03:26:22Z z9=34000 z10=33000 z11=34000
2026-09-25T03:26:27Z z9=35000 z10=34000 z11=35000
2026-09-25T03:26:32Z z9=34000 z10=34000 z11=34000
2026-09-25T03:26:38Z z9=34000 z10=34000 z11=34000
2026-09-25T03:26:43Z z9=34000 z10=34000 z11=35000
2026-09-25T03:26:48Z z9=34000 z10=34000 z11=35000
2026-09-25T03:26:53Z z9=34000 z10=34000 z11=35000
2026-09-25T03:26:58Z z9=33000 z10=33000 z11=34000
2026-09-25T03:27:03Z z9=33000 z10=33000 z11=33000
2026-09-25T03:27:08Z z9=34000 z10=33000 z11=34000
2026-09-25T03:27:13Z z9=34000 z10=34000 z11=35000
2026-09-25T03:27:18Z z9=34000 z10=34000 z11=34000
2026-09-25T03:27:23Z z9=36000 z10=34000 z11=35000
2026-09-25T03:27:29Z z9=34000 z10=34000 z11=34000
2026-09-25T03:27:34Z z9=34000 z10=34000 z11=35000
2026-09-25T03:27:39Z z9=34000 z10=34000 z11=34000
2026-09-25T03:27:44Z z9=34000 z10=33000 z11=34000
2026-09-25T03:27:49Z z9=34000 z10=34000 z11=35000
2026-09-25T03:27:54Z z9=34000 z10=33000 z11=34000
2026-09-25T03:27:59Z z9=34000 z10=33000 z11=33000
2026-09-25T03:28:04Z z9=34000 z10=33000 z11=34000
2026-09-25T03:28:09Z z9=34000 z10=34000 z11=35000
2026-09-25T03:28:14Z z9=35000 z10=35000 z11=35000
2026-09-25T03:28:20Z z9=34000 z10=34000 z11=35000
2026-09-25T03:28:25Z z9=35000 z10=34000 z11=34000
2026-09-25T03:28:30Z z9=33000 z10=33000 z11=34000
2026-09-25T03:28:35Z z9=36000 z10=33000 z11=34000
2026-09-25T03:28:40Z z9=33000 z10=33000 z11=34000
2026-09-25T03:28:45Z z9=32000 z10=34000 z11=34000
2026-09-25T03:28:50Z z9=33000 z10=33000 z11=33000
2026-09-25T03:28:55Z z9=32000 z10=33000 z11=33000
2026-09-25T03:29:00Z z9=32000 z10=33000 z11=33000
2026-09-25T03:29:05Z z9=34000 z10=33000 z11=33000
2026-09-25T03:29:10Z z9=34000 z10=34000 z11=35000
2026-09-25T03:29:16Z z9=36000 z10=35000 z11=36000
2026-09-25T03:29:21Z z9=38000 z10=41000 z11=42000
2026-09-25T03:29:26Z z9=38000 z10=37000 z11=37000
2026-09-25T03:29:31Z z9=36000 z10=35000 z11=35000
2026-09-25T03:29:36Z z9=36000 z10=34000 z11=35000
2026-09-25T03:29:41Z z9=34000 z10=34000 z11=35000
2026-09-25T03:29:46Z z9=35000 z10=34000 z11=35000
2026-09-25T03:29:51Z z9=35000 z10=34000 z11=35000
2026-09-25T03:29:56Z z9=34000 z10=33000 z11=33000
2026-09-25T03:30:01Z z9=34000 z10=34000 z11=34000
2026-09-25T03:30:06Z z9=34000 z10=34000 z11=34000
2026-09-25T03:30:12Z z9=34000 z10=34000 z11=35000
2026-09-25T03:30:17Z z9=34000 z10=34000 z11=34000
2026-09-25T03:30:22Z z9=35000 z10=34000 z11=35000
2026-09-25T03:30:27Z z9=35000 z10=34000 z11=34000
2026-09-25T03:30:32Z z9=35000 z10=35000 z11=36000
2026-09-25T03:30:37Z z9=35000 z10=34000 z11=35000
2026-09-25T03:30:42Z z9=33000 z10=33000 z11=34000
2026-09-25T03:30:47Z z9=33000 z10=33000 z11=34000
2026-09-25T03:30:52Z z9=33000 z10=33000 z11=33000
2026-09-25T03:30:57Z z9=32000 z10=33000 z11=34000
2026-09-25T03:31:03Z z9=34000 z10=33000 z11=34000
2026-09-25T03:31:08Z z9=34000 z10=33000 z11=33000
2026-09-25T03:31:13Z z9=33000 z10=33000 z11=34000
2026-09-25T03:31:18Z z9=33000 z10=34000 z11=34000
2026-09-25T03:31:23Z z9=34000 z10=33000 z11=33000
2026-09-25T03:31:28Z z9=33000 z10=33000 z11=34000
2026-09-25T03:31:33Z z9=34000 z10=33000 z11=33000
2026-09-25T03:31:38Z z9=33000 z10=33000 z11=33000
2026-09-25T03:31:43Z z9=33000 z10=33000 z11=33000
2026-09-25T03:31:48Z z9=34000 z10=35000 z11=35000
2026-09-25T03:31:53Z z9=32000 z10=33000 z11=33000
2026-09-25T03:31:59Z z9=33000 z10=34000 z11=35000
2026-09-25T03:32:04Z z9=34000 z10=33000 z11=34000
2026-09-25T03:32:09Z z9=34000 z10=35000 z11=35000
2026-09-25T03:32:14Z z9=33000 z10=33000 z11=34000
2026-09-25T03:32:19Z z9=33000 z10=33000 z11=33000
2026-09-25T03:32:24Z z9=46000 z10=42000 z11=43000
2026-09-25T03:32:29Z z9=49000 z10=46000 z11=47000
2026-09-25T03:32:34Z z9=51000 z10=52000 z11=53000
2026-09-25T03:32:39Z z9=63000 z10=57000 z11=57000
2026-09-25T03:32:45Z z9=95000 z10=84000 z11=85000
2026-09-25T03:32:50Z z9=81000 z10=67000 z11=69000
2026-09-25T03:32:55Z z9=80000 z10=67000 z11=69000
2026-09-25T03:33:00Z z9=77000 z10=63000 z11=64000
2026-09-25T03:33:05Z z9=78000 z10=65000 z11=67000
2026-09-25T03:33:10Z z9=85000 z10=67000 z11=70000
2026-09-25T03:33:15Z z9=86000 z10=67000 z11=70000
2026-09-25T03:33:20Z z9=86000 z10=68000 z11=70000
2026-09-25T03:33:25Z z9=81000 z10=65000 z11=65000
2026-09-25T03:33:30Z z9=83000 z10=67000 z11=69000
2026-09-25T03:33:36Z z9=56000 z10=61000 z11=60000
2026-09-25T03:33:41Z z9=102000 z10=87000 z11=87000
2026-09-25T03:33:46Z z9=100000 z10=95000 z11=93000
2026-09-25T03:33:51Z z9=98000 z10=95000 z11=93000
2026-09-25T03:33:56Z z9=60000 z10=61000 z11=62000
2026-09-25T03:34:01Z z9=57000 z10=56000 z11=57000
2026-09-25T03:34:06Z z9=49000 z10=49000 z11=50000
2026-09-25T03:34:11Z z9=45000 z10=46000 z11=47000
2026-09-25T03:34:16Z z9=43000 z10=44000 z11=45000
2026-09-25T03:34:21Z z9=42000 z10=42000 z11=43000
2026-09-25T03:34:27Z z9=42000 z10=40000 z11=41000
2026-09-25T03:34:32Z z9=39000 z10=40000 z11=40000
2026-09-25T03:34:37Z z9=38000 z10=39000 z11=39000
2026-09-25T03:34:42Z z9=38000 z10=39000 z11=39000
2026-09-25T03:34:47Z z9=38000 z10=38000 z11=39000
2026-09-25T03:34:52Z z9=39000 z10=37000 z11=38000
2026-09-25T03:34:57Z z9=37000 z10=37000 z11=38000
2026-09-25T03:35:02Z z9=38000 z10=37000 z11=37000
2026-09-25T03:35:07Z z9=36000 z10=36000 z11=36000
2026-09-25T03:35:12Z z9=37000 z10=36000 z11=36000
2026-09-25T03:35:18Z z9=36000 z10=36000 z11=36000
2026-09-25T03:35:23Z z9=35000 z10=35000 z11=36000
2026-09-25T03:35:28Z z9=35000 z10=35000 z11=36000
2026-09-25T03:35:33Z z9=35000 z10=35000 z11=36000
2026-09-25T03:35:38Z z9=36000 z10=35000 z11=35000
2026-09-25T03:35:43Z z9=35000 z10=35000 z11=36000
2026-09-25T03:35:48Z z9=38000 z10=38000 z11=39000
2026-09-25T03:35:53Z z9=37000 z10=35000 z11=36000
2026-09-25T03:35:58Z z9=36000 z10=35000 z11=36000
2026-09-25T03:36:04Z z9=35000 z10=35000 z11=37000
2026-09-25T03:36:09Z z9=34000 z10=35000 z11=35000
2026-09-25T03:36:14Z z9=35000 z10=35000 z11=35000
2026-09-25T03:36:19Z z9=36000 z10=35000 z11=35000
2026-09-25T03:36:24Z z9=34000 z10=34000 z11=35000
2026-09-25T03:36:29Z z9=34000 z10=34000 z11=35000
2026-09-25T03:36:34Z z9=36000 z10=35000 z11=35000
2026-09-25T03:36:39Z z9=36000 z10=34000 z11=35000
2026-09-25T03:36:44Z z9=36000 z10=35000 z11=35000
2026-09-25T03:36:49Z z9=36000 z10=34000 z11=35000
2026-09-25T03:36:55Z z9=35000 z10=34000 z11=35000
2026-09-25T03:37:00Z z9=34000 z10=34000 z11=35000
2026-09-25T03:37:05Z z9=38000 z10=39000 z11=39000
2026-09-25T03:37:10Z z9=35000 z10=35000 z11=36000
2026-09-25T03:37:15Z z9=34000 z10=34000 z11=35000
2026-09-25T03:37:20Z z9=35000 z10=37000 z11=37000
2026-09-25T03:37:25Z z9=36000 z10=34000 z11=35000
2026-09-25T03:37:30Z z9=34000 z10=34000 z11=35000
2026-09-25T03:37:35Z z9=35000 z10=34000 z11=34000
2026-09-25T03:37:41Z z9=36000 z10=36000 z11=37000
2026-09-25T03:37:46Z z9=75000 z10=65000 z11=63000
2026-09-25T03:37:51Z z9=101000 z10=94000 z11=91000
2026-09-25T03:37:56Z z9=103000 z10=97000 z11=95000
2026-09-25T03:38:01Z z9=101000 z10=99000 z11=96000
2026-09-25T03:38:06Z z9=100000 z10=100000 z11=97000
2026-09-25T03:38:11Z z9=101000 z10=100000 z11=98000
2026-09-25T03:38:16Z z9=100000 z10=100000 z11=97000
2026-09-25T03:38:22Z z9=101000 z10=102000 z11=99000
2026-09-25T03:38:27Z z9=100000 z10=103000 z11=99000
2026-09-25T03:38:32Z z9=100000 z10=99000 z11=99000
2026-09-25T03:38:37Z z9=101000 z10=102000 z11=99000
2026-09-25T03:38:42Z z9=100000 z10=102000 z11=100000
2026-09-25T03:38:47Z z9=100000 z10=100000 z11=99000
2026-09-25T03:38:52Z z9=102000 z10=101000 z11=98000
2026-09-25T03:38:57Z z9=99000 z10=102000 z11=100000
2026-09-25T03:39:03Z z9=79000 z10=80000 z11=80000
2026-09-25T03:39:08Z z9=81000 z10=80000 z11=80000
2026-09-25T03:39:13Z z9=80000 z10=79000 z11=80000
2026-09-25T03:39:18Z z9=80000 z10=81000 z11=80000
2026-09-25T03:39:23Z z9=80000 z10=79000 z11=79000
2026-09-25T03:39:28Z z9=81000 z10=81000 z11=79000
2026-09-25T03:39:33Z z9=61000 z10=62000 z11=62000
2026-09-25T03:39:38Z z9=54000 z10=54000 z11=54000
2026-09-25T03:39:44Z z9=52000 z10=51000 z11=52000
2026-09-25T03:39:49Z z9=62000 z10=55000 z11=56000
2026-09-25T03:39:54Z z9=80000 z10=70000 z11=73000
2026-09-25T03:39:59Z z9=81000 z10=72000 z11=74000
2026-09-25T03:40:04Z z9=80000 z10=72000 z11=75000
2026-09-25T03:40:09Z z9=82000 z10=83000 z11=80000
2026-09-25T03:40:14Z z9=82000 z10=73000 z11=75000
2026-09-25T03:40:19Z z9=80000 z10=81000 z11=77000
2026-09-25T03:40:24Z z9=74000 z10=82000 z11=78000
2026-09-25T03:40:30Z z9=77000 z10=82000 z11=79000
2026-09-25T03:40:35Z z9=76000 z10=80000 z11=77000
2026-09-25T03:40:40Z z9=83000 z10=75000 z11=77000
2026-09-25T03:40:45Z z9=81000 z10=80000 z11=76000
2026-09-25T03:40:50Z z9=83000 z10=74000 z11=76000
2026-09-25T03:40:55Z z9=81000 z10=81000 z11=75000
2026-09-25T03:41:00Z z9=81000 z10=79000 z11=73000
2026-09-25T03:41:05Z z9=75000 z10=79000 z11=74000
2026-09-25T03:41:10Z z9=73000 z10=75000 z11=74000
2026-09-25T03:41:15Z z9=80000 z10=81000 z11=77000
2026-09-25T03:41:21Z z9=79000 z10=81000 z11=76000
2026-09-25T03:41:26Z z9=75000 z10=79000 z11=77000
2026-09-25T03:41:31Z z9=76000 z10=78000 z11=75000
2026-09-25T03:41:36Z z9=73000 z10=79000 z11=75000
2026-09-25T03:41:41Z z9=68000 z10=77000 z11=74000
2026-09-25T03:41:46Z z9=67000 z10=75000 z11=72000
2026-09-25T03:41:51Z z9=79000 z10=72000 z11=75000
2026-09-25T03:41:56Z z9=81000 z10=73000 z11=74000
2026-09-25T03:42:01Z z9=81000 z10=72000 z11=74000
2026-09-25T03:42:07Z z9=66000 z10=74000 z11=73000
2026-09-25T03:42:12Z z9=79000 z10=70000 z11=72000
2026-09-25T03:42:17Z z9=81000 z10=72000 z11=75000
2026-09-25T03:42:22Z z9=66000 z10=75000 z11=73000
2026-09-25T03:42:27Z z9=64000 z10=62000 z11=62000
2026-09-25T03:42:32Z z9=73000 z10=75000 z11=74000
2026-09-25T03:42:37Z z9=79000 z10=81000 z11=77000
2026-09-25T03:42:42Z z9=82000 z10=77000 z11=76000
2026-09-25T03:42:47Z z9=77000 z10=78000 z11=76000
2026-09-25T03:42:53Z z9=78000 z10=79000 z11=78000
2026-09-25T03:42:58Z z9=74000 z10=74000 z11=74000
2026-09-25T03:43:03Z z9=75000 z10=75000 z11=76000
2026-09-25T03:43:08Z z9=76000 z10=76000 z11=73000
2026-09-25T03:43:13Z z9=78000 z10=75000 z11=73000
2026-09-25T03:43:18Z z9=77000 z10=77000 z11=76000
2026-09-25T03:43:23Z z9=74000 z10=77000 z11=76000
2026-09-25T03:43:28Z z9=74000 z10=74000 z11=73000
2026-09-25T03:43:33Z z9=71000 z10=72000 z11=70000
2026-09-25T03:43:39Z z9=74000 z10=72000 z11=71000
2026-09-25T03:43:44Z z9=71000 z10=72000 z11=71000
2026-09-25T03:43:49Z z9=69000 z10=70000 z11=70000
2026-09-25T03:43:54Z z9=73000 z10=73000 z11=72000
2026-09-25T03:43:59Z z9=72000 z10=73000 z11=72000
2026-09-25T03:44:04Z z9=73000 z10=70000 z11=69000
2026-09-25T03:44:09Z z9=75000 z10=72000 z11=72000
2026-09-25T03:44:14Z z9=70000 z10=71000 z11=70000
2026-09-25T03:44:20Z z9=73000 z10=71000 z11=69000
2026-09-25T03:44:25Z z9=71000 z10=72000 z11=70000
2026-09-25T03:44:30Z z9=69000 z10=72000 z11=70000
2026-09-25T03:44:35Z z9=73000 z10=70000 z11=70000
2026-09-25T03:44:40Z z9=70000 z10=71000 z11=70000
2026-09-25T03:44:45Z z9=70000 z10=72000 z11=71000
2026-09-25T03:44:50Z z9=74000 z10=73000 z11=72000
2026-09-25T03:44:55Z z9=70000 z10=72000 z11=70000
2026-09-25T03:45:01Z z9=58000 z10=58000 z11=57000
2026-09-25T03:45:06Z z9=70000 z10=64000 z11=65000
2026-09-25T03:45:11Z z9=66000 z10=62000 z11=63000
2026-09-25T03:45:16Z z9=64000 z10=60000 z11=61000
2026-09-25T03:45:21Z z9=61000 z10=58000 z11=58000
2026-09-25T03:45:26Z z9=59000 z10=56000 z11=57000
2026-09-25T03:45:31Z z9=60000 z10=57000 z11=59000
2026-09-25T03:45:36Z z9=63000 z10=59000 z11=60000
2026-09-25T03:45:41Z z9=64000 z10=59000 z11=61000
2026-09-25T03:45:47Z z9=67000 z10=62000 z11=63000
2026-09-25T03:45:52Z z9=70000 z10=65000 z11=66000
2026-09-25T03:45:57Z z9=71000 z10=65000 z11=66000
2026-09-25T03:46:02Z z9=71000 z10=65000 z11=66000
2026-09-25T03:46:07Z z9=79000 z10=70000 z11=71000
2026-09-25T03:46:12Z z9=73000 z10=67000 z11=69000
2026-09-25T03:46:17Z z9=73000 z10=67000 z11=68000
2026-09-25T03:46:22Z z9=73000 z10=66000 z11=68000
2026-09-25T03:46:27Z z9=73000 z10=67000 z11=68000
2026-09-25T03:46:33Z z9=73000 z10=67000 z11=68000
2026-09-25T03:46:38Z z9=73000 z10=67000 z11=69000
2026-09-25T03:46:43Z z9=73000 z10=67000 z11=68000
2026-09-25T03:46:48Z z9=73000 z10=67000 z11=69000
2026-09-25T03:46:53Z z9=73000 z10=68000 z11=69000
2026-09-25T03:46:58Z z9=72000 z10=66000 z11=67000
2026-09-25T03:47:03Z z9=73000 z10=67000 z11=69000
2026-09-25T03:47:08Z z9=71000 z10=66000 z11=68000
2026-09-25T03:47:14Z z9=75000 z10=68000 z11=70000
2026-09-25T03:47:19Z z9=73000 z10=67000 z11=69000
2026-09-25T03:47:24Z z9=72000 z10=66000 z11=67000
2026-09-25T03:47:29Z z9=72000 z10=66000 z11=67000
2026-09-25T03:47:34Z z9=59000 z10=56000 z11=57000
2026-09-25T03:47:39Z z9=67000 z10=62000 z11=63000
2026-09-25T03:47:44Z z9=73000 z10=65000 z11=67000
2026-09-25T03:47:49Z z9=71000 z10=64000 z11=66000
2026-09-25T03:47:54Z z9=69000 z10=62000 z11=65000
2026-09-25T03:48:00Z z9=73000 z10=66000 z11=67000
2026-09-25T03:48:05Z z9=69000 z10=63000 z11=66000
2026-09-25T03:48:10Z z9=72000 z10=65000 z11=65000
2026-09-25T03:48:15Z z9=74000 z10=66000 z11=67000
2026-09-25T03:48:20Z z9=70000 z10=63000 z11=64000
2026-09-25T03:48:25Z z9=72000 z10=65000 z11=66000
2026-09-25T03:48:30Z z9=75000 z10=67000 z11=68000
2026-09-25T03:48:35Z z9=80000 z10=70000 z11=73000
2026-09-25T03:48:41Z z9=78000 z10=69000 z11=72000
2026-09-25T03:48:46Z z9=72000 z10=66000 z11=67000
2026-09-25T03:48:51Z z9=70000 z10=65000 z11=66000
2026-09-25T03:48:56Z z9=70000 z10=64000 z11=65000
2026-09-25T03:49:01Z z9=73000 z10=67000 z11=68000
2026-09-25T03:49:06Z z9=70000 z10=64000 z11=67000
2026-09-25T03:49:11Z z9=70000 z10=63000 z11=63000
2026-09-25T03:49:16Z z9=66000 z10=74000 z11=73000
2026-09-25T03:49:21Z z9=76000 z10=78000 z11=77000
2026-09-25T03:49:27Z z9=72000 z10=78000 z11=78000
2026-09-25T03:49:32Z z9=68000 z10=74000 z11=72000
2026-09-25T03:49:37Z z9=64000 z10=70000 z11=70000
2026-09-25T03:49:42Z z9=81000 z10=75000 z11=74000
2026-09-25T03:49:47Z z9=79000 z10=77000 z11=79000
2026-09-25T03:49:52Z z9=78000 z10=74000 z11=72000
2026-09-25T03:49:57Z z9=77000 z10=77000 z11=75000
2026-09-25T03:50:02Z z9=74000 z10=74000 z11=74000
2026-09-25T03:50:07Z z9=73000 z10=74000 z11=73000
2026-09-25T03:50:12Z z9=70000 z10=70000 z11=70000
2026-09-25T03:50:17Z z9=71000 z10=69000 z11=68000
2026-09-25T03:50:23Z z9=69000 z10=69000 z11=69000
2026-09-25T03:50:28Z z9=66000 z10=69000 z11=67000
2026-09-25T03:50:33Z z9=66000 z10=66000 z11=66000
2026-09-25T03:50:38Z z9=68000 z10=66000 z11=66000
2026-09-25T03:50:43Z z9=56000 z10=55000 z11=56000
2026-09-25T03:50:48Z z9=61000 z10=57000 z11=58000
2026-09-25T03:50:53Z z9=61000 z10=57000 z11=59000
2026-09-25T03:50:58Z z9=59000 z10=56000 z11=57000
2026-09-25T03:51:03Z z9=60000 z10=57000 z11=58000
2026-09-25T03:51:08Z z9=58000 z10=55000 z11=55000
2026-09-25T03:51:14Z z9=58000 z10=55000 z11=56000
2026-09-25T03:51:19Z z9=60000 z10=56000 z11=57000
2026-09-25T03:51:24Z z9=61000 z10=57000 z11=59000
2026-09-25T03:51:29Z z9=65000 z10=59000 z11=61000
2026-09-25T03:51:34Z z9=67000 z10=61000 z11=62000
2026-09-25T03:51:39Z z9=66000 z10=62000 z11=63000
2026-09-25T03:51:44Z z9=68000 z10=62000 z11=63000
2026-09-25T03:51:49Z z9=73000 z10=66000 z11=67000
2026-09-25T03:51:54Z z9=70000 z10=65000 z11=66000
2026-09-25T03:52:00Z z9=70000 z10=64000 z11=66000
2026-09-25T03:52:05Z z9=70000 z10=63000 z11=65000
2026-09-25T03:52:10Z z9=70000 z10=63000 z11=65000
2026-09-25T03:52:15Z z9=74000 z10=65000 z11=67000
2026-09-25T03:52:20Z z9=74000 z10=67000 z11=69000
2026-09-25T03:52:25Z z9=72000 z10=66000 z11=67000
2026-09-25T03:52:30Z z9=71000 z10=65000 z11=66000
2026-09-25T03:52:35Z z9=71000 z10=63000 z11=66000
2026-09-25T03:52:41Z z9=71000 z10=65000 z11=66000
2026-09-25T03:52:46Z z9=71000 z10=65000 z11=66000
2026-09-25T03:52:51Z z9=69000 z10=63000 z11=66000
2026-09-25T03:52:56Z z9=69000 z10=64000 z11=65000
2026-09-25T03:53:01Z z9=70000 z10=64000 z11=66000
2026-09-25T03:53:06Z z9=71000 z10=63000 z11=65000
2026-09-25T03:53:11Z z9=70000 z10=64000 z11=65000
2026-09-25T03:53:16Z z9=71000 z10=65000 z11=67000
2026-09-25T03:53:22Z z9=71000 z10=64000 z11=66000
2026-09-25T03:53:27Z z9=68000 z10=63000 z11=65000
2026-09-25T03:53:32Z z9=69000 z10=64000 z11=65000
2026-09-25T03:53:37Z z9=71000 z10=64000 z11=66000
2026-09-25T03:53:42Z z9=71000 z10=64000 z11=65000
2026-09-25T03:53:47Z z9=69000 z10=64000 z11=66000
2026-09-25T03:53:52Z z9=70000 z10=64000 z11=66000
2026-09-25T03:53:57Z z9=70000 z10=65000 z11=66000
2026-09-25T03:54:02Z z9=68000 z10=64000 z11=65000
2026-09-25T03:54:08Z z9=70000 z10=63000 z11=66000
2026-09-25T03:54:13Z z9=70000 z10=64000 z11=65000
2026-09-25T03:54:18Z z9=71000 z10=63000 z11=66000
2026-09-25T03:54:23Z z9=53000 z10=53000 z11=54000
2026-09-25T03:54:28Z z9=50000 z10=52000 z11=53000
2026-09-25T03:54:33Z z9=47000 z10=48000 z11=48000
2026-09-25T03:54:38Z z9=56000 z10=49000 z11=50000
2026-09-25T03:54:43Z z9=81000 z10=76000 z11=76000
2026-09-25T03:54:49Z z9=80000 z10=79000 z11=77000
2026-09-25T03:54:54Z z9=80000 z10=80000 z11=79000
2026-09-25T03:54:59Z z9=80000 z10=78000 z11=77000
2026-09-25T03:55:04Z z9=75000 z10=73000 z11=73000
2026-09-25T03:55:09Z z9=79000 z10=76000 z11=76000
2026-09-25T03:55:14Z z9=78000 z10=75000 z11=75000
2026-09-25T03:55:19Z z9=76000 z10=74000 z11=74000
2026-09-25T03:55:24Z z9=76000 z10=74000 z11=74000
2026-09-25T03:55:29Z z9=71000 z10=69000 z11=69000
2026-09-25T03:55:35Z z9=71000 z10=70000 z11=70000
2026-09-25T03:55:40Z z9=67000 z10=68000 z11=68000
2026-09-25T03:55:45Z z9=66000 z10=66000 z11=66000
2026-09-25T03:55:50Z z9=65000 z10=66000 z11=66000
2026-09-25T03:55:55Z z9=65000 z10=65000 z11=64000
2026-09-25T03:56:00Z z9=60000 z10=57000 z11=57000
2026-09-25T03:56:05Z z9=59000 z10=56000 z11=56000
2026-09-25T03:56:10Z z9=59000 z10=56000 z11=57000
2026-09-25T03:56:16Z z9=58000 z10=55000 z11=56000
2026-09-25T03:56:21Z z9=57000 z10=55000 z11=56000
2026-09-25T03:56:26Z z9=58000 z10=54000 z11=56000
2026-09-25T03:56:31Z z9=59000 z10=56000 z11=56000
2026-09-25T03:56:36Z z9=61000 z10=56000 z11=57000
2026-09-25T03:56:41Z z9=62000 z10=57000 z11=59000
2026-09-25T03:56:46Z z9=65000 z10=60000 z11=62000
2026-09-25T03:56:51Z z9=67000 z10=60000 z11=61000
2026-09-25T03:56:57Z z9=70000 z10=63000 z11=64000
2026-09-25T03:57:02Z z9=71000 z10=64000 z11=65000
2026-09-25T03:57:07Z z9=72000 z10=65000 z11=67000
2026-09-25T03:57:12Z z9=72000 z10=65000 z11=66000
2026-09-25T03:57:17Z z9=73000 z10=65000 z11=67000
2026-09-25T03:57:22Z z9=72000 z10=66000 z11=67000
2026-09-25T03:57:27Z z9=62000 z10=59000 z11=60000
2026-09-25T03:57:32Z z9=70000 z10=64000 z11=65000
2026-09-25T03:57:37Z z9=71000 z10=64000 z11=66000
2026-09-25T03:57:43Z z9=67000 z10=61000 z11=63000
2026-09-25T03:57:48Z z9=71000 z10=64000 z11=66000
2026-09-25T03:57:53Z z9=68000 z10=63000 z11=64000
2026-09-25T03:57:58Z z9=67000 z10=61000 z11=63000
2026-09-25T03:58:03Z z9=71000 z10=65000 z11=67000
2026-09-25T03:58:08Z z9=79000 z10=78000 z11=77000
2026-09-25T03:58:13Z z9=80000 z10=80000 z11=79000
2026-09-25T03:58:18Z z9=80000 z10=80000 z11=79000
2026-09-25T03:58:24Z z9=79000 z10=77000 z11=77000
2026-09-25T03:58:29Z z9=72000 z10=72000 z11=72000
2026-09-25T03:58:34Z z9=75000 z10=74000 z11=74000
2026-09-25T03:58:39Z z9=67000 z10=68000 z11=69000
2026-09-25T03:58:44Z z9=67000 z10=67000 z11=67000
2026-09-25T03:58:49Z z9=65000 z10=66000 z11=66000
2026-09-25T03:58:54Z z9=64000 z10=66000 z11=66000
2026-09-25T03:58:59Z z9=64000 z10=64000 z11=63000
2026-09-25T03:59:05Z z9=65000 z10=66000 z11=66000
2026-09-25T03:59:10Z z9=63000 z10=65000 z11=63000
2026-09-25T03:59:15Z z9=65000 z10=65000 z11=65000
2026-09-25T03:59:20Z z9=65000 z10=66000 z11=66000
2026-09-25T03:59:25Z z9=65000 z10=66000 z11=65000
2026-09-25T03:59:30Z z9=55000 z10=56000 z11=57000
2026-09-25T03:59:35Z z9=56000 z10=60000 z11=60000
2026-09-25T03:59:40Z z9=55000 z10=59000 z11=59000
2026-09-25T03:59:45Z z9=55000 z10=60000 z11=59000
2026-09-25T03:59:51Z z9=56000 z10=60000 z11=60000
2026-09-25T03:59:56Z z9=64000 z10=59000 z11=60000
2026-09-25T04:00:01Z z9=62000 z10=61000 z11=61000
2026-09-25T04:00:06Z z9=63000 z10=63000 z11=63000
2026-09-25T04:00:11Z z9=57000 z10=62000 z11=62000
2026-09-25T04:00:16Z z9=70000 z10=63000 z11=65000
2026-09-25T04:00:21Z z9=60000 z10=62000 z11=62000
2026-09-25T04:00:26Z z9=58000 z10=62000 z11=62000
2026-09-25T04:00:31Z z9=70000 z10=63000 z11=65000
2026-09-25T04:00:36Z z9=59000 z10=63000 z11=62000
2026-09-25T04:00:41Z z9=71000 z10=63000 z11=65000
2026-09-25T04:00:47Z z9=71000 z10=63000 z11=65000
2026-09-25T04:00:52Z z9=59000 z10=64000 z11=62000
2026-09-25T04:00:57Z z9=70000 z10=63000 z11=64000
2026-09-25T04:01:02Z z9=61000 z10=62000 z11=62000
2026-09-25T04:01:07Z z9=60000 z10=62000 z11=62000
2026-09-25T04:01:12Z z9=70000 z10=64000 z11=66000
2026-09-25T04:01:17Z z9=60000 z10=65000 z11=64000
2026-09-25T04:01:22Z z9=58000 z10=63000 z11=63000
2026-09-25T04:01:27Z z9=71000 z10=63000 z11=66000
2026-09-25T04:01:32Z z9=60000 z10=65000 z11=64000
2026-09-25T04:01:38Z z9=70000 z10=62000 z11=65000
2026-09-25T04:01:43Z z9=71000 z10=65000 z11=65000
2026-09-25T04:01:48Z z9=74000 z10=73000 z11=74000
2026-09-25T04:01:53Z z9=78000 z10=78000 z11=78000
2026-09-25T04:01:58Z z9=77000 z10=76000 z11=77000
2026-09-25T04:02:03Z z9=78000 z10=77000 z11=77000
2026-09-25T04:02:08Z z9=74000 z10=74000 z11=74000
2026-09-25T04:02:13Z z9=71000 z10=70000 z11=70000
2026-09-25T04:02:18Z z9=70000 z10=70000 z11=69000
2026-09-25T04:02:23Z z9=65000 z10=65000 z11=66000
2026-09-25T04:02:28Z z9=65000 z10=66000 z11=66000
2026-09-25T04:02:34Z z9=64000 z10=64000 z11=65000
2026-09-25T04:02:39Z z9=61000 z10=62000 z11=62000
2026-09-25T04:02:44Z z9=65000 z10=66000 z11=65000
2026-09-25T04:02:49Z z9=64000 z10=65000 z11=65000
2026-09-25T04:02:54Z z9=65000 z10=66000 z11=66000
2026-09-25T04:02:59Z z9=65000 z10=66000 z11=66000
2026-09-25T04:03:04Z z9=64000 z10=65000 z11=65000
2026-09-25T04:03:09Z z9=57000 z10=57000 z11=57000
2026-09-25T04:03:14Z z9=50000 z10=50000 z11=51000
2026-09-25T04:03:19Z z9=49000 z10=49000 z11=50000
2026-09-25T04:03:25Z z9=47000 z10=47000 z11=49000
2026-09-25T04:03:30Z z9=59000 z10=58000 z11=61000
2026-09-25T04:03:35Z z9=65000 z10=66000 z11=64000
2026-09-25T04:03:40Z z9=67000 z10=68000 z11=67000
2026-09-25T04:03:45Z z9=67000 z10=68000 z11=67000
2026-09-25T04:03:50Z z9=68000 z10=68000 z11=68000
2026-09-25T04:03:55Z z9=68000 z10=69000 z11=68000
2026-09-25T04:04:00Z z9=68000 z10=68000 z11=67000
2026-09-25T04:04:06Z z9=68000 z10=67000 z11=67000
2026-09-25T04:04:11Z z9=68000 z10=67000 z11=67000
2026-09-25T04:04:16Z z9=66000 z10=67000 z11=67000
2026-09-25T04:04:21Z z9=66000 z10=68000 z11=68000
2026-09-25T04:04:26Z z9=56000 z10=56000 z11=56000
2026-09-25T04:04:31Z z9=54000 z10=55000 z11=56000
2026-09-25T04:04:36Z z9=55000 z10=54000 z11=55000
2026-09-25T04:04:41Z z9=55000 z10=55000 z11=55000
2026-09-25T04:04:46Z z9=54000 z10=54000 z11=55000
2026-09-25T04:04:52Z z9=55000 z10=54000 z11=54000
2026-09-25T04:04:57Z z9=63000 z10=64000 z11=66000
2026-09-25T04:05:02Z z9=79000 z10=82000 z11=81000
2026-09-25T04:05:07Z z9=83000 z10=84000 z11=80000
2026-09-25T04:05:12Z z9=75000 z10=80000 z11=77000
2026-09-25T04:05:17Z z9=74000 z10=77000 z11=76000
2026-09-25T04:05:22Z z9=76000 z10=78000 z11=75000
2026-09-25T04:05:28Z z9=75000 z10=77000 z11=77000
2026-09-25T04:05:33Z z9=72000 z10=74000 z11=74000
2026-09-25T04:05:38Z z9=66000 z10=67000 z11=68000
2026-09-25T04:05:43Z z9=65000 z10=66000 z11=67000
2026-09-25T04:05:48Z z9=65000 z10=67000 z11=68000
2026-09-25T04:05:53Z z9=56000 z10=56000 z11=57000
2026-09-25T04:05:58Z z9=55000 z10=55000 z11=56000
2026-09-25T04:06:03Z z9=54000 z10=54000 z11=56000
2026-09-25T04:06:09Z z9=55000 z10=53000 z11=54000
2026-09-25T04:06:14Z z9=54000 z10=54000 z11=55000
2026-09-25T04:06:19Z z9=54000 z10=54000 z11=54000
2026-09-25T04:06:24Z z9=64000 z10=72000 z11=70000
2026-09-25T04:06:29Z z9=79000 z10=83000 z11=80000
2026-09-25T04:06:34Z z9=81000 z10=81000 z11=78000
2026-09-25T04:06:39Z z9=65000 z10=68000 z11=68000
2026-09-25T04:06:44Z z9=55000 z10=55000 z11=56000
2026-09-25T04:06:49Z z9=51000 z10=53000 z11=52000
2026-09-25T04:06:55Z z9=49000 z10=49000 z11=50000
2026-09-25T04:07:00Z z9=51000 z10=53000 z11=53000
2026-09-25T04:07:05Z z9=66000 z10=66000 z11=66000
2026-09-25T04:07:10Z z9=80000 z10=79000 z11=78000
2026-09-25T04:07:15Z z9=81000 z10=81000 z11=79000
2026-09-25T04:07:20Z z9=80000 z10=82000 z11=79000
2026-09-25T04:07:25Z z9=79000 z10=78000 z11=77000
2026-09-25T04:07:30Z z9=74000 z10=74000 z11=73000
2026-09-25T04:07:36Z z9=71000 z10=70000 z11=71000
2026-09-25T04:07:41Z z9=70000 z10=69000 z11=69000
2026-09-25T04:07:46Z z9=66000 z10=67000 z11=66000
2026-09-25T04:07:51Z z9=65000 z10=66000 z11=65000
2026-09-25T04:07:56Z z9=63000 z10=63000 z11=63000
2026-09-25T04:08:01Z z9=65000 z10=65000 z11=65000
2026-09-25T04:08:06Z z9=64000 z10=65000 z11=65000
2026-09-25T04:08:11Z z9=64000 z10=65000 z11=65000
2026-09-25T04:08:17Z z9=65000 z10=66000 z11=66000
2026-09-25T04:08:22Z z9=67000 z10=67000 z11=66000
2026-09-25T04:08:27Z z9=65000 z10=66000 z11=66000
2026-09-25T04:08:32Z z9=66000 z10=66000 z11=65000
2026-09-25T04:08:37Z z9=67000 z10=66000 z11=66000
2026-09-25T04:08:42Z z9=66000 z10=67000 z11=66000
2026-09-25T04:08:47Z z9=67000 z10=66000 z11=66000
2026-09-25T04:08:52Z z9=66000 z10=66000 z11=66000
2026-09-25T04:08:58Z z9=64000 z10=65000 z11=64000
2026-09-25T04:09:03Z z9=68000 z10=68000 z11=68000
2026-09-25T04:09:08Z z9=66000 z10=66000 z11=66000
2026-09-25T04:09:13Z z9=65000 z10=65000 z11=65000
2026-09-25T04:09:18Z z9=67000 z10=67000 z11=67000
2026-09-25T04:09:23Z z9=65000 z10=66000 z11=66000
2026-09-25T04:09:28Z z9=66000 z10=66000 z11=66000
2026-09-25T04:09:33Z z9=66000 z10=66000 z11=66000
2026-09-25T04:09:39Z z9=66000 z10=67000 z11=66000
2026-09-25T04:09:44Z z9=67000 z10=67000 z11=66000
2026-09-25T04:09:49Z z9=62000 z10=63000 z11=62000
2026-09-25T04:09:54Z z9=64000 z10=65000 z11=64000
2026-09-25T04:09:59Z z9=67000 z10=68000 z11=67000
2026-09-25T04:10:04Z z9=65000 z10=66000 z11=66000
2026-09-25T04:10:09Z z9=66000 z10=66000 z11=65000
2026-09-25T04:10:14Z z9=67000 z10=67000 z11=66000
2026-09-25T04:10:20Z z9=65000 z10=66000 z11=67000
2026-09-25T04:10:25Z z9=66000 z10=66000 z11=65000
2026-09-25T04:10:30Z z9=67000 z10=66000 z11=66000
2026-09-25T04:10:35Z z9=66000 z10=66000 z11=67000
2026-09-25T04:10:40Z z9=67000 z10=66000 z11=66000
2026-09-25T04:10:45Z z9=62000 z10=62000 z11=62000
2026-09-25T04:10:50Z z9=64000 z10=65000 z11=64000
2026-09-25T04:10:55Z z9=67000 z10=67000 z11=67000
2026-09-25T04:11:01Z z9=66000 z10=66000 z11=66000
2026-09-25T04:11:06Z z9=67000 z10=67000 z11=66000
2026-09-25T04:11:11Z z9=67000 z10=66000 z11=66000
2026-09-25T04:11:16Z z9=67000 z10=68000 z11=67000
2026-09-25T04:11:21Z z9=67000 z10=66000 z11=66000
2026-09-25T04:11:26Z z9=67000 z10=67000 z11=67000
2026-09-25T04:11:31Z z9=65000 z10=66000 z11=65000
2026-09-25T04:11:36Z z9=68000 z10=68000 z11=68000
2026-09-25T04:11:42Z z9=64000 z10=65000 z11=64000
2026-09-25T04:11:47Z z9=65000 z10=65000 z11=65000
2026-09-25T04:11:52Z z9=66000 z10=66000 z11=66000
2026-09-25T04:11:57Z z9=66000 z10=67000 z11=66000
2026-09-25T04:12:02Z z9=67000 z10=66000 z11=66000
2026-09-25T04:12:07Z z9=67000 z10=67000 z11=66000
2026-09-25T04:12:12Z z9=64000 z10=65000 z11=65000
2026-09-25T04:12:17Z z9=68000 z10=69000 z11=67000
2026-09-25T04:12:23Z z9=68000 z10=68000 z11=67000
2026-09-25T04:12:28Z z9=65000 z10=66000 z11=66000
2026-09-25T04:12:33Z z9=66000 z10=66000 z11=66000
2026-09-25T04:12:38Z z9=66000 z10=68000 z11=67000
2026-09-25T04:12:43Z z9=66000 z10=67000 z11=66000
2026-09-25T04:12:48Z z9=67000 z10=66000 z11=66000
2026-09-25T04:12:53Z z9=66000 z10=68000 z11=67000
2026-09-25T04:12:58Z z9=67000 z10=67000 z11=67000
2026-09-25T04:13:04Z z9=67000 z10=67000 z11=66000
2026-09-25T04:13:09Z z9=64000 z10=66000 z11=65000
2026-09-25T04:13:14Z z9=67000 z10=67000 z11=66000
2026-09-25T04:13:19Z z9=66000 z10=67000 z11=66000
2026-09-25T04:13:24Z z9=65000 z10=66000 z11=65000
2026-09-25T04:13:29Z z9=66000 z10=66000 z11=66000
2026-09-25T04:13:34Z z9=63000 z10=65000 z11=63000
2026-09-25T04:13:39Z z9=65000 z10=66000 z11=66000
2026-09-25T04:13:45Z z9=66000 z10=66000 z11=65000
2026-09-25T04:13:50Z z9=66000 z10=67000 z11=66000
2026-09-25T04:13:55Z z9=67000 z10=66000 z11=66000
2026-09-25T04:14:00Z z9=67000 z10=67000 z11=66000
2026-09-25T04:14:05Z z9=65000 z10=67000 z11=66000
2026-09-25T04:14:10Z z9=66000 z10=66000 z11=65000
2026-09-25T04:14:15Z z9=66000 z10=67000 z11=66000
2026-09-25T04:14:20Z z9=66000 z10=67000 z11=66000
2026-09-25T04:14:26Z z9=66000 z10=66000 z11=66000
2026-09-25T04:14:31Z z9=62000 z10=63000 z11=63000
2026-09-25T04:14:36Z z9=65000 z10=67000 z11=67000
2026-09-25T04:14:41Z z9=66000 z10=66000 z11=66000
2026-09-25T04:14:46Z z9=66000 z10=67000 z11=66000
2026-09-25T04:14:51Z z9=67000 z10=66000 z11=66000
2026-09-25T04:14:56Z z9=66000 z10=66000 z11=66000
2026-09-25T04:15:01Z z9=65000 z10=66000 z11=65000
2026-09-25T04:15:07Z z9=66000 z10=66000 z11=65000
2026-09-25T04:15:12Z z9=66000 z10=67000 z11=66000
2026-09-25T04:15:17Z z9=66000 z10=67000 z11=66000
2026-09-25T04:15:22Z z9=67000 z10=66000 z11=66000
2026-09-25T04:15:27Z z9=64000 z10=65000 z11=65000
2026-09-25T04:15:32Z z9=65000 z10=66000 z11=65000
2026-09-25T04:15:37Z z9=66000 z10=66000 z11=65000
2026-09-25T04:15:42Z z9=66000 z10=67000 z11=66000
2026-09-25T04:15:47Z z9=66000 z10=67000 z11=66000
2026-09-25T04:15:53Z z9=67000 z10=66000 z11=66000
2026-09-25T04:15:58Z z9=65000 z10=66000 z11=65000
2026-09-25T04:16:03Z z9=66000 z10=66000 z11=65000
2026-09-25T04:16:08Z z9=66000 z10=67000 z11=66000
2026-09-25T04:16:13Z z9=66000 z10=67000 z11=66000
2026-09-25T04:16:18Z z9=67000 z10=66000 z11=66000
2026-09-25T04:16:23Z z9=64000 z10=65000 z11=65000
2026-09-25T04:16:29Z z9=66000 z10=66000 z11=66000
2026-09-25T04:16:34Z z9=66000 z10=66000 z11=66000
2026-09-25T04:16:39Z z9=66000 z10=67000 z11=66000
2026-09-25T04:16:44Z z9=67000 z10=67000 z11=66000
2026-09-25T04:16:49Z z9=67000 z10=67000 z11=67000
2026-09-25T04:16:54Z z9=65000 z10=66000 z11=66000
2026-09-25T04:16:59Z z9=66000 z10=66000 z11=66000
2026-09-25T04:17:04Z z9=65000 z10=67000 z11=66000
2026-09-25T04:17:09Z z9=66000 z10=67000 z11=66000
2026-09-25T04:17:15Z z9=67000 z10=67000 z11=66000
2026-09-25T04:17:20Z z9=65000 z10=66000 z11=65000
2026-09-25T04:17:25Z z9=66000 z10=66000 z11=66000
2026-09-25T04:17:30Z z9=66000 z10=67000 z11=66000
2026-09-25T04:17:35Z z9=66000 z10=67000 z11=67000
2026-09-25T04:17:40Z z9=66000 z10=66000 z11=66000
2026-09-25T04:17:45Z z9=64000 z10=65000 z11=63000
2026-09-25T04:17:50Z z9=65000 z10=66000 z11=66000
2026-09-25T04:17:56Z z9=66000 z10=66000 z11=65000
2026-09-25T04:18:01Z z9=66000 z10=66000 z11=66000
2026-09-25T04:18:06Z z9=66000 z10=67000 z11=66000
2026-09-25T04:18:11Z z9=66000 z10=66000 z11=66000
2026-09-25T04:18:16Z z9=67000 z10=67000 z11=66000
2026-09-25T04:18:21Z z9=66000 z10=66000 z11=66000
2026-09-25T04:18:26Z z9=67000 z10=66000 z11=66000
2026-09-25T04:18:31Z z9=68000 z10=68000 z11=67000
2026-09-25T04:18:37Z z9=66000 z10=66000 z11=66000
2026-09-25T04:18:42Z z9=61000 z10=62000 z11=62000
2026-09-25T04:18:47Z z9=68000 z10=68000 z11=67000
2026-09-25T04:18:52Z z9=65000 z10=66000 z11=66000
2026-09-25T04:18:57Z z9=67000 z10=67000 z11=67000
2026-09-25T04:19:02Z z9=68000 z10=68000 z11=68000
2026-09-25T04:19:07Z z9=65000 z10=66000 z11=66000
2026-09-25T04:19:12Z z9=67000 z10=67000 z11=67000
2026-09-25T04:19:18Z z9=65000 z10=66000 z11=66000
2026-09-25T04:19:23Z z9=65000 z10=65000 z11=65000
2026-09-25T04:19:28Z z9=67000 z10=67000 z11=67000
2026-09-25T04:19:33Z z9=66000 z10=66000 z11=66000
2026-09-25T04:19:38Z z9=62000 z10=62000 z11=62000
2026-09-25T04:19:43Z z9=67000 z10=68000 z11=67000
2026-09-25T04:19:48Z z9=65000 z10=66000 z11=65000
2026-09-25T04:19:53Z z9=67000 z10=67000 z11=67000
2026-09-25T04:19:59Z z9=68000 z10=68000 z11=69000
2026-09-25T04:20:04Z z9=65000 z10=66000 z11=65000
2026-09-25T04:20:09Z z9=66000 z10=67000 z11=66000
2026-09-25T04:20:14Z z9=67000 z10=66000 z11=66000
2026-09-25T04:20:19Z z9=67000 z10=66000 z11=66000
2026-09-25T04:20:24Z z9=66000 z10=67000 z11=66000
2026-09-25T04:20:29Z z9=67000 z10=67000 z11=66000
2026-09-25T04:20:34Z z9=65000 z10=65000 z11=65000
2026-09-25T04:20:40Z z9=67000 z10=68000 z11=67000
2026-09-25T04:20:45Z z9=67000 z10=67000 z11=66000
2026-09-25T04:20:50Z z9=66000 z10=67000 z11=67000
2026-09-25T04:20:55Z z9=66000 z10=68000 z11=66000
2026-09-25T04:21:00Z z9=67000 z10=67000 z11=66000
2026-09-25T04:21:05Z z9=67000 z10=67000 z11=67000
2026-09-25T04:21:10Z z9=66000 z10=66000 z11=66000
2026-09-25T04:21:15Z z9=65000 z10=66000 z11=65000
2026-09-25T04:21:21Z z9=67000 z10=67000 z11=66000
2026-09-25T04:21:26Z z9=66000 z10=67000 z11=66000
2026-09-25T04:21:31Z z9=66000 z10=65000 z11=66000
2026-09-25T04:21:36Z z9=66000 z10=66000 z11=66000
2026-09-25T04:21:41Z z9=65000 z10=67000 z11=66000
2026-09-25T04:21:46Z z9=66000 z10=66000 z11=66000
2026-09-25T04:21:51Z z9=67000 z10=66000 z11=65000
2026-09-25T04:21:56Z z9=61000 z10=62000 z11=62000
2026-09-25T04:22:02Z z9=66000 z10=67000 z11=66000
2026-09-25T04:22:07Z z9=65000 z10=65000 z11=65000
2026-09-25T04:22:12Z z9=65000 z10=66000 z11=65000
2026-09-25T04:22:17Z z9=68000 z10=68000 z11=67000
2026-09-25T04:22:22Z z9=65000 z10=66000 z11=66000
2026-09-25T04:22:27Z z9=66000 z10=67000 z11=66000
2026-09-25T04:22:32Z z9=67000 z10=67000 z11=67000
2026-09-25T04:22:37Z z9=65000 z10=65000 z11=65000
2026-09-25T04:22:43Z z9=66000 z10=66000 z11=65000
2026-09-25T04:22:48Z z9=66000 z10=67000 z11=66000
2026-09-25T04:22:53Z z9=62000 z10=62000 z11=63000
2026-09-25T04:22:58Z z9=66000 z10=66000 z11=66000
2026-09-25T04:23:03Z z9=66000 z10=67000 z11=66000
2026-09-25T04:23:08Z z9=66000 z10=66000 z11=66000
2026-09-25T04:23:13Z z9=67000 z10=66000 z11=66000
2026-09-25T04:23:18Z z9=66000 z10=67000 z11=66000
2026-09-25T04:23:24Z z9=66000 z10=66000 z11=65000
2026-09-25T04:23:29Z z9=66000 z10=66000 z11=65000
2026-09-25T04:23:34Z z9=66000 z10=66000 z11=66000
2026-09-25T04:23:39Z z9=67000 z10=67000 z11=66000
2026-09-25T04:23:44Z z9=65000 z10=66000 z11=65000
2026-09-25T04:23:49Z z9=61000 z10=62000 z11=61000
2026-09-25T04:23:54Z z9=66000 z10=67000 z11=66000
2026-09-25T04:23:59Z z9=65000 z10=66000 z11=66000
2026-09-25T04:24:05Z z9=64000 z10=65000 z11=65000
2026-09-25T04:24:10Z z9=67000 z10=68000 z11=67000
2026-09-25T04:24:15Z z9=65000 z10=65000 z11=65000
2026-09-25T04:24:20Z z9=66000 z10=67000 z11=66000
2026-09-25T04:24:25Z z9=67000 z10=67000 z11=66000
2026-09-25T04:24:30Z z9=65000 z10=65000 z11=66000
2026-09-25T04:24:35Z z9=67000 z10=67000 z11=67000
2026-09-25T04:24:40Z z9=66000 z10=67000 z11=66000
2026-09-25T04:24:46Z z9=64000 z10=65000 z11=65000
2026-09-25T04:24:51Z z9=67000 z10=67000 z11=67000
2026-09-25T04:24:56Z z9=65000 z10=66000 z11=66000
2026-09-25T04:25:01Z z9=65000 z10=66000 z11=65000
2026-09-25T04:25:06Z z9=68000 z10=68000 z11=67000
2026-09-25T04:25:11Z z9=65000 z10=66000 z11=65000
2026-09-25T04:25:16Z z9=66000 z10=67000 z11=67000
2026-09-25T04:25:21Z z9=68000 z10=68000 z11=67000
2026-09-25T04:25:27Z z9=65000 z10=66000 z11=65000
2026-09-25T04:25:32Z z9=67000 z10=68000 z11=67000
2026-09-25T04:25:37Z z9=66000 z10=67000 z11=66000
2026-09-25T04:25:42Z z9=64000 z10=65000 z11=64000
2026-09-25T04:25:47Z z9=67000 z10=68000 z11=67000
2026-09-25T04:25:52Z z9=65000 z10=65000 z11=65000
2026-09-25T04:25:57Z z9=66000 z10=67000 z11=67000
2026-09-25T04:26:02Z z9=68000 z10=69000 z11=67000
2026-09-25T04:26:08Z z9=63000 z10=63000 z11=62000
2026-09-25T04:26:13Z z9=67000 z10=67000 z11=66000
2026-09-25T04:26:18Z z9=68000 z10=68000 z11=67000
2026-09-25T04:26:23Z z9=65000 z10=65000 z11=65000
2026-09-25T04:26:28Z z9=67000 z10=68000 z11=67000
2026-09-25T04:26:33Z z9=66000 z10=67000 z11=66000
2026-09-25T04:26:38Z z9=64000 z10=65000 z11=65000
2026-09-25T04:26:43Z z9=67000 z10=67000 z11=67000
2026-09-25T04:26:48Z z9=65000 z10=65000 z11=65000
2026-09-25T04:26:54Z z9=67000 z10=67000 z11=67000
2026-09-25T04:26:59Z z9=68000 z10=69000 z11=68000
2026-09-25T04:27:04Z z9=63000 z10=63000 z11=63000
2026-09-25T04:27:09Z z9=66000 z10=67000 z11=66000
2026-09-25T04:27:14Z z9=68000 z10=68000 z11=67000
2026-09-25T04:27:19Z z9=65000 z10=65000 z11=65000
2026-09-25T04:27:24Z z9=67000 z10=68000 z11=67000
2026-09-25T04:27:29Z z9=66000 z10=67000 z11=66000
2026-09-25T04:27:35Z z9=64000 z10=65000 z11=63000
2026-09-25T04:27:40Z z9=67000 z10=68000 z11=67000
2026-09-25T04:27:45Z z9=66000 z10=66000 z11=65000
2026-09-25T04:27:50Z z9=67000 z10=67000 z11=67000
2026-09-25T04:27:55Z z9=68000 z10=69000 z11=68000
2026-09-25T04:28:00Z z9=62000 z10=63000 z11=62000
2026-09-25T04:28:05Z z9=66000 z10=67000 z11=67000
2026-09-25T04:28:10Z z9=68000 z10=68000 z11=67000
2026-09-25T04:28:16Z z9=65000 z10=66000 z11=65000
2026-09-25T04:28:21Z z9=66000 z10=66000 z11=66000
2026-09-25T04:28:26Z z9=66000 z10=67000 z11=66000
2026-09-25T04:28:31Z z9=65000 z10=66000 z11=66000
2026-09-25T04:28:36Z z9=66000 z10=66000 z11=66000
2026-09-25T04:28:41Z z9=65000 z10=67000 z11=66000
2026-09-25T04:28:46Z z9=66000 z10=66000 z11=66000
2026-09-25T04:28:51Z z9=67000 z10=66000 z11=66000
2026-09-25T04:28:57Z z9=63000 z10=63000 z11=63000
2026-09-25T04:29:02Z z9=67000 z10=67000 z11=66000
2026-09-25T04:29:07Z z9=66000 z10=66000 z11=66000
2026-09-25T04:29:12Z z9=66000 z10=66000 z11=66000
2026-09-25T04:29:17Z z9=67000 z10=66000 z11=66000
2026-09-25T04:29:22Z z9=66000 z10=67000 z11=68000
2026-09-25T04:29:27Z z9=54000 z10=55000 z11=56000
2026-09-25T04:29:32Z z9=65000 z10=66000 z11=65000
2026-09-25T04:29:38Z z9=67000 z10=68000 z11=67000
2026-09-25T04:29:43Z z9=68000 z10=69000 z11=68000
2026-09-25T04:29:48Z z9=68000 z10=68000 z11=68000
2026-09-25T04:29:53Z z9=67000 z10=66000 z11=66000
2026-09-25T04:29:58Z z9=64000 z10=65000 z11=64000
2026-09-25T04:30:03Z z9=66000 z10=67000 z11=66000
2026-09-25T04:30:08Z z9=67000 z10=67000 z11=67000
2026-09-25T04:30:13Z z9=65000 z10=66000 z11=66000
2026-09-25T04:30:19Z z9=67000 z10=66000 z11=66000
2026-09-25T04:30:24Z z9=66000 z10=66000 z11=66000
2026-09-25T04:30:29Z z9=68000 z10=68000 z11=67000
2026-09-25T04:30:34Z z9=68000 z10=68000 z11=68000
2026-09-25T04:30:39Z z9=67000 z10=67000 z11=67000
2026-09-25T04:30:44Z z9=65000 z10=66000 z11=66000
2026-09-25T04:30:49Z z9=64000 z10=65000 z11=65000
2026-09-25T04:30:54Z z9=67000 z10=67000 z11=67000
2026-09-25T04:31:00Z z9=66000 z10=67000 z11=66000
2026-09-25T04:31:05Z z9=65000 z10=65000 z11=65000
2026-09-25T04:31:10Z z9=66000 z10=66000 z11=66000
2026-09-25T04:31:15Z z9=65000 z10=66000 z11=66000
2026-09-25T04:31:20Z z9=66000 z10=66000 z11=66000
2026-09-25T04:31:25Z z9=67000 z10=67000 z11=66000
2026-09-25T04:31:30Z z9=65000 z10=66000 z11=66000
2026-09-25T04:31:35Z z9=67000 z10=67000 z11=66000
2026-09-25T04:31:40Z z9=67000 z10=68000 z11=67000
2026-09-25T04:31:46Z z9=67000 z10=67000 z11=66000
2026-09-25T04:31:51Z z9=66000 z10=67000 z11=66000
2026-09-25T04:31:56Z z9=67000 z10=67000 z11=66000
2026-09-25T04:32:01Z z9=64000 z10=65000 z11=65000
2026-09-25T04:32:06Z z9=65000 z10=65000 z11=65000
2026-09-25T04:32:11Z z9=67000 z10=68000 z11=67000
2026-09-25T04:32:16Z z9=68000 z10=68000 z11=67000
2026-09-25T04:32:21Z z9=65000 z10=66000 z11=66000
2026-09-25T04:32:27Z z9=63000 z10=63000 z11=63000
2026-09-25T04:32:32Z z9=66000 z10=67000 z11=66000
2026-09-25T04:32:37Z z9=66000 z10=67000 z11=67000
2026-09-25T04:32:42Z z9=67000 z10=67000 z11=66000
2026-09-25T04:32:47Z z9=65000 z10=66000 z11=66000
2026-09-25T04:32:52Z z9=65000 z10=66000 z11=65000
2026-09-25T04:32:57Z z9=68000 z10=68000 z11=68000
2026-09-25T04:33:03Z z9=65000 z10=66000 z11=65000
2026-09-25T04:33:08Z z9=66000 z10=66000 z11=66000
2026-09-25T04:33:13Z z9=66000 z10=67000 z11=66000
2026-09-25T04:33:18Z z9=65000 z10=67000 z11=66000
2026-09-25T04:33:23Z z9=66000 z10=66000 z11=65000
2026-09-25T04:33:28Z z9=65000 z10=65000 z11=65000
2026-09-25T04:33:33Z z9=65000 z10=66000 z11=65000
2026-09-25T04:33:38Z z9=68000 z10=68000 z11=67000
2026-09-25T04:33:44Z z9=65000 z10=65000 z11=65000
2026-09-25T04:33:49Z z9=66000 z10=66000 z11=65000
2026-09-25T04:33:54Z z9=67000 z10=67000 z11=66000
2026-09-25T04:33:59Z z9=66000 z10=67000 z11=67000
2026-09-25T04:34:04Z z9=67000 z10=68000 z11=67000
2026-09-25T04:34:09Z z9=65000 z10=66000 z11=65000
2026-09-25T04:34:14Z z9=64000 z10=64000 z11=64000
2026-09-25T04:34:19Z z9=67000 z10=68000 z11=67000
2026-09-25T04:34:24Z z9=66000 z10=66000 z11=65000
2026-09-25T04:34:30Z z9=65000 z10=66000 z11=66000
2026-09-25T04:34:35Z z9=66000 z10=65000 z11=65000
2026-09-25T04:34:40Z z9=65000 z10=66000 z11=66000
2026-09-25T04:34:45Z z9=67000 z10=66000 z11=66000
2026-09-25T04:34:50Z z9=67000 z10=67000 z11=66000
2026-09-25T04:34:55Z z9=65000 z10=65000 z11=65000
2026-09-25T04:35:00Z z9=67000 z10=68000 z11=67000
2026-09-25T04:35:06Z z9=66000 z10=66000 z11=66000
2026-09-25T04:35:11Z z9=65000 z10=65000 z11=65000
2026-09-25T04:35:16Z z9=66000 z10=66000 z11=66000
2026-09-25T04:35:21Z z9=66000 z10=67000 z11=67000
2026-09-25T04:35:26Z z9=66000 z10=66000 z11=66000
2026-09-25T04:35:31Z z9=66000 z10=66000 z11=66000
2026-09-25T04:35:36Z z9=66000 z10=67000 z11=66000
2026-09-25T04:35:41Z z9=67000 z10=67000 z11=66000
2026-09-25T04:35:46Z z9=63000 z10=63000 z11=63000
2026-09-25T04:35:52Z z9=65000 z10=65000 z11=65000
2026-09-25T04:35:57Z z9=67000 z10=67000 z11=67000
2026-09-25T04:36:02Z z9=66000 z10=66000 z11=66000
2026-09-25T04:36:07Z z9=65000 z10=65000 z11=65000
2026-09-25T04:36:12Z z9=65000 z10=65000 z11=64000
2026-09-25T04:36:17Z z9=65000 z10=67000 z11=66000
2026-09-25T04:36:22Z z9=67000 z10=66000 z11=66000
2026-09-25T04:36:27Z z9=66000 z10=66000 z11=66000
2026-09-25T04:36:33Z z9=65000 z10=65000 z11=65000
2026-09-25T04:36:38Z z9=66000 z10=66000 z11=66000
2026-09-25T04:36:43Z z9=68000 z10=68000 z11=67000
2026-09-25T04:36:48Z z9=65000 z10=66000 z11=65000
2026-09-25T04:36:53Z z9=66000 z10=66000 z11=66000
2026-09-25T04:36:58Z z9=66000 z10=67000 z11=67000
2026-09-25T04:37:03Z z9=65000 z10=66000 z11=67000
2026-09-25T04:37:08Z z9=66000 z10=66000 z11=66000
2026-09-25T04:37:14Z z9=66000 z10=68000 z11=67000
2026-09-25T04:37:19Z z9=67000 z10=67000 z11=66000
2026-09-25T04:37:24Z z9=67000 z10=66000 z11=67000
2026-09-25T04:37:29Z z9=65000 z10=65000 z11=65000
2026-09-25T04:37:34Z z9=67000 z10=68000 z11=68000
2026-09-25T04:37:39Z z9=68000 z10=69000 z11=68000
2026-09-25T04:37:44Z z9=66000 z10=66000 z11=66000
2026-09-25T04:37:49Z z9=65000 z10=66000 z11=65000
2026-09-25T04:37:55Z z9=66000 z10=66000 z11=66000
2026-09-25T04:38:00Z z9=67000 z10=66000 z11=66000
2026-09-25T04:38:05Z z9=66000 z10=67000 z11=67000
2026-09-25T04:38:10Z z9=65000 z10=66000 z11=65000
2026-09-25T04:38:15Z z9=67000 z10=68000 z11=67000
2026-09-25T04:38:20Z z9=66000 z10=66000 z11=66000
2026-09-25T04:38:25Z z9=65000 z10=65000 z11=64000
2026-09-25T04:38:30Z z9=67000 z10=68000 z11=67000
2026-09-25T04:38:36Z z9=67000 z10=67000 z11=67000
2026-09-25T04:38:41Z z9=62000 z10=63000 z11=62000
2026-09-25T04:38:46Z z9=66000 z10=66000 z11=66000
2026-09-25T04:38:51Z z9=66000 z10=67000 z11=66000
2026-09-25T04:38:56Z z9=66000 z10=68000 z11=67000
2026-09-25T04:39:01Z z9=67000 z10=66000 z11=66000
2026-09-25T04:39:06Z z9=61000 z10=62000 z11=62000
2026-09-25T04:39:11Z z9=66000 z10=66000 z11=66000
2026-09-25T04:39:17Z z9=68000 z10=68000 z11=67000
2026-09-25T04:39:22Z z9=65000 z10=66000 z11=65000
2026-09-25T04:39:27Z z9=67000 z10=66000 z11=66000
2026-09-25T04:39:32Z z9=65000 z10=66000 z11=65000
2026-09-25T04:39:37Z z9=66000 z10=67000 z11=66000
2026-09-25T04:39:42Z z9=66000 z10=66000 z11=66000
2026-09-25T04:39:47Z z9=65000 z10=66000 z11=65000
2026-09-25T04:39:52Z z9=65000 z10=65000 z11=65000
2026-09-25T04:39:58Z z9=66000 z10=66000 z11=66000
2026-09-25T04:40:03Z z9=65000 z10=67000 z11=66000
2026-09-25T04:40:08Z z9=66000 z10=66000 z11=66000
2026-09-25T04:40:13Z z9=67000 z10=66000 z11=66000
2026-09-25T04:40:18Z z9=65000 z10=65000 z11=65000
2026-09-25T04:40:23Z z9=67000 z10=67000 z11=67000
2026-09-25T04:40:28Z z9=66000 z10=67000 z11=67000
2026-09-25T04:40:34Z z9=65000 z10=66000 z11=65000
2026-09-25T04:40:39Z z9=66000 z10=66000 z11=66000
2026-09-25T04:40:44Z z9=65000 z10=65000 z11=65000
2026-09-25T04:40:49Z z9=64000 z10=64000 z11=64000
2026-09-25T04:40:54Z z9=68000 z10=68000 z11=68000
2026-09-25T04:40:59Z z9=65000 z10=66000 z11=65000
2026-09-25T04:41:04Z z9=67000 z10=66000 z11=65000
2026-09-25T04:41:09Z z9=66000 z10=66000 z11=66000
2026-09-25T04:41:15Z z9=65000 z10=66000 z11=66000
2026-09-25T04:41:20Z z9=68000 z10=69000 z11=68000
2026-09-25T04:41:25Z z9=66000 z10=67000 z11=67000
2026-09-25T04:41:30Z z9=65000 z10=66000 z11=65000
2026-09-25T04:41:35Z z9=62000 z10=62000 z11=62000
2026-09-25T04:41:40Z z9=63000 z10=63000 z11=63000
2026-09-25T04:41:45Z z9=65000 z10=64000 z11=64000
2026-09-25T04:41:50Z z9=66000 z10=66000 z11=66000
2026-09-25T04:41:56Z z9=64000 z10=65000 z11=65000
2026-09-25T04:42:01Z z9=66000 z10=67000 z11=67000
2026-09-25T04:42:06Z z9=67000 z10=67000 z11=67000
2026-09-25T04:42:11Z z9=64000 z10=65000 z11=65000
2026-09-25T04:42:16Z z9=67000 z10=67000 z11=67000
2026-09-25T04:42:21Z z9=66000 z10=66000 z11=66000
2026-09-25T04:42:26Z z9=65000 z10=66000 z11=65000
2026-09-25T04:42:31Z z9=66000 z10=66000 z11=66000
2026-09-25T04:42:37Z z9=66000 z10=67000 z11=67000
2026-09-25T04:42:42Z z9=66000 z10=66000 z11=66000
2026-09-25T04:42:47Z z9=66000 z10=66000 z11=66000
2026-09-25T04:42:52Z z9=61000 z10=62000 z11=62000
2026-09-25T04:42:57Z z9=67000 z10=67000 z11=67000
2026-09-25T04:43:02Z z9=68000 z10=68000 z11=67000
2026-09-25T04:43:07Z z9=65000 z10=66000 z11=67000
2026-09-25T04:43:12Z z9=67000 z10=66000 z11=66000
2026-09-25T04:43:18Z z9=65000 z10=65000 z11=64000
2026-09-25T04:43:23Z z9=64000 z10=64000 z11=64000
2026-09-25T04:43:28Z z9=67000 z10=68000 z11=67000
2026-09-25T04:43:33Z z9=66000 z10=66000 z11=65000
2026-09-25T04:43:38Z z9=65000 z10=65000 z11=65000
2026-09-25T04:43:43Z z9=64000 z10=64000 z11=63000
2026-09-25T04:43:48Z z9=67000 z10=68000 z11=68000
2026-09-25T04:43:53Z z9=65000 z10=66000 z11=65000
2026-09-25T04:43:59Z z9=65000 z10=66000 z11=65000
2026-09-25T04:44:04Z z9=66000 z10=66000 z11=66000
2026-09-25T04:44:09Z z9=64000 z10=65000 z11=65000
2026-09-25T04:44:14Z z9=66000 z10=67000 z11=67000
2026-09-25T04:44:19Z z9=68000 z10=68000 z11=67000
2026-09-25T04:44:24Z z9=65000 z10=66000 z11=65000
2026-09-25T04:44:29Z z9=65000 z10=65000 z11=65000
2026-09-25T04:44:34Z z9=65000 z10=65000 z11=65000
2026-09-25T04:44:40Z z9=66000 z10=66000 z11=66000
2026-09-25T04:44:45Z z9=66000 z10=67000 z11=66000
2026-09-25T04:44:50Z z9=67000 z10=67000 z11=66000
2026-09-25T04:44:55Z z9=65000 z10=66000 z11=65000
2026-09-25T04:45:00Z z9=64000 z10=65000 z11=65000
2026-09-25T04:45:05Z z9=67000 z10=68000 z11=67000
2026-09-25T04:45:10Z z9=66000 z10=66000 z11=66000
2026-09-25T04:45:15Z z9=65000 z10=65000 z11=65000
2026-09-25T04:45:21Z z9=65000 z10=66000 z11=66000
2026-09-25T04:45:26Z z9=66000 z10=66000 z11=65000
2026-09-25T04:45:31Z z9=65000 z10=67000 z11=66000
2026-09-25T04:45:36Z z9=66000 z10=67000 z11=67000
2026-09-25T04:45:41Z z9=67000 z10=66000 z11=66000
2026-09-25T04:45:46Z z9=63000 z10=63000 z11=63000
2026-09-25T04:45:51Z z9=65000 z10=66000 z11=65000
2026-09-25T04:45:56Z z9=66000 z10=66000 z11=66000
2026-09-25T04:46:02Z z9=66000 z10=67000 z11=66000
2026-09-25T04:46:07Z z9=65000 z10=66000 z11=66000
2026-09-25T04:46:12Z z9=62000 z10=62000 z11=62000
2026-09-25T04:46:17Z z9=66000 z10=66000 z11=65000
2026-09-25T04:46:22Z z9=64000 z10=65000 z11=65000
2026-09-25T04:46:27Z z9=67000 z10=68000 z11=67000
2026-09-25T04:46:32Z z9=68000 z10=68000 z11=68000
2026-09-25T04:46:37Z z9=63000 z10=64000 z11=63000
2026-09-25T04:46:43Z z9=65000 z10=65000 z11=65000
2026-09-25T04:46:48Z z9=66000 z10=67000 z11=66000
2026-09-25T04:46:53Z z9=66000 z10=67000 z11=66000
2026-09-25T04:46:58Z z9=66000 z10=66000 z11=66000
2026-09-25T04:47:03Z z9=64000 z10=65000 z11=65000
2026-09-25T04:47:08Z z9=64000 z10=65000 z11=64000
2026-09-25T04:47:13Z z9=68000 z10=68000 z11=67000
2026-09-25T04:47:18Z z9=65000 z10=66000 z11=65000
2026-09-25T04:47:24Z z9=65000 z10=65000 z11=65000
2026-09-25T04:47:29Z z9=63000 z10=63000 z11=63000
2026-09-25T04:47:34Z z9=67000 z10=67000 z11=66000
2026-09-25T04:47:39Z z9=65000 z10=65000 z11=64000
2026-09-25T04:47:44Z z9=65000 z10=65000 z11=65000
2026-09-25T04:47:49Z z9=65000 z10=65000 z11=65000
2026-09-25T04:47:54Z z9=64000 z10=64000 z11=64000
2026-09-25T04:47:59Z z9=65000 z10=66000 z11=65000
2026-09-25T04:48:05Z z9=66000 z10=66000 z11=66000
2026-09-25T04:48:10Z z9=67000 z10=67000 z11=67000
2026-09-25T04:48:15Z z9=65000 z10=66000 z11=66000
2026-09-25T04:48:20Z z9=67000 z10=67000 z11=66000
2026-09-25T04:48:25Z z9=68000 z10=68000 z11=67000
2026-09-25T04:48:30Z z9=65000 z10=66000 z11=66000
2026-09-25T04:48:35Z z9=65000 z10=65000 z11=65000
2026-09-25T04:48:40Z z9=66000 z10=66000 z11=65000
2026-09-25T04:48:46Z z9=66000 z10=66000 z11=65000
2026-09-25T04:48:51Z z9=66000 z10=67000 z11=66000
2026-09-25T04:48:56Z z9=67000 z10=66000 z11=66000
2026-09-25T04:49:01Z z9=65000 z10=66000 z11=65000
2026-09-25T04:49:06Z z9=65000 z10=65000 z11=65000
2026-09-25T04:49:11Z z9=67000 z10=67000 z11=67000
2026-09-25T04:49:16Z z9=65000 z10=66000 z11=65000
2026-09-25T04:49:21Z z9=65000 z10=66000 z11=65000
2026-09-25T04:49:27Z z9=67000 z10=67000 z11=66000
2026-09-25T04:49:32Z z9=57000 z10=57000 z11=59000
2026-09-25T04:49:37Z z9=55000 z10=54000 z11=54000
2026-09-25T04:49:42Z z9=53000 z10=53000 z11=54000
2026-09-25T04:49:47Z z9=53000 z10=54000 z11=54000
2026-09-25T04:49:52Z z9=52000 z10=54000 z11=54000
2026-09-25T04:49:57Z z9=53000 z10=52000 z11=52000
2026-09-25T04:50:02Z z9=51000 z10=52000 z11=53000
2026-09-25T04:50:08Z z9=74000 z10=72000 z11=75000
2026-09-25T04:50:13Z z9=80000 z10=84000 z11=81000
2026-09-25T04:50:18Z z9=77000 z10=79000 z11=77000
2026-09-25T04:50:23Z z9=77000 z10=78000 z11=76000
2026-09-25T04:50:28Z z9=74000 z10=76000 z11=74000
2026-09-25T04:50:33Z z9=75000 z10=76000 z11=74000
2026-09-25T04:50:38Z z9=74000 z10=76000 z11=76000
2026-09-25T04:50:44Z z9=69000 z10=69000 z11=69000
2026-09-25T04:50:49Z z9=64000 z10=65000 z11=66000
2026-09-25T04:50:54Z z9=64000 z10=65000 z11=66000
2026-09-25T04:50:59Z z9=66000 z10=69000 z11=69000
2026-09-25T04:51:04Z z9=65000 z10=66000 z11=64000
2026-09-25T04:51:09Z z9=67000 z10=69000 z11=68000
2026-09-25T04:51:14Z z9=64000 z10=66000 z11=65000
2026-09-25T04:51:19Z z9=64000 z10=66000 z11=65000
2026-09-25T04:51:25Z z9=65000 z10=66000 z11=66000
2026-09-25T04:51:30Z z9=65000 z10=68000 z11=69000
2026-09-25T04:51:35Z z9=68000 z10=69000 z11=69000
2026-09-25T04:51:40Z z9=65000 z10=67000 z11=68000
2026-09-25T04:51:45Z z9=64000 z10=66000 z11=66000
2026-09-25T04:51:50Z z9=65000 z10=68000 z11=67000
2026-09-25T04:51:55Z z9=68000 z10=67000 z11=69000
2026-09-25T04:52:01Z z9=65000 z10=68000 z11=69000
2026-09-25T04:52:06Z z9=67000 z10=69000 z11=69000
2026-09-25T04:52:11Z z9=65000 z10=66000 z11=66000
2026-09-25T04:52:16Z z9=65000 z10=67000 z11=67000
2026-09-25T04:52:21Z z9=65000 z10=66000 z11=66000
2026-09-25T04:52:26Z z9=66000 z10=70000 z11=69000
2026-09-25T04:52:31Z z9=70000 z10=69000 z11=70000
2026-09-25T04:52:37Z z9=66000 z10=67000 z11=68000
2026-09-25T04:52:42Z z9=65000 z10=65000 z11=66000
2026-09-25T04:52:47Z z9=66000 z10=66000 z11=66000
2026-09-25T04:52:52Z z9=68000 z10=66000 z11=67000
2026-09-25T04:52:57Z z9=68000 z10=69000 z11=69000
2026-09-25T04:53:02Z z9=66000 z10=69000 z11=68000
2026-09-25T04:53:07Z z9=65000 z10=65000 z11=67000
2026-09-25T04:53:12Z z9=65000 z10=66000 z11=66000
2026-09-25T04:53:18Z z9=64000 z10=65000 z11=66000
2026-09-25T04:53:23Z z9=69000 z10=69000 z11=68000
2026-09-25T04:53:28Z z9=67000 z10=70000 z11=71000
2026-09-25T04:53:33Z z9=65000 z10=67000 z11=66000
2026-09-25T04:53:38Z z9=64000 z10=67000 z11=68000
2026-09-25T04:53:43Z z9=64000 z10=65000 z11=67000
2026-09-25T04:53:48Z z9=66000 z10=68000 z11=69000
2026-09-25T04:53:54Z z9=68000 z10=69000 z11=67000
2026-09-25T04:53:59Z z9=66000 z10=68000 z11=69000
2026-09-25T04:54:04Z z9=66000 z10=67000 z11=67000
2026-09-25T04:54:09Z z9=67000 z10=69000 z11=69000
2026-09-25T04:54:14Z z9=67000 z10=68000 z11=68000
2026-09-25T04:54:19Z z9=67000 z10=67000 z11=67000
2026-09-25T04:54:24Z z9=64000 z10=66000 z11=68000
2026-09-25T04:54:30Z z9=63000 z10=65000 z11=67000
2026-09-25T04:54:35Z z9=68000 z10=69000 z11=68000
2026-09-25T04:54:40Z z9=64000 z10=66000 z11=67000
2026-09-25T04:54:45Z z9=66000 z10=67000 z11=66000
2026-09-25T04:54:50Z z9=66000 z10=67000 z11=67000
2026-09-25T04:54:55Z z9=63000 z10=66000 z11=66000
2026-09-25T04:55:00Z z9=66000 z10=68000 z11=69000
2026-09-25T04:55:06Z z9=67000 z10=69000 z11=70000
2026-09-25T04:55:11Z z9=64000 z10=63000 z11=63000
2026-09-25T04:55:16Z z9=65000 z10=67000 z11=69000
2026-09-25T04:55:21Z z9=65000 z10=67000 z11=68000
2026-09-25T04:55:26Z z9=62000 z10=65000 z11=63000
2026-09-25T04:55:31Z z9=66000 z10=68000 z11=69000
2026-09-25T04:55:36Z z9=63000 z10=65000 z11=65000
2026-09-25T04:55:42Z z9=66000 z10=67000 z11=66000
2026-09-25T04:55:47Z z9=66000 z10=68000 z11=69000
2026-09-25T04:55:52Z z9=64000 z10=63000 z11=65000
2026-09-25T04:55:57Z z9=66000 z10=65000 z11=66000
2026-09-25T04:56:02Z z9=64000 z10=66000 z11=67000
2026-09-25T04:56:07Z z9=64000 z10=65000 z11=66000
2026-09-25T04:56:12Z z9=65000 z10=65000 z11=68000
2026-09-25T04:56:17Z z9=65000 z10=66000 z11=67000
2026-09-25T04:56:23Z z9=66000 z10=66000 z11=67000
2026-09-25T04:56:28Z z9=66000 z10=68000 z11=67000
2026-09-25T04:56:33Z z9=67000 z10=67000 z11=69000
2026-09-25T04:56:38Z z9=63000 z10=65000 z11=66000
2026-09-25T04:56:43Z z9=63000 z10=65000 z11=66000
2026-09-25T04:56:48Z z9=65000 z10=68000 z11=69000
2026-09-25T04:56:53Z z9=64000 z10=66000 z11=66000
2026-09-25T04:56:59Z z9=64000 z10=66000 z11=65000
2026-09-25T04:57:04Z z9=65000 z10=68000 z11=68000
2026-09-25T04:57:09Z z9=63000 z10=65000 z11=65000
2026-09-25T04:57:14Z z9=64000 z10=67000 z11=68000
2026-09-25T04:57:19Z z9=65000 z10=67000 z11=68000
2026-09-25T04:57:24Z z9=66000 z10=69000 z11=70000
2026-09-25T04:57:29Z z9=64000 z10=65000 z11=66000
2026-09-25T04:57:35Z z9=65000 z10=68000 z11=67000
2026-09-25T04:57:40Z z9=67000 z10=67000 z11=69000
2026-09-25T04:57:45Z z9=65000 z10=66000 z11=63000
2026-09-25T04:57:50Z z9=66000 z10=68000 z11=69000
2026-09-25T04:57:55Z z9=65000 z10=66000 z11=68000
2026-09-25T04:58:00Z z9=65000 z10=67000 z11=68000
2026-09-25T04:58:05Z z9=67000 z10=67000 z11=68000
2026-09-25T04:58:11Z z9=67000 z10=69000 z11=68000
2026-09-25T04:58:16Z z9=64000 z10=66000 z11=67000
2026-09-25T04:58:21Z z9=64000 z10=66000 z11=67000
2026-09-25T04:58:26Z z9=68000 z10=69000 z11=67000
2026-09-25T04:58:31Z z9=67000 z10=69000 z11=69000
2026-09-25T04:58:36Z z9=65000 z10=67000 z11=68000
2026-09-25T04:58:41Z z9=67000 z10=69000 z11=70000
2026-09-25T04:58:47Z z9=68000 z10=69000 z11=68000
2026-09-25T04:58:52Z z9=68000 z10=69000 z11=68000
2026-09-25T04:58:57Z z9=68000 z10=69000 z11=70000
2026-09-25T04:59:02Z z9=67000 z10=67000 z11=68000
2026-09-25T04:59:07Z z9=69000 z10=69000 z11=67000
2026-09-25T04:59:12Z z9=67000 z10=69000 z11=70000
2026-09-25T04:59:17Z z9=68000 z10=67000 z11=69000
2026-09-25T04:59:23Z z9=68000 z10=70000 z11=70000
2026-09-25T04:59:28Z z9=67000 z10=69000 z11=70000
2026-09-25T04:59:33Z z9=65000 z10=69000 z11=68000
2026-09-25T04:59:38Z z9=67000 z10=67000 z11=67000
2026-09-25T04:59:43Z z9=67000 z10=69000 z11=69000
2026-09-25T04:59:48Z z9=68000 z10=69000 z11=69000
2026-09-25T04:59:53Z z9=66000 z10=68000 z11=69000
2026-09-25T04:59:58Z z9=66000 z10=69000 z11=69000
2026-09-25T05:00:04Z z9=66000 z10=68000 z11=69000
2026-09-25T05:00:09Z z9=67000 z10=69000 z11=70000
2026-09-25T05:00:14Z z9=66000 z10=69000 z11=69000
2026-09-25T05:00:19Z z9=68000 z10=70000 z11=70000
2026-09-25T05:00:24Z z9=68000 z10=70000 z11=70000
2026-09-25T05:00:29Z z9=66000 z10=69000 z11=70000
2026-09-25T05:00:35Z z9=65000 z10=66000 z11=69000
2026-09-25T05:00:40Z z9=68000 z10=66000 z11=67000
2026-09-25T05:00:45Z z9=67000 z10=69000 z11=69000
2026-09-25T05:00:50Z z9=66000 z10=68000 z11=69000
2026-09-25T05:00:55Z z9=69000 z10=70000 z11=69000
2026-09-25T05:01:00Z z9=67000 z10=67000 z11=69000
2026-09-25T05:01:05Z z9=66000 z10=69000 z11=69000
2026-09-25T05:01:10Z z9=66000 z10=67000 z11=69000
2026-09-25T05:01:16Z z9=68000 z10=68000 z11=71000
2026-09-25T05:01:21Z z9=68000 z10=70000 z11=68000
2026-09-25T05:01:26Z z9=67000 z10=69000 z11=69000
2026-09-25T05:01:31Z z9=66000 z10=67000 z11=68000
2026-09-25T05:01:36Z z9=69000 z10=68000 z11=68000
2026-09-25T05:01:41Z z9=66000 z10=67000 z11=67000
2026-09-25T05:01:46Z z9=68000 z10=71000 z11=72000
2026-09-25T05:01:52Z z9=68000 z10=70000 z11=71000
2026-09-25T05:01:57Z z9=67000 z10=68000 z11=69000
2026-09-25T05:02:02Z z9=67000 z10=68000 z11=69000
2026-09-25T05:02:07Z z9=67000 z10=69000 z11=68000
2026-09-25T05:02:12Z z9=66000 z10=68000 z11=69000
2026-09-25T05:02:17Z z9=67000 z10=69000 z11=69000
2026-09-25T05:02:22Z z9=67000 z10=69000 z11=68000
2026-09-25T05:02:28Z z9=65000 z10=66000 z11=69000
2026-09-25T05:02:33Z z9=65000 z10=68000 z11=69000
2026-09-25T05:02:38Z z9=68000 z10=71000 z11=72000
2026-09-25T05:02:43Z z9=68000 z10=70000 z11=69000
2026-09-25T05:02:48Z z9=67000 z10=69000 z11=70000
2026-09-25T05:02:53Z z9=56000 z10=56000 z11=56000
2026-09-25T05:02:58Z z9=55000 z10=54000 z11=55000
2026-09-25T05:03:03Z z9=52000 z10=53000 z11=54000
2026-09-25T05:03:09Z z9=52000 z10=53000 z11=54000
2026-09-25T05:03:14Z z9=54000 z10=53000 z11=53000
2026-09-25T05:03:19Z z9=53000 z10=52000 z11=53000
2026-09-25T05:03:24Z z9=51000 z10=51000 z11=52000
2026-09-25T05:03:29Z z9=75000 z10=81000 z11=78000
2026-09-25T05:03:34Z z9=77000 z10=79000 z11=79000
2026-09-25T05:03:39Z z9=76000 z10=81000 z11=81000
2026-09-25T05:03:44Z z9=79000 z10=83000 z11=79000
2026-09-25T05:03:50Z z9=77000 z10=80000 z11=77000
2026-09-25T05:03:55Z z9=75000 z10=77000 z11=76000
2026-09-25T05:04:00Z z9=73000 z10=73000 z11=72000
2026-09-25T05:04:05Z z9=70000 z10=69000 z11=71000
2026-09-25T05:04:10Z z9=65000 z10=67000 z11=67000
2026-09-25T05:04:15Z z9=67000 z10=68000 z11=67000
2026-09-25T05:04:20Z z9=66000 z10=68000 z11=69000
2026-09-25T05:04:26Z z9=65000 z10=65000 z11=65000
2026-09-25T05:04:31Z z9=67000 z10=66000 z11=67000
2026-09-25T05:04:36Z z9=65000 z10=68000 z11=68000
2026-09-25T05:04:41Z z9=66000 z10=66000 z11=67000
2026-09-25T05:04:46Z z9=67000 z10=69000 z11=70000
2026-09-25T05:04:51Z z9=66000 z10=66000 z11=69000
2026-09-25T05:04:56Z z9=66000 z10=67000 z11=68000
2026-09-25T05:05:02Z z9=66000 z10=67000 z11=67000
2026-09-25T05:05:07Z z9=66000 z10=69000 z11=70000
2026-09-25T05:05:12Z z9=68000 z10=71000 z11=70000
2026-09-25T05:05:17Z z9=67000 z10=69000 z11=70000
2026-09-25T05:05:22Z z9=68000 z10=70000 z11=69000
2026-09-25T05:05:27Z z9=66000 z10=67000 z11=68000
2026-09-25T05:05:32Z z9=68000 z10=70000 z11=68000
2026-09-25T05:05:37Z z9=65000 z10=68000 z11=70000
2026-09-25T05:05:43Z z9=68000 z10=71000 z11=71000
2026-09-25T05:05:48Z z9=68000 z10=67000 z11=69000
2026-09-25T05:05:53Z z9=68000 z10=70000 z11=69000
2026-09-25T05:05:58Z z9=67000 z10=67000 z11=67000
2026-09-25T05:06:03Z z9=66000 z10=68000 z11=68000
2026-09-25T05:06:08Z z9=69000 z10=71000 z11=72000
2026-09-25T05:06:13Z z9=70000 z10=67000 z11=68000
2026-09-25T05:06:19Z z9=68000 z10=70000 z11=70000
2026-09-25T05:06:24Z z9=68000 z10=70000 z11=70000
2026-09-25T05:06:29Z z9=68000 z10=71000 z11=72000
2026-09-25T05:07:38Z z9=45000 z10=53000 z11=50000
2026-09-25T05:07:43Z z9=52000 z10=59000 z11=59000
2026-09-25T05:09:00Z z9=45000 z10=52000 z11=52000
2026-09-25T05:09:05Z z9=53000 z10=61000 z11=57000
2026-09-25T05:13:09Z z9=40000 z10=50000 z11=48000
2026-09-25T05:17:42Z z9=32000 z10=36000 z11=38000
2026-09-25T05:18:43Z z9=43000 z10=50000 z11=47000
2026-09-25T05:18:48Z z9=48000 z10=57000 z11=54000
2026-09-25T05:24:13Z z9=44000 z10=52000 z11=48000
2026-09-25T05:24:18Z z9=88000 z10=86000 z11=87000
2026-09-25T05:24:23Z z9=103000 z10=94000 z11=93000
2026-09-25T05:24:28Z z9=96000 z10=89000 z11=95000
2026-09-25T05:24:33Z z9=104000 z10=94000 z11=94000
2026-09-25T05:24:39Z z9=95000 z10=90000 z11=97000
2026-09-25T05:24:44Z z9=101000 z10=100000 z11=98000
2026-09-25T05:24:49Z z9=98000 z10=93000 z11=96000
2026-09-25T05:24:54Z z9=101000 z10=100000 z11=95000
2026-09-25T05:24:59Z z9=97000 z10=99000 z11=95000
2026-09-25T05:25:04Z z9=103000 z10=92000 z11=96000
2026-09-25T05:25:09Z z9=101000 z10=102000 z11=96000
2026-09-25T05:25:14Z z9=96000 z10=101000 z11=99000
2026-09-25T05:25:20Z z9=101000 z10=93000 z11=99000
2026-09-25T05:25:25Z z9=98000 z10=93000 z11=100000
2026-09-25T05:25:30Z z9=101000 z10=102000 z11=96000
2026-09-25T05:25:35Z z9=93000 z10=100000 z11=99000
2026-09-25T05:25:40Z z9=96000 z10=102000 z11=100000
2026-09-25T05:25:45Z z9=102000 z10=103000 z11=96000
2026-09-25T05:25:50Z z9=100000 z10=102000 z11=98000
2026-09-25T05:25:55Z z9=97000 z10=103000 z11=101000
2026-09-25T05:26:01Z z9=96000 z10=98000 z11=101000
2026-09-25T05:26:06Z z9=97000 z10=95000 z11=96000
2026-09-25T05:26:11Z z9=98000 z10=97000 z11=100000
2026-09-25T05:26:16Z z9=101000 z10=98000 z11=96000
2026-09-25T05:26:21Z z9=103000 z10=105000 z11=97000
2026-09-25T05:26:26Z z9=98000 z10=97000 z11=98000
2026-09-25T05:26:31Z z9=80000 z10=83000 z11=82000
2026-09-25T05:26:36Z z9=82000 z10=82000 z11=80000
2026-09-25T05:26:41Z z9=77000 z10=79000 z11=82000
2026-09-25T05:26:47Z z9=82000 z10=83000 z11=80000
2026-09-25T05:26:52Z z9=83000 z10=82000 z11=80000
2026-09-25T05:26:57Z z9=82000 z10=82000 z11=78000
2026-09-25T05:27:02Z z9=83000 z10=83000 z11=81000
2026-09-25T05:27:07Z z9=81000 z10=83000 z11=79000
2026-09-25T05:27:12Z z9=77000 z10=80000 z11=81000
2026-09-25T05:27:17Z z9=78000 z10=76000 z11=78000
2026-09-25T05:27:22Z z9=84000 z10=79000 z11=78000
2026-09-25T05:27:28Z z9=74000 z10=80000 z11=79000
2026-09-25T05:27:33Z z9=78000 z10=80000 z11=80000
2026-09-25T05:27:38Z z9=57000 z10=57000 z11=57000
2026-09-25T05:27:43Z z9=52000 z10=52000 z11=53000
2026-09-25T05:27:48Z z9=51000 z10=50000 z11=50000
2026-09-25T05:27:53Z z9=46000 z10=47000 z11=47000
2026-09-25T05:27:58Z z9=44000 z10=45000 z11=46000
2026-09-25T05:28:03Z z9=45000 z10=45000 z11=46000
2026-09-25T05:28:08Z z9=43000 z10=43000 z11=43000
2026-09-25T05:28:13Z z9=42000 z10=42000 z11=42000
2026-09-25T05:28:19Z z9=52000 z10=49000 z11=50000
2026-09-25T05:28:24Z z9=100000 z10=88000 z11=88000
2026-09-25T05:28:29Z z9=100000 z10=91000 z11=91000
2026-09-25T05:28:34Z z9=102000 z10=95000 z11=93000
2026-09-25T05:28:39Z z9=96000 z10=95000 z11=95000
2026-09-25T05:28:44Z z9=102000 z10=95000 z11=95000
2026-09-25T05:28:49Z z9=101000 z10=95000 z11=95000
2026-09-25T05:28:54Z z9=100000 z10=95000 z11=95000
2026-09-25T05:29:00Z z9=80000 z10=81000 z11=80000
2026-09-25T05:29:05Z z9=81000 z10=80000 z11=80000
2026-09-25T05:29:10Z z9=80000 z10=80000 z11=80000
2026-09-25T05:29:15Z z9=80000 z10=81000 z11=80000
2026-09-25T05:29:20Z z9=80000 z10=78000 z11=80000
2026-09-25T05:29:25Z z9=79000 z10=77000 z11=76000
2026-09-25T05:29:30Z z9=81000 z10=76000 z11=76000
2026-09-25T05:29:35Z z9=79000 z10=77000 z11=78000
2026-09-25T05:29:40Z z9=76000 z10=71000 z11=71000
2026-09-25T05:29:46Z z9=56000 z10=55000 z11=57000
2026-09-25T05:29:51Z z9=52000 z10=52000 z11=53000
2026-09-25T05:29:56Z z9=50000 z10=48000 z11=50000
2026-09-25T05:30:01Z z9=49000 z10=47000 z11=47000
2026-09-25T05:30:06Z z9=62000 z10=55000 z11=56000
2026-09-25T05:30:11Z z9=55000 z10=56000 z11=56000
2026-09-25T05:30:16Z z9=67000 z10=59000 z11=60000
2026-09-25T05:30:21Z z9=60000 z10=58000 z11=59000
2026-09-25T05:30:26Z z9=79000 z10=72000 z11=75000
2026-09-25T05:30:32Z z9=80000 z10=72000 z11=72000
2026-09-25T05:30:37Z z9=79000 z10=76000 z11=74000
2026-09-25T05:30:42Z z9=75000 z10=80000 z11=74000
2026-09-25T05:30:47Z z9=80000 z10=74000 z11=76000
2026-09-25T05:30:52Z z9=76000 z10=74000 z11=75000
2026-09-25T05:30:57Z z9=79000 z10=77000 z11=78000
2026-09-25T05:31:02Z z9=76000 z10=73000 z11=75000
2026-09-25T05:31:07Z z9=84000 z10=73000 z11=76000
2026-09-25T05:31:13Z z9=79000 z10=73000 z11=74000
2026-09-25T05:31:18Z z9=74000 z10=79000 z11=73000
2026-09-25T05:31:23Z z9=78000 z10=72000 z11=75000
2026-09-25T05:31:28Z z9=76000 z10=72000 z11=76000
2026-09-25T05:31:33Z z9=78000 z10=72000 z11=75000
2026-09-25T05:31:38Z z9=73000 z10=74000 z11=70000
2026-09-25T05:31:43Z z9=70000 z10=68000 z11=69000
2026-09-25T05:31:48Z z9=72000 z10=76000 z11=70000
2026-09-25T05:31:53Z z9=75000 z10=76000 z11=71000
2026-09-25T05:31:59Z z9=75000 z10=73000 z11=74000
2026-09-25T05:32:04Z z9=74000 z10=81000 z11=79000
2026-09-25T05:32:09Z z9=76000 z10=79000 z11=76000
2026-09-25T05:32:14Z z9=77000 z10=80000 z11=77000
2026-09-25T05:32:19Z z9=76000 z10=74000 z11=75000
2026-09-25T05:32:24Z z9=75000 z10=76000 z11=75000
2026-09-25T05:32:29Z z9=69000 z10=72000 z11=69000
2026-09-25T05:32:34Z z9=66000 z10=67000 z11=67000
2026-09-25T05:32:39Z z9=70000 z10=71000 z11=69000
2026-09-25T05:32:45Z z9=73000 z10=73000 z11=71000
2026-09-25T05:32:50Z z9=72000 z10=74000 z11=73000
2026-09-25T05:32:55Z z9=80000 z10=76000 z11=77000
2026-09-25T05:33:00Z z9=68000 z10=72000 z11=70000
2026-09-25T05:33:05Z z9=66000 z10=73000 z11=72000
2026-09-25T05:33:10Z z9=68000 z10=68000 z11=70000
2026-09-25T05:33:15Z z9=64000 z10=68000 z11=67000
2026-09-25T05:33:20Z z9=57000 z10=60000 z11=60000
2026-09-25T05:33:25Z z9=55000 z10=56000 z11=56000
2026-09-25T05:33:30Z z9=56000 z10=53000 z11=54000
2026-09-25T05:33:35Z z9=55000 z10=53000 z11=54000
2026-09-25T05:33:40Z z9=56000 z10=53000 z11=54000
2026-09-25T05:33:46Z z9=56000 z10=56000 z11=55000
2026-09-25T05:33:51Z z9=80000 z10=80000 z11=76000
2026-09-25T05:33:56Z z9=79000 z10=85000 z11=81000
2026-09-25T05:34:01Z z9=76000 z10=81000 z11=78000
2026-09-25T05:34:06Z z9=75000 z10=79000 z11=77000
2026-09-25T05:34:11Z z9=73000 z10=73000 z11=73000
2026-09-25T05:34:16Z z9=72000 z10=73000 z11=70000
2026-09-25T05:34:21Z z9=71000 z10=72000 z11=70000
2026-09-25T05:34:27Z z9=72000 z10=74000 z11=72000
2026-09-25T05:34:32Z z9=67000 z10=69000 z11=69000
2026-09-25T05:34:37Z z9=68000 z10=67000 z11=69000
2026-09-25T05:34:42Z z9=66000 z10=70000 z11=68000
2026-09-25T05:34:47Z z9=65000 z10=67000 z11=68000
2026-09-25T05:34:52Z z9=69000 z10=67000 z11=67000
2026-09-25T05:34:57Z z9=68000 z10=73000 z11=70000
2026-09-25T05:35:02Z z9=71000 z10=71000 z11=68000
2026-09-25T05:35:08Z z9=67000 z10=71000 z11=67000
2026-09-25T05:35:13Z z9=65000 z10=69000 z11=68000
2026-09-25T05:35:18Z z9=66000 z10=67000 z11=68000
2026-09-25T05:35:23Z z9=71000 z10=70000 z11=72000
2026-09-25T05:35:28Z z9=68000 z10=68000 z11=68000
2026-09-25T05:35:33Z z9=70000 z10=70000 z11=69000
2026-09-25T05:35:38Z z9=71000 z10=71000 z11=71000
2026-09-25T05:35:43Z z9=68000 z10=70000 z11=69000
2026-09-25T05:35:48Z z9=71000 z10=69000 z11=67000
2026-09-25T05:35:54Z z9=67000 z10=67000 z11=68000
2026-09-25T05:35:59Z z9=66000 z10=66000 z11=67000
2026-09-25T05:36:04Z z9=68000 z10=69000 z11=67000
2026-09-25T05:36:09Z z9=64000 z10=67000 z11=66000
2026-09-25T05:36:14Z z9=67000 z10=69000 z11=68000
2026-09-25T05:36:19Z z9=59000 z10=58000 z11=59000
2026-09-25T05:36:24Z z9=55000 z10=54000 z11=55000
2026-09-25T05:36:29Z z9=54000 z10=53000 z11=54000
2026-09-25T05:36:35Z z9=55000 z10=53000 z11=53000
2026-09-25T05:36:40Z z9=55000 z10=52000 z11=53000
2026-09-25T05:36:45Z z9=56000 z10=53000 z11=53000
2026-09-25T05:36:50Z z9=79000 z10=77000 z11=75000
2026-09-25T05:36:55Z z9=83000 z10=82000 z11=79000
2026-09-25T05:37:00Z z9=79000 z10=82000 z11=79000
2026-09-25T05:37:05Z z9=82000 z10=78000 z11=78000
2026-09-25T05:37:10Z z9=76000 z10=76000 z11=77000
2026-09-25T05:37:16Z z9=77000 z10=75000 z11=75000
2026-09-25T05:37:21Z z9=74000 z10=75000 z11=74000
2026-09-25T05:37:26Z z9=74000 z10=73000 z11=74000
2026-09-25T05:37:31Z z9=72000 z10=72000 z11=72000
2026-09-25T05:37:36Z z9=69000 z10=70000 z11=70000
2026-09-25T05:37:41Z z9=68000 z10=68000 z11=68000
2026-09-25T05:37:46Z z9=67000 z10=70000 z11=68000
2026-09-25T05:37:51Z z9=67000 z10=69000 z11=69000
2026-09-25T05:37:57Z z9=67000 z10=68000 z11=68000
2026-09-25T05:38:02Z z9=66000 z10=67000 z11=68000
2026-09-25T05:38:07Z z9=68000 z10=68000 z11=69000
2026-09-25T05:38:12Z z9=66000 z10=68000 z11=69000
2026-09-25T05:38:17Z z9=69000 z10=73000 z11=73000
2026-09-25T05:38:22Z z9=72000 z10=73000 z11=73000
2026-09-25T05:38:27Z z9=71000 z10=70000 z11=72000
2026-09-25T05:38:32Z z9=69000 z10=72000 z11=71000
2026-09-25T05:38:38Z z9=66000 z10=68000 z11=68000
2026-09-25T05:38:43Z z9=68000 z10=70000 z11=69000
2026-09-25T05:38:48Z z9=68000 z10=68000 z11=69000
2026-09-25T05:38:53Z z9=68000 z10=70000 z11=69000
2026-09-25T05:38:58Z z9=58000 z10=60000 z11=60000
2026-09-25T05:39:03Z z9=55000 z10=54000 z11=55000
2026-09-25T05:39:08Z z9=54000 z10=53000 z11=53000
2026-09-25T05:39:13Z z9=53000 z10=52000 z11=52000
2026-09-25T05:39:18Z z9=53000 z10=51000 z11=51000
2026-09-25T05:39:24Z z9=55000 z10=58000 z11=61000
2026-09-25T05:39:29Z z9=60000 z10=69000 z11=66000
2026-09-25T05:40:10Z z9=54000 z10=62000 z11=60000
2026-09-25T05:40:16Z z9=57000 z10=65000 z11=64000
2026-09-25T05:41:40Z z9=47000 z10=53000 z11=54000
2026-09-25T05:41:45Z z9=52000 z10=60000 z11=57000
2026-09-25T05:43:26Z z9=45000 z10=51000 z11=46000
2026-09-25T05:43:31Z z9=51000 z10=59000 z11=56000
2026-09-25T05:43:39Z z9=49000 z10=57000 z11=54000
2026-09-25T05:44:22Z z9=39000 z10=38000 z11=41000
2026-09-25T05:45:14Z z9=37000 z10=41000 z11=32000
2026-09-25T05:46:49Z z9=48000 z10=55000 z11=52000
2026-09-25T05:47:27Z z9=40000 z10=46000 z11=46000
2026-09-25T05:48:52Z z9=30000 z10=33000 z11=34000
2026-09-25T05:49:37Z z9=41000 z10=50000 z11=48000
2026-09-25T05:51:16Z z9=36000 z10=44000 z11=41000
2026-09-25T05:52:48Z z9=42000 z10=50000 z11=48000
2026-09-25T05:53:29Z z9=37000 z10=44000 z11=42000
2026-09-25T05:53:34Z z9=42000 z10=47000 z11=46000
2026-09-25T05:53:39Z z9=44000 z10=53000 z11=50000
2026-09-25T05:54:30Z z9=34000 z10=42000 z11=39000
2026-09-25T05:54:49Z z9=28000 z10=28000 z11=28000
2026-09-25T05:56:40Z z9=25000 z10=32000 z11=31000
2026-09-25T05:57:34Z z9=31000 z10=36000 z11=36000
2026-09-25T05:57:40Z z9=38000 z10=47000 z11=43000
2026-09-25T05:58:03Z z9=34000 z10=41000 z11=39000
2026-09-25T05:59:05Z z9=53000 z10=45000 z11=48000
2026-09-25T05:59:11Z z9=84000 z10=66000 z11=72000
2026-09-25T05:59:16Z z9=94000 z10=75000 z11=75000
2026-09-25T05:59:21Z z9=60000 z10=69000 z11=67000
2026-09-25T05:59:59Z z9=31000 z10=39000 z11=37000
2026-09-25T06:00:21Z z9=38000 z10=46000 z11=44000
2026-09-25T06:00:26Z z9=43000 z10=52000 z11=49000
2026-09-25T06:00:31Z z9=46000 z10=54000 z11=51000
2026-09-25T06:00:37Z z9=47000 z10=55000 z11=53000
2026-09-25T06:00:42Z z9=49000 z10=53000 z11=54000
2026-09-25T06:03:28Z z9=34000 z10=40000 z11=39000
2026-09-25T06:03:33Z z9=41000 z10=47000 z11=45000
2026-09-25T06:03:38Z z9=42000 z10=50000 z11=47000
2026-09-25T06:03:43Z z9=38000 z10=40000 z11=40000
2026-09-25T06:03:50Z z9=33000 z10=31000 z11=32000
2026-09-25T06:04:00Z z9=28000 z10=28000 z11=28000
2026-09-25T06:04:05Z z9=27000 z10=27000 z11=28000
2026-09-25T06:05:23Z z9=24000 z10=23000 z11=24000
2026-09-25T06:05:28Z z9=24000 z10=24000 z11=25000
2026-09-25T06:08:10Z z9=23000 z10=23000 z11=23000
2026-09-25T06:08:15Z z9=23000 z10=23000 z11=23000
2026-09-25T06:11:20Z z9=23000 z10=23000 z11=23000
2026-09-25T06:11:43Z z9=23000 z10=23000 z11=23000
2026-09-25T06:11:49Z z9=25000 z10=23000 z11=24000
2026-09-25T06:11:54Z z9=26000 z10=25000 z11=27000
2026-09-25T06:12:00Z z9=24000 z10=24000 z11=25000
2026-09-25T06:12:05Z z9=25000 z10=25000 z11=27000
2026-09-25T06:12:10Z z9=25000 z10=24000 z11=24000
2026-09-25T06:12:15Z z9=25000 z10=24000 z11=25000
2026-09-25T06:12:20Z z9=24000 z10=24000 z11=24000
2026-09-25T06:12:25Z z9=25000 z10=24000 z11=24000
2026-09-25T06:12:31Z z9=23000 z10=25000 z11=26000
2026-09-25T06:12:36Z z9=24000 z10=24000 z11=24000
2026-09-25T06:12:42Z z9=27000 z10=29000 z11=32000
2026-09-25T06:12:47Z z9=24000 z10=24000 z11=25000
2026-09-25T06:12:52Z z9=24000 z10=24000 z11=24000
2026-09-25T06:12:57Z z9=25000 z10=24000 z11=24000
2026-09-25T06:13:02Z z9=26000 z10=24000 z11=24000
2026-09-25T06:13:07Z z9=28000 z10=28000 z11=30000
2026-09-25T06:13:12Z z9=25000 z10=25000 z11=25000
2026-09-25T06:13:17Z z9=24000 z10=25000 z11=25000
2026-09-25T06:13:23Z z9=25000 z10=24000 z11=25000
2026-09-25T06:13:28Z z9=25000 z10=24000 z11=24000
2026-09-25T06:13:33Z z9=25000 z10=25000 z11=25000
2026-09-25T06:13:38Z z9=24000 z10=25000 z11=24000
2026-09-25T06:13:43Z z9=25000 z10=25000 z11=25000
2026-09-25T06:13:48Z z9=24000 z10=25000 z11=25000
2026-09-25T06:13:53Z z9=24000 z10=24000 z11=25000
2026-09-25T06:13:58Z z9=25000 z10=25000 z11=25000
2026-09-25T06:15:39Z z9=23000 z10=23000 z11=23000
2026-09-25T06:18:13Z z9=23000 z10=24000 z11=25000
2026-09-25T06:20:28Z z9=23000 z10=22000 z11=24000
2026-09-25T06:22:54Z z9=23000 z10=23000 z11=24000
2026-09-25T06:23:30Z z9=22000 z10=23000 z11=23000
2026-09-25T06:23:36Z z9=24000 z10=23000 z11=23000
2026-09-25T06:23:41Z z9=25000 z10=27000 z11=28000
2026-09-25T06:23:51Z z9=24000 z10=25000 z11=25000
2026-09-25T06:23:59Z z9=25000 z10=24000 z11=24000
2026-09-25T06:24:06Z z9=24000 z10=24000 z11=24000
2026-09-25T06:24:12Z z9=24000 z10=23000 z11=24000
2026-09-25T06:24:17Z z9=25000 z10=24000 z11=24000
2026-09-25T06:24:22Z z9=23000 z10=25000 z11=25000
2026-09-25T06:24:28Z z9=25000 z10=25000 z11=27000
2026-09-25T06:24:33Z z9=25000 z10=25000 z11=25000
2026-09-25T06:24:38Z z9=24000 z10=24000 z11=24000
2026-09-25T06:24:43Z z9=25000 z10=24000 z11=24000
2026-09-25T06:24:48Z z9=25000 z10=24000 z11=24000
2026-09-25T06:26:18Z z9=23000 z10=23000 z11=23000
2026-09-25T06:27:39Z z9=24000 z10=24000 z11=24000
2026-09-25T06:28:12Z z9=24000 z10=23000 z11=23000
2026-09-25T06:28:18Z z9=25000 z10=23000 z11=23000
2026-09-25T06:28:23Z z9=24000 z10=23000 z11=24000
2026-09-25T06:29:03Z z9=23000 z10=22000 z11=23000
2026-09-25T06:29:10Z z9=24000 z10=23000 z11=23000
2026-09-25T06:29:15Z z9=23000 z10=23000 z11=23000
2026-09-25T06:30:00Z z9=24000 z10=23000 z11=23000
2026-09-25T06:30:50Z z9=22000 z10=23000 z11=24000
2026-09-25T06:33:17Z z9=22000 z10=23000 z11=23000
2026-09-25T06:35:26Z z9=23000 z10=23000 z11=23000
2026-09-25T06:37:02Z z9=23000 z10=23000 z11=23000
2026-09-25T06:38:57Z z9=23000 z10=22000 z11=22000
2026-09-25T06:41:11Z z9=24000 z10=23000 z11=24000
2026-09-25T06:43:44Z z9=23000 z10=23000 z11=24000
2026-09-25T06:46:41Z z9=22000 z10=23000 z11=24000
2026-09-25T06:48:25Z z9=24000 z10=22000 z11=23000
2026-09-25T06:49:42Z z9=22000 z10=22000 z11=22000
2026-09-25T06:50:58Z z9=23000 z10=22000 z11=22000
2026-09-25T06:52:14Z z9=22000 z10=22000 z11=22000
2026-09-25T06:52:53Z z9=22000 z10=22000 z11=23000
2026-09-25T06:53:28Z z9=23000 z10=23000 z11=23000
2026-09-25T06:53:33Z z9=22000 z10=22000 z11=23000
2026-09-25T06:53:38Z z9=24000 z10=23000 z11=23000
2026-09-25T06:54:11Z z9=29000 z10=28000 z11=28000
2026-09-25T06:54:16Z z9=29000 z10=30000 z11=30000
2026-09-25T06:54:21Z z9=29000 z10=27000 z11=28000
2026-09-25T06:54:26Z z9=51000 z10=46000 z11=48000
2026-09-25T06:54:31Z z9=41000 z10=44000 z11=45000
2026-09-25T06:54:36Z z9=35000 z10=36000 z11=36000
2026-09-25T06:54:42Z z9=32000 z10=35000 z11=34000
2026-09-25T06:54:47Z z9=28000 z10=28000 z11=29000
2026-09-25T06:54:52Z z9=27000 z10=27000 z11=27000
2026-09-25T06:54:57Z z9=28000 z10=27000 z11=28000
2026-09-25T06:55:02Z z9=27000 z10=28000 z11=28000
2026-09-25T06:55:07Z z9=28000 z10=29000 z11=30000
2026-09-25T06:55:12Z z9=29000 z10=28000 z11=29000
2026-09-25T06:55:17Z z9=27000 z10=27000 z11=27000
2026-09-25T06:55:22Z z9=27000 z10=26000 z11=26000
2026-09-25T06:55:27Z z9=25000 z10=25000 z11=26000
2026-09-25T06:55:32Z z9=26000 z10=25000 z11=25000
2026-09-25T06:55:38Z z9=24000 z10=25000 z11=25000
2026-09-25T06:55:43Z z9=25000 z10=24000 z11=25000
2026-09-25T06:55:48Z z9=25000 z10=25000 z11=25000
2026-09-25T06:55:53Z z9=27000 z10=27000 z11=27000
2026-09-25T06:55:58Z z9=30000 z10=30000 z11=31000
2026-09-25T06:56:03Z z9=40000 z10=37000 z11=39000
2026-09-25T06:56:08Z z9=27000 z10=28000 z11=28000
2026-09-25T06:56:13Z z9=26000 z10=26000 z11=27000
2026-09-25T06:56:18Z z9=28000 z10=26000 z11=26000
2026-09-25T06:56:23Z z9=26000 z10=26000 z11=26000
2026-09-25T06:56:28Z z9=26000 z10=25000 z11=26000
2026-09-25T06:56:33Z z9=25000 z10=25000 z11=25000
2026-09-25T06:56:38Z z9=25000 z10=25000 z11=26000
2026-09-25T06:56:44Z z9=26000 z10=25000 z11=25000
2026-09-25T06:56:49Z z9=24000 z10=24000 z11=25000
2026-09-25T06:56:54Z z9=24000 z10=25000 z11=24000
2026-09-25T06:56:59Z z9=24000 z10=24000 z11=24000
2026-09-25T06:57:04Z z9=23000 z10=23000 z11=24000
2026-09-25T06:57:09Z z9=24000 z10=23000 z11=23000
2026-09-25T06:57:14Z z9=23000 z10=23000 z11=24000
2026-09-25T06:57:19Z z9=23000 z10=23000 z11=23000
2026-09-25T06:57:24Z z9=23000 z10=23000 z11=23000
2026-09-25T06:57:29Z z9=25000 z10=23000 z11=24000
2026-09-25T06:57:34Z z9=23000 z10=23000 z11=23000
2026-09-25T06:57:39Z z9=23000 z10=22000 z11=24000
2026-09-25T06:57:45Z z9=31000 z10=29000 z11=30000
2026-09-25T06:57:50Z z9=24000 z10=23000 z11=23000
2026-09-25T06:57:55Z z9=23000 z10=23000 z11=24000
2026-09-25T06:58:00Z z9=24000 z10=23000 z11=23000
2026-09-25T06:58:05Z z9=25000 z10=23000 z11=24000
2026-09-25T06:58:10Z z9=22000 z10=23000 z11=23000
2026-09-25T06:58:15Z z9=23000 z10=23000 z11=24000
2026-09-25T06:58:20Z z9=25000 z10=23000 z11=23000
2026-09-25T06:58:25Z z9=22000 z10=23000 z11=23000
2026-09-25T06:58:30Z z9=24000 z10=23000 z11=23000
2026-09-25T06:58:36Z z9=23000 z10=22000 z11=23000
2026-09-25T06:58:41Z z9=22000 z10=22000 z11=23000
2026-09-25T06:58:46Z z9=22000 z10=22000 z11=23000
2026-09-25T06:58:51Z z9=23000 z10=23000 z11=23000
2026-09-25T06:58:56Z z9=23000 z10=22000 z11=22000
2026-09-25T06:59:01Z z9=22000 z10=22000 z11=23000
2026-09-25T06:59:06Z z9=22000 z10=22000 z11=23000
2026-09-25T06:59:11Z z9=24000 z10=25000 z11=25000
2026-09-25T06:59:16Z z9=23000 z10=23000 z11=24000
2026-09-25T06:59:21Z z9=24000 z10=23000 z11=24000
2026-09-25T06:59:26Z z9=23000 z10=23000 z11=23000
2026-09-25T06:59:32Z z9=22000 z10=23000 z11=24000
2026-09-25T06:59:37Z z9=22000 z10=23000 z11=23000
2026-09-25T06:59:42Z z9=22000 z10=22000 z11=23000
2026-09-25T06:59:47Z z9=24000 z10=24000 z11=24000
2026-09-25T06:59:52Z z9=23000 z10=23000 z11=23000
2026-09-25T06:59:57Z z9=22000 z10=23000 z11=23000
2026-09-25T07:00:02Z z9=23000 z10=24000 z11=24000
2026-09-25T07:00:07Z z9=24000 z10=23000 z11=24000
2026-09-25T07:00:12Z z9=23000 z10=23000 z11=23000
2026-09-25T07:00:17Z z9=23000 z10=23000 z11=23000
2026-09-25T07:00:22Z z9=23000 z10=23000 z11=23000
2026-09-25T07:00:28Z z9=23000 z10=24000 z11=23000
2026-09-25T07:00:33Z z9=23000 z10=23000 z11=23000
2026-09-25T07:00:38Z z9=24000 z10=23000 z11=23000
2026-09-25T07:00:43Z z9=23000 z10=23000 z11=24000
2026-09-25T07:00:48Z z9=24000 z10=23000 z11=24000
2026-09-25T07:00:53Z z9=23000 z10=23000 z11=23000
2026-09-25T07:00:58Z z9=23000 z10=23000 z11=23000
2026-09-25T07:01:03Z z9=24000 z10=23000 z11=23000
2026-09-25T07:01:08Z z9=24000 z10=23000 z11=24000
2026-09-25T07:01:13Z z9=24000 z10=24000 z11=25000
2026-09-25T07:01:19Z z9=24000 z10=24000 z11=24000
2026-09-25T07:01:24Z z9=24000 z10=23000 z11=24000
2026-09-25T07:01:29Z z9=25000 z10=24000 z11=25000
2026-09-25T07:01:34Z z9=25000 z10=24000 z11=24000
2026-09-25T07:01:39Z z9=25000 z10=25000 z11=25000
2026-09-25T07:01:44Z z9=25000 z10=25000 z11=25000
2026-09-25T07:01:49Z z9=24000 z10=24000 z11=25000
2026-09-25T07:01:54Z z9=26000 z10=25000 z11=25000
2026-09-25T07:01:59Z z9=26000 z10=26000 z11=27000
2026-09-25T07:02:04Z z9=24000 z10=25000 z11=25000
2026-09-25T07:02:10Z z9=25000 z10=26000 z11=27000
2026-09-25T07:02:15Z z9=25000 z10=24000 z11=25000
2026-09-25T07:02:20Z z9=24000 z10=24000 z11=25000
2026-09-25T07:02:25Z z9=25000 z10=24000 z11=24000
2026-09-25T07:02:30Z z9=25000 z10=24000 z11=24000
2026-09-25T07:02:35Z z9=23000 z10=23000 z11=24000
2026-09-25T07:02:40Z z9=24000 z10=24000 z11=24000
2026-09-25T07:02:45Z z9=24000 z10=25000 z11=24000
2026-09-25T07:02:50Z z9=25000 z10=23000 z11=24000
2026-09-25T07:02:55Z z9=24000 z10=24000 z11=24000
2026-09-25T07:03:00Z z9=23000 z10=24000 z11=24000
2026-09-25T07:03:06Z z9=24000 z10=24000 z11=24000
2026-09-25T07:03:11Z z9=24000 z10=23000 z11=24000
2026-09-25T07:03:16Z z9=25000 z10=24000 z11=24000
2026-09-25T07:03:21Z z9=24000 z10=24000 z11=24000
2026-09-25T07:03:26Z z9=25000 z10=24000 z11=25000
2026-09-25T07:03:31Z z9=24000 z10=25000 z11=25000
2026-09-25T07:03:36Z z9=24000 z10=24000 z11=25000
2026-09-25T07:03:41Z z9=26000 z10=25000 z11=25000
2026-09-25T07:03:46Z z9=25000 z10=25000 z11=25000
2026-09-25T07:03:51Z z9=26000 z10=24000 z11=25000
2026-09-25T07:03:57Z z9=25000 z10=25000 z11=25000
2026-09-25T07:04:02Z z9=25000 z10=25000 z11=25000
2026-09-25T07:04:07Z z9=26000 z10=25000 z11=25000
2026-09-25T07:04:12Z z9=24000 z10=24000 z11=25000
2026-09-25T07:04:17Z z9=25000 z10=25000 z11=25000
2026-09-25T07:04:22Z z9=25000 z10=25000 z11=25000
2026-09-25T07:04:27Z z9=25000 z10=24000 z11=25000
2026-09-25T07:04:32Z z9=25000 z10=25000 z11=26000
2026-09-25T07:04:37Z z9=25000 z10=24000 z11=25000
2026-09-25T07:04:43Z z9=25000 z10=25000 z11=26000
2026-09-25T07:04:48Z z9=25000 z10=25000 z11=25000
2026-09-25T07:04:53Z z9=25000 z10=25000 z11=25000
2026-09-25T07:04:58Z z9=24000 z10=25000 z11=25000
2026-09-25T07:05:03Z z9=25000 z10=25000 z11=26000
2026-09-25T07:05:08Z z9=25000 z10=25000 z11=26000
2026-09-25T07:05:13Z z9=25000 z10=25000 z11=25000
2026-09-25T07:05:18Z z9=25000 z10=25000 z11=26000
2026-09-25T07:05:23Z z9=25000 z10=25000 z11=25000
2026-09-25T07:05:28Z z9=25000 z10=25000 z11=25000
2026-09-25T07:05:34Z z9=25000 z10=25000 z11=25000
2026-09-25T07:05:39Z z9=26000 z10=25000 z11=26000
2026-09-25T07:05:44Z z9=25000 z10=25000 z11=25000
2026-09-25T07:05:49Z z9=27000 z10=25000 z11=26000
2026-09-25T07:05:54Z z9=25000 z10=25000 z11=25000
2026-09-25T07:05:59Z z9=24000 z10=25000 z11=25000
2026-09-25T07:06:04Z z9=24000 z10=25000 z11=25000
2026-09-25T07:06:09Z z9=26000 z10=25000 z11=25000
2026-09-25T07:06:14Z z9=25000 z10=25000 z11=25000
2026-09-25T07:06:19Z z9=26000 z10=25000 z11=25000
2026-09-25T07:06:24Z z9=25000 z10=25000 z11=26000
2026-09-25T07:06:30Z z9=25000 z10=25000 z11=25000
2026-09-25T07:06:35Z z9=26000 z10=25000 z11=26000
2026-09-25T07:06:40Z z9=26000 z10=25000 z11=26000
2026-09-25T07:06:45Z z9=26000 z10=27000 z11=27000
2026-09-25T07:06:50Z z9=25000 z10=25000 z11=26000
2026-09-25T07:06:55Z z9=25000 z10=25000 z11=25000
2026-09-25T07:07:00Z z9=26000 z10=25000 z11=25000
2026-09-25T07:07:05Z z9=25000 z10=25000 z11=25000
2026-09-25T07:07:10Z z9=26000 z10=25000 z11=25000
2026-09-25T07:07:15Z z9=28000 z10=26000 z11=26000
2026-09-25T07:07:21Z z9=26000 z10=26000 z11=26000
2026-09-25T07:07:26Z z9=26000 z10=26000 z11=27000
2026-09-25T07:07:31Z z9=28000 z10=29000 z11=30000
2026-09-25T07:07:36Z z9=26000 z10=26000 z11=26000
2026-09-25T07:07:41Z z9=25000 z10=25000 z11=26000
2026-09-25T07:07:46Z z9=26000 z10=26000 z11=27000
2026-09-25T07:07:51Z z9=26000 z10=25000 z11=26000
2026-09-25T07:07:56Z z9=26000 z10=26000 z11=26000
2026-09-25T07:08:01Z z9=26000 z10=26000 z11=27000
2026-09-25T07:08:07Z z9=25000 z10=25000 z11=25000
2026-09-25T07:08:12Z z9=25000 z10=25000 z11=25000
2026-09-25T07:08:17Z z9=25000 z10=25000 z11=26000
2026-09-25T07:08:22Z z9=25000 z10=25000 z11=25000
2026-09-25T07:08:27Z z9=26000 z10=26000 z11=26000
2026-09-25T07:08:32Z z9=27000 z10=27000 z11=27000
2026-09-25T07:08:37Z z9=25000 z10=25000 z11=25000
2026-09-25T07:08:42Z z9=25000 z10=25000 z11=25000
2026-09-25T07:08:47Z z9=25000 z10=25000 z11=25000
2026-09-25T07:08:52Z z9=25000 z10=25000 z11=26000
2026-09-25T07:08:58Z z9=26000 z10=25000 z11=26000
2026-09-25T07:09:03Z z9=27000 z10=25000 z11=26000
2026-09-25T07:09:08Z z9=25000 z10=25000 z11=26000
2026-09-25T07:09:13Z z9=25000 z10=25000 z11=26000
2026-09-25T07:09:18Z z9=26000 z10=25000 z11=26000
2026-09-25T07:09:23Z z9=26000 z10=26000 z11=26000
2026-09-25T07:09:28Z z9=25000 z10=25000 z11=26000
2026-09-25T07:09:33Z z9=26000 z10=26000 z11=26000
2026-09-25T07:09:38Z z9=26000 z10=25000 z11=26000
2026-09-25T07:09:44Z z9=26000 z10=26000 z11=27000
2026-09-25T07:09:49Z z9=26000 z10=26000 z11=26000
2026-09-25T07:09:54Z z9=27000 z10=25000 z11=26000
2026-09-25T07:09:59Z z9=26000 z10=26000 z11=26000
2026-09-25T07:10:04Z z9=26000 z10=26000 z11=27000
2026-09-25T07:10:09Z z9=25000 z10=25000 z11=26000
2026-09-25T07:10:14Z z9=26000 z10=25000 z11=26000
2026-09-25T07:10:19Z z9=26000 z10=26000 z11=26000
2026-09-25T07:10:24Z z9=26000 z10=26000 z11=26000
2026-09-25T07:10:30Z z9=27000 z10=26000 z11=27000
2026-09-25T07:10:35Z z9=27000 z10=26000 z11=27000
2026-09-25T07:10:40Z z9=26000 z10=26000 z11=26000
2026-09-25T07:10:45Z z9=25000 z10=25000 z11=27000
2026-09-25T07:10:50Z z9=26000 z10=26000 z11=26000
2026-09-25T07:10:55Z z9=25000 z10=26000 z11=26000
2026-09-25T07:11:00Z z9=25000 z10=25000 z11=26000
2026-09-25T07:11:05Z z9=25000 z10=25000 z11=26000
2026-09-25T07:11:10Z z9=26000 z10=25000 z11=26000
2026-09-25T07:11:15Z z9=27000 z10=26000 z11=26000
2026-09-25T07:11:21Z z9=27000 z10=25000 z11=26000
2026-09-25T07:11:26Z z9=25000 z10=25000 z11=26000
2026-09-25T07:11:31Z z9=25000 z10=26000 z11=26000
2026-09-25T07:11:36Z z9=26000 z10=26000 z11=27000
2026-09-25T07:11:41Z z9=25000 z10=26000 z11=26000
2026-09-25T07:11:46Z z9=28000 z10=25000 z11=26000
2026-09-25T07:11:51Z z9=27000 z10=26000 z11=26000
2026-09-25T07:11:56Z z9=26000 z10=26000 z11=26000
2026-09-25T07:12:02Z z9=25000 z10=26000 z11=26000
2026-09-25T07:12:07Z z9=25000 z10=25000 z11=26000
2026-09-25T07:12:12Z z9=25000 z10=25000 z11=25000
2026-09-25T07:12:17Z z9=26000 z10=25000 z11=26000
2026-09-25T07:12:22Z z9=25000 z10=25000 z11=26000
2026-09-25T07:12:27Z z9=25000 z10=26000 z11=26000
2026-09-25T07:12:32Z z9=26000 z10=26000 z11=26000
2026-09-25T07:12:37Z z9=26000 z10=26000 z11=27000
2026-09-25T07:12:42Z z9=26000 z10=26000 z11=27000
2026-09-25T07:12:48Z z9=26000 z10=26000 z11=27000
2026-09-25T07:12:53Z z9=27000 z10=26000 z11=27000
2026-09-25T07:12:58Z z9=26000 z10=27000 z11=27000
2026-09-25T07:13:03Z z9=26000 z10=26000 z11=27000
2026-09-25T07:13:08Z z9=27000 z10=27000 z11=27000
2026-09-25T07:13:13Z z9=26000 z10=26000 z11=27000
2026-09-25T07:13:18Z z9=28000 z10=26000 z11=27000
2026-09-25T07:13:23Z z9=28000 z10=27000 z11=27000
2026-09-25T07:13:28Z z9=26000 z10=27000 z11=27000
2026-09-25T07:13:34Z z9=26000 z10=27000 z11=28000
2026-09-25T07:13:39Z z9=27000 z10=27000 z11=27000
2026-09-25T07:13:44Z z9=26000 z10=27000 z11=27000
2026-09-25T07:13:49Z z9=27000 z10=27000 z11=27000
2026-09-25T07:13:54Z z9=27000 z10=26000 z11=27000
2026-09-25T07:13:59Z z9=30000 z10=32000 z11=32000
2026-09-25T07:14:04Z z9=27000 z10=26000 z11=27000
2026-09-25T07:14:09Z z9=26000 z10=26000 z11=27000
2026-09-25T07:14:14Z z9=26000 z10=26000 z11=26000
2026-09-25T07:14:19Z z9=26000 z10=26000 z11=26000
2026-09-25T07:14:24Z z9=26000 z10=26000 z11=26000
2026-09-25T07:14:30Z z9=27000 z10=26000 z11=27000
2026-09-25T07:14:35Z z9=25000 z10=25000 z11=26000
2026-09-25T07:14:40Z z9=27000 z10=26000 z11=27000
2026-09-25T07:14:45Z z9=26000 z10=26000 z11=26000
2026-09-25T07:14:50Z z9=26000 z10=25000 z11=26000
2026-09-25T07:14:55Z z9=25000 z10=25000 z11=26000
2026-09-25T07:15:00Z z9=25000 z10=25000 z11=26000
2026-09-25T07:15:05Z z9=25000 z10=25000 z11=26000
2026-09-25T07:15:10Z z9=28000 z10=25000 z11=26000
2026-09-25T07:15:15Z z9=25000 z10=25000 z11=26000
2026-09-25T07:15:20Z z9=25000 z10=25000 z11=25000
2026-09-25T07:15:26Z z9=25000 z10=26000 z11=25000
2026-09-25T07:15:31Z z9=27000 z10=25000 z11=25000
2026-09-25T07:15:36Z z9=25000 z10=26000 z11=26000
2026-09-25T07:15:41Z z9=25000 z10=25000 z11=26000
2026-09-25T07:15:46Z z9=25000 z10=25000 z11=26000
2026-09-25T07:15:51Z z9=25000 z10=25000 z11=25000
2026-09-25T07:15:56Z z9=25000 z10=25000 z11=25000
2026-09-25T07:16:01Z z9=25000 z10=25000 z11=26000
2026-09-25T07:16:06Z z9=27000 z10=25000 z11=26000
2026-09-25T07:16:11Z z9=27000 z10=26000 z11=26000
2026-09-25T07:16:16Z z9=25000 z10=25000 z11=26000
2026-09-25T07:16:22Z z9=25000 z10=26000 z11=26000
2026-09-25T07:16:27Z z9=25000 z10=25000 z11=26000
2026-09-25T07:16:32Z z9=25000 z10=25000 z11=25000
2026-09-25T07:16:37Z z9=27000 z10=26000 z11=26000
2026-09-25T07:16:42Z z9=25000 z10=25000 z11=26000
2026-09-25T07:16:47Z z9=25000 z10=26000 z11=26000
2026-09-25T07:16:52Z z9=25000 z10=25000 z11=26000
2026-09-25T07:16:57Z z9=27000 z10=26000 z11=26000
2026-09-25T07:17:02Z z9=26000 z10=26000 z11=26000
2026-09-25T07:17:07Z z9=26000 z10=26000 z11=26000
2026-09-25T07:17:13Z z9=25000 z10=25000 z11=25000
2026-09-25T07:17:18Z z9=26000 z10=26000 z11=25000
2026-09-25T07:17:23Z z9=25000 z10=26000 z11=26000
2026-09-25T07:17:28Z z9=26000 z10=25000 z11=25000
2026-09-25T07:17:33Z z9=27000 z10=26000 z11=25000
2026-09-25T07:17:38Z z9=25000 z10=25000 z11=25000
2026-09-25T07:17:43Z z9=25000 z10=25000 z11=25000
2026-09-25T07:17:48Z z9=25000 z10=25000 z11=26000
2026-09-25T07:17:53Z z9=27000 z10=25000 z11=25000
2026-09-25T07:17:58Z z9=25000 z10=25000 z11=25000
2026-09-25T07:18:03Z z9=26000 z10=25000 z11=25000
2026-09-25T07:18:09Z z9=25000 z10=25000 z11=25000
2026-09-25T07:18:14Z z9=25000 z10=25000 z11=25000
2026-09-25T07:18:19Z z9=25000 z10=25000 z11=25000
2026-09-25T07:18:24Z z9=24000 z10=25000 z11=25000
2026-09-25T07:18:29Z z9=25000 z10=25000 z11=25000
2026-09-25T07:18:34Z z9=24000 z10=25000 z11=25000
2026-09-25T07:18:39Z z9=25000 z10=25000 z11=25000
2026-09-25T07:18:44Z z9=24000 z10=25000 z11=25000
2026-09-25T07:18:49Z z9=26000 z10=24000 z11=25000
2026-09-25T07:18:54Z z9=24000 z10=25000 z11=25000
2026-09-25T07:19:00Z z9=25000 z10=25000 z11=25000
2026-09-25T07:19:05Z z9=24000 z10=25000 z11=25000
2026-09-25T07:19:10Z z9=25000 z10=24000 z11=25000
2026-09-25T07:19:15Z z9=24000 z10=24000 z11=25000
2026-09-25T07:19:20Z z9=25000 z10=24000 z11=24000
2026-09-25T07:19:25Z z9=26000 z10=24000 z11=25000
2026-09-25T07:19:30Z z9=25000 z10=24000 z11=25000
2026-09-25T07:19:35Z z9=25000 z10=24000 z11=24000
2026-09-25T07:19:40Z z9=24000 z10=24000 z11=25000
2026-09-25T07:19:45Z z9=24000 z10=24000 z11=24000
2026-09-25T07:19:50Z z9=26000 z10=24000 z11=25000
2026-09-25T07:19:56Z z9=24000 z10=24000 z11=25000
2026-09-25T07:20:01Z z9=24000 z10=24000 z11=25000
2026-09-25T07:20:06Z z9=25000 z10=24000 z11=25000
2026-09-25T07:20:11Z z9=24000 z10=24000 z11=24000
2026-09-25T07:20:16Z z9=24000 z10=24000 z11=24000
2026-09-25T07:20:21Z z9=25000 z10=24000 z11=25000
2026-09-25T07:20:26Z z9=24000 z10=24000 z11=24000
2026-09-25T07:20:31Z z9=25000 z10=24000 z11=24000
2026-09-25T07:20:36Z z9=24000 z10=24000 z11=24000
2026-09-25T07:20:41Z z9=23000 z10=24000 z11=24000
2026-09-25T07:20:46Z z9=24000 z10=24000 z11=24000
2026-09-25T07:20:52Z z9=25000 z10=23000 z11=24000
2026-09-25T07:20:57Z z9=23000 z10=23000 z11=24000
2026-09-25T07:21:02Z z9=24000 z10=25000 z11=24000
2026-09-25T07:21:07Z z9=25000 z10=23000 z11=24000
2026-09-25T07:21:12Z z9=23000 z10=23000 z11=24000
2026-09-25T07:21:17Z z9=24000 z10=23000 z11=24000
2026-09-25T07:21:22Z z9=24000 z10=24000 z11=24000
2026-09-25T07:21:27Z z9=23000 z10=24000 z11=24000
2026-09-25T07:21:32Z z9=24000 z10=23000 z11=24000
2026-09-25T07:21:37Z z9=23000 z10=23000 z11=24000
2026-09-25T07:21:42Z z9=23000 z10=24000 z11=24000
2026-09-25T07:21:48Z z9=24000 z10=23000 z11=24000
2026-09-25T07:21:53Z z9=23000 z10=23000 z11=24000
2026-09-25T07:21:58Z z9=23000 z10=23000 z11=23000
2026-09-25T07:22:03Z z9=23000 z10=23000 z11=24000
2026-09-25T07:22:08Z z9=23000 z10=23000 z11=23000
2026-09-25T07:22:13Z z9=24000 z10=23000 z11=24000
2026-09-25T07:22:18Z z9=23000 z10=23000 z11=23000
2026-09-25T07:22:23Z z9=23000 z10=23000 z11=23000
2026-09-25T07:22:28Z z9=24000 z10=23000 z11=24000
2026-09-25T07:22:33Z z9=24000 z10=23000 z11=24000
2026-09-25T07:22:38Z z9=24000 z10=23000 z11=23000
2026-09-25T07:22:43Z z9=24000 z10=23000 z11=23000
2026-09-25T07:22:49Z z9=24000 z10=23000 z11=23000
2026-09-25T07:22:54Z z9=23000 z10=24000 z11=24000
2026-09-25T07:22:59Z z9=24000 z10=23000 z11=23000
2026-09-25T07:23:04Z z9=24000 z10=23000 z11=23000
2026-09-25T07:23:09Z z9=23000 z10=23000 z11=23000
2026-09-25T07:23:14Z z9=24000 z10=24000 z11=24000
2026-09-25T07:23:19Z z9=23000 z10=23000 z11=24000
2026-09-25T07:23:24Z z9=24000 z10=23000 z11=23000
2026-09-25T07:23:29Z z9=23000 z10=23000 z11=23000
2026-09-25T07:23:34Z z9=24000 z10=23000 z11=24000
2026-09-25T07:23:39Z z9=23000 z10=23000 z11=23000
2026-09-25T07:23:45Z z9=22000 z10=23000 z11=23000
2026-09-25T07:23:50Z z9=22000 z10=23000 z11=23000
2026-09-25T07:23:55Z z9=23000 z10=23000 z11=23000
2026-09-25T07:24:00Z z9=23000 z10=23000 z11=23000
2026-09-25T07:24:05Z z9=23000 z10=23000 z11=23000
2026-09-25T07:24:10Z z9=24000 z10=22000 z11=23000
2026-09-25T07:24:15Z z9=24000 z10=23000 z11=22000
2026-09-25T07:24:20Z z9=22000 z10=22000 z11=23000
2026-09-25T07:24:25Z z9=25000 z10=22000 z11=23000
2026-09-25T07:24:30Z z9=23000 z10=22000 z11=23000
2026-09-25T07:24:35Z z9=24000 z10=24000 z11=25000
2026-09-25T07:24:41Z z9=22000 z10=22000 z11=23000
2026-09-25T07:24:46Z z9=24000 z10=23000 z11=24000
2026-09-25T07:24:51Z z9=24000 z10=24000 z11=25000
2026-09-25T07:24:56Z z9=24000 z10=24000 z11=24000
2026-09-25T07:25:01Z z9=24000 z10=24000 z11=25000
2026-09-25T07:25:06Z z9=25000 z10=24000 z11=25000
2026-09-25T07:25:11Z z9=24000 z10=24000 z11=25000
2026-09-25T07:25:16Z z9=24000 z10=24000 z11=24000
2026-09-25T07:25:21Z z9=24000 z10=24000 z11=24000
2026-09-25T07:25:26Z z9=24000 z10=24000 z11=25000
2026-09-25T07:25:32Z z9=24000 z10=24000 z11=24000
2026-09-25T07:25:37Z z9=24000 z10=23000 z11=23000
2026-09-25T07:25:42Z z9=23000 z10=24000 z11=25000
2026-09-25T07:25:47Z z9=24000 z10=23000 z11=24000
2026-09-25T07:25:52Z z9=24000 z10=24000 z11=24000
2026-09-25T07:25:57Z z9=24000 z10=24000 z11=24000
2026-09-25T07:26:02Z z9=23000 z10=23000 z11=24000
2026-09-25T07:26:07Z z9=23000 z10=23000 z11=23000
2026-09-25T07:26:12Z z9=23000 z10=23000 z11=23000
2026-09-25T07:26:18Z z9=22000 z10=23000 z11=23000
2026-09-25T07:26:23Z z9=24000 z10=22000 z11=23000
2026-09-25T07:26:28Z z9=22000 z10=23000 z11=23000
2026-09-25T07:26:33Z z9=22000 z10=22000 z11=23000
2026-09-25T07:26:38Z z9=22000 z10=23000 z11=23000
2026-09-25T07:26:43Z z9=22000 z10=22000 z11=23000
2026-09-25T07:26:48Z z9=23000 z10=23000 z11=23000
2026-09-25T07:26:53Z z9=23000 z10=23000 z11=23000
2026-09-25T07:26:58Z z9=25000 z10=23000 z11=24000
2026-09-25T07:27:04Z z9=23000 z10=24000 z11=24000
2026-09-25T07:27:09Z z9=23000 z10=24000 z11=24000
2026-09-25T07:27:14Z z9=23000 z10=23000 z11=23000
2026-09-25T07:27:19Z z9=25000 z10=25000 z11=25000
2026-09-25T07:27:24Z z9=25000 z10=24000 z11=25000
2026-09-25T07:27:29Z z9=23000 z10=23000 z11=24000
2026-09-25T07:27:34Z z9=24000 z10=25000 z11=25000
2026-09-25T07:27:39Z z9=37000 z10=34000 z11=34000
2026-09-25T07:27:44Z z9=39000 z10=36000 z11=37000
2026-09-25T07:27:49Z z9=36000 z10=35000 z11=35000
2026-09-25T07:27:55Z z9=29000 z10=28000 z11=28000
2026-09-25T07:28:00Z z9=28000 z10=26000 z11=27000
2026-09-25T07:28:05Z z9=25000 z10=25000 z11=25000
2026-09-25T07:28:10Z z9=25000 z10=24000 z11=25000
2026-09-25T07:28:15Z z9=25000 z10=24000 z11=25000
2026-09-25T07:28:20Z z9=24000 z10=24000 z11=24000
2026-09-25T07:28:25Z z9=25000 z10=24000 z11=24000
2026-09-25T07:28:30Z z9=23000 z10=23000 z11=24000
2026-09-25T07:28:35Z z9=30000 z10=32000 z11=30000
2026-09-25T07:28:40Z z9=26000 z10=27000 z11=28000
2026-09-25T07:28:45Z z9=25000 z10=25000 z11=25000
2026-09-25T07:28:51Z z9=26000 z10=24000 z11=25000
2026-09-25T07:28:56Z z9=24000 z10=24000 z11=24000
2026-09-25T07:29:01Z z9=24000 z10=24000 z11=24000
2026-09-25T07:29:06Z z9=23000 z10=23000 z11=24000
2026-09-25T07:29:11Z z9=38000 z10=35000 z11=34000
2026-09-25T07:29:16Z z9=29000 z10=28000 z11=29000
2026-09-25T07:29:21Z z9=26000 z10=26000 z11=26000
2026-09-25T07:29:26Z z9=27000 z10=27000 z11=27000
2026-09-25T07:29:31Z z9=26000 z10=26000 z11=27000
2026-09-25T07:29:36Z z9=25000 z10=26000 z11=27000
2026-09-25T07:29:42Z z9=25000 z10=25000 z11=26000
2026-09-25T07:29:47Z z9=24000 z10=24000 z11=24000
2026-09-25T07:29:52Z z9=25000 z10=25000 z11=25000
2026-09-25T07:29:57Z z9=40000 z10=36000 z11=36000
2026-09-25T07:30:02Z z9=26000 z10=27000 z11=27000
2026-09-25T07:30:07Z z9=28000 z10=26000 z11=26000
2026-09-25T07:30:12Z z9=26000 z10=25000 z11=26000
2026-09-25T07:30:17Z z9=26000 z10=25000 z11=26000
2026-09-25T07:30:22Z z9=26000 z10=27000 z11=27000
2026-09-25T07:30:28Z z9=25000 z10=25000 z11=25000
2026-09-25T07:30:33Z z9=26000 z10=27000 z11=27000
2026-09-25T07:30:38Z z9=26000 z10=25000 z11=26000
2026-09-25T07:30:43Z z9=25000 z10=25000 z11=26000
2026-09-25T07:30:48Z z9=26000 z10=26000 z11=26000
2026-09-25T07:30:53Z z9=25000 z10=25000 z11=25000
2026-09-25T07:30:58Z z9=24000 z10=25000 z11=25000
2026-09-25T07:31:03Z z9=25000 z10=25000 z11=25000
2026-09-25T07:31:08Z z9=24000 z10=24000 z11=24000
2026-09-25T07:31:14Z z9=24000 z10=25000 z11=25000
2026-09-25T07:31:19Z z9=24000 z10=24000 z11=24000
2026-09-25T07:31:24Z z9=24000 z10=24000 z11=24000
2026-09-25T07:31:29Z z9=25000 z10=23000 z11=24000
2026-09-25T07:31:34Z z9=25000 z10=24000 z11=25000
2026-09-25T07:31:39Z z9=24000 z10=24000 z11=25000
2026-09-25T07:31:44Z z9=24000 z10=24000 z11=24000
2026-09-25T07:31:49Z z9=24000 z10=24000 z11=24000
2026-09-25T07:31:54Z z9=25000 z10=24000 z11=25000
2026-09-25T07:31:59Z z9=24000 z10=25000 z11=25000
2026-09-25T07:32:05Z z9=25000 z10=24000 z11=24000
2026-09-25T07:32:10Z z9=25000 z10=24000 z11=25000
2026-09-25T07:32:15Z z9=25000 z10=24000 z11=25000
2026-09-25T07:32:20Z z9=24000 z10=24000 z11=25000
2026-09-25T07:32:25Z z9=25000 z10=24000 z11=25000
2026-09-25T07:32:30Z z9=24000 z10=24000 z11=25000
2026-09-25T07:32:35Z z9=23000 z10=23000 z11=24000
2026-09-25T07:32:40Z z9=24000 z10=24000 z11=24000
2026-09-25T07:32:45Z z9=25000 z10=24000 z11=24000
2026-09-25T07:32:50Z z9=24000 z10=24000 z11=24000
2026-09-25T07:32:56Z z9=24000 z10=24000 z11=25000
2026-09-25T07:33:01Z z9=26000 z10=29000 z11=28000
2026-09-25T07:33:06Z z9=24000 z10=24000 z11=24000
2026-09-25T07:33:11Z z9=48000 z10=46000 z11=47000
2026-09-25T07:33:16Z z9=44000 z10=41000 z11=42000
2026-09-25T07:33:21Z z9=31000 z10=29000 z11=30000
2026-09-25T07:33:26Z z9=29000 z10=28000 z11=28000
2026-09-25T07:33:31Z z9=33000 z10=34000 z11=34000
2026-09-25T07:33:36Z z9=28000 z10=28000 z11=28000
2026-09-25T07:33:41Z z9=28000 z10=27000 z11=28000
2026-09-25T07:33:47Z z9=26000 z10=26000 z11=27000
2026-09-25T07:33:52Z z9=25000 z10=25000 z11=26000
2026-09-25T07:33:57Z z9=26000 z10=25000 z11=26000
2026-09-25T07:34:02Z z9=25000 z10=25000 z11=26000
2026-09-25T07:34:07Z z9=25000 z10=25000 z11=25000
2026-09-25T07:34:12Z z9=25000 z10=25000 z11=26000
2026-09-25T07:34:17Z z9=25000 z10=25000 z11=25000
2026-09-25T07:34:22Z z9=25000 z10=25000 z11=25000
2026-09-25T07:34:27Z z9=26000 z10=25000 z11=25000
2026-09-25T07:34:32Z z9=25000 z10=25000 z11=25000
2026-09-25T07:34:37Z z9=25000 z10=25000 z11=25000
2026-09-25T07:34:42Z z9=24000 z10=24000 z11=25000
2026-09-25T07:34:48Z z9=24000 z10=24000 z11=25000
2026-09-25T07:34:53Z z9=25000 z10=25000 z11=24000
2026-09-25T07:34:58Z z9=24000 z10=24000 z11=25000
2026-09-25T07:35:03Z z9=35000 z10=31000 z11=30000
2026-09-25T07:35:08Z z9=26000 z10=25000 z11=25000
2026-09-25T07:35:13Z z9=24000 z10=25000 z11=25000
2026-09-25T07:35:18Z z9=24000 z10=24000 z11=24000
2026-09-25T07:35:23Z z9=23000 z10=23000 z11=24000
2026-09-25T07:35:28Z z9=23000 z10=23000 z11=23000
2026-09-25T07:35:33Z z9=23000 z10=23000 z11=23000
2026-09-25T07:35:38Z z9=23000 z10=23000 z11=23000
2026-09-25T07:35:44Z z9=23000 z10=22000 z11=23000
2026-09-25T07:35:49Z z9=22000 z10=23000 z11=23000
2026-09-25T07:35:54Z z9=22000 z10=22000 z11=23000
2026-09-25T07:35:59Z z9=24000 z10=23000 z11=23000
2026-09-25T07:36:04Z z9=22000 z10=23000 z11=23000
2026-09-25T07:36:09Z z9=23000 z10=23000 z11=23000
2026-09-25T07:36:14Z z9=22000 z10=22000 z11=22000
2026-09-25T07:36:19Z z9=23000 z10=23000 z11=24000
2026-09-25T07:36:24Z z9=24000 z10=22000 z11=23000
2026-09-25T07:36:29Z z9=23000 z10=22000 z11=22000
2026-09-25T07:36:35Z z9=22000 z10=22000 z11=23000
2026-09-25T07:36:40Z z9=22000 z10=22000 z11=22000
2026-09-25T07:36:45Z z9=23000 z10=22000 z11=23000
2026-09-25T07:36:50Z z9=23000 z10=22000 z11=23000
2026-09-25T07:36:55Z z9=22000 z10=22000 z11=22000
2026-09-25T07:37:00Z z9=22000 z10=22000 z11=22000
2026-09-25T07:37:05Z z9=22000 z10=22000 z11=22000
2026-09-25T07:37:10Z z9=22000 z10=22000 z11=22000
2026-09-25T07:37:15Z z9=23000 z10=22000 z11=22000
2026-09-25T07:37:20Z z9=22000 z10=22000 z11=22000
2026-09-25T07:37:25Z z9=22000 z10=22000 z11=22000
2026-09-25T07:37:31Z z9=22000 z10=22000 z11=22000
2026-09-25T07:37:36Z z9=22000 z10=22000 z11=22000
2026-09-25T07:37:41Z z9=21000 z10=22000 z11=22000
2026-09-25T07:37:46Z z9=22000 z10=21000 z11=22000
2026-09-25T07:37:51Z z9=22000 z10=21000 z11=22000
2026-09-25T07:37:56Z z9=21000 z10=21000 z11=22000
2026-09-25T07:38:01Z z9=23000 z10=22000 z11=22000
2026-09-25T07:38:06Z z9=21000 z10=21000 z11=22000
2026-09-25T07:38:11Z z9=23000 z10=21000 z11=22000
2026-09-25T07:38:16Z z9=23000 z10=22000 z11=22000
2026-09-25T07:38:22Z z9=22000 z10=21000 z11=22000
2026-09-25T07:38:27Z z9=21000 z10=21000 z11=21000
2026-09-25T07:38:32Z z9=21000 z10=22000 z11=22000
2026-09-25T07:38:37Z z9=21000 z10=21000 z11=22000
2026-09-25T07:38:42Z z9=23000 z10=22000 z11=22000
2026-09-25T07:38:47Z z9=21000 z10=21000 z11=22000
2026-09-25T07:38:52Z z9=23000 z10=21000 z11=22000
2026-09-25T07:38:57Z z9=21000 z10=21000 z11=22000
2026-09-25T07:39:02Z z9=21000 z10=21000 z11=22000
2026-09-25T07:39:07Z z9=22000 z10=21000 z11=22000
2026-09-25T07:39:13Z z9=21000 z10=21000 z11=22000
2026-09-25T07:39:18Z z9=21000 z10=21000 z11=22000
2026-09-25T07:39:23Z z9=21000 z10=21000 z11=21000
2026-09-25T07:39:28Z z9=21000 z10=21000 z11=21000
2026-09-25T07:39:33Z z9=22000 z10=21000 z11=22000
2026-09-25T07:39:38Z z9=22000 z10=21000 z11=22000
2026-09-25T07:39:43Z z9=23000 z10=22000 z11=22000
2026-09-25T07:39:48Z z9=22000 z10=21000 z11=21000
2026-09-25T07:39:53Z z9=21000 z10=22000 z11=21000
2026-09-25T07:39:58Z z9=22000 z10=21000 z11=22000
2026-09-25T07:40:03Z z9=21000 z10=21000 z11=21000
2026-09-25T07:40:09Z z9=21000 z10=21000 z11=21000
2026-09-25T07:40:14Z z9=22000 z10=21000 z11=22000
2026-09-25T07:40:19Z z9=22000 z10=22000 z11=22000
2026-09-25T07:40:24Z z9=21000 z10=21000 z11=22000
2026-09-25T07:40:29Z z9=21000 z10=21000 z11=21000
2026-09-25T07:40:34Z z9=23000 z10=21000 z11=22000
2026-09-25T07:40:39Z z9=22000 z10=21000 z11=21000
2026-09-25T07:40:44Z z9=22000 z10=21000 z11=21000
2026-09-25T07:40:49Z z9=21000 z10=21000 z11=21000
2026-09-25T07:40:54Z z9=21000 z10=21000 z11=21000
2026-09-25T07:41:00Z z9=21000 z10=21000 z11=22000
2026-09-25T07:41:05Z z9=21000 z10=21000 z11=21000
2026-09-25T07:41:10Z z9=23000 z10=21000 z11=21000
2026-09-25T07:41:15Z z9=21000 z10=21000 z11=21000
2026-09-25T07:41:20Z z9=21000 z10=21000 z11=22000
2026-09-25T07:41:25Z z9=21000 z10=21000 z11=21000
2026-09-25T07:41:30Z z9=21000 z10=21000 z11=21000
2026-09-25T07:41:35Z z9=21000 z10=21000 z11=22000
2026-09-25T07:41:40Z z9=21000 z10=21000 z11=22000
2026-09-25T07:41:45Z z9=21000 z10=21000 z11=21000
2026-09-25T07:41:50Z z9=21000 z10=22000 z11=21000
2026-09-25T07:41:56Z z9=23000 z10=21000 z11=22000
2026-09-25T07:42:01Z z9=21000 z10=21000 z11=21000
2026-09-25T07:42:06Z z9=21000 z10=21000 z11=21000
2026-09-25T07:42:11Z z9=21000 z10=21000 z11=21000
2026-09-25T07:42:16Z z9=21000 z10=20000 z11=21000
2026-09-25T07:42:21Z z9=21000 z10=21000 z11=21000
2026-09-25T07:42:26Z z9=21000 z10=21000 z11=21000
2026-09-25T07:42:31Z z9=20000 z10=21000 z11=21000
2026-09-25T07:42:36Z z9=22000 z10=21000 z11=21000
2026-09-25T07:42:41Z z9=21000 z10=21000 z11=21000
2026-09-25T07:42:47Z z9=22000 z10=22000 z11=22000
2026-09-25T07:42:52Z z9=21000 z10=21000 z11=22000
2026-09-25T07:42:57Z z9=21000 z10=22000 z11=22000
2026-09-25T07:43:02Z z9=22000 z10=21000 z11=21000
2026-09-25T07:43:07Z z9=21000 z10=21000 z11=21000
2026-09-25T07:43:12Z z9=22000 z10=21000 z11=22000
2026-09-25T07:43:17Z z9=21000 z10=21000 z11=21000
2026-09-25T07:43:22Z z9=22000 z10=21000 z11=21000
2026-09-25T07:43:27Z z9=21000 z10=21000 z11=21000
2026-09-25T07:43:32Z z9=21000 z10=21000 z11=21000
2026-09-25T07:43:38Z z9=22000 z10=21000 z11=21000
2026-09-25T07:43:43Z z9=21000 z10=21000 z11=20000
2026-09-25T07:43:48Z z9=20000 z10=20000 z11=21000
2026-09-25T07:43:53Z z9=23000 z10=20000 z11=21000
2026-09-25T07:43:58Z z9=20000 z10=21000 z11=21000
2026-09-25T07:44:03Z z9=20000 z10=21000 z11=21000
2026-09-25T07:44:08Z z9=20000 z10=20000 z11=21000
2026-09-25T07:44:13Z z9=20000 z10=21000 z11=21000
2026-09-25T07:44:18Z z9=21000 z10=21000 z11=21000
2026-09-25T07:44:23Z z9=22000 z10=21000 z11=21000
2026-09-25T07:44:29Z z9=20000 z10=21000 z11=21000
2026-09-25T07:44:34Z z9=20000 z10=21000 z11=21000
2026-09-25T07:44:39Z z9=21000 z10=20000 z11=21000
2026-09-25T07:44:44Z z9=21000 z10=20000 z11=21000
2026-09-25T07:44:49Z z9=22000 z10=20000 z11=21000
2026-09-25T07:44:54Z z9=20000 z10=21000 z11=21000
2026-09-25T07:44:59Z z9=21000 z10=20000 z11=21000
2026-09-25T07:45:04Z z9=21000 z10=21000 z11=21000
2026-09-25T07:45:09Z z9=21000 z10=21000 z11=21000
2026-09-25T07:45:14Z z9=22000 z10=22000 z11=22000
2026-09-25T07:45:19Z z9=22000 z10=22000 z11=23000
2026-09-25T07:45:25Z z9=23000 z10=23000 z11=23000
2026-09-25T07:45:30Z z9=22000 z10=22000 z11=23000
2026-09-25T07:45:35Z z9=23000 z10=22000 z11=22000
2026-09-25T07:45:40Z z9=21000 z10=21000 z11=22000
2026-09-25T07:45:45Z z9=22000 z10=22000 z11=23000
2026-09-25T07:45:50Z z9=22000 z10=22000 z11=22000
2026-09-25T07:45:55Z z9=22000 z10=22000 z11=22000
2026-09-25T07:46:00Z z9=24000 z10=22000 z11=23000
2026-09-25T07:46:05Z z9=22000 z10=22000 z11=22000
2026-09-25T07:46:11Z z9=23000 z10=23000 z11=23000
2026-09-25T07:46:16Z z9=22000 z10=23000 z11=23000
2026-09-25T07:46:21Z z9=23000 z10=23000 z11=24000
2026-09-25T07:46:26Z z9=23000 z10=23000 z11=24000
2026-09-25T07:46:31Z z9=22000 z10=23000 z11=23000
2026-09-25T07:46:36Z z9=23000 z10=23000 z11=23000
2026-09-25T07:46:41Z z9=23000 z10=23000 z11=23000
2026-09-25T07:46:46Z z9=22000 z10=22000 z11=23000
2026-09-25T07:46:51Z z9=23000 z10=23000 z11=23000
2026-09-25T07:46:57Z z9=23000 z10=23000 z11=24000
2026-09-25T07:47:02Z z9=22000 z10=22000 z11=23000
2026-09-25T07:47:07Z z9=24000 z10=23000 z11=23000
2026-09-25T07:47:12Z z9=24000 z10=23000 z11=23000
2026-09-25T07:47:17Z z9=23000 z10=23000 z11=24000
2026-09-25T07:47:22Z z9=23000 z10=23000 z11=24000
2026-09-25T07:47:27Z z9=23000 z10=23000 z11=24000
2026-09-25T07:47:32Z z9=24000 z10=23000 z11=24000
2026-09-25T07:47:37Z z9=24000 z10=24000 z11=25000
2026-09-25T07:47:42Z z9=23000 z10=23000 z11=23000
2026-09-25T07:47:48Z z9=25000 z10=25000 z11=25000
2026-09-25T07:47:53Z z9=26000 z10=26000 z11=27000
2026-09-25T07:47:58Z z9=25000 z10=24000 z11=24000
2026-09-25T07:48:03Z z9=25000 z10=25000 z11=25000
2026-09-25T07:48:08Z z9=24000 z10=24000 z11=24000
2026-09-25T07:48:13Z z9=25000 z10=25000 z11=25000
2026-09-25T07:48:18Z z9=24000 z10=23000 z11=24000
2026-09-25T07:48:23Z z9=23000 z10=23000 z11=24000
2026-09-25T07:48:28Z z9=23000 z10=23000 z11=24000
2026-09-25T07:48:33Z z9=24000 z10=25000 z11=25000
2026-09-25T07:48:39Z z9=24000 z10=22000 z11=23000
2026-09-25T07:48:44Z z9=24000 z10=23000 z11=24000
2026-09-25T07:48:49Z z9=24000 z10=24000 z11=23000
2026-09-25T07:48:54Z z9=23000 z10=23000 z11=23000
2026-09-25T07:48:59Z z9=23000 z10=23000 z11=24000
2026-09-25T07:49:04Z z9=22000 z10=23000 z11=23000
2026-09-25T07:49:09Z z9=24000 z10=24000 z11=24000
2026-09-25T07:49:14Z z9=24000 z10=24000 z11=24000
2026-09-25T07:49:19Z z9=27000 z10=26000 z11=28000
2026-09-25T07:49:25Z z9=26000 z10=26000 z11=27000
2026-09-25T07:49:30Z z9=28000 z10=28000 z11=29000
2026-09-25T07:49:35Z z9=29000 z10=29000 z11=30000
2026-09-25T07:49:40Z z9=26000 z10=26000 z11=27000
2026-09-25T07:49:45Z z9=30000 z10=29000 z11=29000
2026-09-25T07:49:50Z z9=25000 z10=25000 z11=26000
2026-09-25T07:49:55Z z9=25000 z10=25000 z11=26000
2026-09-25T07:50:00Z z9=25000 z10=25000 z11=25000
2026-09-25T07:50:05Z z9=24000 z10=24000 z11=25000
2026-09-25T07:50:10Z z9=26000 z10=27000 z11=27000
2026-09-25T07:50:15Z z9=35000 z10=30000 z11=30000
2026-09-25T07:50:20Z z9=27000 z10=26000 z11=27000
2026-09-25T07:50:26Z z9=27000 z10=27000 z11=28000
2026-09-25T07:50:31Z z9=28000 z10=27000 z11=28000
2026-09-25T07:50:36Z z9=27000 z10=26000 z11=26000
2026-09-25T07:50:41Z z9=25000 z10=25000 z11=26000
2026-09-25T07:50:46Z z9=27000 z10=27000 z11=28000
2026-09-25T07:50:51Z z9=26000 z10=25000 z11=26000
2026-09-25T07:50:56Z z9=25000 z10=25000 z11=25000
2026-09-25T07:51:01Z z9=28000 z10=27000 z11=28000
2026-09-25T07:51:07Z z9=25000 z10=25000 z11=25000
2026-09-25T07:51:12Z z9=41000 z10=39000 z11=39000
2026-09-25T07:51:17Z z9=35000 z10=33000 z11=34000
2026-09-25T07:51:22Z z9=29000 z10=29000 z11=30000
2026-09-25T07:51:27Z z9=36000 z10=35000 z11=37000
2026-09-25T07:51:32Z z9=29000 z10=28000 z11=29000
2026-09-25T07:51:37Z z9=28000 z10=28000 z11=28000
2026-09-25T07:51:42Z z9=28000 z10=29000 z11=31000
2026-09-25T07:51:47Z z9=33000 z10=31000 z11=32000
2026-09-25T07:51:52Z z9=33000 z10=32000 z11=34000
2026-09-25T07:51:57Z z9=31000 z10=30000 z11=30000
2026-09-25T07:52:02Z z9=30000 z10=29000 z11=29000
2026-09-25T07:52:07Z z9=32000 z10=33000 z11=33000
2026-09-25T07:52:13Z z9=34000 z10=35000 z11=37000
2026-09-25T07:52:18Z z9=38000 z10=39000 z11=39000
2026-09-25T07:52:23Z z9=38000 z10=36000 z11=37000
2026-09-25T07:52:28Z z9=31000 z10=30000 z11=30000
2026-09-25T07:52:33Z z9=28000 z10=28000 z11=28000
2026-09-25T07:52:38Z z9=28000 z10=27000 z11=27000
2026-09-25T07:52:43Z z9=27000 z10=26000 z11=28000
2026-09-25T07:52:48Z z9=27000 z10=26000 z11=27000
2026-09-25T07:52:53Z z9=25000 z10=25000 z11=26000
2026-09-25T07:52:58Z z9=25000 z10=25000 z11=26000
2026-09-25T07:53:03Z z9=25000 z10=25000 z11=25000
2026-09-25T07:53:08Z z9=34000 z10=28000 z11=29000
2026-09-25T07:53:14Z z9=27000 z10=26000 z11=28000
2026-09-25T07:53:19Z z9=29000 z10=28000 z11=29000
2026-09-25T07:53:24Z z9=28000 z10=26000 z11=27000
2026-09-25T07:53:29Z z9=27000 z10=27000 z11=29000
2026-09-25T07:53:34Z z9=29000 z10=30000 z11=32000
2026-09-25T07:53:39Z z9=27000 z10=27000 z11=28000
2026-09-25T07:53:44Z z9=30000 z10=30000 z11=31000
2026-09-25T07:53:49Z z9=33000 z10=34000 z11=35000
2026-09-25T07:53:54Z z9=40000 z10=37000 z11=37000
2026-09-25T07:53:59Z z9=29000 z10=31000 z11=31000
2026-09-25T07:54:05Z z9=30000 z10=30000 z11=30000
2026-09-25T07:54:10Z z9=29000 z10=28000 z11=29000
2026-09-25T07:54:15Z z9=29000 z10=29000 z11=31000
2026-09-25T07:54:20Z z9=31000 z10=31000 z11=32000
2026-09-25T07:54:25Z z9=30000 z10=30000 z11=32000
2026-09-25T07:54:30Z z9=31000 z10=33000 z11=35000
2026-09-25T07:54:35Z z9=28000 z10=29000 z11=30000
2026-09-25T07:54:40Z z9=28000 z10=28000 z11=29000
2026-09-25T07:54:45Z z9=29000 z10=29000 z11=29000
2026-09-25T07:54:50Z z9=28000 z10=27000 z11=29000
2026-09-25T07:54:56Z z9=27000 z10=26000 z11=27000
2026-09-25T07:55:01Z z9=27000 z10=27000 z11=28000
2026-09-25T07:55:06Z z9=35000 z10=34000 z11=35000
2026-09-25T07:55:11Z z9=40000 z10=43000 z11=45000
2026-09-25T07:55:16Z z9=33000 z10=32000 z11=33000
2026-09-25T07:55:21Z z9=30000 z10=28000 z11=29000
2026-09-25T07:55:26Z z9=28000 z10=29000 z11=29000
2026-09-25T07:55:31Z z9=28000 z10=28000 z11=29000
2026-09-25T07:55:37Z z9=29000 z10=28000 z11=30000
2026-09-25T07:55:42Z z9=28000 z10=27000 z11=29000
2026-09-25T07:55:47Z z9=35000 z10=34000 z11=36000
2026-09-25T07:55:52Z z9=29000 z10=28000 z11=28000
2026-09-25T07:55:57Z z9=26000 z10=26000 z11=27000
2026-09-25T07:56:02Z z9=27000 z10=25000 z11=26000
2026-09-25T07:56:07Z z9=26000 z10=25000 z11=25000
2026-09-25T07:56:12Z z9=25000 z10=25000 z11=25000
2026-09-25T07:56:17Z z9=26000 z10=25000 z11=25000
2026-09-25T07:56:22Z z9=26000 z10=25000 z11=25000
2026-09-25T07:56:27Z z9=26000 z10=24000 z11=25000
2026-09-25T07:56:32Z z9=25000 z10=25000 z11=25000
2026-09-25T07:56:37Z z9=25000 z10=24000 z11=24000
2026-09-25T07:56:43Z z9=24000 z10=24000 z11=25000
2026-09-25T07:56:48Z z9=25000 z10=24000 z11=25000
2026-09-25T07:56:53Z z9=25000 z10=25000 z11=25000
2026-09-25T07:56:58Z z9=25000 z10=24000 z11=24000
2026-09-25T07:57:03Z z9=25000 z10=24000 z11=24000
2026-09-25T07:57:08Z z9=24000 z10=24000 z11=25000
2026-09-25T07:57:13Z z9=23000 z10=24000 z11=24000
2026-09-25T07:57:18Z z9=25000 z10=24000 z11=24000
2026-09-25T07:57:23Z z9=25000 z10=24000 z11=24000
2026-09-25T07:57:28Z z9=24000 z10=24000 z11=24000
2026-09-25T07:57:33Z z9=24000 z10=24000 z11=24000
2026-09-25T07:57:38Z z9=25000 z10=25000 z11=25000
2026-09-25T07:57:43Z z9=25000 z10=25000 z11=26000
2026-09-25T07:57:49Z z9=26000 z10=26000 z11=26000
2026-09-25T07:57:54Z z9=26000 z10=26000 z11=26000
2026-09-25T07:57:59Z z9=26000 z10=26000 z11=26000
2026-09-25T07:58:04Z z9=27000 z10=27000 z11=28000
2026-09-25T07:58:09Z z9=27000 z10=27000 z11=27000
2026-09-25T07:58:14Z z9=28000 z10=28000 z11=30000
2026-09-25T07:58:19Z z9=27000 z10=26000 z11=27000
2026-09-25T07:58:24Z z9=27000 z10=27000 z11=27000
2026-09-25T07:58:29Z z9=29000 z10=28000 z11=28000
2026-09-25T07:58:35Z z9=27000 z10=26000 z11=26000
2026-09-25T07:58:40Z z9=27000 z10=25000 z11=25000
2026-09-25T07:58:45Z z9=25000 z10=25000 z11=25000
2026-09-25T07:58:50Z z9=25000 z10=25000 z11=25000
2026-09-25T07:58:55Z z9=25000 z10=25000 z11=25000
2026-09-25T07:59:00Z z9=25000 z10=24000 z11=25000
2026-09-25T07:59:05Z z9=27000 z10=25000 z11=26000
2026-09-25T07:59:10Z z9=26000 z10=26000 z11=27000
2026-09-25T07:59:15Z z9=25000 z10=25000 z11=27000
2026-09-25T07:59:20Z z9=32000 z10=32000 z11=33000
2026-09-25T07:59:25Z z9=27000 z10=27000 z11=27000
2026-09-25T07:59:31Z z9=28000 z10=27000 z11=29000
2026-09-25T07:59:36Z z9=28000 z10=28000 z11=28000
2026-09-25T07:59:41Z z9=30000 z10=29000 z11=30000
2026-09-25T07:59:46Z z9=26000 z10=26000 z11=27000
2026-09-25T07:59:51Z z9=28000 z10=27000 z11=27000
2026-09-25T07:59:56Z z9=26000 z10=27000 z11=27000
2026-09-25T08:00:01Z z9=26000 z10=27000 z11=26000
2026-09-25T08:00:06Z z9=25000 z10=25000 z11=26000
2026-09-25T08:00:11Z z9=25000 z10=25000 z11=25000
2026-09-25T08:00:16Z z9=25000 z10=25000 z11=25000
2026-09-25T08:00:22Z z9=26000 z10=25000 z11=25000
2026-09-25T08:00:27Z z9=25000 z10=25000 z11=26000
2026-09-25T08:00:32Z z9=25000 z10=25000 z11=25000
2026-09-25T08:00:37Z z9=25000 z10=25000 z11=25000
2026-09-25T08:00:42Z z9=26000 z10=25000 z11=25000
2026-09-25T08:00:47Z z9=25000 z10=25000 z11=25000
2026-09-25T08:00:52Z z9=25000 z10=25000 z11=26000
2026-09-25T08:00:57Z z9=25000 z10=26000 z11=26000
2026-09-25T08:01:02Z z9=25000 z10=26000 z11=26000
2026-09-25T08:01:07Z z9=25000 z10=25000 z11=26000
2026-09-25T08:01:12Z z9=26000 z10=26000 z11=27000
2026-09-25T08:01:18Z z9=26000 z10=26000 z11=27000
2026-09-25T08:01:23Z z9=26000 z10=26000 z11=26000
2026-09-25T08:01:28Z z9=26000 z10=25000 z11=26000
2026-09-25T08:01:33Z z9=26000 z10=25000 z11=26000
2026-09-25T08:01:38Z z9=26000 z10=25000 z11=26000
2026-09-25T08:01:43Z z9=26000 z10=26000 z11=27000
2026-09-25T08:01:48Z z9=26000 z10=25000 z11=26000
2026-09-25T08:01:53Z z9=25000 z10=25000 z11=25000
2026-09-25T08:01:58Z z9=26000 z10=25000 z11=25000
2026-09-25T08:02:03Z z9=25000 z10=25000 z11=26000
2026-09-25T08:02:08Z z9=25000 z10=25000 z11=26000
2026-09-25T08:02:14Z z9=27000 z10=28000 z11=29000
2026-09-25T08:02:19Z z9=27000 z10=26000 z11=26000
2026-09-25T08:02:24Z z9=25000 z10=25000 z11=25000
2026-09-25T08:02:29Z z9=26000 z10=25000 z11=25000
2026-09-25T08:02:34Z z9=26000 z10=25000 z11=25000
2026-09-25T08:02:39Z z9=24000 z10=25000 z11=25000
2026-09-25T08:02:44Z z9=25000 z10=24000 z11=25000
2026-09-25T08:02:49Z z9=24000 z10=24000 z11=25000
2026-09-25T08:02:54Z z9=24000 z10=25000 z11=25000
2026-09-25T08:02:59Z z9=25000 z10=25000 z11=25000
2026-09-25T08:03:04Z z9=25000 z10=25000 z11=25000
2026-09-25T08:03:09Z z9=25000 z10=25000 z11=25000
2026-09-25T08:03:15Z z9=24000 z10=25000 z11=25000
2026-09-25T08:03:20Z z9=25000 z10=25000 z11=25000
2026-09-25T08:03:25Z z9=25000 z10=25000 z11=25000
2026-09-25T08:03:30Z z9=27000 z10=26000 z11=26000
2026-09-25T08:03:35Z z9=26000 z10=26000 z11=27000
2026-09-25T08:03:40Z z9=28000 z10=27000 z11=27000
2026-09-25T08:03:45Z z9=25000 z10=26000 z11=26000
2026-09-25T08:03:50Z z9=25000 z10=25000 z11=25000
2026-09-25T08:03:55Z z9=25000 z10=25000 z11=25000
2026-09-25T08:04:00Z z9=25000 z10=25000 z11=25000
2026-09-25T08:04:05Z z9=25000 z10=25000 z11=25000
2026-09-25T08:04:11Z z9=25000 z10=25000 z11=25000
2026-09-25T08:04:16Z z9=25000 z10=25000 z11=25000
2026-09-25T08:04:21Z z9=24000 z10=25000 z11=25000
2026-09-25T08:04:26Z z9=25000 z10=25000 z11=25000
2026-09-25T08:04:31Z z9=25000 z10=25000 z11=25000
2026-09-25T08:04:36Z z9=25000 z10=25000 z11=25000
2026-09-25T08:04:41Z z9=25000 z10=24000 z11=25000
2026-09-25T08:04:46Z z9=25000 z10=25000 z11=25000
2026-09-25T08:04:51Z z9=25000 z10=25000 z11=25000
2026-09-25T08:04:56Z z9=25000 z10=25000 z11=25000
2026-09-25T08:05:01Z z9=25000 z10=24000 z11=25000
2026-09-25T08:05:06Z z9=25000 z10=25000 z11=25000
2026-09-25T08:05:12Z z9=25000 z10=24000 z11=25000
2026-09-25T08:05:17Z z9=25000 z10=24000 z11=25000
2026-09-25T08:05:22Z z9=24000 z10=24000 z11=25000
2026-09-25T08:05:27Z z9=24000 z10=25000 z11=25000
2026-09-25T08:05:32Z z9=24000 z10=24000 z11=25000
2026-09-25T08:05:37Z z9=25000 z10=24000 z11=25000
2026-09-25T08:05:42Z z9=24000 z10=24000 z11=25000
2026-09-25T08:05:47Z z9=25000 z10=24000 z11=25000
2026-09-25T08:05:52Z z9=25000 z10=24000 z11=25000
2026-09-25T08:05:57Z z9=25000 z10=25000 z11=25000
2026-09-25T08:06:02Z z9=25000 z10=24000 z11=25000
2026-09-25T08:06:08Z z9=24000 z10=25000 z11=25000
2026-09-25T08:06:13Z z9=25000 z10=24000 z11=25000
2026-09-25T08:06:18Z z9=25000 z10=25000 z11=25000
2026-09-25T08:06:23Z z9=24000 z10=25000 z11=25000
2026-09-25T08:06:28Z z9=24000 z10=25000 z11=25000
2026-09-25T08:06:33Z z9=24000 z10=24000 z11=25000
2026-09-25T08:06:38Z z9=25000 z10=25000 z11=25000
2026-09-25T08:06:43Z z9=25000 z10=25000 z11=25000
2026-09-25T08:06:48Z z9=24000 z10=25000 z11=25000
2026-09-25T08:06:53Z z9=25000 z10=25000 z11=25000
2026-09-25T08:06:58Z z9=25000 z10=25000 z11=25000
2026-09-25T08:07:04Z z9=24000 z10=24000 z11=25000
2026-09-25T08:07:09Z z9=24000 z10=25000 z11=25000
2026-09-25T08:07:14Z z9=25000 z10=25000 z11=25000
2026-09-25T08:07:19Z z9=25000 z10=24000 z11=25000
2026-09-25T08:07:24Z z9=25000 z10=25000 z11=25000
2026-09-25T08:07:29Z z9=25000 z10=24000 z11=25000
2026-09-25T08:07:34Z z9=25000 z10=25000 z11=25000
2026-09-25T08:07:39Z z9=25000 z10=24000 z11=25000
2026-09-25T08:07:44Z z9=26000 z10=24000 z11=25000
2026-09-25T08:07:49Z z9=24000 z10=24000 z11=25000
2026-09-25T08:07:54Z z9=25000 z10=24000 z11=25000
2026-09-25T08:08:00Z z9=24000 z10=24000 z11=25000
2026-09-25T08:08:05Z z9=25000 z10=24000 z11=25000
2026-09-25T08:08:10Z z9=24000 z10=24000 z11=25000
2026-09-25T08:08:15Z z9=25000 z10=24000 z11=25000
2026-09-25T08:08:20Z z9=25000 z10=24000 z11=25000
2026-09-25T08:08:25Z z9=24000 z10=24000 z11=25000
2026-09-25T08:08:30Z z9=25000 z10=24000 z11=25000
2026-09-25T08:08:35Z z9=24000 z10=24000 z11=25000
2026-09-25T08:08:40Z z9=24000 z10=24000 z11=25000
2026-09-25T08:08:45Z z9=24000 z10=24000 z11=25000
2026-09-25T08:08:50Z z9=24000 z10=24000 z11=25000
2026-09-25T08:08:55Z z9=25000 z10=25000 z11=25000
2026-09-25T08:09:01Z z9=25000 z10=24000 z11=25000
2026-09-25T08:09:06Z z9=25000 z10=24000 z11=25000
2026-09-25T08:09:11Z z9=24000 z10=24000 z11=25000
2026-09-25T08:09:16Z z9=26000 z10=25000 z11=25000
2026-09-25T08:09:21Z z9=25000 z10=25000 z11=25000
2026-09-25T08:09:26Z z9=24000 z10=25000 z11=25000
2026-09-25T08:09:31Z z9=24000 z10=25000 z11=25000
2026-09-25T08:09:36Z z9=25000 z10=24000 z11=25000
2026-09-25T08:09:41Z z9=25000 z10=25000 z11=25000
2026-09-25T08:09:46Z z9=24000 z10=25000 z11=25000
2026-09-25T08:09:51Z z9=25000 z10=24000 z11=25000
2026-09-25T08:09:57Z z9=24000 z10=25000 z11=25000
2026-09-25T08:10:02Z z9=25000 z10=25000 z11=25000
2026-09-25T08:10:07Z z9=24000 z10=25000 z11=25000
2026-09-25T08:10:12Z z9=24000 z10=25000 z11=25000
2026-09-25T08:10:17Z z9=24000 z10=24000 z11=25000
2026-09-25T08:10:22Z z9=24000 z10=25000 z11=25000
2026-09-25T08:10:27Z z9=24000 z10=24000 z11=24000
2026-09-25T08:10:32Z z9=25000 z10=24000 z11=25000
2026-09-25T08:10:37Z z9=24000 z10=24000 z11=25000
2026-09-25T08:10:42Z z9=25000 z10=24000 z11=25000
2026-09-25T08:10:47Z z9=26000 z10=24000 z11=25000
2026-09-25T08:10:52Z z9=24000 z10=25000 z11=25000
2026-09-25T08:10:58Z z9=24000 z10=24000 z11=25000
2026-09-25T08:11:03Z z9=24000 z10=24000 z11=25000
2026-09-25T08:11:08Z z9=24000 z10=24000 z11=25000
2026-09-25T08:11:13Z z9=24000 z10=25000 z11=25000
2026-09-25T08:11:18Z z9=24000 z10=25000 z11=25000
2026-09-25T08:11:23Z z9=25000 z10=25000 z11=25000
2026-09-25T08:11:28Z z9=24000 z10=24000 z11=25000
2026-09-25T08:11:33Z z9=24000 z10=25000 z11=25000
2026-09-25T08:11:38Z z9=25000 z10=24000 z11=25000
2026-09-25T08:11:43Z z9=24000 z10=24000 z11=25000
2026-09-25T08:11:48Z z9=25000 z10=25000 z11=25000
2026-09-25T08:11:54Z z9=26000 z10=25000 z11=25000
2026-09-25T08:11:59Z z9=25000 z10=25000 z11=25000
2026-09-25T08:12:04Z z9=24000 z10=24000 z11=25000
2026-09-25T08:12:09Z z9=25000 z10=24000 z11=25000
2026-09-25T08:12:14Z z9=25000 z10=25000 z11=25000
2026-09-25T08:12:19Z z9=24000 z10=24000 z11=25000
2026-09-25T08:12:24Z z9=26000 z10=25000 z11=25000
2026-09-25T08:12:29Z z9=25000 z10=24000 z11=25000
2026-09-25T08:12:34Z z9=25000 z10=25000 z11=25000
2026-09-25T08:12:39Z z9=26000 z10=24000 z11=25000
2026-09-25T08:12:44Z z9=24000 z10=25000 z11=25000
2026-09-25T08:12:50Z z9=24000 z10=25000 z11=25000
2026-09-25T08:12:55Z z9=25000 z10=24000 z11=25000
2026-09-25T08:13:00Z z9=24000 z10=25000 z11=25000
2026-09-25T08:13:05Z z9=26000 z10=24000 z11=25000
2026-09-25T08:13:10Z z9=25000 z10=24000 z11=25000
2026-09-25T08:13:15Z z9=24000 z10=25000 z11=25000
2026-09-25T08:13:20Z z9=25000 z10=25000 z11=25000
2026-09-25T08:13:25Z z9=24000 z10=25000 z11=25000
2026-09-25T08:13:30Z z9=24000 z10=25000 z11=25000
2026-09-25T08:13:35Z z9=25000 z10=24000 z11=25000
2026-09-25T08:13:40Z z9=25000 z10=24000 z11=25000
2026-09-25T08:13:46Z z9=25000 z10=24000 z11=25000
2026-09-25T08:13:51Z z9=25000 z10=25000 z11=25000
2026-09-25T08:13:56Z z9=24000 z10=25000 z11=25000
2026-09-25T08:14:01Z z9=25000 z10=25000 z11=25000
2026-09-25T08:14:06Z z9=25000 z10=25000 z11=25000
2026-09-25T08:14:11Z z9=25000 z10=25000 z11=25000
2026-09-25T08:14:16Z z9=25000 z10=24000 z11=25000
2026-09-25T08:14:21Z z9=24000 z10=24000 z11=25000
2026-09-25T08:14:26Z z9=25000 z10=24000 z11=25000
2026-09-25T08:14:31Z z9=25000 z10=25000 z11=25000
2026-09-25T08:14:36Z z9=25000 z10=24000 z11=25000
2026-09-25T08:14:41Z z9=26000 z10=24000 z11=25000
2026-09-25T08:14:47Z z9=24000 z10=24000 z11=25000
2026-09-25T08:14:52Z z9=25000 z10=24000 z11=25000
2026-09-25T08:14:57Z z9=24000 z10=25000 z11=25000
2026-09-25T08:15:02Z z9=25000 z10=25000 z11=25000
2026-09-25T08:15:07Z z9=24000 z10=24000 z11=25000
2026-09-25T08:15:12Z z9=25000 z10=25000 z11=25000
2026-09-25T08:15:17Z z9=26000 z10=24000 z11=25000
2026-09-25T08:15:22Z z9=25000 z10=24000 z11=25000
2026-09-25T08:15:27Z z9=24000 z10=24000 z11=25000
2026-09-25T08:15:32Z z9=24000 z10=25000 z11=25000
2026-09-25T08:15:37Z z9=24000 z10=25000 z11=25000
2026-09-25T08:15:43Z z9=25000 z10=25000 z11=25000
2026-09-25T08:15:48Z z9=24000 z10=25000 z11=25000
2026-09-25T08:15:53Z z9=24000 z10=25000 z11=25000
2026-09-25T08:15:58Z z9=24000 z10=25000 z11=25000
2026-09-25T08:16:03Z z9=25000 z10=24000 z11=25000
2026-09-25T08:16:08Z z9=24000 z10=25000 z11=25000
2026-09-25T08:16:13Z z9=24000 z10=24000 z11=25000
2026-09-25T08:16:18Z z9=25000 z10=25000 z11=25000
2026-09-25T08:16:23Z z9=25000 z10=25000 z11=25000
2026-09-25T08:16:28Z z9=25000 z10=24000 z11=25000
2026-09-25T08:16:33Z z9=24000 z10=25000 z11=25000
2026-09-25T08:16:39Z z9=25000 z10=25000 z11=25000
2026-09-25T08:16:44Z z9=25000 z10=25000 z11=25000
2026-09-25T08:16:49Z z9=25000 z10=24000 z11=25000
2026-09-25T08:16:54Z z9=24000 z10=24000 z11=25000
2026-09-25T08:16:59Z z9=25000 z10=25000 z11=25000
2026-09-25T08:17:04Z z9=25000 z10=25000 z11=25000
2026-09-25T08:17:09Z z9=24000 z10=24000 z11=25000
2026-09-25T08:17:14Z z9=25000 z10=24000 z11=25000
2026-09-25T08:17:19Z z9=26000 z10=25000 z11=25000
2026-09-25T08:17:24Z z9=25000 z10=24000 z11=25000
2026-09-25T08:17:29Z z9=25000 z10=25000 z11=25000
2026-09-25T08:17:34Z z9=24000 z10=25000 z11=25000
2026-09-25T08:17:40Z z9=24000 z10=25000 z11=25000
2026-09-25T08:17:45Z z9=24000 z10=25000 z11=25000
2026-09-25T08:17:50Z z9=26000 z10=25000 z11=25000
2026-09-25T08:17:55Z z9=25000 z10=24000 z11=25000
2026-09-25T08:18:00Z z9=25000 z10=25000 z11=25000
2026-09-25T08:18:05Z z9=25000 z10=25000 z11=25000
2026-09-25T08:18:10Z z9=24000 z10=25000 z11=25000
2026-09-25T08:18:15Z z9=26000 z10=24000 z11=25000
2026-09-25T08:18:20Z z9=25000 z10=24000 z11=25000
2026-09-25T08:18:25Z z9=25000 z10=25000 z11=25000
2026-09-25T08:18:30Z z9=25000 z10=25000 z11=25000
2026-09-25T08:18:36Z z9=24000 z10=25000 z11=25000
2026-09-25T08:18:41Z z9=24000 z10=24000 z11=25000
2026-09-25T08:18:46Z z9=26000 z10=25000 z11=24000
2026-09-25T08:18:51Z z9=24000 z10=25000 z11=25000
2026-09-25T08:18:56Z z9=24000 z10=25000 z11=25000
2026-09-25T08:19:01Z z9=25000 z10=25000 z11=25000
2026-09-25T08:19:06Z z9=25000 z10=25000 z11=25000
2026-09-25T08:19:11Z z9=25000 z10=25000 z11=25000
2026-09-25T08:19:16Z z9=25000 z10=24000 z11=25000
2026-09-25T08:19:21Z z9=26000 z10=24000 z11=25000
2026-09-25T08:19:26Z z9=24000 z10=25000 z11=25000
2026-09-25T08:19:31Z z9=26000 z10=24000 z11=25000
2026-09-25T08:19:37Z z9=24000 z10=25000 z11=25000
2026-09-25T08:19:42Z z9=25000 z10=24000 z11=25000
2026-09-25T08:19:47Z z9=24000 z10=25000 z11=25000
2026-09-25T08:19:52Z z9=25000 z10=24000 z11=25000
2026-09-25T08:19:57Z z9=25000 z10=25000 z11=25000
2026-09-25T08:20:02Z z9=26000 z10=25000 z11=25000
2026-09-25T08:20:07Z z9=25000 z10=25000 z11=25000
2026-09-25T08:20:12Z z9=25000 z10=25000 z11=25000
2026-09-25T08:20:17Z z9=25000 z10=24000 z11=25000
2026-09-25T08:20:22Z z9=25000 z10=25000 z11=25000
2026-09-25T08:20:27Z z9=24000 z10=25000 z11=25000
2026-09-25T08:20:33Z z9=25000 z10=25000 z11=25000
2026-09-25T08:20:38Z z9=25000 z10=24000 z11=25000
2026-09-25T08:20:43Z z9=26000 z10=25000 z11=25000
2026-09-25T08:20:48Z z9=25000 z10=25000 z11=25000
2026-09-25T08:20:53Z z9=25000 z10=25000 z11=25000
2026-09-25T08:20:58Z z9=25000 z10=25000 z11=25000
2026-09-25T08:21:03Z z9=25000 z10=25000 z11=25000
2026-09-25T08:21:08Z z9=26000 z10=25000 z11=26000
2026-09-25T08:21:13Z z9=25000 z10=25000 z11=25000
2026-09-25T08:21:18Z z9=26000 z10=25000 z11=25000
2026-09-25T08:21:23Z z9=25000 z10=25000 z11=25000
2026-09-25T08:21:28Z z9=26000 z10=25000 z11=25000
2026-09-25T08:21:34Z z9=25000 z10=25000 z11=25000
2026-09-25T08:21:39Z z9=25000 z10=25000 z11=26000
2026-09-25T08:21:44Z z9=25000 z10=26000 z11=26000
2026-09-25T08:21:49Z z9=26000 z10=26000 z11=26000
2026-09-25T08:21:54Z z9=26000 z10=25000 z11=26000
2026-09-25T08:21:59Z z9=26000 z10=25000 z11=26000
2026-09-25T08:22:04Z z9=32000 z10=33000 z11=34000
2026-09-25T08:22:09Z z9=30000 z10=31000 z11=32000
2026-09-25T08:22:14Z z9=30000 z10=30000 z11=32000
2026-09-25T08:22:19Z z9=32000 z10=31000 z11=32000
2026-09-25T08:22:24Z z9=29000 z10=29000 z11=29000
2026-09-25T08:22:30Z z9=29000 z10=28000 z11=28000
2026-09-25T08:22:35Z z9=28000 z10=28000 z11=28000
2026-09-25T08:22:40Z z9=27000 z10=27000 z11=27000
2026-09-25T08:22:45Z z9=28000 z10=27000 z11=27000
2026-09-25T08:22:50Z z9=26000 z10=27000 z11=27000
2026-09-25T08:22:55Z z9=27000 z10=26000 z11=27000
2026-09-25T08:23:00Z z9=26000 z10=27000 z11=27000
2026-09-25T08:23:05Z z9=27000 z10=27000 z11=27000
2026-09-25T08:23:10Z z9=26000 z10=26000 z11=27000
2026-09-25T08:23:15Z z9=27000 z10=27000 z11=27000
2026-09-25T08:23:20Z z9=26000 z10=26000 z11=27000
2026-09-25T08:23:25Z z9=28000 z10=26000 z11=27000
2026-09-25T08:23:31Z z9=27000 z10=26000 z11=27000
2026-09-25T08:23:36Z z9=27000 z10=26000 z11=27000
2026-09-25T08:23:41Z z9=26000 z10=27000 z11=27000
2026-09-25T08:23:46Z z9=26000 z10=26000 z11=27000
2026-09-25T08:23:51Z z9=26000 z10=26000 z11=27000
2026-09-25T08:23:56Z z9=28000 z10=26000 z11=27000
2026-09-25T08:24:01Z z9=28000 z10=27000 z11=28000
2026-09-25T08:24:06Z z9=26000 z10=27000 z11=27000
2026-09-25T08:24:11Z z9=26000 z10=26000 z11=27000
2026-09-25T08:24:16Z z9=27000 z10=26000 z11=26000
2026-09-25T08:24:21Z z9=27000 z10=26000 z11=27000
2026-09-25T08:24:27Z z9=27000 z10=26000 z11=27000
2026-09-25T08:24:32Z z9=26000 z10=26000 z11=26000
2026-09-25T08:24:37Z z9=25000 z10=26000 z11=25000
2026-09-25T08:24:42Z z9=27000 z10=25000 z11=26000
2026-09-25T08:24:47Z z9=26000 z10=26000 z11=26000
2026-09-25T08:24:52Z z9=25000 z10=25000 z11=25000
2026-09-25T08:24:57Z z9=25000 z10=25000 z11=26000
2026-09-25T08:25:02Z z9=25000 z10=25000 z11=25000
2026-09-25T08:25:07Z z9=25000 z10=26000 z11=26000
2026-09-25T08:25:12Z z9=26000 z10=26000 z11=26000
2026-09-25T08:25:17Z z9=27000 z10=27000 z11=27000
2026-09-25T08:25:23Z z9=27000 z10=27000 z11=27000
2026-09-25T08:25:28Z z9=27000 z10=27000 z11=28000
2026-09-25T08:25:33Z z9=29000 z10=29000 z11=30000
2026-09-25T08:25:38Z z9=29000 z10=28000 z11=30000
2026-09-25T08:25:43Z z9=29000 z10=28000 z11=29000
2026-09-25T08:25:48Z z9=29000 z10=29000 z11=29000
2026-09-25T08:25:53Z z9=26000 z10=26000 z11=27000
2026-09-25T08:25:58Z z9=55000 z10=48000 z11=49000
2026-09-25T08:26:03Z z9=41000 z10=41000 z11=43000
2026-09-25T08:26:08Z z9=66000 z10=61000 z11=63000
2026-09-25T08:26:14Z z9=38000 z10=37000 z11=37000
2026-09-25T08:26:19Z z9=35000 z10=34000 z11=35000
2026-09-25T08:26:24Z z9=34000 z10=33000 z11=33000
2026-09-25T08:26:49Z z9=28000 z10=28000 z11=29000
2026-09-25T08:27:49Z z9=27000 z10=26000 z11=27000
2026-09-25T08:28:06Z z9=25000 z10=25000 z11=25000
2026-09-25T08:28:50Z z9=27000 z10=26000 z11=27000
2026-09-25T08:28:55Z z9=25000 z10=25000 z11=25000
2026-09-25T08:30:13Z z9=25000 z10=25000 z11=25000
2026-09-25T08:31:39Z z9=25000 z10=25000 z11=25000
2026-09-25T08:34:56Z z9=26000 z10=25000 z11=25000
2026-09-25T08:36:08Z z9=24000 z10=24000 z11=25000
2026-09-25T08:38:08Z z9=23000 z10=23000 z11=24000
2026-09-25T08:39:27Z z9=24000 z10=24000 z11=24000
2026-09-25T08:42:02Z z9=24000 z10=24000 z11=24000
2026-09-25T08:43:56Z z9=24000 z10=23000 z11=24000
2026-09-25T08:45:37Z z9=24000 z10=23000 z11=24000
2026-09-25T08:47:20Z z9=23000 z10=23000 z11=25000
2026-09-25T08:49:09Z z9=24000 z10=23000 z11=24000
2026-09-25T08:50:28Z z9=25000 z10=23000 z11=24000
2026-09-25T08:51:57Z z9=22000 z10=22000 z11=23000
2026-09-25T08:54:41Z z9=23000 z10=23000 z11=23000
2026-09-25T08:56:09Z z9=22000 z10=22000 z11=23000
2026-09-25T08:57:57Z z9=23000 z10=23000 z11=22000
2026-09-25T08:59:26Z z9=23000 z10=23000 z11=24000
2026-09-25T09:00:14Z z9=22000 z10=22000 z11=23000
2026-09-25T09:01:16Z z9=25000 z10=23000 z11=23000
2026-09-25T09:04:09Z z9=22000 z10=22000 z11=22000
2026-09-25T09:07:00Z z9=24000 z10=23000 z11=24000
2026-09-25T09:08:25Z z9=23000 z10=22000 z11=23000
2026-09-25T09:10:00Z z9=23000 z10=23000 z11=24000
2026-09-25T09:11:20Z z9=23000 z10=23000 z11=23000
2026-09-25T09:13:23Z z9=23000 z10=23000 z11=23000
2026-09-25T09:15:56Z z9=23000 z10=23000 z11=23000
2026-09-25T09:18:14Z z9=23000 z10=23000 z11=23000
2026-09-25T09:19:50Z z9=23000 z10=23000 z11=23000
2026-09-25T09:21:27Z z9=23000 z10=23000 z11=23000
2026-09-25T09:23:57Z z9=23000 z10=23000 z11=23000
2026-09-25T09:25:43Z z9=24000 z10=22000 z11=23000
2026-09-25T09:28:29Z z9=23000 z10=23000 z11=23000
2026-09-25T09:29:02Z z9=25000 z10=24000 z11=24000
2026-09-25T09:29:07Z z9=30000 z10=30000 z11=31000
2026-09-25T09:29:12Z z9=25000 z10=26000 z11=26000
2026-09-25T09:29:18Z z9=25000 z10=25000 z11=25000
2026-09-25T09:29:23Z z9=24000 z10=25000 z11=25000
2026-09-25T09:29:28Z z9=25000 z10=24000 z11=24000
2026-09-25T09:30:33Z z9=23000 z10=23000 z11=24000
2026-09-25T09:32:16Z z9=23000 z10=23000 z11=24000
2026-09-25T09:33:06Z z9=23000 z10=24000 z11=24000
2026-09-25T09:33:14Z z9=22000 z10=22000 z11=23000
2026-09-25T09:34:47Z z9=23000 z10=23000 z11=23000
2026-09-25T09:36:44Z z9=23000 z10=24000 z11=24000
2026-09-25T09:38:32Z z9=23000 z10=23000 z11=24000
2026-09-25T09:40:15Z z9=23000 z10=23000 z11=24000
2026-09-25T09:40:50Z z9=46000 z10=42000 z11=44000
2026-09-25T09:40:55Z z9=54000 z10=45000 z11=45000
2026-09-25T09:41:01Z z9=33000 z10=32000 z11=32000
2026-09-25T09:41:06Z z9=29000 z10=29000 z11=29000
2026-09-25T09:41:11Z z9=28000 z10=28000 z11=28000
2026-09-25T09:41:16Z z9=29000 z10=29000 z11=30000
2026-09-25T09:41:21Z z9=27000 z10=27000 z11=27000
2026-09-25T09:41:26Z z9=26000 z10=26000 z11=27000
2026-09-25T09:41:31Z z9=25000 z10=26000 z11=27000
2026-09-25T09:41:36Z z9=29000 z10=29000 z11=30000
2026-09-25T09:41:41Z z9=30000 z10=33000 z11=34000
2026-09-25T09:41:46Z z9=26000 z10=26000 z11=27000
2026-09-25T09:41:51Z z9=26000 z10=29000 z11=28000
2026-09-25T09:41:57Z z9=30000 z10=30000 z11=30000
2026-09-25T09:42:02Z z9=29000 z10=27000 z11=27000
2026-09-25T09:42:07Z z9=26000 z10=26000 z11=27000
2026-09-25T09:42:12Z z9=27000 z10=25000 z11=26000
2026-09-25T09:42:17Z z9=27000 z10=25000 z11=25000
2026-09-25T09:42:22Z z9=25000 z10=25000 z11=25000
2026-09-25T09:42:27Z z9=25000 z10=25000 z11=25000
2026-09-25T09:42:32Z z9=25000 z10=25000 z11=25000
2026-09-25T09:42:37Z z9=25000 z10=26000 z11=26000
2026-09-25T09:42:42Z z9=25000 z10=25000 z11=25000
2026-09-25T09:42:47Z z9=26000 z10=25000 z11=25000
2026-09-25T09:42:53Z z9=26000 z10=25000 z11=26000
2026-09-25T09:42:58Z z9=25000 z10=25000 z11=26000
2026-09-25T09:43:03Z z9=25000 z10=25000 z11=26000
2026-09-25T09:43:08Z z9=27000 z10=25000 z11=26000
2026-09-25T09:43:13Z z9=25000 z10=25000 z11=26000
2026-09-25T09:43:18Z z9=25000 z10=26000 z11=26000
2026-09-25T09:43:23Z z9=25000 z10=25000 z11=25000
2026-09-25T09:43:28Z z9=25000 z10=25000 z11=26000
2026-09-25T09:43:33Z z9=26000 z10=25000 z11=25000
2026-09-25T09:43:39Z z9=25000 z10=25000 z11=25000
2026-09-25T09:43:44Z z9=25000 z10=25000 z11=26000
2026-09-25T09:43:49Z z9=25000 z10=26000 z11=26000
2026-09-25T09:43:54Z z9=27000 z10=28000 z11=28000
2026-09-25T09:43:59Z z9=28000 z10=27000 z11=27000
2026-09-25T09:44:04Z z9=26000 z10=26000 z11=26000
2026-09-25T09:44:09Z z9=26000 z10=26000 z11=26000
2026-09-25T09:44:14Z z9=26000 z10=26000 z11=27000
2026-09-25T09:44:19Z z9=26000 z10=26000 z11=27000
2026-09-25T09:44:25Z z9=26000 z10=26000 z11=26000
2026-09-25T09:44:30Z z9=28000 z10=26000 z11=27000
2026-09-25T09:44:35Z z9=26000 z10=27000 z11=27000
2026-09-25T09:44:40Z z9=26000 z10=27000 z11=27000
2026-09-25T09:44:45Z z9=28000 z10=27000 z11=27000
2026-09-25T09:44:50Z z9=35000 z10=35000 z11=35000
2026-09-25T09:44:55Z z9=32000 z10=33000 z11=33000
2026-09-25T09:45:00Z z9=31000 z10=30000 z11=30000
2026-09-25T09:45:05Z z9=33000 z10=31000 z11=32000
2026-09-25T09:45:10Z z9=31000 z10=29000 z11=30000
2026-09-25T09:45:16Z z9=29000 z10=29000 z11=29000
2026-09-25T09:45:21Z z9=29000 z10=29000 z11=29000
2026-09-25T09:45:26Z z9=33000 z10=33000 z11=34000
2026-09-25T09:45:31Z z9=35000 z10=33000 z11=34000
2026-09-25T09:45:36Z z9=34000 z10=34000 z11=35000
2026-09-25T09:45:41Z z9=33000 z10=33000 z11=34000
2026-09-25T09:45:46Z z9=31000 z10=32000 z11=32000
2026-09-25T09:45:51Z z9=32000 z10=31000 z11=32000
2026-09-25T09:45:56Z z9=30000 z10=31000 z11=31000
2026-09-25T09:46:01Z z9=30000 z10=30000 z11=32000
2026-09-25T09:46:06Z z9=31000 z10=32000 z11=32000
2026-09-25T09:46:12Z z9=33000 z10=32000 z11=33000
2026-09-25T09:46:17Z z9=35000 z10=35000 z11=35000
2026-09-25T09:46:22Z z9=32000 z10=33000 z11=34000
2026-09-25T09:46:27Z z9=32000 z10=33000 z11=34000
2026-09-25T09:46:32Z z9=34000 z10=33000 z11=33000
2026-09-25T09:46:37Z z9=33000 z10=34000 z11=34000
2026-09-25T09:46:42Z z9=34000 z10=34000 z11=34000
2026-09-25T09:46:47Z z9=34000 z10=33000 z11=33000
2026-09-25T09:46:52Z z9=34000 z10=34000 z11=34000
2026-09-25T09:46:58Z z9=34000 z10=34000 z11=35000
2026-09-25T09:47:03Z z9=34000 z10=34000 z11=35000
2026-09-25T09:47:08Z z9=34000 z10=34000 z11=34000
2026-09-25T09:47:13Z z9=33000 z10=33000 z11=34000
2026-09-25T09:47:18Z z9=34000 z10=33000 z11=33000
2026-09-25T09:47:23Z z9=33000 z10=33000 z11=34000
2026-09-25T09:47:28Z z9=35000 z10=33000 z11=34000
2026-09-25T09:47:33Z z9=33000 z10=33000 z11=34000
2026-09-25T09:47:38Z z9=34000 z10=33000 z11=34000
2026-09-25T09:47:44Z z9=33000 z10=33000 z11=34000
2026-09-25T09:47:49Z z9=32000 z10=33000 z11=33000
2026-09-25T09:47:54Z z9=32000 z10=33000 z11=33000
2026-09-25T09:47:59Z z9=32000 z10=32000 z11=32000
2026-09-25T09:48:04Z z9=32000 z10=32000 z11=33000
2026-09-25T09:48:09Z z9=33000 z10=33000 z11=33000
2026-09-25T09:48:14Z z9=33000 z10=32000 z11=33000
2026-09-25T09:48:19Z z9=33000 z10=32000 z11=32000
2026-09-25T09:48:24Z z9=33000 z10=32000 z11=33000
2026-09-25T09:48:29Z z9=33000 z10=33000 z11=35000
2026-09-25T09:48:34Z z9=32000 z10=33000 z11=33000
2026-09-25T09:48:40Z z9=32000 z10=32000 z11=33000
2026-09-25T09:48:45Z z9=32000 z10=32000 z11=33000
2026-09-25T09:48:50Z z9=33000 z10=32000 z11=33000
2026-09-25T09:48:55Z z9=31000 z10=32000 z11=32000
2026-09-25T09:49:00Z z9=32000 z10=32000 z11=32000
2026-09-25T09:49:05Z z9=31000 z10=32000 z11=33000
2026-09-25T09:49:10Z z9=32000 z10=33000 z11=33000
2026-09-25T09:49:15Z z9=32000 z10=32000 z11=32000
2026-09-25T09:49:20Z z9=33000 z10=32000 z11=33000
2026-09-25T09:49:25Z z9=33000 z10=32000 z11=33000
2026-09-25T09:49:31Z z9=31000 z10=32000 z11=32000
2026-09-25T09:49:36Z z9=31000 z10=32000 z11=33000
2026-09-25T09:49:41Z z9=31000 z10=32000 z11=32000
2026-09-25T09:49:46Z z9=31000 z10=32000 z11=32000
2026-09-25T09:49:51Z z9=31000 z10=32000 z11=32000
2026-09-25T09:49:56Z z9=31000 z10=32000 z11=32000
2026-09-25T09:50:01Z z9=31000 z10=32000 z11=32000
2026-09-25T09:50:06Z z9=34000 z10=31000 z11=32000
2026-09-25T09:50:11Z z9=33000 z10=33000 z11=33000
2026-09-25T09:50:17Z z9=31000 z10=32000 z11=33000
2026-09-25T09:50:22Z z9=43000 z10=37000 z11=38000
2026-09-25T09:50:27Z z9=61000 z10=56000 z11=54000
2026-09-25T09:50:32Z z9=60000 z10=49000 z11=50000
2026-09-25T09:50:37Z z9=51000 z10=49000 z11=49000
2026-09-25T09:50:42Z z9=58000 z10=51000 z11=53000
2026-09-25T09:50:47Z z9=60000 z10=53000 z11=54000
2026-09-25T09:50:52Z z9=64000 z10=61000 z11=61000
2026-09-25T09:50:58Z z9=67000 z10=56000 z11=56000
2026-09-25T09:51:03Z z9=97000 z10=83000 z11=85000
2026-09-25T09:51:08Z z9=101000 z10=90000 z11=90000
2026-09-25T09:51:13Z z9=71000 z10=66000 z11=67000
2026-09-25T09:51:18Z z9=63000 z10=61000 z11=62000
2026-09-25T09:51:23Z z9=72000 z10=63000 z11=63000
2026-09-25T09:51:28Z z9=67000 z10=61000 z11=61000
2026-09-25T09:51:33Z z9=70000 z10=61000 z11=61000
2026-09-25T09:51:38Z z9=71000 z10=62000 z11=63000
2026-09-25T09:51:44Z z9=59000 z10=60000 z11=60000
2026-09-25T09:51:49Z z9=62000 z10=59000 z11=59000
2026-09-25T09:51:54Z z9=64000 z10=61000 z11=61000
2026-09-25T09:51:59Z z9=71000 z10=60000 z11=62000
2026-09-25T09:52:04Z z9=67000 z10=57000 z11=59000
2026-09-25T09:52:09Z z9=60000 z10=60000 z11=61000
2026-09-25T09:52:14Z z9=64000 z10=60000 z11=60000
2026-09-25T09:52:19Z z9=60000 z10=59000 z11=59000
2026-09-25T09:52:24Z z9=65000 z10=60000 z11=61000
2026-09-25T09:52:30Z z9=56000 z10=55000 z11=56000
2026-09-25T09:52:35Z z9=63000 z10=62000 z11=63000
2026-09-25T09:52:40Z z9=48000 z10=49000 z11=50000
2026-09-25T09:52:45Z z9=45000 z10=45000 z11=46000
2026-09-25T09:52:50Z z9=43000 z10=43000 z11=44000
2026-09-25T09:52:55Z z9=44000 z10=43000 z11=43000
2026-09-25T09:53:00Z z9=46000 z10=47000 z11=48000
2026-09-25T09:53:05Z z9=56000 z10=56000 z11=56000
2026-09-25T09:53:10Z z9=66000 z10=56000 z11=57000
2026-09-25T09:53:15Z z9=54000 z10=55000 z11=56000
2026-09-25T09:53:21Z z9=66000 z10=58000 z11=60000
2026-09-25T09:53:26Z z9=80000 z10=72000 z11=73000
2026-09-25T09:53:31Z z9=64000 z10=62000 z11=62000
2026-09-25T09:53:36Z z9=50000 z10=49000 z11=50000
2026-09-25T09:53:41Z z9=45000 z10=46000 z11=47000
2026-09-25T09:53:46Z z9=44000 z10=43000 z11=44000
2026-09-25T09:53:51Z z9=45000 z10=45000 z11=45000
2026-09-25T09:53:56Z z9=41000 z10=42000 z11=42000
2026-09-25T09:54:01Z z9=40000 z10=40000 z11=40000
2026-09-25T09:54:06Z z9=41000 z10=40000 z11=40000
2026-09-25T09:54:11Z z9=40000 z10=39000 z11=40000
2026-09-25T09:54:17Z z9=40000 z10=37000 z11=37000
2026-09-25T09:54:22Z z9=37000 z10=37000 z11=37000
2026-09-25T09:54:27Z z9=37000 z10=37000 z11=38000
2026-09-25T09:54:32Z z9=38000 z10=39000 z11=40000
2026-09-25T09:54:37Z z9=38000 z10=37000 z11=37000
2026-09-25T09:54:42Z z9=36000 z10=36000 z11=37000
2026-09-25T09:54:47Z z9=53000 z10=45000 z11=46000
2026-09-25T09:54:52Z z9=94000 z10=80000 z11=82000
2026-09-25T09:54:57Z z9=45000 z10=45000 z11=45000
2026-09-25T09:55:03Z z9=46000 z10=46000 z11=47000
2026-09-25T09:55:08Z z9=40000 z10=41000 z11=42000
2026-09-25T09:55:13Z z9=38000 z10=39000 z11=39000
2026-09-25T09:55:18Z z9=37000 z10=38000 z11=39000
2026-09-25T09:55:23Z z9=37000 z10=37000 z11=38000
2026-09-25T09:55:28Z z9=37000 z10=37000 z11=37000
2026-09-25T09:55:33Z z9=35000 z10=36000 z11=36000
2026-09-25T09:55:38Z z9=35000 z10=35000 z11=35000
2026-09-25T09:55:43Z z9=34000 z10=34000 z11=35000
2026-09-25T09:55:49Z z9=34000 z10=35000 z11=35000
2026-09-25T09:55:54Z z9=34000 z10=34000 z11=34000
2026-09-25T09:55:59Z z9=35000 z10=34000 z11=34000
2026-09-25T09:56:04Z z9=35000 z10=34000 z11=36000
2026-09-25T09:56:09Z z9=34000 z10=34000 z11=34000
2026-09-25T09:56:14Z z9=34000 z10=33000 z11=34000
2026-09-25T09:56:19Z z9=33000 z10=33000 z11=34000
2026-09-25T09:56:24Z z9=33000 z10=33000 z11=33000
2026-09-25T09:56:29Z z9=32000 z10=32000 z11=33000
2026-09-25T09:56:34Z z9=32000 z10=33000 z11=33000
2026-09-25T09:56:39Z z9=32000 z10=32000 z11=33000
2026-09-25T09:56:44Z z9=31000 z10=32000 z11=32000
2026-09-25T09:56:49Z z9=31000 z10=32000 z11=32000
2026-09-25T09:56:55Z z9=32000 z10=32000 z11=33000
2026-09-25T09:57:00Z z9=33000 z10=32000 z11=33000
2026-09-25T09:57:05Z z9=31000 z10=32000 z11=33000
2026-09-25T09:57:10Z z9=31000 z10=32000 z11=32000
2026-09-25T09:57:15Z z9=43000 z10=41000 z11=42000
2026-09-25T09:57:20Z z9=42000 z10=45000 z11=46000
2026-09-25T09:57:25Z z9=37000 z10=38000 z11=39000
2026-09-25T09:57:30Z z9=38000 z10=36000 z11=37000
2026-09-25T09:57:35Z z9=37000 z10=37000 z11=37000
2026-09-25T09:57:40Z z9=36000 z10=36000 z11=37000
2026-09-25T09:57:46Z z9=36000 z10=36000 z11=37000
2026-09-25T09:57:51Z z9=36000 z10=36000 z11=36000
2026-09-25T09:57:56Z z9=36000 z10=36000 z11=36000
2026-09-25T09:58:01Z z9=36000 z10=36000 z11=36000
2026-09-25T09:58:06Z z9=35000 z10=36000 z11=36000
2026-09-25T09:58:11Z z9=36000 z10=35000 z11=36000
2026-09-25T09:58:16Z z9=35000 z10=36000 z11=36000
2026-09-25T09:58:21Z z9=38000 z10=37000 z11=38000
2026-09-25T09:58:26Z z9=37000 z10=36000 z11=37000
2026-09-25T09:58:31Z z9=37000 z10=37000 z11=39000
2026-09-25T09:58:36Z z9=38000 z10=39000 z11=39000
2026-09-25T09:58:42Z z9=37000 z10=38000 z11=38000
2026-09-25T09:58:47Z z9=38000 z10=37000 z11=37000
2026-09-25T09:58:52Z z9=37000 z10=37000 z11=37000
2026-09-25T09:58:57Z z9=38000 z10=37000 z11=37000
2026-09-25T09:59:02Z z9=38000 z10=40000 z11=41000
2026-09-25T09:59:07Z z9=37000 z10=36000 z11=37000
2026-09-25T09:59:12Z z9=36000 z10=36000 z11=36000
2026-09-25T09:59:17Z z9=36000 z10=36000 z11=37000
2026-09-25T09:59:22Z z9=39000 z10=37000 z11=37000
2026-09-25T09:59:28Z z9=37000 z10=37000 z11=38000
2026-09-25T09:59:33Z z9=36000 z10=36000 z11=36000
2026-09-25T09:59:38Z z9=36000 z10=35000 z11=36000
2026-09-25T09:59:43Z z9=36000 z10=36000 z11=36000
2026-09-25T09:59:48Z z9=35000 z10=35000 z11=36000
2026-09-25T09:59:53Z z9=35000 z10=35000 z11=36000
2026-09-25T09:59:58Z z9=36000 z10=35000 z11=35000
2026-09-25T10:00:03Z z9=37000 z10=35000 z11=36000
2026-09-25T10:00:08Z z9=35000 z10=35000 z11=35000
2026-09-25T10:00:14Z z9=36000 z10=35000 z11=36000
2026-09-25T10:00:19Z z9=35000 z10=36000 z11=36000
2026-09-25T10:00:24Z z9=36000 z10=36000 z11=36000
2026-09-25T10:00:29Z z9=35000 z10=36000 z11=36000
2026-09-25T10:00:34Z z9=36000 z10=35000 z11=36000
2026-09-25T10:00:39Z z9=35000 z10=35000 z11=35000
2026-09-25T10:00:44Z z9=35000 z10=35000 z11=35000
2026-09-25T10:00:49Z z9=35000 z10=35000 z11=35000
2026-09-25T10:00:54Z z9=35000 z10=35000 z11=35000
2026-09-25T10:00:59Z z9=35000 z10=35000 z11=35000
2026-09-25T10:01:04Z z9=37000 z10=35000 z11=36000
2026-09-25T10:01:10Z z9=35000 z10=35000 z11=35000
2026-09-25T10:01:15Z z9=35000 z10=35000 z11=35000
2026-09-25T10:01:20Z z9=35000 z10=35000 z11=36000
2026-09-25T10:01:25Z z9=37000 z10=35000 z11=36000
2026-09-25T10:01:30Z z9=35000 z10=35000 z11=36000
2026-09-25T10:01:35Z z9=37000 z10=36000 z11=36000
2026-09-25T10:01:40Z z9=37000 z10=39000 z11=39000
2026-09-25T10:01:45Z z9=37000 z10=36000 z11=37000
2026-09-25T10:01:50Z z9=36000 z10=36000 z11=37000
2026-09-25T10:01:55Z z9=39000 z10=39000 z11=40000
2026-09-25T10:02:00Z z9=36000 z10=36000 z11=37000
2026-09-25T10:02:06Z z9=36000 z10=36000 z11=37000
2026-09-25T10:02:11Z z9=36000 z10=36000 z11=36000
2026-09-25T10:02:16Z z9=38000 z10=35000 z11=36000
2026-09-25T10:02:21Z z9=35000 z10=35000 z11=36000
2026-09-25T10:02:26Z z9=36000 z10=36000 z11=36000
2026-09-25T10:02:31Z z9=36000 z10=36000 z11=37000
2026-09-25T10:02:36Z z9=36000 z10=36000 z11=36000
2026-09-25T10:02:41Z z9=36000 z10=36000 z11=36000
2026-09-25T10:02:46Z z9=36000 z10=36000 z11=36000
2026-09-25T10:02:52Z z9=35000 z10=35000 z11=36000
2026-09-25T10:02:57Z z9=36000 z10=35000 z11=36000
2026-09-25T10:03:02Z z9=35000 z10=36000 z11=36000
2026-09-25T10:03:07Z z9=36000 z10=36000 z11=37000
2026-09-25T10:03:12Z z9=36000 z10=36000 z11=36000
2026-09-25T10:03:17Z z9=36000 z10=36000 z11=36000
2026-09-25T10:03:22Z z9=37000 z10=37000 z11=36000
2026-09-25T10:03:27Z z9=36000 z10=36000 z11=37000
2026-09-25T10:03:32Z z9=36000 z10=36000 z11=36000
2026-09-25T10:03:37Z z9=36000 z10=36000 z11=36000
2026-09-25T10:03:43Z z9=37000 z10=36000 z11=37000
2026-09-25T10:03:48Z z9=36000 z10=36000 z11=37000
2026-09-25T10:03:53Z z9=36000 z10=36000 z11=36000
2026-09-25T10:03:58Z z9=36000 z10=35000 z11=36000
2026-09-25T10:04:03Z z9=37000 z10=36000 z11=37000
2026-09-25T10:04:08Z z9=36000 z10=36000 z11=36000
2026-09-25T10:04:13Z z9=37000 z10=37000 z11=37000
2026-09-25T10:04:18Z z9=36000 z10=36000 z11=36000
2026-09-25T10:04:23Z z9=36000 z10=36000 z11=36000
2026-09-25T10:04:28Z z9=36000 z10=36000 z11=36000
2026-09-25T10:04:34Z z9=37000 z10=36000 z11=37000
2026-09-25T10:04:39Z z9=36000 z10=37000 z11=36000
2026-09-25T10:04:44Z z9=37000 z10=36000 z11=38000
2026-09-25T10:04:49Z z9=36000 z10=36000 z11=36000
2026-09-25T10:04:54Z z9=37000 z10=36000 z11=37000
2026-09-25T10:04:59Z z9=36000 z10=36000 z11=36000
2026-09-25T10:05:04Z z9=38000 z10=36000 z11=37000
2026-09-25T10:05:09Z z9=37000 z10=36000 z11=37000
2026-09-25T10:05:14Z z9=36000 z10=36000 z11=36000
2026-09-25T10:05:19Z z9=37000 z10=37000 z11=37000
2026-09-25T10:05:24Z z9=36000 z10=36000 z11=36000
2026-09-25T10:05:30Z z9=36000 z10=36000 z11=37000
2026-09-25T10:05:35Z z9=36000 z10=36000 z11=36000
2026-09-25T10:05:40Z z9=38000 z10=37000 z11=37000
2026-09-25T10:05:45Z z9=37000 z10=36000 z11=36000
2026-09-25T10:05:50Z z9=39000 z10=37000 z11=37000
2026-09-25T10:05:55Z z9=36000 z10=36000 z11=36000
2026-09-25T10:06:00Z z9=38000 z10=36000 z11=36000
2026-09-25T10:06:05Z z9=37000 z10=36000 z11=37000
2026-09-25T10:06:10Z z9=37000 z10=35000 z11=36000
2026-09-25T10:06:16Z z9=36000 z10=36000 z11=36000
2026-09-25T10:06:21Z z9=38000 z10=36000 z11=36000
2026-09-25T10:06:26Z z9=35000 z10=35000 z11=36000
2026-09-25T10:06:31Z z9=36000 z10=36000 z11=36000
2026-09-25T10:06:36Z z9=36000 z10=36000 z11=36000
2026-09-25T10:06:41Z z9=36000 z10=36000 z11=36000
2026-09-25T10:06:46Z z9=36000 z10=35000 z11=36000
2026-09-25T10:06:51Z z9=36000 z10=36000 z11=36000
2026-09-25T10:06:56Z z9=36000 z10=36000 z11=36000
2026-09-25T10:07:01Z z9=36000 z10=36000 z11=36000
2026-09-25T10:07:07Z z9=37000 z10=36000 z11=37000
2026-09-25T10:07:12Z z9=36000 z10=36000 z11=36000
2026-09-25T10:07:17Z z9=37000 z10=36000 z11=36000
2026-09-25T10:07:22Z z9=36000 z10=36000 z11=36000
2026-09-25T10:07:27Z z9=36000 z10=36000 z11=36000
2026-09-25T10:07:32Z z9=35000 z10=35000 z11=36000
2026-09-25T10:07:37Z z9=37000 z10=35000 z11=36000
2026-09-25T10:07:42Z z9=37000 z10=35000 z11=36000
2026-09-25T10:07:47Z z9=35000 z10=35000 z11=36000
2026-09-25T10:07:52Z z9=35000 z10=36000 z11=36000
2026-09-25T10:07:57Z z9=36000 z10=35000 z11=36000
2026-09-25T10:08:03Z z9=35000 z10=36000 z11=36000
2026-09-25T10:08:08Z z9=36000 z10=36000 z11=36000
2026-09-25T10:08:13Z z9=35000 z10=35000 z11=36000
2026-09-25T10:08:18Z z9=35000 z10=36000 z11=36000
2026-09-25T10:08:23Z z9=35000 z10=36000 z11=36000
2026-09-25T10:08:28Z z9=38000 z10=36000 z11=36000
2026-09-25T10:08:33Z z9=37000 z10=36000 z11=36000
2026-09-25T10:08:38Z z9=36000 z10=35000 z11=36000
2026-09-25T10:08:43Z z9=36000 z10=36000 z11=36000
2026-09-25T10:08:48Z z9=35000 z10=36000 z11=36000
2026-09-25T10:08:54Z z9=35000 z10=36000 z11=36000
2026-09-25T10:08:59Z z9=36000 z10=35000 z11=35000
2026-09-25T10:09:04Z z9=37000 z10=36000 z11=37000
2026-09-25T10:09:09Z z9=38000 z10=36000 z11=36000
2026-09-25T10:09:14Z z9=36000 z10=36000 z11=36000
2026-09-25T10:09:19Z z9=35000 z10=36000 z11=36000
2026-09-25T10:09:24Z z9=36000 z10=35000 z11=36000
2026-09-25T10:09:29Z z9=36000 z10=35000 z11=36000
2026-09-25T10:09:34Z z9=35000 z10=35000 z11=36000
2026-09-25T10:09:39Z z9=35000 z10=35000 z11=35000
2026-09-25T10:09:44Z z9=35000 z10=36000 z11=36000
2026-09-25T10:09:50Z z9=37000 z10=35000 z11=36000
2026-09-25T10:09:55Z z9=36000 z10=36000 z11=36000
2026-09-25T10:10:00Z z9=36000 z10=36000 z11=36000
2026-09-25T10:10:05Z z9=35000 z10=35000 z11=36000
2026-09-25T10:10:10Z z9=35000 z10=36000 z11=36000
2026-09-25T10:10:15Z z9=36000 z10=35000 z11=36000
2026-09-25T10:10:20Z z9=35000 z10=36000 z11=36000
2026-09-25T10:10:25Z z9=37000 z10=35000 z11=36000
2026-09-25T10:10:30Z z9=35000 z10=35000 z11=36000
2026-09-25T10:10:35Z z9=36000 z10=35000 z11=36000
2026-09-25T10:10:41Z z9=37000 z10=36000 z11=36000
2026-09-25T10:10:46Z z9=36000 z10=35000 z11=36000
2026-09-25T10:10:51Z z9=37000 z10=36000 z11=36000
2026-09-25T10:10:56Z z9=36000 z10=35000 z11=36000
2026-09-25T10:11:01Z z9=35000 z10=35000 z11=36000
2026-09-25T10:11:06Z z9=36000 z10=36000 z11=36000
2026-09-25T10:11:11Z z9=35000 z10=36000 z11=36000
2026-09-25T10:11:16Z z9=36000 z10=35000 z11=36000
2026-09-25T10:11:21Z z9=37000 z10=36000 z11=36000
2026-09-25T10:11:26Z z9=36000 z10=35000 z11=36000
2026-09-25T10:11:32Z z9=35000 z10=35000 z11=36000
2026-09-25T10:11:37Z z9=37000 z10=35000 z11=36000
2026-09-25T10:11:42Z z9=36000 z10=35000 z11=36000
2026-09-25T10:11:47Z z9=35000 z10=35000 z11=36000
2026-09-25T10:11:52Z z9=36000 z10=36000 z11=36000
2026-09-25T10:11:57Z z9=36000 z10=36000 z11=37000
2026-09-25T10:12:02Z z9=38000 z10=36000 z11=36000
2026-09-25T10:12:07Z z9=36000 z10=36000 z11=36000
2026-09-25T10:12:12Z z9=35000 z10=36000 z11=36000
2026-09-25T10:12:17Z z9=35000 z10=36000 z11=36000
2026-09-25T10:12:22Z z9=36000 z10=35000 z11=36000
2026-09-25T10:12:28Z z9=35000 z10=35000 z11=36000
2026-09-25T10:12:33Z z9=35000 z10=36000 z11=36000
2026-09-25T10:12:38Z z9=35000 z10=36000 z11=36000
2026-09-25T10:12:43Z z9=36000 z10=35000 z11=36000
2026-09-25T10:12:48Z z9=36000 z10=36000 z11=36000
2026-09-25T10:12:53Z z9=40000 z10=39000 z11=39000
2026-09-25T10:12:58Z z9=37000 z10=38000 z11=39000
2026-09-25T10:13:03Z z9=39000 z10=39000 z11=39000
2026-09-25T10:13:08Z z9=37000 z10=37000 z11=38000
2026-09-25T10:13:13Z z9=37000 z10=36000 z11=37000
2026-09-25T10:13:18Z z9=37000 z10=37000 z11=38000
2026-09-25T10:13:23Z z9=36000 z10=37000 z11=36000
2026-09-25T10:13:29Z z9=38000 z10=36000 z11=37000
2026-09-25T10:13:34Z z9=36000 z10=36000 z11=36000
2026-09-25T10:13:39Z z9=36000 z10=36000 z11=36000
2026-09-25T10:13:44Z z9=36000 z10=36000 z11=36000
2026-09-25T10:13:49Z z9=35000 z10=36000 z11=36000
2026-09-25T10:13:54Z z9=36000 z10=36000 z11=36000
2026-09-25T10:13:59Z z9=36000 z10=36000 z11=36000
2026-09-25T10:14:04Z z9=36000 z10=35000 z11=36000
2026-09-25T10:14:09Z z9=37000 z10=36000 z11=36000
2026-09-25T10:14:14Z z9=35000 z10=36000 z11=36000
2026-09-25T10:14:20Z z9=36000 z10=36000 z11=36000
2026-09-25T10:14:25Z z9=36000 z10=36000 z11=36000
2026-09-25T10:14:30Z z9=36000 z10=36000 z11=36000
2026-09-25T10:14:35Z z9=36000 z10=36000 z11=36000
2026-09-25T10:14:40Z z9=36000 z10=36000 z11=36000
2026-09-25T10:14:45Z z9=37000 z10=36000 z11=36000
2026-09-25T10:14:50Z z9=36000 z10=36000 z11=36000
2026-09-25T10:14:55Z z9=35000 z10=36000 z11=36000
2026-09-25T10:15:00Z z9=35000 z10=36000 z11=36000
2026-09-25T10:15:05Z z9=37000 z10=36000 z11=37000
2026-09-25T10:15:11Z z9=36000 z10=35000 z11=36000
2026-09-25T10:15:16Z z9=36000 z10=36000 z11=36000
2026-09-25T10:15:21Z z9=36000 z10=36000 z11=36000
2026-09-25T10:15:26Z z9=36000 z10=36000 z11=36000
2026-09-25T10:15:31Z z9=36000 z10=36000 z11=36000
2026-09-25T10:15:36Z z9=37000 z10=36000 z11=36000
2026-09-25T10:15:41Z z9=35000 z10=36000 z11=36000
2026-09-25T10:15:46Z z9=36000 z10=36000 z11=36000
2026-09-25T10:15:51Z z9=35000 z10=36000 z11=36000
2026-09-25T10:15:56Z z9=36000 z10=36000 z11=36000
2026-09-25T10:16:02Z z9=36000 z10=36000 z11=36000
2026-09-25T10:16:07Z z9=36000 z10=35000 z11=36000
2026-09-25T10:16:12Z z9=36000 z10=35000 z11=36000
2026-09-25T10:16:17Z z9=37000 z10=36000 z11=36000
2026-09-25T10:16:22Z z9=36000 z10=36000 z11=36000
2026-09-25T10:16:27Z z9=37000 z10=36000 z11=36000
2026-09-25T10:16:32Z z9=35000 z10=36000 z11=36000
2026-09-25T10:16:37Z z9=38000 z10=35000 z11=36000
2026-09-25T10:16:42Z z9=36000 z10=36000 z11=36000
2026-09-25T10:16:47Z z9=37000 z10=36000 z11=36000
2026-09-25T10:16:52Z z9=36000 z10=36000 z11=36000
2026-09-25T10:16:58Z z9=35000 z10=36000 z11=36000
2026-09-25T10:17:03Z z9=35000 z10=36000 z11=36000
2026-09-25T10:17:08Z z9=36000 z10=36000 z11=36000
2026-09-25T10:17:13Z z9=37000 z10=36000 z11=36000
2026-09-25T10:17:18Z z9=36000 z10=35000 z11=36000
2026-09-25T10:17:23Z z9=36000 z10=35000 z11=36000
2026-09-25T10:17:28Z z9=36000 z10=36000 z11=36000
2026-09-25T10:17:33Z z9=36000 z10=35000 z11=36000
2026-09-25T10:17:38Z z9=35000 z10=36000 z11=36000
2026-09-25T10:17:43Z z9=35000 z10=36000 z11=36000
2026-09-25T10:17:49Z z9=37000 z10=36000 z11=36000
2026-09-25T10:17:54Z z9=36000 z10=36000 z11=36000
2026-09-25T10:17:59Z z9=38000 z10=36000 z11=36000
2026-09-25T10:18:04Z z9=36000 z10=37000 z11=37000
2026-09-25T10:18:09Z z9=37000 z10=35000 z11=36000
2026-09-25T10:18:14Z z9=36000 z10=36000 z11=36000
2026-09-25T10:18:19Z z9=37000 z10=36000 z11=36000
2026-09-25T10:18:24Z z9=36000 z10=36000 z11=36000
2026-09-25T10:18:29Z z9=36000 z10=36000 z11=36000
2026-09-25T10:18:34Z z9=36000 z10=36000 z11=36000
2026-09-25T10:18:39Z z9=36000 z10=36000 z11=36000
2026-09-25T10:18:45Z z9=36000 z10=36000 z11=36000
2026-09-25T10:18:50Z z9=35000 z10=36000 z11=36000
2026-09-25T10:18:55Z z9=35000 z10=36000 z11=36000
2026-09-25T10:19:00Z z9=36000 z10=36000 z11=36000
2026-09-25T10:19:05Z z9=37000 z10=36000 z11=36000
2026-09-25T10:19:10Z z9=37000 z10=36000 z11=36000
2026-09-25T10:19:15Z z9=36000 z10=36000 z11=36000
2026-09-25T10:19:20Z z9=36000 z10=36000 z11=36000
2026-09-25T10:19:25Z z9=36000 z10=36000 z11=36000
2026-09-25T10:19:30Z z9=36000 z10=36000 z11=36000
2026-09-25T10:19:36Z z9=36000 z10=36000 z11=36000
2026-09-25T10:19:41Z z9=37000 z10=35000 z11=36000
2026-09-25T10:19:46Z z9=37000 z10=36000 z11=36000
2026-09-25T10:19:51Z z9=36000 z10=36000 z11=36000
2026-09-25T10:19:56Z z9=36000 z10=36000 z11=37000
2026-09-25T10:20:01Z z9=36000 z10=36000 z11=36000
2026-09-25T10:20:06Z z9=36000 z10=36000 z11=36000
2026-09-25T10:20:11Z z9=36000 z10=36000 z11=36000
2026-09-25T10:20:16Z z9=36000 z10=36000 z11=37000
2026-09-25T10:20:21Z z9=36000 z10=36000 z11=36000
2026-09-25T10:20:27Z z9=36000 z10=36000 z11=36000
2026-09-25T10:20:32Z z9=36000 z10=36000 z11=36000
2026-09-25T10:20:37Z z9=35000 z10=36000 z11=36000
2026-09-25T10:20:42Z z9=37000 z10=36000 z11=36000
2026-09-25T10:20:47Z z9=38000 z10=36000 z11=36000
2026-09-25T10:20:52Z z9=36000 z10=36000 z11=36000
2026-09-25T10:20:57Z z9=36000 z10=36000 z11=36000
2026-09-25T10:21:02Z z9=36000 z10=36000 z11=36000
2026-09-25T10:21:07Z z9=37000 z10=36000 z11=36000
2026-09-25T10:21:12Z z9=37000 z10=36000 z11=36000
2026-09-25T10:21:17Z z9=36000 z10=36000 z11=36000
2026-09-25T10:21:22Z z9=37000 z10=36000 z11=36000
2026-09-25T10:21:27Z z9=38000 z10=36000 z11=36000
2026-09-25T10:21:33Z z9=37000 z10=36000 z11=36000
2026-09-25T10:21:38Z z9=36000 z10=36000 z11=36000
2026-09-25T10:21:43Z z9=36000 z10=36000 z11=36000
2026-09-25T10:21:48Z z9=36000 z10=36000 z11=36000
2026-09-25T10:21:53Z z9=36000 z10=36000 z11=36000
2026-09-25T10:21:58Z z9=36000 z10=36000 z11=36000
2026-09-25T10:22:03Z z9=37000 z10=36000 z11=37000
2026-09-25T10:22:08Z z9=36000 z10=36000 z11=36000
2026-09-25T10:22:13Z z9=37000 z10=37000 z11=37000
2026-09-25T10:22:18Z z9=37000 z10=36000 z11=37000
2026-09-25T10:22:24Z z9=36000 z10=36000 z11=36000
2026-09-25T10:22:29Z z9=36000 z10=36000 z11=36000
2026-09-25T10:22:34Z z9=36000 z10=36000 z11=37000
2026-09-25T10:22:39Z z9=36000 z10=36000 z11=36000
2026-09-25T10:22:44Z z9=38000 z10=36000 z11=37000
2026-09-25T10:22:49Z z9=42000 z10=42000 z11=43000
2026-09-25T10:22:54Z z9=46000 z10=48000 z11=50000
2026-09-25T10:22:59Z z9=48000 z10=47000 z11=47000
2026-09-25T10:23:04Z z9=48000 z10=50000 z11=50000
2026-09-25T10:23:09Z z9=46000 z10=47000 z11=47000
2026-09-25T10:23:14Z z9=45000 z10=43000 z11=45000
2026-09-25T10:23:19Z z9=46000 z10=46000 z11=46000
2026-09-25T10:23:24Z z9=42000 z10=42000 z11=43000
2026-09-25T10:23:30Z z9=41000 z10=41000 z11=41000
2026-09-25T10:23:35Z z9=41000 z10=40000 z11=41000
2026-09-25T10:23:40Z z9=40000 z10=41000 z11=40000
2026-09-25T10:23:45Z z9=39000 z10=40000 z11=40000
2026-09-25T10:23:50Z z9=39000 z10=39000 z11=40000
2026-09-25T10:23:55Z z9=45000 z10=44000 z11=45000
2026-09-25T10:24:00Z z9=40000 z10=41000 z11=41000
2026-09-25T10:24:05Z z9=39000 z10=40000 z11=40000
2026-09-25T10:24:10Z z9=41000 z10=40000 z11=40000
2026-09-25T10:24:15Z z9=39000 z10=39000 z11=40000
2026-09-25T10:24:20Z z9=39000 z10=39000 z11=40000
2026-09-25T10:24:26Z z9=39000 z10=40000 z11=40000
2026-09-25T10:24:31Z z9=39000 z10=39000 z11=40000
2026-09-25T10:24:36Z z9=39000 z10=39000 z11=39000
2026-09-25T10:24:41Z z9=38000 z10=39000 z11=40000
2026-09-25T10:24:46Z z9=38000 z10=39000 z11=39000
2026-09-25T10:24:51Z z9=38000 z10=39000 z11=40000
2026-09-25T10:24:56Z z9=38000 z10=39000 z11=39000
2026-09-25T10:25:01Z z9=38000 z10=40000 z11=39000
2026-09-25T10:25:06Z z9=38000 z10=39000 z11=39000
2026-09-25T10:25:12Z z9=38000 z10=39000 z11=39000
2026-09-25T10:25:17Z z9=38000 z10=39000 z11=39000
2026-09-25T10:25:22Z z9=38000 z10=39000 z11=40000
2026-09-25T10:25:27Z z9=38000 z10=39000 z11=39000
2026-09-25T10:25:32Z z9=40000 z10=39000 z11=40000
2026-09-25T10:25:37Z z9=38000 z10=39000 z11=39000
2026-09-25T10:25:42Z z9=38000 z10=39000 z11=39000
2026-09-25T10:25:47Z z9=39000 z10=39000 z11=39000
2026-09-25T10:25:52Z z9=38000 z10=40000 z11=39000
2026-09-25T10:25:57Z z9=40000 z10=39000 z11=39000
2026-09-25T10:26:03Z z9=38000 z10=39000 z11=40000
2026-09-25T10:26:08Z z9=38000 z10=39000 z11=39000
2026-09-25T10:26:13Z z9=39000 z10=39000 z11=40000
2026-09-25T10:26:18Z z9=38000 z10=39000 z11=39000
2026-09-25T10:26:23Z z9=40000 z10=39000 z11=39000
2026-09-25T10:26:28Z z9=39000 z10=39000 z11=39000
2026-09-25T10:26:33Z z9=38000 z10=39000 z11=39000
2026-09-25T10:26:38Z z9=38000 z10=39000 z11=39000
2026-09-25T10:26:43Z z9=38000 z10=39000 z11=39000
2026-09-25T10:26:48Z z9=40000 z10=39000 z11=39000
2026-09-25T10:26:53Z z9=38000 z10=39000 z11=39000
2026-09-25T10:26:58Z z9=39000 z10=38000 z11=39000
2026-09-25T10:27:04Z z9=39000 z10=38000 z11=39000
2026-09-25T10:27:09Z z9=41000 z10=39000 z11=39000
2026-09-25T10:27:14Z z9=38000 z10=39000 z11=39000
2026-09-25T10:27:19Z z9=38000 z10=39000 z11=39000
2026-09-25T10:27:24Z z9=38000 z10=39000 z11=39000
2026-09-25T10:27:29Z z9=38000 z10=39000 z11=39000
2026-09-25T10:27:34Z z9=38000 z10=39000 z11=39000
2026-09-25T10:27:39Z z9=38000 z10=39000 z11=39000
2026-09-25T10:27:44Z z9=38000 z10=39000 z11=39000
2026-09-25T10:27:50Z z9=39000 z10=39000 z11=39000
2026-09-25T10:27:55Z z9=39000 z10=39000 z11=39000
2026-09-25T10:28:00Z z9=38000 z10=38000 z11=39000
2026-09-25T10:28:05Z z9=39000 z10=38000 z11=39000
2026-09-25T10:28:10Z z9=38000 z10=39000 z11=39000
2026-09-25T10:28:15Z z9=38000 z10=39000 z11=39000
2026-09-25T10:28:20Z z9=38000 z10=39000 z11=39000
2026-09-25T10:28:25Z z9=38000 z10=38000 z11=39000
2026-09-25T10:28:30Z z9=38000 z10=40000 z11=39000
2026-09-25T10:28:35Z z9=39000 z10=38000 z11=39000
2026-09-25T10:28:41Z z9=39000 z10=38000 z11=39000
2026-09-25T10:28:46Z z9=38000 z10=39000 z11=39000
2026-09-25T10:28:51Z z9=38000 z10=38000 z11=39000
2026-09-25T10:28:56Z z9=40000 z10=39000 z11=39000
2026-09-25T10:29:01Z z9=38000 z10=39000 z11=39000
2026-09-25T10:29:06Z z9=38000 z10=39000 z11=39000
2026-09-25T10:29:11Z z9=39000 z10=39000 z11=39000
2026-09-25T10:29:16Z z9=40000 z10=39000 z11=39000
2026-09-25T10:29:21Z z9=38000 z10=39000 z11=40000
2026-09-25T10:29:26Z z9=38000 z10=39000 z11=39000
2026-09-25T10:29:32Z z9=38000 z10=39000 z11=39000
2026-09-25T10:29:37Z z9=38000 z10=39000 z11=39000
2026-09-25T10:29:42Z z9=37000 z10=39000 z11=39000
2026-09-25T10:29:47Z z9=38000 z10=39000 z11=39000
2026-09-25T10:29:52Z z9=38000 z10=38000 z11=39000
2026-09-25T10:29:57Z z9=40000 z10=39000 z11=39000
2026-09-25T10:30:02Z z9=38000 z10=38000 z11=39000
2026-09-25T10:30:07Z z9=38000 z10=39000 z11=39000
2026-09-25T10:30:12Z z9=39000 z10=38000 z11=39000
2026-09-25T10:30:17Z z9=38000 z10=38000 z11=39000
2026-09-25T10:30:22Z z9=38000 z10=38000 z11=39000
2026-09-25T10:30:28Z z9=39000 z10=38000 z11=39000
2026-09-25T10:30:33Z z9=38000 z10=39000 z11=39000
2026-09-25T10:30:38Z z9=39000 z10=39000 z11=39000
2026-09-25T10:30:43Z z9=37000 z10=38000 z11=38000
2026-09-25T10:30:48Z z9=40000 z10=37000 z11=37000
2026-09-25T10:30:53Z z9=37000 z10=37000 z11=37000
2026-09-25T10:30:58Z z9=37000 z10=36000 z11=37000
2026-09-25T10:31:03Z z9=38000 z10=38000 z11=39000
2026-09-25T10:31:08Z z9=37000 z10=38000 z11=38000
2026-09-25T10:31:13Z z9=38000 z10=39000 z11=39000
2026-09-25T10:31:19Z z9=37000 z10=37000 z11=38000
2026-09-25T10:31:24Z z9=40000 z10=39000 z11=39000
2026-09-25T10:31:29Z z9=37000 z10=37000 z11=38000
2026-09-25T10:31:34Z z9=39000 z10=37000 z11=38000
2026-09-25T10:31:39Z z9=39000 z10=39000 z11=39000
2026-09-25T10:31:44Z z9=37000 z10=37000 z11=38000
2026-09-25T10:31:49Z z9=39000 z10=37000 z11=38000
2026-09-25T10:31:54Z z9=38000 z10=38000 z11=39000
2026-09-25T10:31:59Z z9=38000 z10=38000 z11=39000
2026-09-25T10:32:05Z z9=38000 z10=38000 z11=39000
2026-09-25T10:32:10Z z9=37000 z10=39000 z11=39000
2026-09-25T10:32:15Z z9=37000 z10=37000 z11=39000
2026-09-25T10:32:20Z z9=38000 z10=38000 z11=39000
2026-09-25T10:32:25Z z9=37000 z10=38000 z11=39000
2026-09-25T10:32:30Z z9=37000 z10=37000 z11=38000
2026-09-25T10:32:35Z z9=37000 z10=37000 z11=38000
2026-09-25T10:32:40Z z9=37000 z10=38000 z11=39000
2026-09-25T10:32:45Z z9=39000 z10=38000 z11=39000
2026-09-25T10:32:50Z z9=37000 z10=38000 z11=39000
2026-09-25T10:32:56Z z9=37000 z10=37000 z11=38000
2026-09-25T10:33:01Z z9=38000 z10=37000 z11=39000
2026-09-25T10:33:06Z z9=38000 z10=39000 z11=39000
2026-09-25T10:33:11Z z9=38000 z10=38000 z11=39000
2026-09-25T10:33:16Z z9=38000 z10=38000 z11=39000
2026-09-25T10:33:21Z z9=38000 z10=38000 z11=39000
2026-09-25T10:33:26Z z9=39000 z10=38000 z11=39000
2026-09-25T10:33:31Z z9=38000 z10=38000 z11=38000
2026-09-25T10:33:37Z z9=39000 z10=37000 z11=38000
2026-09-25T10:33:42Z z9=38000 z10=39000 z11=39000
2026-09-25T10:33:47Z z9=37000 z10=37000 z11=39000
2026-09-25T10:33:52Z z9=39000 z10=38000 z11=39000
2026-09-25T10:33:57Z z9=37000 z10=38000 z11=38000
2026-09-25T10:34:02Z z9=37000 z10=38000 z11=39000
2026-09-25T10:34:07Z z9=38000 z10=38000 z11=39000
2026-09-25T10:34:12Z z9=38000 z10=38000 z11=39000
2026-09-25T10:34:17Z z9=37000 z10=38000 z11=39000
2026-09-25T10:34:22Z z9=37000 z10=38000 z11=38000
2026-09-25T10:34:27Z z9=37000 z10=38000 z11=38000
2026-09-25T10:34:33Z z9=37000 z10=37000 z11=38000
2026-09-25T10:34:38Z z9=39000 z10=38000 z11=38000
2026-09-25T10:34:43Z z9=38000 z10=38000 z11=39000
2026-09-25T10:34:48Z z9=37000 z10=39000 z11=39000
2026-09-25T10:34:53Z z9=40000 z10=37000 z11=38000
2026-09-25T10:34:58Z z9=37000 z10=39000 z11=39000
2026-09-25T10:35:03Z z9=40000 z10=39000 z11=39000
2026-09-25T10:35:08Z z9=37000 z10=38000 z11=39000
2026-09-25T10:35:13Z z9=38000 z10=38000 z11=39000
2026-09-25T10:35:18Z z9=37000 z10=38000 z11=39000
2026-09-25T10:35:24Z z9=38000 z10=38000 z11=39000
2026-09-25T10:35:29Z z9=38000 z10=39000 z11=39000
2026-09-25T10:35:34Z z9=39000 z10=38000 z11=38000
2026-09-25T10:35:39Z z9=39000 z10=38000 z11=39000
2026-09-25T10:35:44Z z9=38000 z10=38000 z11=39000
2026-09-25T10:35:49Z z9=39000 z10=37000 z11=39000
2026-09-25T10:35:54Z z9=37000 z10=38000 z11=39000
2026-09-25T10:35:59Z z9=39000 z10=39000 z11=39000
2026-09-25T10:36:04Z z9=37000 z10=38000 z11=39000
2026-09-25T10:36:10Z z9=38000 z10=39000 z11=39000
2026-09-25T10:36:15Z z9=38000 z10=37000 z11=39000
2026-09-25T10:36:20Z z9=38000 z10=38000 z11=39000
2026-09-25T10:36:25Z z9=37000 z10=39000 z11=39000
2026-09-25T10:36:30Z z9=37000 z10=39000 z11=39000
2026-09-25T10:36:35Z z9=38000 z10=39000 z11=39000
2026-09-25T10:36:40Z z9=37000 z10=39000 z11=39000
2026-09-25T10:36:45Z z9=39000 z10=37000 z11=38000
2026-09-25T10:36:50Z z9=37000 z10=38000 z11=38000
2026-09-25T10:36:55Z z9=38000 z10=37000 z11=39000
2026-09-25T10:37:00Z z9=38000 z10=37000 z11=39000
2026-09-25T10:37:05Z z9=37000 z10=38000 z11=39000
2026-09-25T10:37:11Z z9=37000 z10=38000 z11=38000
2026-09-25T10:37:16Z z9=38000 z10=38000 z11=38000
2026-09-25T10:37:21Z z9=37000 z10=38000 z11=38000
2026-09-25T10:37:26Z z9=38000 z10=38000 z11=39000
2026-09-25T10:37:31Z z9=37000 z10=37000 z11=39000
2026-09-25T10:37:36Z z9=39000 z10=37000 z11=39000
2026-09-25T10:37:41Z z9=37000 z10=39000 z11=38000
2026-09-25T10:37:46Z z9=38000 z10=37000 z11=38000
2026-09-25T10:37:51Z z9=39000 z10=38000 z11=39000
2026-09-25T10:37:57Z z9=38000 z10=38000 z11=39000
2026-09-25T10:38:02Z z9=37000 z10=39000 z11=39000
2026-09-25T10:38:07Z z9=37000 z10=39000 z11=38000
2026-09-25T10:38:12Z z9=38000 z10=37000 z11=38000
2026-09-25T10:38:17Z z9=37000 z10=37000 z11=38000
2026-09-25T10:38:22Z z9=45000 z10=46000 z11=47000
2026-09-25T10:38:27Z z9=52000 z10=51000 z11=53000
2026-09-25T10:38:32Z z9=76000 z10=72000 z11=73000
2026-09-25T10:38:37Z z9=63000 z10=61000 z11=62000
2026-09-25T10:38:42Z z9=92000 z10=83000 z11=85000
2026-09-25T10:38:48Z z9=78000 z10=78000 z11=81000
2026-09-25T10:38:53Z z9=68000 z10=64000 z11=65000
2026-09-25T10:38:58Z z9=73000 z10=69000 z11=70000
2026-09-25T10:39:03Z z9=82000 z10=80000 z11=81000
2026-09-25T10:39:08Z z9=64000 z10=65000 z11=66000
2026-09-25T10:39:13Z z9=90000 z10=83000 z11=85000
2026-09-25T10:39:18Z z9=61000 z10=61000 z11=62000
2026-09-25T10:39:23Z z9=58000 z10=58000 z11=59000
2026-09-25T10:39:28Z z9=55000 z10=56000 z11=56000
2026-09-25T10:39:34Z z9=55000 z10=55000 z11=55000
2026-09-25T10:39:39Z z9=49000 z10=50000 z11=50000
2026-09-25T10:39:44Z z9=68000 z10=59000 z11=60000
2026-09-25T10:39:49Z z9=80000 z10=67000 z11=69000
2026-09-25T10:39:54Z z9=81000 z10=67000 z11=70000
2026-09-25T10:39:59Z z9=55000 z10=55000 z11=56000
2026-09-25T10:40:04Z z9=56000 z10=55000 z11=56000
2026-09-25T10:40:09Z z9=53000 z10=53000 z11=54000
2026-09-25T10:40:14Z z9=56000 z10=55000 z11=57000
2026-09-25T10:40:19Z z9=49000 z10=50000 z11=50000
2026-09-25T10:40:24Z z9=47000 z10=48000 z11=49000
2026-09-25T10:40:29Z z9=48000 z10=47000 z11=47000
2026-09-25T10:40:34Z z9=46000 z10=47000 z11=47000
2026-09-25T10:40:39Z z9=46000 z10=47000 z11=48000
2026-09-25T10:40:44Z z9=48000 z10=47000 z11=47000
2026-09-25T10:40:49Z z9=48000 z10=49000 z11=49000
2026-09-25T10:40:54Z z9=51000 z10=53000 z11=55000
2026-09-25T10:41:00Z z9=52000 z10=52000 z11=53000
2026-09-25T10:41:05Z z9=48000 z10=46000 z11=46000
2026-09-25T10:41:10Z z9=45000 z10=46000 z11=47000
2026-09-25T10:41:15Z z9=48000 z10=47000 z11=48000
2026-09-25T10:41:20Z z9=50000 z10=49000 z11=50000
2026-09-25T10:41:25Z z9=51000 z10=50000 z11=51000
2026-09-25T10:41:30Z z9=46000 z10=47000 z11=48000
2026-09-25T10:41:35Z z9=47000 z10=47000 z11=47000
2026-09-25T10:41:40Z z9=45000 z10=46000 z11=46000
2026-09-25T10:41:45Z z9=43000 z10=44000 z11=45000
2026-09-25T10:41:50Z z9=46000 z10=47000 z11=49000
2026-09-25T10:41:55Z z9=44000 z10=45000 z11=46000
2026-09-25T10:42:01Z z9=49000 z10=48000 z11=50000
2026-09-25T10:42:06Z z9=50000 z10=48000 z11=49000
2026-09-25T10:42:11Z z9=45000 z10=46000 z11=46000
2026-09-25T10:42:16Z z9=46000 z10=45000 z11=45000
2026-09-25T10:42:21Z z9=45000 z10=44000 z11=45000
2026-09-25T10:42:26Z z9=43000 z10=44000 z11=44000
2026-09-25T10:42:31Z z9=44000 z10=43000 z11=45000
2026-09-25T10:42:36Z z9=44000 z10=44000 z11=45000
2026-09-25T10:42:41Z z9=45000 z10=45000 z11=45000
2026-09-25T10:42:46Z z9=45000 z10=50000 z11=49000
2026-09-25T10:42:51Z z9=47000 z10=46000 z11=46000
2026-09-25T10:42:56Z z9=47000 z10=47000 z11=48000
2026-09-25T10:43:01Z z9=47000 z10=47000 z11=47000
2026-09-25T10:43:06Z z9=47000 z10=48000 z11=49000
2026-09-25T10:43:11Z z9=50000 z10=48000 z11=49000
2026-09-25T10:43:16Z z9=48000 z10=48000 z11=48000
2026-09-25T10:43:22Z z9=46000 z10=47000 z11=47000
2026-09-25T10:43:27Z z9=47000 z10=47000 z11=48000
2026-09-25T10:43:32Z z9=45000 z10=45000 z11=46000
2026-09-25T10:43:37Z z9=45000 z10=44000 z11=44000
2026-09-25T10:43:42Z z9=43000 z10=43000 z11=43000
2026-09-25T10:43:47Z z9=42000 z10=42000 z11=43000
2026-09-25T10:43:52Z z9=42000 z10=42000 z11=42000
2026-09-25T10:43:57Z z9=43000 z10=43000 z11=45000
2026-09-25T10:44:02Z z9=41000 z10=42000 z11=42000
2026-09-25T10:44:07Z z9=41000 z10=42000 z11=43000
2026-09-25T10:44:13Z z9=40000 z10=41000 z11=41000
2026-09-25T10:44:18Z z9=40000 z10=41000 z11=41000
2026-09-25T10:44:23Z z9=40000 z10=41000 z11=41000
2026-09-25T10:44:28Z z9=40000 z10=40000 z11=41000
2026-09-25T10:44:33Z z9=40000 z10=40000 z11=41000
2026-09-25T10:44:38Z z9=40000 z10=40000 z11=41000
2026-09-25T10:44:43Z z9=40000 z10=40000 z11=40000
2026-09-25T10:44:48Z z9=39000 z10=40000 z11=40000
2026-09-25T10:44:53Z z9=41000 z10=40000 z11=40000
2026-09-25T10:44:58Z z9=40000 z10=40000 z11=40000
2026-09-25T10:45:04Z z9=40000 z10=41000 z11=41000
2026-09-25T10:45:09Z z9=39000 z10=40000 z11=40000
2026-09-25T10:45:14Z z9=40000 z10=40000 z11=40000
2026-09-25T10:45:19Z z9=39000 z10=40000 z11=40000
2026-09-25T10:45:24Z z9=39000 z10=40000 z11=40000
2026-09-25T10:45:29Z z9=39000 z10=39000 z11=40000
2026-09-25T10:45:34Z z9=39000 z10=40000 z11=40000
2026-09-25T10:45:39Z z9=39000 z10=39000 z11=40000
2026-09-25T10:45:44Z z9=39000 z10=40000 z11=40000
2026-09-25T10:45:49Z z9=41000 z10=39000 z11=40000
2026-09-25T10:45:54Z z9=39000 z10=40000 z11=40000
2026-09-25T10:46:00Z z9=39000 z10=40000 z11=40000
2026-09-25T10:46:05Z z9=38000 z10=39000 z11=40000
2026-09-25T10:46:10Z z9=39000 z10=39000 z11=40000
2026-09-25T10:46:15Z z9=39000 z10=39000 z11=40000
2026-09-25T10:46:20Z z9=39000 z10=40000 z11=40000
2026-09-25T10:46:25Z z9=38000 z10=39000 z11=40000
2026-09-25T10:46:30Z z9=38000 z10=40000 z11=40000
2026-09-25T10:46:35Z z9=38000 z10=39000 z11=39000
2026-09-25T10:46:41Z z9=39000 z10=39000 z11=40000
2026-09-25T10:46:46Z z9=38000 z10=39000 z11=39000
2026-09-25T10:46:51Z z9=41000 z10=39000 z11=40000
2026-09-25T10:46:56Z z9=38000 z10=40000 z11=40000
2026-09-25T10:47:01Z z9=39000 z10=39000 z11=39000
2026-09-25T10:47:06Z z9=38000 z10=39000 z11=40000
2026-09-25T10:47:11Z z9=38000 z10=39000 z11=39000
2026-09-25T10:47:16Z z9=38000 z10=39000 z11=40000
2026-09-25T10:47:21Z z9=38000 z10=39000 z11=40000
2026-09-25T10:47:27Z z9=38000 z10=39000 z11=39000
2026-09-25T10:47:32Z z9=38000 z10=39000 z11=39000
2026-09-25T10:47:37Z z9=39000 z10=39000 z11=40000
2026-09-25T10:47:42Z z9=40000 z10=39000 z11=39000
2026-09-25T10:47:47Z z9=38000 z10=39000 z11=39000
2026-09-25T10:47:52Z z9=38000 z10=39000 z11=40000
2026-09-25T10:47:57Z z9=40000 z10=39000 z11=39000
2026-09-25T10:48:02Z z9=38000 z10=39000 z11=40000
2026-09-25T10:48:07Z z9=40000 z10=39000 z11=40000
2026-09-25T10:48:13Z z9=39000 z10=38000 z11=39000
2026-09-25T10:48:18Z z9=40000 z10=39000 z11=39000
2026-09-25T10:48:23Z z9=40000 z10=39000 z11=39000
2026-09-25T10:48:28Z z9=38000 z10=39000 z11=39000
2026-09-25T10:48:33Z z9=38000 z10=39000 z11=39000
2026-09-25T10:48:38Z z9=38000 z10=39000 z11=39000
2026-09-25T10:48:43Z z9=38000 z10=39000 z11=39000
2026-09-25T10:48:48Z z9=38000 z10=39000 z11=39000
2026-09-25T10:48:53Z z9=38000 z10=39000 z11=39000
2026-09-25T10:48:58Z z9=38000 z10=39000 z11=39000
2026-09-25T10:49:04Z z9=39000 z10=39000 z11=39000
2026-09-25T10:49:09Z z9=38000 z10=38000 z11=39000
2026-09-25T10:49:14Z z9=39000 z10=38000 z11=39000
2026-09-25T10:49:19Z z9=38000 z10=39000 z11=39000
2026-09-25T10:49:24Z z9=38000 z10=39000 z11=39000
2026-09-25T10:49:29Z z9=38000 z10=38000 z11=38000
2026-09-25T10:49:34Z z9=38000 z10=39000 z11=39000
2026-09-25T10:49:39Z z9=38000 z10=39000 z11=39000
2026-09-25T10:49:44Z z9=38000 z10=38000 z11=38000
2026-09-25T10:49:49Z z9=38000 z10=39000 z11=39000
2026-09-25T10:49:55Z z9=37000 z10=38000 z11=38000
2026-09-25T10:50:00Z z9=38000 z10=38000 z11=39000
2026-09-25T10:50:05Z z9=38000 z10=38000 z11=38000
2026-09-25T10:50:10Z z9=37000 z10=37000 z11=39000
2026-09-25T10:50:15Z z9=39000 z10=38000 z11=38000
2026-09-25T10:50:20Z z9=37000 z10=37000 z11=38000
2026-09-25T10:50:25Z z9=38000 z10=38000 z11=39000
2026-09-25T10:50:30Z z9=39000 z10=38000 z11=39000
2026-09-25T10:50:35Z z9=37000 z10=38000 z11=39000
2026-09-25T10:50:40Z z9=37000 z10=38000 z11=38000
2026-09-25T10:50:46Z z9=37000 z10=38000 z11=38000
2026-09-25T10:50:51Z z9=38000 z10=38000 z11=39000
2026-09-25T10:50:56Z z9=37000 z10=38000 z11=38000
2026-09-25T10:51:01Z z9=37000 z10=37000 z11=38000
2026-09-25T10:51:06Z z9=38000 z10=38000 z11=38000
2026-09-25T10:51:11Z z9=40000 z10=39000 z11=39000
2026-09-25T10:51:16Z z9=37000 z10=37000 z11=39000
2026-09-25T10:51:21Z z9=37000 z10=37000 z11=38000
2026-09-25T10:51:26Z z9=37000 z10=38000 z11=38000
2026-09-25T10:51:32Z z9=37000 z10=37000 z11=38000
2026-09-25T10:51:37Z z9=37000 z10=38000 z11=38000
2026-09-25T10:51:42Z z9=37000 z10=37000 z11=38000
2026-09-25T10:51:47Z z9=38000 z10=37000 z11=37000
2026-09-25T10:51:52Z z9=37000 z10=37000 z11=37000
2026-09-25T10:51:57Z z9=37000 z10=37000 z11=37000
2026-09-25T10:52:02Z z9=37000 z10=37000 z11=37000
2026-09-25T10:52:07Z z9=37000 z10=37000 z11=38000
2026-09-25T10:52:12Z z9=37000 z10=37000 z11=37000
2026-09-25T10:52:17Z z9=37000 z10=37000 z11=37000
2026-09-25T10:52:23Z z9=37000 z10=37000 z11=37000
2026-09-25T10:52:28Z z9=37000 z10=37000 z11=37000
2026-09-25T10:52:33Z z9=37000 z10=37000 z11=38000
2026-09-25T10:52:38Z z9=37000 z10=38000 z11=37000
2026-09-25T10:52:43Z z9=38000 z10=37000 z11=37000
2026-09-25T10:52:48Z z9=36000 z10=37000 z11=38000
2026-09-25T10:52:53Z z9=37000 z10=37000 z11=37000
2026-09-25T10:52:58Z z9=37000 z10=37000 z11=37000
2026-09-25T10:53:03Z z9=37000 z10=37000 z11=38000
2026-09-25T10:53:08Z z9=37000 z10=37000 z11=37000
2026-09-25T10:53:14Z z9=37000 z10=37000 z11=37000
2026-09-25T10:53:19Z z9=36000 z10=37000 z11=37000
2026-09-25T10:53:24Z z9=37000 z10=37000 z11=37000
2026-09-25T10:53:29Z z9=36000 z10=37000 z11=37000
2026-09-25T10:53:34Z z9=37000 z10=37000 z11=37000
2026-09-25T10:53:39Z z9=39000 z10=38000 z11=39000
2026-09-25T10:53:44Z z9=37000 z10=37000 z11=37000
2026-09-25T10:53:49Z z9=36000 z10=36000 z11=37000
2026-09-25T10:53:54Z z9=36000 z10=36000 z11=36000
2026-09-25T10:53:59Z z9=36000 z10=36000 z11=36000
2026-09-25T10:54:05Z z9=35000 z10=36000 z11=36000
2026-09-25T10:54:10Z z9=35000 z10=36000 z11=36000
2026-09-25T10:54:15Z z9=36000 z10=35000 z11=36000
2026-09-25T10:54:20Z z9=35000 z10=35000 z11=35000
2026-09-25T10:54:25Z z9=35000 z10=35000 z11=35000
2026-09-25T10:54:30Z z9=35000 z10=36000 z11=35000
2026-09-25T10:54:35Z z9=36000 z10=35000 z11=36000
2026-09-25T10:54:40Z z9=36000 z10=35000 z11=35000
2026-09-25T10:54:45Z z9=36000 z10=34000 z11=35000
2026-09-25T10:54:50Z z9=35000 z10=35000 z11=35000
2026-09-25T10:54:56Z z9=34000 z10=35000 z11=35000
2026-09-25T10:55:01Z z9=37000 z10=35000 z11=35000
2026-09-25T10:55:06Z z9=36000 z10=35000 z11=35000
2026-09-25T10:55:11Z z9=35000 z10=35000 z11=35000
2026-09-25T10:55:16Z z9=34000 z10=34000 z11=35000
2026-09-25T10:55:21Z z9=37000 z10=34000 z11=35000
2026-09-25T10:55:26Z z9=34000 z10=35000 z11=36000
2026-09-25T10:55:31Z z9=34000 z10=35000 z11=35000
2026-09-25T10:55:36Z z9=34000 z10=35000 z11=35000
2026-09-25T10:55:41Z z9=34000 z10=35000 z11=35000
2026-09-25T10:55:46Z z9=36000 z10=35000 z11=35000
2026-09-25T10:55:52Z z9=35000 z10=35000 z11=35000
2026-09-25T10:55:57Z z9=34000 z10=34000 z11=35000
2026-09-25T10:56:02Z z9=34000 z10=35000 z11=35000
2026-09-25T10:56:07Z z9=34000 z10=35000 z11=35000
2026-09-25T10:56:12Z z9=35000 z10=34000 z11=35000
2026-09-25T10:56:17Z z9=35000 z10=35000 z11=35000
2026-09-25T10:56:22Z z9=34000 z10=34000 z11=35000
2026-09-25T10:56:27Z z9=34000 z10=35000 z11=35000
2026-09-25T10:56:32Z z9=35000 z10=34000 z11=35000
2026-09-25T10:56:37Z z9=34000 z10=34000 z11=35000
2026-09-25T10:56:43Z z9=36000 z10=34000 z11=34000
2026-09-25T10:56:48Z z9=35000 z10=35000 z11=34000
2026-09-25T10:56:53Z z9=35000 z10=34000 z11=35000
2026-09-25T10:56:58Z z9=35000 z10=34000 z11=35000
2026-09-25T10:57:03Z z9=34000 z10=34000 z11=35000
2026-09-25T10:57:08Z z9=35000 z10=34000 z11=35000
2026-09-25T10:57:13Z z9=36000 z10=34000 z11=34000
2026-09-25T10:57:18Z z9=35000 z10=34000 z11=34000
2026-09-25T10:57:23Z z9=34000 z10=34000 z11=35000
2026-09-25T10:57:28Z z9=34000 z10=34000 z11=34000
2026-09-25T10:57:34Z z9=35000 z10=34000 z11=35000
2026-09-25T10:57:39Z z9=36000 z10=34000 z11=34000
2026-09-25T10:57:44Z z9=34000 z10=34000 z11=35000
2026-09-25T10:57:49Z z9=34000 z10=34000 z11=35000
2026-09-25T10:57:54Z z9=34000 z10=34000 z11=34000
2026-09-25T10:57:59Z z9=35000 z10=34000 z11=35000
2026-09-25T10:58:04Z z9=34000 z10=34000 z11=35000
2026-09-25T10:58:09Z z9=33000 z10=34000 z11=34000
2026-09-25T10:58:14Z z9=33000 z10=33000 z11=35000
2026-09-25T10:58:19Z z9=35000 z10=34000 z11=34000
2026-09-25T10:58:24Z z9=34000 z10=34000 z11=34000
2026-09-25T10:58:30Z z9=33000 z10=34000 z11=34000
2026-09-25T10:58:35Z z9=33000 z10=33000 z11=34000
2026-09-25T10:58:40Z z9=34000 z10=34000 z11=34000
2026-09-25T10:58:45Z z9=33000 z10=34000 z11=34000
2026-09-25T10:58:50Z z9=34000 z10=34000 z11=34000
2026-09-25T10:58:55Z z9=35000 z10=33000 z11=34000
2026-09-25T10:59:00Z z9=34000 z10=33000 z11=34000
2026-09-25T10:59:05Z z9=34000 z10=34000 z11=34000
2026-09-25T10:59:10Z z9=33000 z10=34000 z11=34000
2026-09-25T10:59:15Z z9=33000 z10=34000 z11=34000
2026-09-25T10:59:21Z z9=35000 z10=34000 z11=34000
2026-09-25T10:59:26Z z9=33000 z10=33000 z11=34000
2026-09-25T10:59:31Z z9=33000 z10=33000 z11=33000
2026-09-25T10:59:36Z z9=36000 z10=33000 z11=34000
2026-09-25T10:59:41Z z9=32000 z10=33000 z11=33000
2026-09-25T10:59:46Z z9=33000 z10=33000 z11=34000
2026-09-25T10:59:51Z z9=33000 z10=33000 z11=33000
2026-09-25T10:59:56Z z9=33000 z10=33000 z11=33000
2026-09-25T11:00:01Z z9=37000 z10=36000 z11=36000
2026-09-25T11:00:06Z z9=34000 z10=35000 z11=36000
2026-09-25T11:00:11Z z9=35000 z10=35000 z11=35000
2026-09-25T11:00:17Z z9=34000 z10=35000 z11=35000
2026-09-25T11:00:22Z z9=34000 z10=34000 z11=34000
2026-09-25T11:00:27Z z9=33000 z10=34000 z11=34000
2026-09-25T11:00:32Z z9=34000 z10=33000 z11=34000
2026-09-25T11:00:37Z z9=33000 z10=33000 z11=34000
2026-09-25T11:00:42Z z9=33000 z10=34000 z11=34000
2026-09-25T11:00:47Z z9=34000 z10=33000 z11=34000
2026-09-25T11:00:52Z z9=32000 z10=33000 z11=33000
2026-09-25T11:00:57Z z9=32000 z10=33000 z11=34000
2026-09-25T11:01:02Z z9=33000 z10=33000 z11=33000
2026-09-25T11:01:07Z z9=33000 z10=33000 z11=33000
2026-09-25T11:01:13Z z9=32000 z10=33000 z11=33000
2026-09-25T11:01:18Z z9=32000 z10=33000 z11=33000
2026-09-25T11:01:23Z z9=32000 z10=33000 z11=33000
2026-09-25T11:01:28Z z9=32000 z10=33000 z11=33000
2026-09-25T11:01:33Z z9=35000 z10=33000 z11=33000
2026-09-25T11:01:38Z z9=32000 z10=33000 z11=33000
2026-09-25T11:01:43Z z9=32000 z10=33000 z11=33000
2026-09-25T11:01:48Z z9=33000 z10=33000 z11=33000
2026-09-25T11:01:53Z z9=32000 z10=33000 z11=33000
2026-09-25T11:01:58Z z9=33000 z10=32000 z11=33000
2026-09-25T11:02:04Z z9=32000 z10=33000 z11=33000
2026-09-25T11:02:09Z z9=33000 z10=33000 z11=33000
2026-09-25T11:02:14Z z9=32000 z10=33000 z11=33000
2026-09-25T11:02:19Z z9=32000 z10=32000 z11=33000
2026-09-25T11:02:24Z z9=33000 z10=33000 z11=33000
2026-09-25T11:02:29Z z9=35000 z10=33000 z11=33000
2026-09-25T11:02:34Z z9=32000 z10=33000 z11=33000
2026-09-25T11:02:39Z z9=32000 z10=33000 z11=33000
2026-09-25T11:02:44Z z9=34000 z10=32000 z11=33000
2026-09-25T11:02:49Z z9=32000 z10=33000 z11=33000
2026-09-25T11:02:55Z z9=32000 z10=33000 z11=33000
2026-09-25T11:03:00Z z9=32000 z10=33000 z11=33000
2026-09-25T11:03:05Z z9=32000 z10=32000 z11=33000
2026-09-25T11:03:10Z z9=33000 z10=33000 z11=33000
2026-09-25T11:03:15Z z9=34000 z10=32000 z11=33000
2026-09-25T11:03:20Z z9=32000 z10=32000 z11=33000
2026-09-25T11:03:25Z z9=35000 z10=33000 z11=33000
2026-09-25T11:03:30Z z9=33000 z10=32000 z11=33000
2026-09-25T11:03:35Z z9=33000 z10=33000 z11=33000
2026-09-25T11:03:40Z z9=35000 z10=33000 z11=33000
2026-09-25T11:03:46Z z9=33000 z10=32000 z11=33000
2026-09-25T11:03:51Z z9=32000 z10=33000 z11=33000
2026-09-25T11:03:56Z z9=32000 z10=33000 z11=33000
2026-09-25T11:04:01Z z9=37000 z10=37000 z11=37000
2026-09-25T11:04:06Z z9=33000 z10=34000 z11=34000
2026-09-25T11:04:11Z z9=33000 z10=33000 z11=33000
2026-09-25T11:04:16Z z9=32000 z10=33000 z11=33000
2026-09-25T11:04:21Z z9=33000 z10=33000 z11=33000
2026-09-25T11:04:26Z z9=32000 z10=33000 z11=33000
2026-09-25T11:04:31Z z9=33000 z10=32000 z11=33000
2026-09-25T11:04:37Z z9=32000 z10=33000 z11=33000
2026-09-25T11:04:42Z z9=34000 z10=33000 z11=32000
2026-09-25T11:04:47Z z9=32000 z10=32000 z11=33000
2026-09-25T11:04:52Z z9=32000 z10=32000 z11=33000
2026-09-25T11:04:57Z z9=31000 z10=33000 z11=33000
2026-09-25T11:05:02Z z9=31000 z10=32000 z11=33000
2026-09-25T11:05:07Z z9=32000 z10=32000 z11=33000
2026-09-25T11:05:12Z z9=33000 z10=32000 z11=33000
2026-09-25T11:05:17Z z9=32000 z10=32000 z11=33000
2026-09-25T11:05:22Z z9=31000 z10=33000 z11=33000
2026-09-25T11:05:28Z z9=31000 z10=32000 z11=33000
2026-09-25T11:05:33Z z9=32000 z10=32000 z11=32000
2026-09-25T11:05:38Z z9=31000 z10=32000 z11=33000
2026-09-25T11:05:43Z z9=31000 z10=32000 z11=33000
2026-09-25T11:05:48Z z9=31000 z10=32000 z11=32000
2026-09-25T11:05:53Z z9=34000 z10=32000 z11=33000
2026-09-25T11:05:58Z z9=32000 z10=32000 z11=32000
2026-09-25T11:06:03Z z9=33000 z10=32000 z11=33000
2026-09-25T11:06:08Z z9=32000 z10=33000 z11=33000
2026-09-25T11:06:13Z z9=34000 z10=32000 z11=33000
2026-09-25T11:06:18Z z9=31000 z10=32000 z11=32000
2026-09-25T11:06:23Z z9=31000 z10=32000 z11=33000
2026-09-25T11:06:29Z z9=33000 z10=32000 z11=32000
2026-09-25T11:06:34Z z9=33000 z10=32000 z11=32000
2026-09-25T11:06:39Z z9=31000 z10=32000 z11=33000
2026-09-25T11:06:44Z z9=32000 z10=32000 z11=32000
2026-09-25T11:06:49Z z9=31000 z10=32000 z11=32000
2026-09-25T11:06:54Z z9=31000 z10=32000 z11=33000
2026-09-25T11:06:59Z z9=31000 z10=32000 z11=32000
2026-09-25T11:07:04Z z9=34000 z10=32000 z11=33000
2026-09-25T11:07:09Z z9=33000 z10=32000 z11=32000
2026-09-25T11:07:15Z z9=31000 z10=32000 z11=32000
2026-09-25T11:07:20Z z9=33000 z10=32000 z11=32000
2026-09-25T11:07:25Z z9=33000 z10=32000 z11=32000
2026-09-25T11:07:30Z z9=33000 z10=32000 z11=32000
2026-09-25T11:07:35Z z9=31000 z10=32000 z11=32000
2026-09-25T11:07:40Z z9=31000 z10=32000 z11=32000
2026-09-25T11:07:45Z z9=31000 z10=32000 z11=32000
2026-09-25T11:07:50Z z9=31000 z10=32000 z11=32000
2026-09-25T11:07:55Z z9=31000 z10=31000 z11=32000
2026-09-25T11:08:00Z z9=31000 z10=32000 z11=32000
2026-09-25T11:08:06Z z9=31000 z10=32000 z11=33000
2026-09-25T11:08:11Z z9=31000 z10=32000 z11=32000
2026-09-25T11:08:16Z z9=32000 z10=31000 z11=32000
2026-09-25T11:08:21Z z9=33000 z10=32000 z11=32000
2026-09-25T11:08:26Z z9=31000 z10=31000 z11=32000
2026-09-25T11:08:31Z z9=31000 z10=32000 z11=32000
2026-09-25T11:08:36Z z9=34000 z10=32000 z11=33000
2026-09-25T11:08:41Z z9=33000 z10=31000 z11=32000
2026-09-25T11:08:46Z z9=34000 z10=31000 z11=32000
2026-09-25T11:08:51Z z9=34000 z10=32000 z11=32000
2026-09-25T11:08:57Z z9=31000 z10=32000 z11=32000
2026-09-25T11:09:02Z z9=31000 z10=31000 z11=32000
2026-09-25T11:09:07Z z9=31000 z10=32000 z11=32000
2026-09-25T11:09:12Z z9=31000 z10=31000 z11=32000
2026-09-25T11:09:17Z z9=31000 z10=32000 z11=32000
2026-09-25T11:09:22Z z9=31000 z10=32000 z11=32000
2026-09-25T11:09:27Z z9=31000 z10=32000 z11=32000
2026-09-25T11:09:32Z z9=31000 z10=31000 z11=32000
2026-09-25T11:09:37Z z9=32000 z10=31000 z11=32000
2026-09-25T11:09:42Z z9=31000 z10=32000 z11=32000
2026-09-25T11:09:48Z z9=31000 z10=31000 z11=32000
2026-09-25T11:09:53Z z9=31000 z10=31000 z11=32000
2026-09-25T11:09:58Z z9=31000 z10=31000 z11=32000
2026-09-25T11:10:03Z z9=31000 z10=32000 z11=32000
2026-09-25T11:10:08Z z9=32000 z10=31000 z11=32000
2026-09-25T11:10:13Z z9=31000 z10=31000 z11=32000
2026-09-25T11:10:18Z z9=31000 z10=32000 z11=32000
2026-09-25T11:10:23Z z9=31000 z10=32000 z11=32000
2026-09-25T11:10:28Z z9=34000 z10=31000 z11=32000
2026-09-25T11:10:33Z z9=32000 z10=32000 z11=33000
2026-09-25T11:10:38Z z9=30000 z10=31000 z11=31000
2026-09-25T11:10:44Z z9=30000 z10=31000 z11=31000
2026-09-25T11:10:49Z z9=32000 z10=31000 z11=32000
2026-09-25T11:10:54Z z9=32000 z10=31000 z11=32000
2026-09-25T11:10:59Z z9=31000 z10=31000 z11=31000
2026-09-25T11:11:04Z z9=32000 z10=31000 z11=32000
2026-09-25T11:11:09Z z9=32000 z10=32000 z11=32000
2026-09-25T11:11:14Z z9=30000 z10=31000 z11=31000
2026-09-25T11:11:19Z z9=33000 z10=32000 z11=32000
2026-09-25T11:11:24Z z9=30000 z10=31000 z11=32000
2026-09-25T11:11:29Z z9=33000 z10=30000 z11=32000
2026-09-25T11:11:34Z z9=32000 z10=31000 z11=31000
2026-09-25T11:11:40Z z9=32000 z10=31000 z11=31000
2026-09-25T11:11:45Z z9=30000 z10=32000 z11=32000
2026-09-25T11:11:50Z z9=30000 z10=31000 z11=32000
2026-09-25T11:11:55Z z9=30000 z10=31000 z11=32000
2026-09-25T11:12:00Z z9=30000 z10=30000 z11=32000
2026-09-25T11:12:05Z z9=32000 z10=31000 z11=32000
2026-09-25T11:12:10Z z9=31000 z10=31000 z11=32000
2026-09-25T11:12:15Z z9=31000 z10=31000 z11=31000
2026-09-25T11:12:20Z z9=30000 z10=31000 z11=31000
2026-09-25T11:12:25Z z9=32000 z10=31000 z11=31000
2026-09-25T11:12:31Z z9=32000 z10=31000 z11=32000
2026-09-25T11:12:36Z z9=31000 z10=31000 z11=32000
2026-09-25T11:12:41Z z9=30000 z10=31000 z11=32000
2026-09-25T11:12:46Z z9=33000 z10=32000 z11=32000
2026-09-25T11:12:51Z z9=32000 z10=30000 z11=31000
2026-09-25T11:12:56Z z9=30000 z10=31000 z11=32000
2026-09-25T11:13:01Z z9=30000 z10=30000 z11=31000
2026-09-25T11:13:06Z z9=30000 z10=30000 z11=32000
2026-09-25T11:13:11Z z9=30000 z10=31000 z11=32000
2026-09-25T11:13:16Z z9=30000 z10=30000 z11=31000
2026-09-25T11:13:22Z z9=31000 z10=30000 z11=32000
2026-09-25T11:13:27Z z9=30000 z10=31000 z11=31000
2026-09-25T11:13:32Z z9=32000 z10=31000 z11=31000
2026-09-25T11:13:37Z z9=30000 z10=30000 z11=31000
2026-09-25T11:13:42Z z9=30000 z10=30000 z11=31000
2026-09-25T11:13:47Z z9=32000 z10=31000 z11=31000
2026-09-25T11:13:52Z z9=30000 z10=30000 z11=31000
2026-09-25T11:13:57Z z9=30000 z10=30000 z11=31000
2026-09-25T11:14:02Z z9=33000 z10=30000 z11=31000
2026-09-25T11:14:07Z z9=30000 z10=31000 z11=31000
2026-09-25T11:14:13Z z9=31000 z10=31000 z11=31000
2026-09-25T11:14:18Z z9=30000 z10=30000 z11=31000
2026-09-25T11:14:23Z z9=30000 z10=30000 z11=31000
2026-09-25T11:14:28Z z9=32000 z10=30000 z11=30000
2026-09-25T11:14:33Z z9=32000 z10=30000 z11=31000
2026-09-25T11:14:38Z z9=30000 z10=30000 z11=31000
2026-09-25T11:14:43Z z9=30000 z10=31000 z11=31000
2026-09-25T11:14:48Z z9=30000 z10=30000 z11=31000
2026-09-25T11:14:53Z z9=31000 z10=31000 z11=31000
2026-09-25T11:14:58Z z9=30000 z10=31000 z11=31000
2026-09-25T11:15:04Z z9=30000 z10=30000 z11=32000
2026-09-25T11:15:09Z z9=31000 z10=30000 z11=30000
2026-09-25T11:15:14Z z9=31000 z10=30000 z11=31000
2026-09-25T11:15:19Z z9=32000 z10=30000 z11=31000
2026-09-25T11:15:24Z z9=30000 z10=30000 z11=31000
2026-09-25T11:15:29Z z9=30000 z10=30000 z11=31000
2026-09-25T11:15:34Z z9=31000 z10=30000 z11=31000
2026-09-25T11:15:39Z z9=30000 z10=30000 z11=30000
2026-09-25T11:15:44Z z9=32000 z10=31000 z11=31000
2026-09-25T11:15:49Z z9=30000 z10=31000 z11=31000
2026-09-25T11:15:55Z z9=32000 z10=30000 z11=31000
2026-09-25T11:16:00Z z9=30000 z10=30000 z11=31000
2026-09-25T11:16:05Z z9=32000 z10=30000 z11=30000
2026-09-25T11:16:10Z z9=30000 z10=30000 z11=31000
2026-09-25T11:16:15Z z9=31000 z10=30000 z11=30000
2026-09-25T11:16:20Z z9=30000 z10=30000 z11=30000
2026-09-25T11:16:25Z z9=31000 z10=30000 z11=31000
2026-09-25T11:16:30Z z9=30000 z10=30000 z11=32000
2026-09-25T11:16:35Z z9=30000 z10=30000 z11=30000
2026-09-25T11:16:40Z z9=30000 z10=31000 z11=31000
2026-09-25T11:16:45Z z9=30000 z10=30000 z11=30000
2026-09-25T11:16:51Z z9=31000 z10=30000 z11=31000
2026-09-25T11:16:56Z z9=30000 z10=30000 z11=31000
2026-09-25T11:17:01Z z9=32000 z10=30000 z11=31000
2026-09-25T11:17:06Z z9=30000 z10=30000 z11=31000
2026-09-25T11:17:11Z z9=30000 z10=30000 z11=30000
2026-09-25T11:17:16Z z9=31000 z10=30000 z11=30000
2026-09-25T11:17:21Z z9=30000 z10=30000 z11=30000
2026-09-25T11:17:26Z z9=30000 z10=30000 z11=30000
2026-09-25T11:17:31Z z9=32000 z10=30000 z11=31000
2026-09-25T11:17:36Z z9=30000 z10=31000 z11=31000
2026-09-25T11:17:42Z z9=31000 z10=30000 z11=30000
2026-09-25T11:17:47Z z9=30000 z10=30000 z11=30000
2026-09-25T11:17:52Z z9=31000 z10=30000 z11=30000
2026-09-25T11:17:57Z z9=32000 z10=30000 z11=30000
2026-09-25T11:18:02Z z9=30000 z10=30000 z11=30000
2026-09-25T11:18:07Z z9=30000 z10=30000 z11=30000
2026-09-25T11:18:12Z z9=30000 z10=30000 z11=30000
2026-09-25T11:18:17Z z9=30000 z10=30000 z11=30000
2026-09-25T11:18:22Z z9=32000 z10=30000 z11=30000
2026-09-25T11:18:27Z z9=30000 z10=29000 z11=30000
2026-09-25T11:18:33Z z9=29000 z10=30000 z11=30000
2026-09-25T11:18:38Z z9=30000 z10=32000 z11=32000
2026-09-25T11:18:43Z z9=30000 z10=30000 z11=30000
2026-09-25T11:18:48Z z9=30000 z10=30000 z11=30000
2026-09-25T11:18:53Z z9=31000 z10=30000 z11=31000
2026-09-25T11:18:58Z z9=31000 z10=30000 z11=30000
2026-09-25T11:19:03Z z9=33000 z10=30000 z11=30000
2026-09-25T11:19:08Z z9=31000 z10=30000 z11=30000
2026-09-25T11:19:13Z z9=30000 z10=30000 z11=30000
2026-09-25T11:19:18Z z9=32000 z10=30000 z11=30000
2026-09-25T11:19:23Z z9=30000 z10=29000 z11=30000
2026-09-25T11:19:29Z z9=29000 z10=30000 z11=30000
2026-09-25T11:19:34Z z9=33000 z10=30000 z11=30000
2026-09-25T11:19:39Z z9=30000 z10=30000 z11=30000
2026-09-25T11:19:44Z z9=29000 z10=30000 z11=30000
2026-09-25T11:19:49Z z9=30000 z10=30000 z11=30000
2026-09-25T11:19:54Z z9=30000 z10=30000 z11=30000
2026-09-25T11:19:59Z z9=31000 z10=29000 z11=30000
2026-09-25T11:20:04Z z9=29000 z10=30000 z11=30000
2026-09-25T11:20:09Z z9=29000 z10=30000 z11=30000
2026-09-25T11:20:14Z z9=29000 z10=30000 z11=30000
2026-09-25T11:20:20Z z9=30000 z10=30000 z11=30000
2026-09-25T11:20:25Z z9=29000 z10=29000 z11=30000
2026-09-25T11:20:30Z z9=31000 z10=30000 z11=30000
2026-09-25T11:20:35Z z9=29000 z10=29000 z11=30000
2026-09-25T11:20:40Z z9=29000 z10=30000 z11=30000
2026-09-25T11:20:45Z z9=29000 z10=29000 z11=30000
2026-09-25T11:20:50Z z9=29000 z10=29000 z11=30000
2026-09-25T11:20:55Z z9=29000 z10=30000 z11=30000
2026-09-25T11:21:00Z z9=29000 z10=29000 z11=30000
2026-09-25T11:21:05Z z9=29000 z10=30000 z11=30000
2026-09-25T11:21:10Z z9=29000 z10=29000 z11=30000
2026-09-25T11:21:16Z z9=29000 z10=29000 z11=30000
2026-09-25T11:21:21Z z9=32000 z10=30000 z11=30000
2026-09-25T11:21:26Z z9=29000 z10=30000 z11=30000
2026-09-25T11:21:31Z z9=29000 z10=29000 z11=30000
2026-09-25T11:21:36Z z9=30000 z10=29000 z11=30000
2026-09-25T11:21:41Z z9=29000 z10=29000 z11=30000
2026-09-25T11:21:46Z z9=30000 z10=30000 z11=29000
2026-09-25T11:21:51Z z9=31000 z10=29000 z11=30000
2026-09-25T11:21:56Z z9=31000 z10=29000 z11=30000
2026-09-25T11:22:01Z z9=30000 z10=29000 z11=30000
2026-09-25T11:22:07Z z9=29000 z10=29000 z11=30000
2026-09-25T11:22:12Z z9=29000 z10=29000 z11=30000
2026-09-25T11:22:17Z z9=33000 z10=32000 z11=33000
2026-09-25T11:22:22Z z9=31000 z10=31000 z11=32000
2026-09-25T11:22:27Z z9=30000 z10=30000 z11=32000
2026-09-25T11:22:32Z z9=30000 z10=30000 z11=30000
2026-09-25T11:22:37Z z9=31000 z10=30000 z11=31000
2026-09-25T11:22:42Z z9=30000 z10=30000 z11=30000
2026-09-25T11:22:47Z z9=31000 z10=30000 z11=30000
2026-09-25T11:22:52Z z9=32000 z10=30000 z11=30000
2026-09-25T11:22:58Z z9=29000 z10=30000 z11=30000
2026-09-25T11:23:03Z z9=29000 z10=30000 z11=30000
2026-09-25T11:23:08Z z9=29000 z10=30000 z11=30000
2026-09-25T11:23:13Z z9=31000 z10=29000 z11=30000
2026-09-25T11:23:18Z z9=29000 z10=29000 z11=30000
2026-09-25T11:23:23Z z9=30000 z10=29000 z11=30000
2026-09-25T11:23:28Z z9=31000 z10=30000 z11=30000
2026-09-25T11:23:33Z z9=29000 z10=30000 z11=30000
2026-09-25T11:23:38Z z9=29000 z10=30000 z11=30000
2026-09-25T11:23:43Z z9=30000 z10=29000 z11=29000
2026-09-25T11:23:48Z z9=29000 z10=29000 z11=30000
2026-09-25T11:23:54Z z9=30000 z10=30000 z11=30000
2026-09-25T11:23:59Z z9=29000 z10=29000 z11=30000
2026-09-25T11:24:04Z z9=29000 z10=29000 z11=30000
2026-09-25T11:24:09Z z9=29000 z10=29000 z11=30000
2026-09-25T11:24:14Z z9=29000 z10=29000 z11=29000
2026-09-25T11:24:19Z z9=29000 z10=30000 z11=30000
2026-09-25T11:24:24Z z9=30000 z10=30000 z11=29000
2026-09-25T11:24:29Z z9=29000 z10=29000 z11=29000
2026-09-25T11:24:34Z z9=30000 z10=29000 z11=29000
2026-09-25T11:24:39Z z9=30000 z10=29000 z11=30000
2026-09-25T11:24:44Z z9=29000 z10=30000 z11=29000
2026-09-25T11:24:50Z z9=31000 z10=29000 z11=29000
2026-09-25T11:24:55Z z9=29000 z10=29000 z11=29000
2026-09-25T11:25:00Z z9=29000 z10=29000 z11=29000
2026-09-25T11:25:05Z z9=30000 z10=29000 z11=29000
2026-09-25T11:25:10Z z9=29000 z10=30000 z11=29000
2026-09-25T11:25:15Z z9=29000 z10=30000 z11=30000
2026-09-25T11:25:20Z z9=29000 z10=29000 z11=30000
2026-09-25T11:25:25Z z9=30000 z10=29000 z11=29000
2026-09-25T11:25:30Z z9=29000 z10=30000 z11=29000
2026-09-25T11:25:35Z z9=29000 z10=29000 z11=30000
2026-09-25T11:25:41Z z9=29000 z10=29000 z11=30000
2026-09-25T11:25:46Z z9=30000 z10=30000 z11=30000
2026-09-25T11:25:51Z z9=29000 z10=29000 z11=29000
2026-09-25T11:25:56Z z9=31000 z10=29000 z11=30000
2026-09-25T11:26:01Z z9=29000 z10=29000 z11=29000
2026-09-25T11:26:06Z z9=31000 z10=29000 z11=30000
2026-09-25T11:26:11Z z9=29000 z10=29000 z11=29000
2026-09-25T11:26:16Z z9=29000 z10=29000 z11=29000
2026-09-25T11:26:21Z z9=29000 z10=29000 z11=29000
2026-09-25T11:26:26Z z9=29000 z10=29000 z11=29000
2026-09-25T11:26:32Z z9=29000 z10=29000 z11=29000
2026-09-25T11:26:37Z z9=29000 z10=29000 z11=29000
2026-09-25T11:26:42Z z9=29000 z10=30000 z11=29000
2026-09-25T11:26:47Z z9=30000 z10=29000 z11=30000
2026-09-25T11:26:52Z z9=29000 z10=29000 z11=29000
2026-09-25T11:26:57Z z9=30000 z10=29000 z11=30000
2026-09-25T11:27:02Z z9=29000 z10=29000 z11=29000
2026-09-25T11:27:07Z z9=28000 z10=30000 z11=30000
2026-09-25T11:27:12Z z9=30000 z10=29000 z11=30000
2026-09-25T11:27:17Z z9=29000 z10=29000 z11=29000
2026-09-25T11:27:23Z z9=29000 z10=29000 z11=29000
2026-09-25T11:27:28Z z9=30000 z10=29000 z11=30000
2026-09-25T11:27:33Z z9=30000 z10=29000 z11=29000
2026-09-25T11:27:38Z z9=29000 z10=29000 z11=29000
2026-09-25T11:27:43Z z9=29000 z10=29000 z11=29000
2026-09-25T11:27:48Z z9=29000 z10=29000 z11=29000
2026-09-25T11:27:53Z z9=30000 z10=29000 z11=30000
2026-09-25T11:27:58Z z9=29000 z10=29000 z11=29000
2026-09-25T11:28:03Z z9=29000 z10=29000 z11=29000
2026-09-25T11:28:08Z z9=29000 z10=29000 z11=29000
2026-09-25T11:28:14Z z9=29000 z10=29000 z11=29000
2026-09-25T11:28:19Z z9=29000 z10=29000 z11=29000
2026-09-25T11:28:24Z z9=30000 z10=29000 z11=29000
2026-09-25T11:28:29Z z9=29000 z10=29000 z11=29000
2026-09-25T11:28:34Z z9=31000 z10=29000 z11=30000
2026-09-25T11:28:39Z z9=30000 z10=29000 z11=29000
2026-09-25T11:28:44Z z9=30000 z10=29000 z11=29000
2026-09-25T11:28:49Z z9=29000 z10=29000 z11=29000
2026-09-25T11:28:54Z z9=30000 z10=29000 z11=30000
2026-09-25T11:28:59Z z9=31000 z10=29000 z11=29000
2026-09-25T11:29:04Z z9=29000 z10=29000 z11=29000
2026-09-25T11:29:10Z z9=28000 z10=29000 z11=29000
2026-09-25T11:29:15Z z9=29000 z10=29000 z11=29000
2026-09-25T11:29:20Z z9=31000 z10=29000 z11=29000
2026-09-25T11:29:25Z z9=29000 z10=29000 z11=30000
2026-09-25T11:29:30Z z9=30000 z10=29000 z11=29000
2026-09-25T11:29:35Z z9=28000 z10=29000 z11=29000
2026-09-25T11:29:40Z z9=28000 z10=29000 z11=29000
2026-09-25T11:29:45Z z9=28000 z10=29000 z11=29000
2026-09-25T11:29:50Z z9=28000 z10=29000 z11=29000
2026-09-25T11:29:55Z z9=30000 z10=29000 z11=29000
2026-09-25T11:30:01Z z9=29000 z10=29000 z11=29000
2026-09-25T11:30:06Z z9=29000 z10=28000 z11=29000
2026-09-25T11:30:11Z z9=28000 z10=29000 z11=29000
2026-09-25T11:30:16Z z9=28000 z10=28000 z11=29000
2026-09-25T11:30:21Z z9=28000 z10=29000 z11=29000
2026-09-25T11:30:26Z z9=29000 z10=29000 z11=29000
2026-09-25T11:30:31Z z9=28000 z10=29000 z11=29000
2026-09-25T11:30:36Z z9=29000 z10=28000 z11=28000
2026-09-25T11:30:50Z z9=30000 z10=30000 z11=30000
2026-09-25T11:32:56Z z9=28000 z10=28000 z11=28000
2026-09-25T11:34:39Z z9=29000 z10=28000 z11=29000
2026-09-25T11:36:13Z z9=27000 z10=27000 z11=28000
2026-09-25T11:38:01Z z9=28000 z10=28000 z11=29000
2026-09-25T11:40:07Z z9=28000 z10=28000 z11=28000
2026-09-25T11:41:44Z z9=27000 z10=27000 z11=28000
2026-09-25T11:43:12Z z9=27000 z10=27000 z11=28000
2026-09-25T11:44:07Z z9=29000 z10=28000 z11=28000
2026-09-25T11:46:02Z z9=27000 z10=27000 z11=27000
2026-09-25T11:47:56Z z9=28000 z10=28000 z11=29000
2026-09-25T11:49:45Z z9=27000 z10=27000 z11=27000
2026-09-25T11:51:02Z z9=27000 z10=27000 z11=27000
2026-09-25T11:52:13Z z9=26000 z10=26000 z11=26000
2026-09-25T11:53:57Z z9=27000 z10=26000 z11=26000
2026-09-25T11:56:02Z z9=26000 z10=26000 z11=27000
2026-09-25T11:56:13Z z9=26000 z10=26000 z11=26000
2026-09-25T11:58:20Z z9=27000 z10=27000 z11=27000
2026-09-25T12:00:00Z z9=27000 z10=27000 z11=28000
2026-09-25T12:00:57Z z9=27000 z10=25000 z11=26000
2026-09-25T12:02:47Z z9=26000 z10=26000 z11=26000
2026-09-25T12:04:06Z z9=26000 z10=26000 z11=26000
2026-09-25T12:06:12Z z9=26000 z10=26000 z11=27000
2026-09-25T12:06:21Z z9=26000 z10=25000 z11=26000
2026-09-25T12:08:02Z z9=26000 z10=26000 z11=26000
2026-09-25T12:09:13Z z9=25000 z10=25000 z11=26000
2026-09-25T12:10:20Z z9=26000 z10=26000 z11=26000
2026-09-25T12:11:13Z z9=25000 z10=25000 z11=27000
2026-09-25T12:12:04Z z9=28000 z10=26000 z11=28000
2026-09-25T12:12:09Z z9=31000 z10=28000 z11=29000
2026-09-25T12:12:44Z z9=26000 z10=26000 z11=26000
2026-09-25T12:14:08Z z9=25000 z10=25000 z11=26000
2026-09-25T12:14:44Z z9=26000 z10=26000 z11=26000
2026-09-25T12:16:12Z z9=26000 z10=25000 z11=26000
2026-09-25T12:17:15Z z9=27000 z10=26000 z11=27000
2026-09-25T12:18:03Z z9=25000 z10=26000 z11=26000
2026-09-25T12:18:20Z z9=27000 z10=25000 z11=26000
2026-09-25T12:19:18Z z9=25000 z10=25000 z11=26000
2026-09-25T12:20:27Z z9=26000 z10=26000 z11=26000
2026-09-25T12:20:50Z z9=25000 z10=25000 z11=25000
2026-09-25T12:20:55Z z9=27000 z10=25000 z11=25000
2026-09-25T12:22:08Z z9=25000 z10=25000 z11=26000
2026-09-25T12:23:13Z z9=26000 z10=25000 z11=25000
2026-09-25T12:24:08Z z9=25000 z10=25000 z11=25000
2026-09-25T12:25:19Z z9=25000 z10=25000 z11=25000
2026-09-25T12:26:10Z z9=27000 z10=26000 z11=26000
2026-09-25T12:27:10Z z9=25000 z10=25000 z11=25000
2026-09-25T12:28:39Z z9=25000 z10=26000 z11=26000
2026-09-25T12:29:57Z z9=26000 z10=25000 z11=26000
2026-09-25T12:30:51Z z9=25000 z10=25000 z11=25000
2026-09-25T12:31:09Z z9=25000 z10=25000 z11=25000
2026-09-25T12:33:21Z z9=25000 z10=25000 z11=25000
2026-09-25T12:35:32Z z9=25000 z10=25000 z11=25000
2026-09-25T12:36:51Z z9=25000 z10=25000 z11=25000
2026-09-25T12:38:01Z z9=25000 z10=25000 z11=25000
2026-09-25T12:40:08Z z9=25000 z10=25000 z11=25000
2026-09-25T12:41:39Z z9=25000 z10=25000 z11=25000
2026-09-25T12:42:51Z z9=25000 z10=25000 z11=25000
2026-09-25T12:43:08Z z9=27000 z10=26000 z11=26000
2026-09-25T12:43:13Z z9=28000 z10=27000 z11=28000
2026-09-25T12:43:45Z z9=26000 z10=26000 z11=27000
2026-09-25T12:44:51Z z9=26000 z10=26000 z11=26000
2026-09-25T12:46:12Z z9=25000 z10=25000 z11=25000
2026-09-25T12:46:22Z z9=25000 z10=25000 z11=25000
2026-09-25T12:47:12Z z9=25000 z10=25000 z11=25000
2026-09-25T12:48:09Z z9=25000 z10=25000 z11=26000
2026-09-25T12:48:36Z z9=26000 z10=25000 z11=26000
2026-09-25T12:49:41Z z9=25000 z10=25000 z11=25000
2026-09-25T12:50:21Z z9=25000 z10=25000 z11=25000
2026-09-25T12:51:35Z z9=25000 z10=25000 z11=25000
2026-09-25T12:52:45Z z9=25000 z10=25000 z11=25000
2026-09-25T12:53:39Z z9=25000 z10=25000 z11=25000
2026-09-25T12:55:10Z z9=25000 z10=25000 z11=25000
2026-09-25T12:57:06Z z9=27000 z10=25000 z11=26000
2026-09-25T12:58:04Z z9=27000 z10=25000 z11=25000
2026-09-25T12:59:00Z z9=26000 z10=25000 z11=25000
2026-09-25T12:59:39Z z9=25000 z10=25000 z11=25000
2026-09-25T13:00:43Z z9=25000 z10=24000 z11=25000
2026-09-25T13:01:39Z z9=25000 z10=25000 z11=25000
2026-09-25T13:03:28Z z9=25000 z10=25000 z11=25000
2026-09-25T13:05:12Z z9=24000 z10=25000 z11=25000
2026-09-25T13:07:03Z z9=27000 z10=25000 z11=25000
2026-09-25T13:08:03Z z9=26000 z10=25000 z11=25000
2026-09-25T13:09:00Z z9=26000 z10=24000 z11=25000
2026-09-25T13:09:28Z z9=25000 z10=25000 z11=25000
2026-09-25T13:09:49Z z9=25000 z10=25000 z11=25000
2026-09-25T13:11:37Z z9=25000 z10=25000 z11=25000
2026-09-25T13:13:39Z z9=24000 z10=25000 z11=25000
2026-09-25T13:15:11Z z9=25000 z10=24000 z11=25000
2026-09-25T13:16:27Z z9=25000 z10=25000 z11=25000
2026-09-25T13:17:23Z z9=25000 z10=25000 z11=25000
2026-09-25T13:18:33Z z9=25000 z10=24000 z11=26000
2026-09-25T13:19:51Z z9=26000 z10=25000 z11=25000
2026-09-25T13:21:04Z z9=26000 z10=25000 z11=25000
2026-09-25T13:22:21Z z9=24000 z10=24000 z11=25000
2026-09-25T13:23:13Z z9=24000 z10=24000 z11=24000
2026-09-25T13:24:16Z z9=25000 z10=24000 z11=25000
2026-09-25T13:25:51Z z9=25000 z10=24000 z11=25000
2026-09-25T13:27:12Z z9=25000 z10=25000 z11=25000
2026-09-25T13:28:15Z z9=25000 z10=25000 z11=25000
2026-09-25T13:29:21Z z9=26000 z10=25000 z11=25000
2026-09-25T13:30:16Z z9=25000 z10=25000 z11=26000
2026-09-25T13:31:21Z z9=25000 z10=25000 z11=25000
2026-09-25T13:32:21Z z9=25000 z10=25000 z11=25000
2026-09-25T13:33:36Z z9=26000 z10=26000 z11=27000
2026-09-25T13:33:41Z z9=25000 z10=25000 z11=25000
2026-09-25T13:33:46Z z9=24000 z10=25000 z11=25000
2026-09-25T13:34:58Z z9=24000 z10=25000 z11=25000
2026-09-25T13:36:15Z z9=25000 z10=25000 z11=25000
2026-09-25T13:37:39Z z9=25000 z10=25000 z11=25000
2026-09-25T13:38:40Z z9=24000 z10=24000 z11=25000
2026-09-25T13:39:57Z z9=25000 z10=24000 z11=25000
2026-09-25T13:40:52Z z9=25000 z10=25000 z11=25000
2026-09-25T13:42:39Z z9=24000 z10=24000 z11=25000
2026-09-25T13:44:20Z z9=25000 z10=25000 z11=25000
2026-09-25T13:46:26Z z9=25000 z10=24000 z11=25000
2026-09-25T13:48:12Z z9=25000 z10=24000 z11=25000
2026-09-25T13:49:45Z z9=25000 z10=25000 z11=25000
2026-09-25T13:50:40Z z9=25000 z10=24000 z11=26000
2026-09-25T13:52:05Z z9=24000 z10=24000 z11=25000
2026-09-25T13:54:12Z z9=25000 z10=25000 z11=25000
2026-09-25T13:55:18Z z9=26000 z10=24000 z11=25000
2026-09-25T13:56:12Z z9=26000 z10=25000 z11=25000
2026-09-25T13:56:35Z z9=29000 z10=28000 z11=28000
2026-09-25T13:57:04Z z9=25000 z10=25000 z11=25000
2026-09-25T13:58:16Z z9=26000 z10=25000 z11=26000
2026-09-25T13:59:58Z z9=24000 z10=25000 z11=25000
2026-09-25T14:00:09Z z9=25000 z10=25000 z11=25000
2026-09-25T14:01:21Z z9=25000 z10=25000 z11=25000
2026-09-25T14:03:12Z z9=26000 z10=25000 z11=25000
2026-09-25T14:04:40Z z9=24000 z10=24000 z11=25000
2026-09-25T14:06:12Z z9=25000 z10=25000 z11=25000
2026-09-25T14:08:12Z z9=25000 z10=25000 z11=25000
2026-09-25T14:09:13Z z9=24000 z10=24000 z11=25000
2026-09-25T14:11:08Z z9=24000 z10=24000 z11=25000
2026-09-25T14:12:43Z z9=24000 z10=25000 z11=25000
2026-09-25T14:13:41Z z9=25000 z10=24000 z11=24000
2026-09-25T14:14:12Z z9=24000 z10=24000 z11=24000
2026-09-25T14:15:32Z z9=25000 z10=24000 z11=24000
2026-09-25T14:17:12Z z9=24000 z10=24000 z11=24000
2026-09-25T14:17:29Z z9=24000 z10=24000 z11=26000
2026-09-25T14:19:43Z z9=24000 z10=24000 z11=24000
2026-09-25T14:20:50Z z9=24000 z10=24000 z11=24000
2026-09-25T14:22:12Z z9=25000 z10=25000 z11=25000
2026-09-25T14:23:15Z z9=26000 z10=25000 z11=25000
2026-09-25T14:25:07Z z9=24000 z10=24000 z11=25000
2026-09-25T14:25:16Z z9=24000 z10=24000 z11=24000
2026-09-25T14:25:44Z z9=25000 z10=24000 z11=25000
2026-09-25T14:26:15Z z9=25000 z10=24000 z11=24000
2026-09-25T14:26:22Z z9=24000 z10=24000 z11=24000
2026-09-25T14:28:02Z z9=24000 z10=23000 z11=24000
2026-09-25T14:29:01Z z9=24000 z10=24000 z11=25000
2026-09-25T14:30:13Z z9=23000 z10=24000 z11=24000
2026-09-25T14:32:11Z z9=24000 z10=24000 z11=24000
2026-09-25T14:32:19Z z9=24000 z10=24000 z11=25000
2026-09-25T14:33:16Z z9=25000 z10=24000 z11=25000
2026-09-25T14:34:12Z z9=25000 z10=25000 z11=25000
2026-09-25T14:35:38Z z9=25000 z10=25000 z11=25000
2026-09-25T14:36:39Z z9=25000 z10=25000 z11=25000
2026-09-25T14:38:08Z z9=24000 z10=24000 z11=25000
2026-09-25T14:39:25Z z9=24000 z10=24000 z11=25000
2026-09-25T14:41:08Z z9=24000 z10=24000 z11=25000
2026-09-25T14:42:53Z z9=24000 z10=23000 z11=24000
2026-09-25T14:44:08Z z9=25000 z10=24000 z11=25000
2026-09-25T14:44:16Z z9=25000 z10=24000 z11=24000
2026-09-25T14:45:03Z z9=25000 z10=24000 z11=24000
2026-09-25T14:45:10Z z9=24000 z10=24000 z11=24000
2026-09-25T14:45:15Z z9=24000 z10=24000 z11=24000
2026-09-25T14:46:11Z z9=24000 z10=23000 z11=24000
2026-09-25T14:47:45Z z9=24000 z10=24000 z11=25000
2026-09-25T14:49:12Z z9=23000 z10=24000 z11=24000
2026-09-25T14:50:11Z z9=25000 z10=24000 z11=25000
2026-09-25T14:51:20Z z9=25000 z10=24000 z11=25000
2026-09-25T14:52:38Z z9=24000 z10=24000 z11=24000
2026-09-25T14:53:13Z z9=24000 z10=24000 z11=24000
2026-09-25T14:54:13Z z9=24000 z10=24000 z11=25000
2026-09-25T14:55:38Z z9=24000 z10=24000 z11=24000
2026-09-25T14:56:24Z z9=26000 z10=26000 z11=27000
2026-09-25T14:56:29Z z9=26000 z10=26000 z11=27000
2026-09-25T14:57:33Z z9=25000 z10=25000 z11=25000
2026-09-25T14:58:43Z z9=24000 z10=24000 z11=25000
2026-09-25T14:59:50Z z9=25000 z10=25000 z11=25000
2026-09-25T15:00:21Z z9=25000 z10=25000 z11=25000
2026-09-25T15:01:13Z z9=24000 z10=24000 z11=24000
2026-09-25T15:02:02Z z9=25000 z10=25000 z11=25000
2026-09-25T15:03:12Z z9=24000 z10=24000 z11=24000
2026-09-25T15:04:03Z z9=25000 z10=24000 z11=24000
2026-09-25T15:05:50Z z9=26000 z10=25000 z11=25000
2026-09-25T15:06:57Z z9=24000 z10=24000 z11=25000
2026-09-25T15:08:43Z z9=24000 z10=24000 z11=25000
2026-09-25T15:09:45Z z9=26000 z10=25000 z11=25000
2026-09-25T15:10:55Z z9=25000 z10=24000 z11=25000
2026-09-25T15:11:43Z z9=26000 z10=24000 z11=25000
2026-09-25T15:13:05Z z9=24000 z10=24000 z11=25000
2026-09-25T15:14:37Z z9=24000 z10=24000 z11=25000
2026-09-25T15:15:34Z z9=24000 z10=24000 z11=25000
2026-09-25T15:16:45Z z9=24000 z10=24000 z11=25000
2026-09-25T15:18:13Z z9=23000 z10=23000 z11=24000
2026-09-25T15:19:56Z z9=24000 z10=24000 z11=25000
2026-09-25T15:21:38Z z9=24000 z10=25000 z11=25000
2026-09-25T15:23:12Z z9=25000 z10=23000 z11=24000
2026-09-25T15:24:18Z z9=24000 z10=23000 z11=24000
2026-09-25T15:24:57Z z9=24000 z10=25000 z11=25000
2026-09-25T15:25:02Z z9=25000 z10=25000 z11=26000
2026-09-25T15:25:07Z z9=25000 z10=25000 z11=25000
2026-09-25T15:25:12Z z9=25000 z10=24000 z11=25000
2026-09-25T15:25:58Z z9=25000 z10=25000 z11=26000
2026-09-25T15:26:14Z z9=25000 z10=24000 z11=25000
2026-09-25T15:27:33Z z9=25000 z10=24000 z11=25000
2026-09-25T15:28:12Z z9=24000 z10=24000 z11=25000
2026-09-25T15:28:19Z z9=24000 z10=24000 z11=24000
2026-09-25T15:28:25Z z9=25000 z10=24000 z11=24000
2026-09-25T15:29:09Z z9=25000 z10=24000 z11=24000
2026-09-25T15:31:14Z z9=24000 z10=24000 z11=25000
2026-09-25T15:32:36Z z9=26000 z10=25000 z11=25000
2026-09-25T15:34:21Z z9=25000 z10=25000 z11=25000
2026-09-25T15:35:47Z z9=24000 z10=24000 z11=25000
2026-09-25T15:36:45Z z9=24000 z10=24000 z11=24000
2026-09-25T15:37:30Z z9=24000 z10=24000 z11=24000
2026-09-25T15:38:34Z z9=24000 z10=25000 z11=25000
2026-09-25T15:39:21Z z9=25000 z10=24000 z11=25000
2026-09-25T15:40:37Z z9=24000 z10=24000 z11=24000
2026-09-25T15:42:08Z z9=26000 z10=24000 z11=25000
2026-09-25T15:43:10Z z9=24000 z10=25000 z11=25000
2026-09-25T15:44:11Z z9=25000 z10=24000 z11=24000
2026-09-25T15:44:17Z z9=24000 z10=24000 z11=25000
2026-09-25T15:45:26Z z9=24000 z10=24000 z11=25000
2026-09-25T15:46:45Z z9=24000 z10=24000 z11=25000
2026-09-25T15:47:11Z z9=24000 z10=23000 z11=24000
2026-09-25T15:48:21Z z9=24000 z10=24000 z11=24000
2026-09-25T15:49:12Z z9=25000 z10=25000 z11=25000
2026-09-25T15:50:33Z z9=24000 z10=24000 z11=24000
2026-09-25T15:52:09Z z9=24000 z10=24000 z11=25000
2026-09-25T15:52:34Z z9=24000 z10=24000 z11=25000
2026-09-25T15:52:39Z z9=24000 z10=24000 z11=25000
2026-09-25T15:52:45Z z9=25000 z10=25000 z11=25000
2026-09-25T15:53:18Z z9=25000 z10=24000 z11=24000
2026-09-25T15:53:23Z z9=24000 z10=24000 z11=25000
2026-09-25T15:53:50Z z9=24000 z10=24000 z11=24000
2026-09-25T15:54:15Z z9=24000 z10=24000 z11=24000
2026-09-25T15:55:11Z z9=23000 z10=24000 z11=24000
2026-09-25T15:55:49Z z9=24000 z10=24000 z11=24000
2026-09-25T15:56:42Z z9=25000 z10=25000 z11=25000
2026-09-25T15:57:52Z z9=26000 z10=25000 z11=25000
2026-09-25T15:59:21Z z9=24000 z10=24000 z11=24000
2026-09-25T16:00:03Z z9=25000 z10=24000 z11=24000
2026-09-25T16:01:11Z z9=25000 z10=24000 z11=24000
2026-09-25T16:02:01Z z9=24000 z10=24000 z11=25000
2026-09-25T16:02:31Z z9=27000 z10=25000 z11=26000
2026-09-25T16:02:36Z z9=25000 z10=24000 z11=25000
2026-09-25T16:02:41Z z9=25000 z10=25000 z11=25000
2026-09-25T16:03:57Z z9=23000 z10=23000 z11=24000
2026-09-25T16:04:05Z z9=24000 z10=25000 z11=25000
2026-09-25T16:05:38Z z9=24000 z10=24000 z11=24000
2026-09-25T16:06:57Z z9=24000 z10=24000 z11=24000
2026-09-25T16:08:50Z z9=24000 z10=24000 z11=24000
2026-09-25T16:10:14Z z9=24000 z10=24000 z11=24000
2026-09-25T16:11:21Z z9=25000 z10=23000 z11=24000
2026-09-25T16:12:35Z z9=24000 z10=23000 z11=24000
2026-09-25T16:14:05Z z9=24000 z10=24000 z11=24000
2026-09-25T16:14:43Z z9=24000 z10=24000 z11=24000
2026-09-25T16:15:13Z z9=24000 z10=23000 z11=24000
2026-09-25T16:15:35Z z9=23000 z10=23000 z11=23000
2026-09-25T16:16:31Z z9=24000 z10=24000 z11=25000
2026-09-25T16:17:28Z z9=24000 z10=23000 z11=24000
2026-09-25T16:17:34Z z9=23000 z10=23000 z11=24000
2026-09-25T16:17:39Z z9=24000 z10=23000 z11=24000
2026-09-25T16:19:03Z z9=24000 z10=24000 z11=24000
2026-09-25T16:20:05Z z9=26000 z10=27000 z11=28000
2026-09-25T16:20:10Z z9=29000 z10=30000 z11=31000
2026-09-25T16:20:15Z z9=30000 z10=30000 z11=30000
2026-09-25T16:20:20Z z9=32000 z10=32000 z11=32000
2026-09-25T16:20:25Z z9=30000 z10=30000 z11=31000
2026-09-25T16:20:30Z z9=29000 z10=28000 z11=28000
2026-09-25T16:20:35Z z9=28000 z10=27000 z11=27000
2026-09-25T16:20:40Z z9=26000 z10=27000 z11=27000
2026-09-25T16:20:45Z z9=27000 z10=26000 z11=26000
2026-09-25T16:20:51Z z9=27000 z10=25000 z11=26000
2026-09-25T16:20:56Z z9=26000 z10=25000 z11=26000
2026-09-25T16:21:01Z z9=25000 z10=25000 z11=26000
2026-09-25T16:21:06Z z9=25000 z10=25000 z11=26000
2026-09-25T16:21:11Z z9=25000 z10=25000 z11=26000
2026-09-25T16:21:16Z z9=25000 z10=25000 z11=26000
2026-09-25T16:21:21Z z9=27000 z10=25000 z11=26000
2026-09-25T16:21:26Z z9=25000 z10=25000 z11=26000
2026-09-25T16:21:31Z z9=25000 z10=25000 z11=26000
2026-09-25T16:21:36Z z9=25000 z10=25000 z11=25000
2026-09-25T16:21:42Z z9=26000 z10=25000 z11=25000
2026-09-25T16:21:47Z z9=25000 z10=25000 z11=25000
2026-09-25T16:21:52Z z9=25000 z10=25000 z11=26000
2026-09-25T16:21:57Z z9=26000 z10=25000 z11=25000
2026-09-25T16:22:02Z z9=25000 z10=25000 z11=25000
2026-09-25T16:22:07Z z9=26000 z10=25000 z11=25000
2026-09-25T16:22:12Z z9=25000 z10=25000 z11=25000
2026-09-25T16:22:17Z z9=25000 z10=25000 z11=26000
2026-09-25T16:22:22Z z9=25000 z10=25000 z11=25000
2026-09-25T16:22:27Z z9=25000 z10=25000 z11=26000
2026-09-25T16:22:33Z z9=25000 z10=25000 z11=25000
2026-09-25T16:22:38Z z9=25000 z10=25000 z11=26000
2026-09-25T16:22:43Z z9=25000 z10=25000 z11=25000
2026-09-25T16:22:48Z z9=25000 z10=25000 z11=25000
2026-09-25T16:22:53Z z9=27000 z10=25000 z11=25000
2026-09-25T16:22:58Z z9=25000 z10=25000 z11=26000
2026-09-25T16:23:03Z z9=25000 z10=25000 z11=26000
2026-09-25T16:23:08Z z9=25000 z10=26000 z11=25000
2026-09-25T16:23:13Z z9=25000 z10=25000 z11=26000
2026-09-25T16:23:19Z z9=25000 z10=25000 z11=26000
2026-09-25T16:23:24Z z9=25000 z10=26000 z11=27000
2026-09-25T16:23:29Z z9=26000 z10=25000 z11=26000
2026-09-25T16:23:34Z z9=25000 z10=25000 z11=26000
2026-09-25T16:23:39Z z9=25000 z10=25000 z11=25000
2026-09-25T16:23:44Z z9=26000 z10=25000 z11=26000
2026-09-25T16:23:49Z z9=25000 z10=25000 z11=25000
2026-09-25T16:23:54Z z9=25000 z10=25000 z11=26000
2026-09-25T16:23:59Z z9=25000 z10=25000 z11=25000
2026-09-25T16:24:04Z z9=25000 z10=25000 z11=26000
2026-09-25T16:24:10Z z9=25000 z10=25000 z11=26000
2026-09-25T16:24:15Z z9=25000 z10=25000 z11=26000
2026-09-25T16:24:20Z z9=25000 z10=26000 z11=26000
2026-09-25T16:24:25Z z9=25000 z10=25000 z11=25000
2026-09-25T16:24:30Z z9=25000 z10=25000 z11=25000
2026-09-25T16:24:35Z z9=25000 z10=26000 z11=26000
2026-09-25T16:24:40Z z9=25000 z10=25000 z11=26000
2026-09-25T16:24:45Z z9=25000 z10=25000 z11=25000
2026-09-25T16:24:50Z z9=25000 z10=25000 z11=26000
2026-09-25T16:24:55Z z9=25000 z10=25000 z11=26000
2026-09-25T16:25:01Z z9=25000 z10=25000 z11=26000
2026-09-25T16:25:06Z z9=25000 z10=26000 z11=26000
2026-09-25T16:25:11Z z9=25000 z10=25000 z11=26000
2026-09-25T16:25:16Z z9=27000 z10=26000 z11=26000
2026-09-25T16:25:21Z z9=25000 z10=26000 z11=26000
2026-09-25T16:25:26Z z9=25000 z10=25000 z11=26000
2026-09-25T16:25:31Z z9=26000 z10=26000 z11=26000
2026-09-25T16:25:36Z z9=25000 z10=25000 z11=26000
2026-09-25T16:25:41Z z9=25000 z10=25000 z11=26000
2026-09-25T16:25:46Z z9=25000 z10=25000 z11=26000
2026-09-25T16:25:51Z z9=26000 z10=26000 z11=26000
2026-09-25T16:25:57Z z9=25000 z10=25000 z11=26000
2026-09-25T16:26:02Z z9=25000 z10=25000 z11=26000
2026-09-25T16:26:07Z z9=25000 z10=25000 z11=26000
2026-09-25T16:26:12Z z9=25000 z10=26000 z11=26000
2026-09-25T16:26:17Z z9=25000 z10=26000 z11=27000
2026-09-25T16:26:22Z z9=25000 z10=26000 z11=26000
2026-09-25T16:26:27Z z9=26000 z10=26000 z11=26000
2026-09-25T16:26:32Z z9=25000 z10=26000 z11=26000
2026-09-25T16:26:37Z z9=25000 z10=25000 z11=26000
2026-09-25T16:26:43Z z9=25000 z10=26000 z11=26000
2026-09-25T16:26:48Z z9=26000 z10=26000 z11=26000
2026-09-25T16:26:53Z z9=25000 z10=25000 z11=26000
2026-09-25T16:26:58Z z9=26000 z10=25000 z11=26000
2026-09-25T16:27:03Z z9=25000 z10=26000 z11=25000
2026-09-25T16:27:08Z z9=26000 z10=25000 z11=26000
2026-09-25T16:27:13Z z9=25000 z10=25000 z11=26000
2026-09-25T16:27:18Z z9=25000 z10=25000 z11=26000
2026-09-25T16:27:24Z z9=25000 z10=25000 z11=26000
2026-09-25T16:27:29Z z9=25000 z10=25000 z11=26000
2026-09-25T16:27:34Z z9=25000 z10=25000 z11=26000
2026-09-25T16:27:39Z z9=25000 z10=26000 z11=26000
2026-09-25T16:27:44Z z9=25000 z10=25000 z11=26000
2026-09-25T16:27:49Z z9=25000 z10=25000 z11=26000
2026-09-25T16:27:54Z z9=25000 z10=25000 z11=26000
2026-09-25T16:27:59Z z9=25000 z10=26000 z11=26000
2026-09-25T16:28:04Z z9=25000 z10=25000 z11=26000
2026-09-25T16:28:09Z z9=27000 z10=26000 z11=26000
2026-09-25T16:28:15Z z9=25000 z10=26000 z11=26000
2026-09-25T16:28:20Z z9=25000 z10=25000 z11=26000
2026-09-25T16:28:25Z z9=27000 z10=26000 z11=26000
2026-09-25T16:28:30Z z9=27000 z10=26000 z11=26000
2026-09-25T16:28:35Z z9=27000 z10=25000 z11=26000
2026-09-25T16:28:40Z z9=25000 z10=26000 z11=26000
2026-09-25T16:28:45Z z9=26000 z10=26000 z11=26000
2026-09-25T16:28:50Z z9=26000 z10=26000 z11=26000
2026-09-25T16:28:55Z z9=26000 z10=26000 z11=27000
2026-09-25T16:29:00Z z9=26000 z10=26000 z11=26000
2026-09-25T16:29:05Z z9=26000 z10=26000 z11=26000
2026-09-25T16:29:10Z z9=27000 z10=26000 z11=26000
2026-09-25T16:29:16Z z9=25000 z10=25000 z11=26000
2026-09-25T16:29:21Z z9=25000 z10=26000 z11=26000
2026-09-25T16:29:26Z z9=26000 z10=26000 z11=26000
2026-09-25T16:29:31Z z9=26000 z10=26000 z11=27000
2026-09-25T16:29:36Z z9=26000 z10=26000 z11=26000
2026-09-25T16:29:41Z z9=26000 z10=26000 z11=27000
2026-09-25T16:29:46Z z9=25000 z10=26000 z11=26000
2026-09-25T16:29:51Z z9=25000 z10=26000 z11=26000
2026-09-25T16:29:56Z z9=26000 z10=26000 z11=26000
2026-09-25T16:30:02Z z9=26000 z10=26000 z11=26000
2026-09-25T16:30:07Z z9=26000 z10=26000 z11=26000
2026-09-25T16:30:12Z z9=25000 z10=26000 z11=26000
2026-09-25T16:30:17Z z9=25000 z10=25000 z11=26000
2026-09-25T16:30:22Z z9=25000 z10=26000 z11=27000
2026-09-25T16:30:27Z z9=26000 z10=26000 z11=26000
2026-09-25T16:30:32Z z9=25000 z10=25000 z11=26000
2026-09-25T16:30:37Z z9=26000 z10=26000 z11=26000
2026-09-25T16:30:42Z z9=26000 z10=26000 z11=26000
2026-09-25T16:30:47Z z9=26000 z10=26000 z11=26000
2026-09-25T16:30:53Z z9=27000 z10=26000 z11=26000
2026-09-25T16:30:58Z z9=26000 z10=26000 z11=26000
2026-09-25T16:31:03Z z9=26000 z10=26000 z11=26000
2026-09-25T16:31:08Z z9=27000 z10=26000 z11=26000
2026-09-25T16:31:13Z z9=26000 z10=26000 z11=27000
2026-09-25T16:31:18Z z9=25000 z10=26000 z11=26000
2026-09-25T16:31:23Z z9=26000 z10=26000 z11=26000
2026-09-25T16:31:28Z z9=26000 z10=26000 z11=26000
2026-09-25T16:31:34Z z9=26000 z10=26000 z11=26000
2026-09-25T16:31:39Z z9=26000 z10=26000 z11=26000
2026-09-25T16:31:44Z z9=26000 z10=26000 z11=26000
2026-09-25T16:31:49Z z9=26000 z10=26000 z11=26000
2026-09-25T16:31:54Z z9=25000 z10=26000 z11=26000
2026-09-25T16:31:59Z z9=25000 z10=25000 z11=26000
2026-09-25T16:32:04Z z9=25000 z10=26000 z11=26000
2026-09-25T16:32:09Z z9=25000 z10=25000 z11=26000
2026-09-25T16:32:14Z z9=26000 z10=26000 z11=27000
2026-09-25T16:32:19Z z9=26000 z10=27000 z11=27000
2026-09-25T16:32:24Z z9=27000 z10=26000 z11=27000
2026-09-25T16:32:29Z z9=27000 z10=26000 z11=27000
2026-09-25T16:32:35Z z9=26000 z10=26000 z11=27000
2026-09-25T16:32:40Z z9=26000 z10=27000 z11=26000
2026-09-25T16:32:45Z z9=27000 z10=27000 z11=27000
2026-09-25T16:32:50Z z9=26000 z10=26000 z11=27000
2026-09-25T16:32:55Z z9=26000 z10=26000 z11=27000
2026-09-25T16:33:00Z z9=26000 z10=26000 z11=27000
2026-09-25T16:33:05Z z9=26000 z10=26000 z11=27000
2026-09-25T16:33:10Z z9=26000 z10=26000 z11=27000
2026-09-25T16:33:15Z z9=27000 z10=26000 z11=26000
2026-09-25T16:33:21Z z9=26000 z10=27000 z11=27000
2026-09-25T16:33:26Z z9=27000 z10=26000 z11=27000
2026-09-25T16:33:31Z z9=26000 z10=26000 z11=27000
2026-09-25T16:33:36Z z9=26000 z10=26000 z11=27000
2026-09-25T16:33:41Z z9=27000 z10=26000 z11=26000
2026-09-25T16:33:46Z z9=26000 z10=26000 z11=27000
2026-09-25T16:33:51Z z9=27000 z10=27000 z11=28000
2026-09-25T16:33:56Z z9=26000 z10=27000 z11=26000
2026-09-25T16:34:01Z z9=26000 z10=26000 z11=27000
2026-09-25T16:34:06Z z9=26000 z10=26000 z11=26000
2026-09-25T16:34:11Z z9=26000 z10=26000 z11=26000
2026-09-25T16:34:17Z z9=26000 z10=26000 z11=27000
2026-09-25T16:34:22Z z9=26000 z10=27000 z11=26000
2026-09-25T16:34:27Z z9=26000 z10=27000 z11=27000
2026-09-25T16:34:32Z z9=26000 z10=26000 z11=27000
2026-09-25T16:34:37Z z9=26000 z10=26000 z11=27000
2026-09-25T16:34:42Z z9=27000 z10=26000 z11=27000
2026-09-25T16:34:47Z z9=26000 z10=26000 z11=27000
2026-09-25T16:34:52Z z9=26000 z10=27000 z11=27000
2026-09-25T16:34:57Z z9=26000 z10=26000 z11=27000
2026-09-25T16:35:02Z z9=26000 z10=26000 z11=27000
2026-09-25T16:35:07Z z9=26000 z10=26000 z11=26000
2026-09-25T16:35:12Z z9=26000 z10=26000 z11=26000
2026-09-25T16:35:18Z z9=26000 z10=27000 z11=26000
2026-09-25T16:35:23Z z9=26000 z10=26000 z11=26000
2026-09-25T16:35:28Z z9=26000 z10=27000 z11=27000
2026-09-25T16:35:33Z z9=26000 z10=26000 z11=26000
2026-09-25T16:35:38Z z9=26000 z10=26000 z11=27000
2026-09-25T16:35:43Z z9=26000 z10=27000 z11=27000
2026-09-25T16:35:48Z z9=26000 z10=26000 z11=26000
2026-09-25T16:35:53Z z9=28000 z10=26000 z11=27000
2026-09-25T16:35:58Z z9=54000 z10=40000 z11=41000
2026-09-25T16:36:03Z z9=59000 z10=42000 z11=45000
2026-09-25T16:36:09Z z9=54000 z10=40000 z11=42000
2026-09-25T16:36:14Z z9=38000 z10=37000 z11=37000
2026-09-25T16:36:19Z z9=34000 z10=35000 z11=35000
2026-09-25T16:36:24Z z9=35000 z10=35000 z11=35000
2026-09-25T16:36:29Z z9=39000 z10=36000 z11=36000
2026-09-25T16:36:34Z z9=45000 z10=45000 z11=44000
2026-09-25T16:36:39Z z9=40000 z10=39000 z11=39000
2026-09-25T16:36:44Z z9=56000 z10=54000 z11=54000
2026-09-25T16:36:49Z z9=43000 z10=42000 z11=45000
2026-09-25T16:36:54Z z9=55000 z10=47000 z11=48000
2026-09-25T16:37:00Z z9=56000 z10=55000 z11=57000
2026-09-25T16:37:05Z z9=54000 z10=45000 z11=44000
2026-09-25T16:37:10Z z9=49000 z10=45000 z11=46000
2026-09-25T16:37:15Z z9=52000 z10=50000 z11=51000
2026-09-25T16:37:20Z z9=45000 z10=47000 z11=47000
2026-09-25T16:37:25Z z9=55000 z10=49000 z11=50000
2026-09-25T16:37:30Z z9=57000 z10=50000 z11=51000
2026-09-25T16:37:35Z z9=49000 z10=49000 z11=52000
2026-09-25T16:37:40Z z9=61000 z10=60000 z11=61000
2026-09-25T16:37:46Z z9=65000 z10=61000 z11=62000
2026-09-25T16:37:51Z z9=47000 z10=50000 z11=50000
2026-09-25T16:37:56Z z9=59000 z10=49000 z11=49000
2026-09-25T16:38:01Z z9=58000 z10=58000 z11=59000
2026-09-25T16:38:06Z z9=48000 z10=48000 z11=48000
2026-09-25T16:38:11Z z9=48000 z10=47000 z11=47000
2026-09-25T16:38:16Z z9=50000 z10=48000 z11=50000
2026-09-25T16:38:21Z z9=64000 z10=57000 z11=59000
2026-09-25T16:38:26Z z9=52000 z10=49000 z11=49000
2026-09-25T16:38:31Z z9=49000 z10=49000 z11=49000
2026-09-25T16:38:37Z z9=59000 z10=59000 z11=60000
2026-09-25T16:38:42Z z9=54000 z10=55000 z11=55000
2026-09-25T16:38:47Z z9=48000 z10=50000 z11=50000
2026-09-25T16:38:52Z z9=45000 z10=46000 z11=46000
2026-09-25T16:38:57Z z9=48000 z10=47000 z11=47000
2026-09-25T16:39:02Z z9=45000 z10=44000 z11=45000
2026-09-25T16:39:07Z z9=52000 z10=52000 z11=53000
2026-09-25T16:39:12Z z9=46000 z10=42000 z11=43000
2026-09-25T16:39:17Z z9=40000 z10=40000 z11=39000
2026-09-25T16:40:32Z z9=27000 z10=29000 z11=29000
2026-09-25T16:42:12Z z9=27000 z10=26000 z11=26000
2026-09-25T16:43:30Z z9=26000 z10=26000 z11=26000
2026-09-25T16:45:07Z z9=26000 z10=26000 z11=26000
2026-09-25T16:46:15Z z9=26000 z10=26000 z11=26000
2026-09-25T16:48:12Z z9=25000 z10=25000 z11=25000
2026-09-25T16:49:40Z z9=25000 z10=25000 z11=25000
2026-09-25T16:50:36Z z9=25000 z10=25000 z11=25000
2026-09-25T16:52:14Z z9=25000 z10=25000 z11=25000
2026-09-25T16:52:22Z z9=28000 z10=27000 z11=27000
2026-09-25T16:52:27Z z9=27000 z10=25000 z11=26000
2026-09-25T16:52:32Z z9=27000 z10=27000 z11=28000
2026-09-25T16:52:37Z z9=25000 z10=26000 z11=26000
2026-09-25T16:52:42Z z9=25000 z10=26000 z11=26000
2026-09-25T16:52:48Z z9=25000 z10=26000 z11=26000
2026-09-25T16:52:53Z z9=26000 z10=25000 z11=26000
2026-09-25T16:52:58Z z9=25000 z10=26000 z11=26000
2026-09-25T16:53:03Z z9=27000 z10=25000 z11=26000
2026-09-25T16:53:08Z z9=25000 z10=26000 z11=26000
2026-09-25T16:53:13Z z9=26000 z10=26000 z11=26000
2026-09-25T16:53:18Z z9=25000 z10=26000 z11=26000
2026-09-25T16:53:23Z z9=25000 z10=26000 z11=26000
2026-09-25T16:53:28Z z9=27000 z10=25000 z11=26000
2026-09-25T16:53:33Z z9=26000 z10=26000 z11=26000
2026-09-25T16:53:38Z z9=25000 z10=26000 z11=26000
2026-09-25T16:53:43Z z9=26000 z10=26000 z11=26000
2026-09-25T16:53:49Z z9=27000 z10=26000 z11=26000
2026-09-25T16:53:54Z z9=25000 z10=26000 z11=26000
2026-09-25T16:53:59Z z9=26000 z10=26000 z11=26000
2026-09-25T16:54:04Z z9=28000 z10=26000 z11=27000
2026-09-25T16:54:09Z z9=26000 z10=26000 z11=26000
2026-09-25T16:54:14Z z9=25000 z10=26000 z11=26000
2026-09-25T16:54:19Z z9=26000 z10=26000 z11=26000
2026-09-25T16:54:24Z z9=27000 z10=26000 z11=26000
2026-09-25T16:54:29Z z9=26000 z10=26000 z11=26000
2026-09-25T16:54:34Z z9=25000 z10=26000 z11=26000
2026-09-25T16:54:39Z z9=26000 z10=26000 z11=26000
2026-09-25T16:54:45Z z9=26000 z10=25000 z11=26000
2026-09-25T16:54:50Z z9=27000 z10=26000 z11=26000
2026-09-25T16:54:55Z z9=25000 z10=26000 z11=26000
2026-09-25T16:55:00Z z9=25000 z10=25000 z11=26000
2026-09-25T16:55:05Z z9=26000 z10=25000 z11=25000
2026-09-25T16:55:40Z z9=25000 z10=25000 z11=25000
2026-09-25T16:57:21Z z9=25000 z10=25000 z11=25000
2026-09-25T16:58:57Z z9=25000 z10=25000 z11=25000
2026-09-25T17:00:16Z z9=25000 z10=25000 z11=24000
2026-09-25T17:01:53Z z9=25000 z10=24000 z11=24000
2026-09-25T17:02:39Z z9=25000 z10=25000 z11=25000
2026-09-25T17:04:21Z z9=24000 z10=24000 z11=24000
2026-09-25T17:06:07Z z9=24000 z10=24000 z11=25000
2026-09-25T17:08:33Z z9=24000 z10=24000 z11=25000
2026-09-25T17:09:55Z z9=25000 z10=25000 z11=25000
2026-09-25T17:12:01Z z9=25000 z10=24000 z11=25000
2026-09-25T17:13:11Z z9=25000 z10=25000 z11=25000
2026-09-25T17:13:16Z z9=25000 z10=25000 z11=25000
2026-09-25T17:13:21Z z9=25000 z10=25000 z11=25000
2026-09-25T17:14:08Z z9=25000 z10=25000 z11=25000
2026-09-25T17:15:32Z z9=25000 z10=25000 z11=25000
2026-09-25T17:17:26Z z9=25000 z10=25000 z11=25000
2026-09-25T17:18:33Z z9=24000 z10=24000 z11=24000
2026-09-25T17:20:03Z z9=26000 z10=25000 z11=25000
2026-09-25T17:21:36Z z9=25000 z10=25000 z11=25000
2026-09-25T17:22:57Z z9=25000 z10=25000 z11=25000
2026-09-25T17:24:17Z z9=25000 z10=25000 z11=25000
2026-09-25T17:26:22Z z9=24000 z10=24000 z11=24000
2026-09-25T17:27:27Z z9=25000 z10=25000 z11=26000
2026-09-25T17:29:10Z z9=26000 z10=25000 z11=25000
2026-09-25T17:29:15Z z9=26000 z10=24000 z11=25000
2026-09-25T17:29:20Z z9=25000 z10=25000 z11=25000
2026-09-25T17:29:28Z z9=25000 z10=25000 z11=26000
2026-09-25T17:29:40Z z9=25000 z10=26000 z11=26000
2026-09-25T17:29:46Z z9=25000 z10=25000 z11=26000
2026-09-25T17:29:51Z z9=27000 z10=25000 z11=25000
2026-09-25T17:29:56Z z9=25000 z10=25000 z11=25000
2026-09-25T17:30:01Z z9=25000 z10=25000 z11=25000
2026-09-25T17:30:06Z z9=26000 z10=25000 z11=25000
2026-09-25T17:30:11Z z9=24000 z10=25000 z11=25000
2026-09-25T17:30:16Z z9=26000 z10=25000 z11=25000
2026-09-25T17:30:21Z z9=25000 z10=25000 z11=25000
2026-09-25T17:30:26Z z9=25000 z10=25000 z11=25000
2026-09-25T17:30:31Z z9=25000 z10=25000 z11=25000
2026-09-25T17:30:36Z z9=26000 z10=25000 z11=25000
2026-09-25T17:30:42Z z9=25000 z10=25000 z11=25000
2026-09-25T17:30:47Z z9=25000 z10=25000 z11=25000
2026-09-25T17:30:52Z z9=25000 z10=25000 z11=25000
2026-09-25T17:30:57Z z9=25000 z10=25000 z11=25000
2026-09-25T17:31:02Z z9=25000 z10=25000 z11=25000
2026-09-25T17:31:07Z z9=25000 z10=25000 z11=25000
2026-09-25T17:31:12Z z9=25000 z10=25000 z11=25000
2026-09-25T17:31:23Z z9=27000 z10=25000 z11=26000
2026-09-25T17:32:35Z z9=24000 z10=24000 z11=25000
2026-09-25T17:34:21Z z9=25000 z10=24000 z11=25000
2026-09-25T17:35:12Z z9=25000 z10=25000 z11=25000
2026-09-25T17:36:08Z z9=27000 z10=25000 z11=25000
2026-09-25T17:37:40Z z9=25000 z10=25000 z11=25000
2026-09-25T17:38:30Z z9=24000 z10=24000 z11=25000
2026-09-25T17:38:35Z z9=25000 z10=24000 z11=25000
2026-09-25T17:40:05Z z9=25000 z10=25000 z11=25000
2026-09-25T17:41:09Z z9=24000 z10=24000 z11=25000
2026-09-25T17:41:14Z z9=25000 z10=25000 z11=25000
2026-09-25T17:42:34Z z9=24000 z10=25000 z11=24000
2026-09-25T17:42:39Z z9=25000 z10=24000 z11=25000
2026-09-25T17:42:44Z z9=24000 z10=25000 z11=25000
2026-09-25T17:45:15Z z9=26000 z10=25000 z11=26000
2026-09-25T17:46:21Z z9=25000 z10=24000 z11=25000
2026-09-25T17:49:29Z z9=24000 z10=25000 z11=25000
2026-09-25T17:49:34Z z9=25000 z10=25000 z11=25000
2026-09-25T17:49:39Z z9=24000 z10=25000 z11=25000
2026-09-25T17:51:16Z z9=26000 z10=25000 z11=26000
2026-09-25T17:51:21Z z9=26000 z10=25000 z11=25000
2026-09-25T17:51:27Z z9=25000 z10=24000 z11=25000
2026-09-25T17:53:33Z z9=24000 z10=24000 z11=25000
2026-09-25T17:55:07Z z9=27000 z10=27000 z11=28000
2026-09-25T17:55:12Z z9=24000 z10=25000 z11=25000
2026-09-25T17:55:23Z z9=26000 z10=25000 z11=25000
2026-09-25T17:55:28Z z9=25000 z10=24000 z11=25000
2026-09-25T17:55:34Z z9=25000 z10=25000 z11=25000
2026-09-25T17:56:31Z z9=24000 z10=24000 z11=25000
2026-09-25T17:57:44Z z9=25000 z10=24000 z11=25000
2026-09-25T17:57:49Z z9=25000 z10=25000 z11=25000
2026-09-25T18:00:01Z z9=25000 z10=25000 z11=25000
2026-09-25T18:00:56Z z9=25000 z10=24000 z11=25000
2026-09-25T18:01:01Z z9=24000 z10=24000 z11=25000
2026-09-25T18:02:13Z z9=25000 z10=24000 z11=26000
2026-09-25T18:03:49Z z9=24000 z10=24000 z11=25000
2026-09-25T18:03:54Z z9=24000 z10=25000 z11=25000
2026-09-25T18:09:06Z z9=26000 z10=24000 z11=24000
2026-09-25T18:09:17Z z9=25000 z10=25000 z11=25000
2026-09-25T18:09:22Z z9=26000 z10=25000 z11=26000
2026-09-25T18:09:27Z z9=27000 z10=26000 z11=26000
2026-09-25T18:09:32Z z9=27000 z10=25000 z11=25000
2026-09-25T18:09:37Z z9=26000 z10=25000 z11=27000
2026-09-25T18:09:42Z z9=25000 z10=25000 z11=25000
2026-09-25T18:09:47Z z9=26000 z10=25000 z11=25000
2026-09-25T18:09:52Z z9=27000 z10=25000 z11=26000
2026-09-25T18:09:57Z z9=25000 z10=25000 z11=25000
2026-09-25T18:10:54Z z9=25000 z10=25000 z11=25000
2026-09-25T18:11:59Z z9=24000 z10=24000 z11=25000
2026-09-25T18:12:04Z z9=26000 z10=25000 z11=25000
2026-09-25T18:15:05Z z9=24000 z10=25000 z11=25000
2026-09-25T18:15:11Z z9=24000 z10=25000 z11=25000
2026-09-25T18:15:36Z z9=25000 z10=25000 z11=25000
2026-09-25T18:15:53Z z9=25000 z10=25000 z11=25000
2026-09-25T18:15:58Z z9=25000 z10=25000 z11=25000
2026-09-25T18:16:55Z z9=25000 z10=26000 z11=27000
2026-09-25T18:17:00Z z9=27000 z10=25000 z11=26000
2026-09-25T18:19:11Z z9=25000 z10=25000 z11=26000
2026-09-25T18:19:16Z z9=25000 z10=25000 z11=25000
2026-09-25T18:20:54Z z9=26000 z10=25000 z11=25000
2026-09-25T18:21:18Z z9=26000 z10=25000 z11=25000
2026-09-25T18:21:34Z z9=26000 z10=27000 z11=27000
2026-09-25T18:21:39Z z9=27000 z10=26000 z11=26000
2026-09-25T18:21:44Z z9=26000 z10=27000 z11=27000
2026-09-25T18:21:49Z z9=26000 z10=26000 z11=27000
2026-09-25T18:21:55Z z9=26000 z10=26000 z11=27000
2026-09-25T18:22:00Z z9=28000 z10=27000 z11=27000
2026-09-25T18:22:05Z z9=26000 z10=26000 z11=27000
2026-09-25T18:22:10Z z9=26000 z10=26000 z11=26000
2026-09-25T18:22:15Z z9=27000 z10=26000 z11=27000
2026-09-25T18:22:26Z z9=26000 z10=26000 z11=26000
2026-09-25T18:22:31Z z9=26000 z10=26000 z11=26000
2026-09-25T18:22:39Z z9=26000 z10=27000 z11=27000
2026-09-25T18:22:44Z z9=26000 z10=26000 z11=26000
2026-09-25T18:22:49Z z9=28000 z10=26000 z11=26000
2026-09-25T18:22:54Z z9=27000 z10=26000 z11=26000
2026-09-25T18:23:11Z z9=26000 z10=26000 z11=28000
2026-09-25T18:23:48Z z9=26000 z10=26000 z11=26000
2026-09-25T18:23:53Z z9=26000 z10=26000 z11=26000
2026-09-25T18:24:03Z z9=27000 z10=27000 z11=28000
2026-09-25T18:24:08Z z9=27000 z10=26000 z11=26000
2026-09-25T18:24:13Z z9=28000 z10=28000 z11=28000
2026-09-25T18:24:18Z z9=28000 z10=27000 z11=27000
2026-09-25T18:24:23Z z9=26000 z10=26000 z11=27000
2026-09-25T18:24:29Z z9=28000 z10=26000 z11=27000
2026-09-25T18:24:34Z z9=26000 z10=27000 z11=26000
2026-09-25T18:24:39Z z9=28000 z10=28000 z11=28000
2026-09-25T18:24:44Z z9=28000 z10=28000 z11=28000
2026-09-25T18:24:49Z z9=28000 z10=28000 z11=29000
2026-09-25T18:24:54Z z9=27000 z10=27000 z11=28000
2026-09-25T18:24:59Z z9=27000 z10=28000 z11=28000
2026-09-25T18:25:04Z z9=31000 z10=30000 z11=32000
2026-09-25T18:25:09Z z9=28000 z10=28000 z11=28000
2026-09-25T18:25:14Z z9=28000 z10=27000 z11=27000
2026-09-25T18:25:19Z z9=27000 z10=28000 z11=27000
2026-09-25T18:25:25Z z9=26000 z10=27000 z11=27000
2026-09-25T18:25:30Z z9=28000 z10=28000 z11=29000
2026-09-25T18:25:35Z z9=27000 z10=27000 z11=27000
2026-09-25T18:25:40Z z9=27000 z10=27000 z11=27000
2026-09-25T18:25:45Z z9=26000 z10=27000 z11=27000
2026-09-25T18:25:50Z z9=26000 z10=26000 z11=27000
2026-09-25T18:25:55Z z9=26000 z10=27000 z11=27000
2026-09-25T18:26:00Z z9=26000 z10=27000 z11=27000
2026-09-25T18:26:05Z z9=27000 z10=26000 z11=27000
2026-09-25T18:26:10Z z9=26000 z10=27000 z11=27000
2026-09-25T18:26:15Z z9=28000 z10=27000 z11=27000
2026-09-25T18:26:21Z z9=28000 z10=27000 z11=27000
2026-09-25T18:26:26Z z9=27000 z10=27000 z11=28000
2026-09-25T18:26:31Z z9=27000 z10=27000 z11=27000
2026-09-25T18:26:36Z z9=28000 z10=27000 z11=27000
2026-09-25T18:26:41Z z9=31000 z10=30000 z11=30000
2026-09-25T18:26:46Z z9=28000 z10=28000 z11=28000
2026-09-25T18:26:51Z z9=29000 z10=28000 z11=28000
2026-09-25T18:26:56Z z9=27000 z10=28000 z11=29000
2026-09-25T18:27:01Z z9=27000 z10=27000 z11=28000
2026-09-25T18:27:06Z z9=27000 z10=27000 z11=28000
2026-09-25T18:27:12Z z9=27000 z10=27000 z11=27000
2026-09-25T18:27:17Z z9=28000 z10=27000 z11=27000
2026-09-25T18:27:22Z z9=27000 z10=27000 z11=27000
2026-09-25T18:27:27Z z9=27000 z10=27000 z11=28000
2026-09-25T18:27:32Z z9=29000 z10=27000 z11=28000
2026-09-25T18:27:37Z z9=27000 z10=27000 z11=28000
2026-09-25T18:27:42Z z9=28000 z10=26000 z11=27000
2026-09-25T18:27:47Z z9=26000 z10=27000 z11=26000
2026-09-25T18:27:52Z z9=27000 z10=26000 z11=27000
2026-09-25T18:27:58Z z9=27000 z10=26000 z11=27000
2026-09-25T18:28:03Z z9=27000 z10=27000 z11=27000
2026-09-25T18:28:08Z z9=26000 z10=26000 z11=27000
2026-09-25T18:28:13Z z9=26000 z10=27000 z11=27000
2026-09-25T18:28:18Z z9=27000 z10=26000 z11=27000
2026-09-25T18:28:23Z z9=28000 z10=27000 z11=27000
2026-09-25T18:28:28Z z9=27000 z10=27000 z11=27000
2026-09-25T18:28:33Z z9=27000 z10=26000 z11=27000
2026-09-25T18:28:38Z z9=27000 z10=27000 z11=27000
2026-09-25T18:28:43Z z9=27000 z10=27000 z11=27000
2026-09-25T18:28:49Z z9=27000 z10=26000 z11=27000
2026-09-25T18:28:54Z z9=27000 z10=26000 z11=27000
2026-09-25T18:28:59Z z9=26000 z10=26000 z11=27000
2026-09-25T18:29:04Z z9=26000 z10=27000 z11=27000
2026-09-25T18:29:09Z z9=26000 z10=27000 z11=28000
2026-09-25T18:29:14Z z9=26000 z10=27000 z11=27000
2026-09-25T18:29:19Z z9=26000 z10=26000 z11=27000
2026-09-25T18:29:24Z z9=27000 z10=27000 z11=28000
2026-09-25T18:29:29Z z9=27000 z10=27000 z11=28000
2026-09-25T18:29:35Z z9=27000 z10=27000 z11=28000
2026-09-25T18:29:40Z z9=27000 z10=27000 z11=27000
2026-09-25T18:29:45Z z9=28000 z10=26000 z11=27000
2026-09-25T18:29:50Z z9=27000 z10=27000 z11=27000
2026-09-25T18:29:55Z z9=27000 z10=27000 z11=28000
2026-09-25T18:30:00Z z9=27000 z10=27000 z11=28000
2026-09-25T18:30:05Z z9=27000 z10=27000 z11=28000
2026-09-25T18:30:10Z z9=27000 z10=27000 z11=28000
2026-09-25T18:30:15Z z9=27000 z10=27000 z11=28000
2026-09-25T18:30:21Z z9=27000 z10=27000 z11=27000
2026-09-25T18:30:26Z z9=27000 z10=28000 z11=29000
2026-09-25T18:30:31Z z9=29000 z10=27000 z11=27000
2026-09-25T18:30:36Z z9=27000 z10=28000 z11=28000
2026-09-25T18:30:41Z z9=30000 z10=30000 z11=32000
2026-09-25T18:30:46Z z9=29000 z10=28000 z11=28000
2026-09-25T18:30:51Z z9=28000 z10=28000 z11=28000
2026-09-25T18:30:56Z z9=30000 z10=30000 z11=31000
2026-09-25T18:31:01Z z9=30000 z10=29000 z11=30000
2026-09-25T18:31:06Z z9=28000 z10=28000 z11=29000
2026-09-25T18:31:11Z z9=29000 z10=28000 z11=28000
2026-09-25T18:31:17Z z9=38000 z10=35000 z11=35000
2026-09-25T18:31:22Z z9=37000 z10=37000 z11=38000
2026-09-25T18:31:27Z z9=33000 z10=32000 z11=33000
2026-09-25T18:31:32Z z9=33000 z10=31000 z11=32000
2026-09-25T18:31:38Z z9=31000 z10=32000 z11=32000
2026-09-25T18:31:46Z z9=29000 z10=29000 z11=30000
2026-09-25T18:31:51Z z9=30000 z10=29000 z11=29000
2026-09-25T18:31:56Z z9=28000 z10=29000 z11=29000
2026-09-25T18:32:01Z z9=28000 z10=28000 z11=29000
2026-09-25T18:32:07Z z9=30000 z10=28000 z11=29000
2026-09-25T18:32:12Z z9=29000 z10=28000 z11=29000
2026-09-25T18:32:17Z z9=28000 z10=28000 z11=28000
2026-09-25T18:32:22Z z9=27000 z10=28000 z11=28000
2026-09-25T18:32:27Z z9=27000 z10=27000 z11=28000
2026-09-25T18:32:32Z z9=27000 z10=27000 z11=27000
2026-09-25T18:32:38Z z9=27000 z10=27000 z11=28000
2026-09-25T18:32:43Z z9=27000 z10=27000 z11=28000
2026-09-25T18:32:48Z z9=27000 z10=27000 z11=28000
2026-09-25T18:32:53Z z9=28000 z10=27000 z11=28000
2026-09-25T18:32:58Z z9=28000 z10=27000 z11=28000
2026-09-25T18:33:03Z z9=28000 z10=27000 z11=28000
2026-09-25T18:33:08Z z9=29000 z10=27000 z11=28000
2026-09-25T18:33:13Z z9=29000 z10=29000 z11=30000
2026-09-25T18:33:18Z z9=27000 z10=27000 z11=28000
2026-09-25T18:33:24Z z9=27000 z10=27000 z11=28000
2026-09-25T18:33:29Z z9=27000 z10=28000 z11=28000
2026-09-25T18:33:34Z z9=41000 z10=47000 z11=47000
2026-09-25T18:33:39Z z9=42000 z10=40000 z11=40000
2026-09-25T18:33:44Z z9=38000 z10=41000 z11=40000
2026-09-25T18:33:49Z z9=38000 z10=39000 z11=40000
2026-09-25T18:33:54Z z9=40000 z10=40000 z11=41000
2026-09-25T18:33:59Z z9=40000 z10=40000 z11=41000
2026-09-25T18:34:04Z z9=38000 z10=41000 z11=41000
2026-09-25T18:34:10Z z9=59000 z10=52000 z11=52000
2026-09-25T18:34:15Z z9=50000 z10=53000 z11=54000
2026-09-25T18:34:20Z z9=43000 z10=45000 z11=43000
2026-09-25T18:34:25Z z9=37000 z10=37000 z11=38000
2026-09-25T18:34:30Z z9=34000 z10=33000 z11=34000
2026-09-25T18:34:35Z z9=32000 z10=33000 z11=33000
2026-09-25T18:34:40Z z9=31000 z10=32000 z11=32000
2026-09-25T18:36:35Z z9=29000 z10=29000 z11=30000
2026-09-25T18:37:00Z z9=30000 z10=30000 z11=31000
2026-09-25T18:37:05Z z9=29000 z10=29000 z11=29000
2026-09-25T18:37:10Z z9=29000 z10=29000 z11=30000
2026-09-25T18:37:15Z z9=31000 z10=32000 z11=32000
2026-09-25T18:37:20Z z9=57000 z10=48000 z11=49000
2026-09-25T18:37:25Z z9=40000 z10=43000 z11=44000
2026-09-25T18:37:30Z z9=36000 z10=36000 z11=36000
2026-09-25T18:37:36Z z9=38000 z10=39000 z11=39000
2026-09-25T18:37:41Z z9=34000 z10=33000 z11=33000
2026-09-25T18:37:46Z z9=33000 z10=33000 z11=34000
2026-09-25T18:37:51Z z9=32000 z10=33000 z11=34000
2026-09-25T18:37:56Z z9=50000 z10=42000 z11=45000
2026-09-25T18:38:01Z z9=39000 z10=39000 z11=39000
2026-09-25T18:38:06Z z9=90000 z10=77000 z11=78000
2026-09-25T18:38:11Z z9=55000 z10=48000 z11=48000
2026-09-25T18:38:16Z z9=51000 z10=48000 z11=48000
2026-09-25T18:38:21Z z9=46000 z10=48000 z11=48000
2026-09-25T18:38:27Z z9=57000 z10=51000 z11=52000
2026-09-25T18:38:32Z z9=68000 z10=60000 z11=62000
2026-09-25T18:38:37Z z9=77000 z10=69000 z11=69000
2026-09-25T18:38:42Z z9=55000 z10=55000 z11=55000
2026-09-25T18:38:47Z z9=58000 z10=57000 z11=57000
2026-09-25T18:38:52Z z9=45000 z10=45000 z11=46000
2026-09-25T18:38:57Z z9=40000 z10=41000 z11=42000
2026-09-25T18:39:02Z z9=38000 z10=39000 z11=39000
2026-09-25T18:39:07Z z9=37000 z10=36000 z11=37000
2026-09-25T18:39:13Z z9=35000 z10=35000 z11=36000
2026-09-25T18:39:18Z z9=36000 z10=34000 z11=35000
2026-09-25T18:39:23Z z9=35000 z10=34000 z11=34000
2026-09-25T18:39:28Z z9=33000 z10=33000 z11=33000
2026-09-25T18:39:33Z z9=32000 z10=32000 z11=33000
2026-09-25T18:39:38Z z9=33000 z10=32000 z11=32000
2026-09-25T18:39:43Z z9=31000 z10=32000 z11=32000
2026-09-25T18:39:48Z z9=31000 z10=32000 z11=32000
2026-09-25T18:39:53Z z9=31000 z10=31000 z11=32000
2026-09-25T18:39:58Z z9=31000 z10=31000 z11=32000
2026-09-25T18:40:04Z z9=31000 z10=31000 z11=32000
2026-09-25T18:40:09Z z9=30000 z10=30000 z11=32000
2026-09-25T18:40:14Z z9=30000 z10=30000 z11=31000
2026-09-25T18:40:19Z z9=30000 z10=30000 z11=31000
2026-09-25T18:40:24Z z9=31000 z10=30000 z11=30000
2026-09-25T18:40:29Z z9=30000 z10=30000 z11=31000
2026-09-25T18:40:34Z z9=33000 z10=33000 z11=33000
2026-09-25T18:40:39Z z9=32000 z10=32000 z11=33000
2026-09-25T18:40:44Z z9=33000 z10=32000 z11=33000
2026-09-25T18:40:49Z z9=32000 z10=32000 z11=33000
2026-09-25T18:40:55Z z9=34000 z10=34000 z11=35000
2026-09-25T18:41:00Z z9=33000 z10=32000 z11=32000
2026-09-25T18:41:05Z z9=31000 z10=31000 z11=32000
2026-09-25T18:41:10Z z9=30000 z10=30000 z11=31000
2026-09-25T18:41:15Z z9=30000 z10=30000 z11=32000
2026-09-25T18:41:20Z z9=31000 z10=31000 z11=32000
2026-09-25T18:41:25Z z9=31000 z10=30000 z11=31000
2026-09-25T18:41:30Z z9=30000 z10=30000 z11=30000
2026-09-25T18:41:35Z z9=30000 z10=29000 z11=30000
2026-09-25T18:41:40Z z9=31000 z10=30000 z11=30000
2026-09-25T18:41:46Z z9=31000 z10=29000 z11=30000
2026-09-25T18:41:51Z z9=29000 z10=30000 z11=30000
2026-09-25T18:41:56Z z9=29000 z10=29000 z11=30000
2026-09-25T18:42:01Z z9=29000 z10=29000 z11=29000
2026-09-25T18:42:06Z z9=30000 z10=29000 z11=29000
2026-09-25T18:42:11Z z9=29000 z10=30000 z11=29000
2026-09-25T18:42:16Z z9=29000 z10=29000 z11=29000
2026-09-25T18:42:21Z z9=30000 z10=29000 z11=29000
2026-09-25T18:42:26Z z9=29000 z10=29000 z11=29000
2026-09-25T18:42:31Z z9=28000 z10=29000 z11=29000
2026-09-25T18:42:37Z z9=31000 z10=31000 z11=32000
2026-09-25T18:42:42Z z9=30000 z10=30000 z11=31000
2026-09-25T18:42:47Z z9=31000 z10=30000 z11=30000
2026-09-25T18:42:52Z z9=31000 z10=31000 z11=32000
2026-09-25T18:42:57Z z9=31000 z10=31000 z11=31000
2026-09-25T18:43:02Z z9=30000 z10=30000 z11=31000
2026-09-25T18:43:07Z z9=30000 z10=30000 z11=30000
2026-09-25T18:43:12Z z9=31000 z10=30000 z11=30000
2026-09-25T18:43:17Z z9=29000 z10=30000 z11=30000
2026-09-25T18:43:22Z z9=32000 z10=30000 z11=31000
2026-09-25T18:43:27Z z9=31000 z10=32000 z11=33000
2026-09-25T18:43:33Z z9=30000 z10=31000 z11=31000
2026-09-25T18:43:38Z z9=30000 z10=30000 z11=31000
2026-09-25T18:43:43Z z9=30000 z10=29000 z11=30000
2026-09-25T18:43:48Z z9=31000 z10=30000 z11=31000
2026-09-25T18:43:53Z z9=30000 z10=30000 z11=30000
2026-09-25T18:43:58Z z9=30000 z10=30000 z11=30000
2026-09-25T18:44:03Z z9=30000 z10=30000 z11=31000
2026-09-25T18:44:08Z z9=31000 z10=30000 z11=31000
2026-09-25T18:44:13Z z9=31000 z10=30000 z11=30000
2026-09-25T18:44:18Z z9=31000 z10=30000 z11=31000
2026-09-25T18:44:23Z z9=29000 z10=30000 z11=30000
2026-09-25T18:44:29Z z9=30000 z10=30000 z11=30000
2026-09-25T18:44:34Z z9=30000 z10=30000 z11=30000
2026-09-25T18:44:39Z z9=30000 z10=30000 z11=30000
2026-09-25T18:44:44Z z9=29000 z10=30000 z11=31000
2026-09-25T18:44:49Z z9=31000 z10=29000 z11=30000
2026-09-25T18:44:54Z z9=30000 z10=30000 z11=31000
2026-09-25T18:44:59Z z9=29000 z10=30000 z11=30000
2026-09-25T18:45:04Z z9=30000 z10=30000 z11=30000
2026-09-25T18:45:09Z z9=31000 z10=30000 z11=31000
2026-09-25T18:45:14Z z9=30000 z10=29000 z11=30000
2026-09-25T18:45:19Z z9=30000 z10=29000 z11=30000
2026-09-25T18:45:25Z z9=30000 z10=30000 z11=30000
2026-09-25T18:45:30Z z9=30000 z10=30000 z11=30000
2026-09-25T18:45:35Z z9=30000 z10=30000 z11=30000
2026-09-25T18:45:40Z z9=31000 z10=30000 z11=32000
2026-09-25T18:45:45Z z9=32000 z10=30000 z11=30000
2026-09-25T18:45:50Z z9=30000 z10=30000 z11=30000
2026-09-25T18:45:55Z z9=30000 z10=30000 z11=30000
2026-09-25T18:46:00Z z9=30000 z10=31000 z11=32000
2026-09-25T18:46:05Z z9=32000 z10=31000 z11=32000
2026-09-25T18:46:10Z z9=31000 z10=30000 z11=31000
2026-09-25T18:46:16Z z9=30000 z10=30000 z11=31000
2026-09-25T18:46:21Z z9=32000 z10=31000 z11=32000
2026-09-25T18:46:26Z z9=31000 z10=30000 z11=30000
2026-09-25T18:46:31Z z9=30000 z10=30000 z11=30000
2026-09-25T18:46:36Z z9=32000 z10=30000 z11=30000
2026-09-25T18:46:41Z z9=31000 z10=30000 z11=30000
2026-09-25T18:46:46Z z9=32000 z10=30000 z11=30000
2026-09-25T18:46:51Z z9=30000 z10=30000 z11=30000
2026-09-25T18:46:56Z z9=30000 z10=30000 z11=32000
2026-09-25T18:47:01Z z9=30000 z10=30000 z11=30000
2026-09-25T18:47:06Z z9=30000 z10=30000 z11=31000
2026-09-25T18:47:12Z z9=30000 z10=30000 z11=31000
2026-09-25T18:47:17Z z9=30000 z10=30000 z11=31000
2026-09-25T18:47:22Z z9=32000 z10=30000 z11=31000
2026-09-25T18:47:27Z z9=30000 z10=30000 z11=31000
2026-09-25T18:47:32Z z9=34000 z10=33000 z11=33000
2026-09-25T18:47:37Z z9=33000 z10=31000 z11=32000
2026-09-25T18:47:42Z z9=31000 z10=30000 z11=32000
2026-09-25T18:47:47Z z9=31000 z10=32000 z11=32000
2026-09-25T18:47:52Z z9=31000 z10=32000 z11=33000
2026-09-25T18:47:58Z z9=31000 z10=31000 z11=32000
2026-09-25T18:48:03Z z9=31000 z10=32000 z11=32000
2026-09-25T18:48:08Z z9=31000 z10=32000 z11=32000
2026-09-25T18:48:13Z z9=32000 z10=31000 z11=32000
2026-09-25T18:48:18Z z9=31000 z10=32000 z11=32000
2026-09-25T18:48:23Z z9=32000 z10=32000 z11=33000
2026-09-25T18:48:28Z z9=31000 z10=32000 z11=32000
2026-09-25T18:48:33Z z9=31000 z10=32000 z11=32000
2026-09-25T18:48:38Z z9=32000 z10=32000 z11=32000
2026-09-25T18:48:43Z z9=32000 z10=32000 z11=33000
2026-09-25T18:48:49Z z9=32000 z10=32000 z11=33000
2026-09-25T18:48:54Z z9=33000 z10=32000 z11=33000
2026-09-25T18:48:59Z z9=32000 z10=32000 z11=33000
2026-09-25T18:49:04Z z9=32000 z10=33000 z11=34000
2026-09-25T18:49:09Z z9=32000 z10=33000 z11=33000
2026-09-25T18:49:14Z z9=32000 z10=32000 z11=33000
2026-09-25T18:49:19Z z9=31000 z10=32000 z11=32000
2026-09-25T18:49:24Z z9=31000 z10=32000 z11=32000
2026-09-25T18:49:29Z z9=32000 z10=32000 z11=32000
2026-09-25T18:49:34Z z9=32000 z10=33000 z11=33000
2026-09-25T18:49:40Z z9=32000 z10=32000 z11=33000
2026-09-25T18:49:45Z z9=31000 z10=32000 z11=32000
2026-09-25T18:49:50Z z9=31000 z10=32000 z11=32000
2026-09-25T18:49:55Z z9=34000 z10=32000 z11=33000
2026-09-25T18:50:00Z z9=33000 z10=32000 z11=33000
2026-09-25T18:50:05Z z9=32000 z10=33000 z11=33000
2026-09-25T18:50:10Z z9=32000 z10=33000 z11=33000
2026-09-25T18:50:15Z z9=32000 z10=33000 z11=33000
2026-09-25T18:50:20Z z9=31000 z10=32000 z11=32000
2026-09-25T18:50:25Z z9=32000 z10=32000 z11=33000
2026-09-25T18:50:30Z z9=32000 z10=32000 z11=33000
2026-09-25T18:50:36Z z9=33000 z10=32000 z11=33000
2026-09-25T18:50:41Z z9=34000 z10=32000 z11=33000
2026-09-25T18:50:46Z z9=34000 z10=32000 z11=32000
2026-09-25T18:50:51Z z9=32000 z10=32000 z11=33000
2026-09-25T18:50:56Z z9=32000 z10=32000 z11=33000
2026-09-25T18:51:01Z z9=33000 z10=33000 z11=33000
2026-09-25T18:51:06Z z9=33000 z10=32000 z11=33000
2026-09-25T18:51:11Z z9=31000 z10=32000 z11=32000
2026-09-25T18:51:16Z z9=31000 z10=32000 z11=32000
2026-09-25T18:51:22Z z9=32000 z10=32000 z11=32000
2026-09-25T18:51:27Z z9=32000 z10=32000 z11=33000
2026-09-25T18:51:32Z z9=32000 z10=33000 z11=33000
2026-09-25T18:51:37Z z9=34000 z10=32000 z11=33000
2026-09-25T18:51:42Z z9=33000 z10=33000 z11=33000
2026-09-25T18:51:47Z z9=34000 z10=32000 z11=33000
2026-09-25T18:51:52Z z9=34000 z10=33000 z11=33000
2026-09-25T18:51:57Z z9=33000 z10=34000 z11=34000
2026-09-25T18:52:02Z z9=33000 z10=33000 z11=34000
2026-09-25T18:52:07Z z9=33000 z10=33000 z11=35000
2026-09-25T18:52:13Z z9=34000 z10=34000 z11=35000
2026-09-25T18:52:18Z z9=33000 z10=33000 z11=33000
2026-09-25T18:52:23Z z9=35000 z10=34000 z11=34000
2026-09-25T18:52:28Z z9=34000 z10=34000 z11=34000
2026-09-25T18:52:33Z z9=33000 z10=33000 z11=33000
2026-09-25T18:52:38Z z9=33000 z10=33000 z11=33000
2026-09-25T18:52:43Z z9=32000 z10=33000 z11=33000
2026-09-25T18:52:48Z z9=33000 z10=34000 z11=34000
2026-09-25T18:52:53Z z9=32000 z10=33000 z11=34000
2026-09-25T18:52:58Z z9=32000 z10=33000 z11=34000
2026-09-25T18:53:04Z z9=33000 z10=33000 z11=34000
2026-09-25T18:53:09Z z9=33000 z10=33000 z11=34000
2026-09-25T18:53:14Z z9=32000 z10=33000 z11=33000
2026-09-25T18:53:19Z z9=33000 z10=33000 z11=33000
2026-09-25T18:53:24Z z9=34000 z10=33000 z11=34000
2026-09-25T18:53:29Z z9=32000 z10=33000 z11=33000
2026-09-25T18:53:34Z z9=32000 z10=33000 z11=33000
2026-09-25T18:53:39Z z9=33000 z10=32000 z11=33000
2026-09-25T18:53:44Z z9=34000 z10=33000 z11=33000
2026-09-25T18:53:49Z z9=57000 z10=53000 z11=54000
2026-09-25T18:53:55Z z9=39000 z10=37000 z11=38000
2026-09-25T18:54:00Z z9=37000 z10=37000 z11=37000
2026-09-25T18:54:05Z z9=36000 z10=36000 z11=37000
2026-09-25T18:54:10Z z9=35000 z10=35000 z11=36000
2026-09-25T18:54:15Z z9=35000 z10=35000 z11=35000
2026-09-25T18:54:20Z z9=35000 z10=35000 z11=36000
2026-09-25T18:54:25Z z9=35000 z10=34000 z11=35000
2026-09-25T18:54:30Z z9=35000 z10=35000 z11=35000
2026-09-25T18:54:35Z z9=45000 z10=40000 z11=40000
2026-09-25T18:54:41Z z9=35000 z10=35000 z11=35000
2026-09-25T18:54:46Z z9=34000 z10=34000 z11=34000
2026-09-25T18:54:51Z z9=35000 z10=34000 z11=35000
2026-09-25T18:54:56Z z9=35000 z10=34000 z11=34000
2026-09-25T18:55:01Z z9=33000 z10=34000 z11=34000
2026-09-25T18:55:06Z z9=34000 z10=33000 z11=34000
2026-09-25T18:55:11Z z9=33000 z10=33000 z11=34000
2026-09-25T18:55:16Z z9=33000 z10=33000 z11=33000
2026-09-25T18:55:21Z z9=33000 z10=33000 z11=34000
2026-09-25T18:55:26Z z9=33000 z10=33000 z11=34000
2026-09-25T18:55:31Z z9=32000 z10=33000 z11=34000
2026-09-25T18:55:37Z z9=32000 z10=33000 z11=33000
2026-09-25T18:55:42Z z9=33000 z10=33000 z11=34000
2026-09-25T18:55:47Z z9=34000 z10=34000 z11=35000
2026-09-25T18:55:52Z z9=33000 z10=33000 z11=34000
2026-09-25T18:55:57Z z9=34000 z10=33000 z11=33000
2026-09-25T18:56:02Z z9=35000 z10=33000 z11=33000
2026-09-25T18:56:07Z z9=33000 z10=33000 z11=33000
2026-09-25T18:56:12Z z9=33000 z10=33000 z11=33000
2026-09-25T18:56:17Z z9=36000 z10=35000 z11=35000
2026-09-25T18:56:22Z z9=36000 z10=38000 z11=39000
2026-09-25T18:56:27Z z9=35000 z10=34000 z11=35000
2026-09-25T18:56:33Z z9=34000 z10=34000 z11=34000
2026-09-25T18:56:38Z z9=35000 z10=35000 z11=36000
2026-09-25T18:56:43Z z9=36000 z10=35000 z11=36000
2026-09-25T18:56:48Z z9=34000 z10=34000 z11=34000
2026-09-25T18:56:53Z z9=34000 z10=34000 z11=34000
2026-09-25T18:56:58Z z9=35000 z10=35000 z11=35000
2026-09-25T18:57:03Z z9=51000 z10=40000 z11=42000
2026-09-25T18:57:08Z z9=35000 z10=34000 z11=35000
2026-09-25T18:57:13Z z9=35000 z10=35000 z11=35000
2026-09-25T18:57:18Z z9=35000 z10=34000 z11=35000
2026-09-25T18:57:24Z z9=35000 z10=34000 z11=34000
2026-09-25T18:57:29Z z9=33000 z10=34000 z11=34000
2026-09-25T18:57:34Z z9=34000 z10=34000 z11=35000
2026-09-25T18:57:39Z z9=34000 z10=34000 z11=35000
2026-09-25T18:57:44Z z9=34000 z10=34000 z11=34000
2026-09-25T18:57:49Z z9=34000 z10=34000 z11=34000
2026-09-25T18:57:54Z z9=34000 z10=34000 z11=34000
2026-09-25T18:57:59Z z9=33000 z10=34000 z11=34000
2026-09-25T18:58:04Z z9=35000 z10=34000 z11=34000
2026-09-25T18:58:09Z z9=50000 z10=49000 z11=50000
2026-09-25T18:58:15Z z9=37000 z10=37000 z11=38000
2026-09-25T18:58:20Z z9=35000 z10=36000 z11=36000
2026-09-25T18:58:25Z z9=35000 z10=36000 z11=36000
2026-09-25T18:58:30Z z9=35000 z10=35000 z11=36000
2026-09-25T18:58:35Z z9=35000 z10=36000 z11=36000
2026-09-25T18:58:40Z z9=36000 z10=35000 z11=35000
2026-09-25T18:58:45Z z9=34000 z10=34000 z11=35000
2026-09-25T18:58:50Z z9=34000 z10=34000 z11=34000
2026-09-25T18:58:55Z z9=36000 z10=35000 z11=35000
2026-09-25T18:59:00Z z9=35000 z10=35000 z11=35000
2026-09-25T18:59:06Z z9=34000 z10=34000 z11=34000
2026-09-25T18:59:11Z z9=36000 z10=34000 z11=35000
2026-09-25T18:59:16Z z9=34000 z10=35000 z11=34000
2026-09-25T18:59:21Z z9=35000 z10=34000 z11=34000
2026-09-25T18:59:26Z z9=35000 z10=35000 z11=35000
2026-09-25T18:59:31Z z9=34000 z10=34000 z11=34000
2026-09-25T18:59:36Z z9=36000 z10=34000 z11=34000
2026-09-25T18:59:41Z z9=33000 z10=33000 z11=34000
2026-09-25T18:59:46Z z9=33000 z10=34000 z11=34000
2026-09-25T18:59:51Z z9=33000 z10=34000 z11=34000
2026-09-25T18:59:57Z z9=34000 z10=34000 z11=35000
2026-09-25T19:00:02Z z9=36000 z10=35000 z11=36000
2026-09-25T19:00:07Z z9=35000 z10=35000 z11=36000
2026-09-25T19:00:12Z z9=37000 z10=35000 z11=35000
2026-09-25T19:00:17Z z9=34000 z10=34000 z11=35000
2026-09-25T19:00:22Z z9=39000 z10=38000 z11=39000
2026-09-25T19:00:27Z z9=36000 z10=36000 z11=36000
2026-09-25T19:00:32Z z9=36000 z10=36000 z11=37000
2026-09-25T19:00:37Z z9=37000 z10=36000 z11=37000
2026-09-25T19:00:42Z z9=40000 z10=39000 z11=41000
2026-09-25T19:00:47Z z9=36000 z10=37000 z11=37000
2026-09-25T19:00:52Z z9=36000 z10=37000 z11=36000
2026-09-25T19:00:58Z z9=36000 z10=36000 z11=36000
2026-09-25T19:01:03Z z9=36000 z10=36000 z11=37000
2026-09-25T19:01:08Z z9=37000 z10=35000 z11=36000
2026-09-25T19:01:13Z z9=35000 z10=35000 z11=35000
2026-09-25T19:01:18Z z9=35000 z10=35000 z11=36000
2026-09-25T19:01:23Z z9=35000 z10=35000 z11=35000
2026-09-25T19:01:28Z z9=36000 z10=35000 z11=35000
2026-09-25T19:01:33Z z9=34000 z10=35000 z11=35000
2026-09-25T19:01:38Z z9=34000 z10=35000 z11=35000
2026-09-25T19:01:44Z z9=36000 z10=35000 z11=35000
2026-09-25T19:01:49Z z9=35000 z10=35000 z11=35000
2026-09-25T19:01:54Z z9=35000 z10=35000 z11=35000
2026-09-25T19:01:59Z z9=35000 z10=35000 z11=36000
2026-09-25T19:02:04Z z9=35000 z10=34000 z11=35000
2026-09-25T19:02:09Z z9=35000 z10=35000 z11=35000
2026-09-25T19:02:14Z z9=35000 z10=35000 z11=35000
2026-09-25T19:02:19Z z9=37000 z10=37000 z11=39000
2026-09-25T19:02:24Z z9=35000 z10=35000 z11=36000
2026-09-25T19:02:29Z z9=36000 z10=38000 z11=39000
2026-09-25T19:02:35Z z9=37000 z10=36000 z11=37000
2026-09-25T19:02:40Z z9=38000 z10=37000 z11=37000
2026-09-25T19:02:45Z z9=37000 z10=36000 z11=37000
2026-09-25T19:02:50Z z9=39000 z10=38000 z11=39000
2026-09-25T19:02:55Z z9=38000 z10=37000 z11=39000
2026-09-25T19:03:00Z z9=37000 z10=36000 z11=37000
2026-09-25T19:03:05Z z9=37000 z10=36000 z11=36000
2026-09-25T19:03:10Z z9=36000 z10=36000 z11=37000
2026-09-25T19:03:15Z z9=35000 z10=36000 z11=37000
2026-09-25T19:03:20Z z9=37000 z10=35000 z11=36000
2026-09-25T19:03:25Z z9=35000 z10=35000 z11=35000
2026-09-25T19:03:30Z z9=36000 z10=35000 z11=35000
2026-09-25T19:03:36Z z9=36000 z10=36000 z11=37000
2026-09-25T19:03:41Z z9=35000 z10=36000 z11=36000
2026-09-25T19:03:46Z z9=35000 z10=35000 z11=35000
2026-09-25T19:03:51Z z9=34000 z10=35000 z11=35000
2026-09-25T19:03:56Z z9=35000 z10=34000 z11=35000
2026-09-25T19:04:01Z z9=36000 z10=35000 z11=35000
2026-09-25T19:04:06Z z9=35000 z10=35000 z11=35000
2026-09-25T19:04:11Z z9=35000 z10=35000 z11=36000
2026-09-25T19:04:16Z z9=35000 z10=35000 z11=35000
2026-09-25T19:04:21Z z9=35000 z10=35000 z11=36000
2026-09-25T19:04:27Z z9=35000 z10=35000 z11=35000
2026-09-25T19:04:32Z z9=35000 z10=35000 z11=36000
2026-09-25T19:04:37Z z9=36000 z10=36000 z11=37000
2026-09-25T19:04:42Z z9=35000 z10=35000 z11=35000
2026-09-25T19:04:47Z z9=37000 z10=37000 z11=37000
2026-09-25T19:04:52Z z9=41000 z10=39000 z11=40000
2026-09-25T19:04:57Z z9=37000 z10=36000 z11=37000
2026-09-25T19:05:02Z z9=36000 z10=36000 z11=36000
2026-09-25T19:05:07Z z9=36000 z10=36000 z11=36000
2026-09-25T19:05:12Z z9=38000 z10=35000 z11=36000
2026-09-25T19:05:18Z z9=35000 z10=36000 z11=36000
2026-09-25T19:05:23Z z9=35000 z10=36000 z11=36000
2026-09-25T19:05:28Z z9=37000 z10=35000 z11=36000
2026-09-25T19:05:33Z z9=35000 z10=35000 z11=36000
2026-09-25T19:05:38Z z9=35000 z10=35000 z11=36000
2026-09-25T19:05:43Z z9=36000 z10=35000 z11=36000
2026-09-25T19:05:48Z z9=35000 z10=35000 z11=36000
2026-09-25T19:05:53Z z9=37000 z10=36000 z11=37000
2026-09-25T19:05:58Z z9=37000 z10=37000 z11=39000
2026-09-25T19:06:04Z z9=37000 z10=37000 z11=39000
2026-09-25T19:06:09Z z9=38000 z10=36000 z11=37000
2026-09-25T19:06:14Z z9=37000 z10=36000 z11=36000
2026-09-25T19:06:19Z z9=36000 z10=36000 z11=37000
2026-09-25T19:06:24Z z9=39000 z10=39000 z11=39000
2026-09-25T19:06:29Z z9=37000 z10=37000 z11=39000
2026-09-25T19:06:34Z z9=36000 z10=37000 z11=38000
2026-09-25T19:06:39Z z9=37000 z10=37000 z11=38000
2026-09-25T19:06:44Z z9=37000 z10=37000 z11=37000
2026-09-25T19:06:49Z z9=36000 z10=37000 z11=39000
2026-09-25T19:06:55Z z9=36000 z10=36000 z11=37000
2026-09-25T19:07:00Z z9=37000 z10=37000 z11=38000
2026-09-25T19:07:05Z z9=64000 z10=48000 z11=49000
2026-09-25T19:07:10Z z9=49000 z10=47000 z11=48000
2026-09-25T19:07:15Z z9=51000 z10=50000 z11=52000
2026-09-25T19:07:20Z z9=100000 z10=87000 z11=88000
2026-09-25T19:07:25Z z9=101000 z10=93000 z11=94000
2026-09-25T19:07:30Z z9=73000 z10=66000 z11=67000
2026-09-25T19:07:35Z z9=64000 z10=61000 z11=62000
2026-09-25T19:07:41Z z9=66000 z10=60000 z11=62000
2026-09-25T19:07:46Z z9=70000 z10=66000 z11=66000
2026-09-25T19:07:51Z z9=93000 z10=87000 z11=88000
2026-09-25T19:07:56Z z9=55000 z10=58000 z11=60000
2026-09-25T19:08:01Z z9=76000 z10=63000 z11=65000
2026-09-25T19:08:06Z z9=59000 z10=59000 z11=60000
2026-09-25T19:08:11Z z9=51000 z10=52000 z11=53000
2026-09-25T19:08:16Z z9=68000 z10=61000 z11=63000
2026-09-25T19:08:21Z z9=53000 z10=54000 z11=54000
2026-09-25T19:08:27Z z9=88000 z10=79000 z11=81000
2026-09-25T19:08:32Z z9=53000 z10=53000 z11=54000
2026-09-25T19:08:37Z z9=50000 z10=50000 z11=51000
2026-09-25T19:08:42Z z9=46000 z10=47000 z11=47000
2026-09-25T19:08:47Z z9=45000 z10=45000 z11=45000
2026-09-25T19:08:52Z z9=44000 z10=42000 z11=43000
2026-09-25T19:08:57Z z9=41000 z10=41000 z11=42000
2026-09-25T19:09:02Z z9=42000 z10=40000 z11=41000
2026-09-25T19:09:07Z z9=39000 z10=40000 z11=40000
2026-09-25T19:09:13Z z9=40000 z10=39000 z11=39000
2026-09-25T19:09:18Z z9=40000 z10=38000 z11=39000
2026-09-25T19:09:23Z z9=40000 z10=38000 z11=38000
2026-09-25T19:09:28Z z9=37000 z10=37000 z11=37000
2026-09-25T19:09:33Z z9=38000 z10=37000 z11=37000
2026-09-25T19:09:38Z z9=37000 z10=37000 z11=37000
2026-09-25T19:09:43Z z9=36000 z10=36000 z11=37000
2026-09-25T19:09:48Z z9=37000 z10=37000 z11=37000
2026-09-25T19:09:53Z z9=38000 z10=36000 z11=37000
2026-09-25T19:09:58Z z9=36000 z10=36000 z11=37000
2026-09-25T19:10:03Z z9=35000 z10=36000 z11=36000
2026-09-25T19:10:09Z z9=37000 z10=36000 z11=36000
2026-09-25T19:10:14Z z9=36000 z10=35000 z11=36000
2026-09-25T19:10:19Z z9=36000 z10=35000 z11=36000
2026-09-25T19:10:24Z z9=36000 z10=35000 z11=36000
2026-09-25T19:10:29Z z9=35000 z10=35000 z11=36000
2026-09-25T19:10:34Z z9=37000 z10=37000 z11=38000
2026-09-25T19:10:39Z z9=38000 z10=38000 z11=38000
2026-09-25T19:10:44Z z9=37000 z10=37000 z11=37000
2026-09-25T19:10:49Z z9=36000 z10=36000 z11=37000
2026-09-25T19:10:54Z z9=37000 z10=37000 z11=37000
2026-09-25T19:11:00Z z9=39000 z10=39000 z11=40000
2026-09-25T19:11:05Z z9=37000 z10=36000 z11=37000
2026-09-25T19:11:10Z z9=35000 z10=36000 z11=36000
2026-09-25T19:11:15Z z9=35000 z10=35000 z11=36000
2026-09-25T19:11:20Z z9=35000 z10=35000 z11=36000
2026-09-25T19:11:25Z z9=37000 z10=35000 z11=35000
2026-09-25T19:11:30Z z9=36000 z10=35000 z11=35000
2026-09-25T19:11:35Z z9=35000 z10=36000 z11=36000
2026-09-25T19:11:40Z z9=36000 z10=36000 z11=37000
2026-09-25T19:11:45Z z9=35000 z10=35000 z11=36000
2026-09-25T19:11:50Z z9=37000 z10=35000 z11=36000
2026-09-25T19:11:56Z z9=37000 z10=36000 z11=37000
2026-09-25T19:12:01Z z9=35000 z10=35000 z11=36000
2026-09-25T19:12:06Z z9=36000 z10=36000 z11=36000
2026-09-25T19:12:11Z z9=36000 z10=35000 z11=36000
2026-09-25T19:12:16Z z9=35000 z10=35000 z11=36000
2026-09-25T19:12:21Z z9=38000 z10=36000 z11=36000
2026-09-25T19:12:26Z z9=34000 z10=35000 z11=35000
2026-09-25T19:12:31Z z9=36000 z10=35000 z11=35000
2026-09-25T19:12:51Z z9=35000 z10=34000 z11=35000
2026-09-25T19:13:41Z z9=34000 z10=34000 z11=34000
2026-09-25T19:13:46Z z9=34000 z10=34000 z11=34000
2026-09-25T19:13:51Z z9=36000 z10=33000 z11=34000
2026-09-25T19:13:56Z z9=35000 z10=34000 z11=34000
2026-09-25T19:14:01Z z9=33000 z10=33000 z11=34000
2026-09-25T19:14:06Z z9=33000 z10=33000 z11=33000
2026-09-25T19:14:11Z z9=33000 z10=34000 z11=34000
2026-09-25T19:14:17Z z9=35000 z10=35000 z11=36000
2026-09-25T19:15:17Z z9=32000 z10=33000 z11=33000
2026-09-25T19:16:08Z z9=31000 z10=32000 z11=33000
2026-09-25T19:16:13Z z9=31000 z10=32000 z11=32000
2026-09-25T19:17:38Z z9=30000 z10=30000 z11=31000
2026-09-25T19:17:54Z z9=30000 z10=30000 z11=30000
2026-09-25T19:17:59Z z9=30000 z10=30000 z11=31000
2026-09-25T19:18:04Z z9=32000 z10=30000 z11=31000
2026-09-25T19:18:09Z z9=32000 z10=30000 z11=32000
2026-09-25T19:23:31Z z9=29000 z10=29000 z11=29000
2026-09-25T19:23:42Z z9=31000 z10=29000 z11=30000
2026-09-25T19:29:10Z z9=27000 z10=28000 z11=28000
2026-09-25T19:29:15Z z9=27000 z10=27000 z11=27000
2026-09-25T19:29:20Z z9=28000 z10=28000 z11=28000
2026-09-25T19:29:25Z z9=27000 z10=27000 z11=28000
2026-09-25T19:31:12Z z9=27000 z10=27000 z11=27000
2026-09-25T19:33:54Z z9=28000 z10=27000 z11=28000
2026-09-25T19:33:59Z z9=28000 z10=27000 z11=27000
2026-09-25T19:34:04Z z9=29000 z10=28000 z11=28000
2026-09-25T19:34:48Z z9=26000 z10=27000 z11=27000
2026-09-25T19:34:53Z z9=28000 z10=27000 z11=27000
2026-09-25T19:34:58Z z9=27000 z10=28000 z11=28000
2026-09-25T19:35:03Z z9=28000 z10=28000 z11=28000
2026-09-25T19:35:10Z z9=27000 z10=28000 z11=28000
2026-09-25T19:35:16Z z9=27000 z10=27000 z11=28000
2026-09-25T19:35:36Z z9=28000 z10=27000 z11=27000
2026-09-25T19:36:37Z z9=28000 z10=28000 z11=29000
2026-09-25T19:36:42Z z9=27000 z10=27000 z11=28000
2026-09-25T19:36:47Z z9=29000 z10=28000 z11=28000
2026-09-25T19:36:52Z z9=27000 z10=27000 z11=28000
2026-09-25T19:36:58Z z9=27000 z10=27000 z11=28000
2026-09-25T19:37:03Z z9=29000 z10=27000 z11=28000
2026-09-25T19:37:08Z z9=27000 z10=27000 z11=27000
2026-09-25T19:37:13Z z9=30000 z10=28000 z11=28000
2026-09-25T19:37:18Z z9=30000 z10=29000 z11=29000
2026-09-25T19:37:23Z z9=28000 z10=28000 z11=28000
2026-09-25T19:37:28Z z9=27000 z10=27000 z11=28000
2026-09-25T19:37:33Z z9=28000 z10=28000 z11=28000
2026-09-25T19:37:38Z z9=28000 z10=28000 z11=28000
2026-09-25T19:37:43Z z9=28000 z10=28000 z11=28000
2026-09-25T19:37:48Z z9=29000 z10=28000 z11=28000
2026-09-25T19:37:54Z z9=30000 z10=29000 z11=29000
2026-09-25T19:37:59Z z9=28000 z10=28000 z11=28000
2026-09-25T19:38:04Z z9=28000 z10=28000 z11=29000
2026-09-25T19:38:09Z z9=27000 z10=28000 z11=27000
2026-09-25T19:38:14Z z9=28000 z10=28000 z11=28000
2026-09-25T19:38:19Z z9=28000 z10=28000 z11=28000
2026-09-25T19:38:24Z z9=28000 z10=28000 z11=28000
2026-09-25T19:38:29Z z9=28000 z10=28000 z11=29000
2026-09-25T19:38:34Z z9=28000 z10=28000 z11=28000
2026-09-25T19:38:39Z z9=28000 z10=29000 z11=29000
2026-09-25T19:38:45Z z9=28000 z10=28000 z11=29000
2026-09-25T19:38:50Z z9=29000 z10=28000 z11=28000
2026-09-25T19:38:55Z z9=29000 z10=28000 z11=28000
2026-09-25T19:39:00Z z9=28000 z10=28000 z11=28000
2026-09-25T19:39:05Z z9=29000 z10=28000 z11=28000
2026-09-25T19:39:10Z z9=29000 z10=28000 z11=29000
2026-09-25T19:39:15Z z9=28000 z10=28000 z11=28000
2026-09-25T19:39:20Z z9=28000 z10=28000 z11=29000
2026-09-25T19:39:25Z z9=29000 z10=29000 z11=29000
2026-09-25T19:39:30Z z9=29000 z10=29000 z11=30000
2026-09-25T19:39:36Z z9=29000 z10=29000 z11=30000
2026-09-25T19:39:41Z z9=28000 z10=29000 z11=29000
2026-09-25T19:39:46Z z9=29000 z10=29000 z11=30000
2026-09-25T19:39:51Z z9=29000 z10=29000 z11=29000
2026-09-25T19:39:56Z z9=28000 z10=29000 z11=29000
2026-09-25T19:40:01Z z9=30000 z10=29000 z11=29000
2026-09-25T19:40:06Z z9=28000 z10=28000 z11=29000
2026-09-25T19:40:11Z z9=33000 z10=34000 z11=34000
2026-09-25T19:40:16Z z9=48000 z10=47000 z11=47000
2026-09-25T19:40:21Z z9=51000 z10=46000 z11=47000
2026-09-25T19:40:27Z z9=41000 z10=41000 z11=42000
2026-09-25T19:40:32Z z9=47000 z10=43000 z11=44000
2026-09-25T19:40:37Z z9=55000 z10=48000 z11=50000
2026-09-25T19:40:42Z z9=42000 z10=41000 z11=43000
2026-09-25T19:40:47Z z9=71000 z10=65000 z11=66000
2026-09-25T19:40:52Z z9=48000 z10=47000 z11=47000
2026-09-25T19:40:57Z z9=97000 z10=85000 z11=86000
2026-09-25T19:41:02Z z9=71000 z10=65000 z11=66000
2026-09-25T19:41:07Z z9=58000 z10=57000 z11=57000
2026-09-25T19:41:13Z z9=53000 z10=54000 z11=55000
2026-09-25T19:41:18Z z9=65000 z10=57000 z11=59000
2026-09-25T19:41:23Z z9=66000 z10=58000 z11=57000
2026-09-25T19:41:28Z z9=73000 z10=60000 z11=60000
2026-09-25T19:41:33Z z9=67000 z10=62000 z11=62000
2026-09-25T19:41:38Z z9=56000 z10=55000 z11=56000
2026-09-25T19:41:43Z z9=59000 z10=56000 z11=57000
2026-09-25T19:41:48Z z9=65000 z10=56000 z11=58000
2026-09-25T19:41:53Z z9=50000 z10=50000 z11=51000
2026-09-25T19:41:58Z z9=70000 z10=61000 z11=63000
2026-09-25T19:42:04Z z9=61000 z10=59000 z11=60000
2026-09-25T19:42:09Z z9=57000 z10=55000 z11=55000
2026-09-25T19:42:14Z z9=65000 z10=57000 z11=59000
2026-09-25T19:42:19Z z9=60000 z10=57000 z11=57000
2026-09-25T19:42:24Z z9=59000 z10=57000 z11=57000
2026-09-25T19:42:29Z z9=45000 z10=46000 z11=46000
2026-09-25T19:42:34Z z9=43000 z10=42000 z11=43000
2026-09-25T19:42:39Z z9=41000 z10=41000 z11=42000
2026-09-25T19:42:44Z z9=40000 z10=40000 z11=40000
2026-09-25T19:42:50Z z9=38000 z10=39000 z11=39000
2026-09-25T19:42:55Z z9=38000 z10=38000 z11=39000
2026-09-25T19:43:00Z z9=37000 z10=37000 z11=38000
2026-09-25T19:43:05Z z9=36000 z10=36000 z11=37000
2026-09-25T19:43:10Z z9=38000 z10=36000 z11=37000
2026-09-25T19:43:15Z z9=35000 z10=36000 z11=36000
2026-09-25T19:43:20Z z9=36000 z10=36000 z11=36000
2026-09-25T19:43:25Z z9=35000 z10=36000 z11=36000
2026-09-25T19:43:30Z z9=36000 z10=35000 z11=36000
2026-09-25T19:43:35Z z9=35000 z10=35000 z11=35000
2026-09-25T19:43:41Z z9=34000 z10=35000 z11=35000
2026-09-25T19:43:46Z z9=35000 z10=35000 z11=35000
2026-09-25T19:43:51Z z9=34000 z10=35000 z11=36000
2026-09-25T19:43:56Z z9=34000 z10=34000 z11=34000
2026-09-25T19:44:01Z z9=34000 z10=34000 z11=35000
2026-09-25T19:44:06Z z9=36000 z10=37000 z11=36000
2026-09-25T19:44:11Z z9=35000 z10=35000 z11=35000
2026-09-25T19:44:16Z z9=35000 z10=35000 z11=35000
2026-09-25T19:44:21Z z9=35000 z10=34000 z11=35000
2026-09-25T19:44:26Z z9=35000 z10=37000 z11=38000
2026-09-25T19:44:32Z z9=35000 z10=35000 z11=35000
2026-09-25T19:44:37Z z9=34000 z10=34000 z11=35000
2026-09-25T19:44:42Z z9=34000 z10=35000 z11=35000
2026-09-25T19:44:47Z z9=34000 z10=34000 z11=35000
2026-09-25T19:44:52Z z9=37000 z10=36000 z11=37000
2026-09-25T19:44:57Z z9=35000 z10=35000 z11=35000
2026-09-25T19:45:02Z z9=34000 z10=35000 z11=35000
2026-09-25T19:45:07Z z9=38000 z10=36000 z11=37000
2026-09-25T19:45:12Z z9=36000 z10=37000 z11=37000
2026-09-25T19:45:18Z z9=37000 z10=37000 z11=38000
2026-09-25T19:45:23Z z9=36000 z10=37000 z11=37000
2026-09-25T19:45:28Z z9=36000 z10=37000 z11=39000
2026-09-25T19:45:33Z z9=37000 z10=35000 z11=36000
2026-09-25T19:45:38Z z9=35000 z10=35000 z11=36000
2026-09-25T19:45:43Z z9=34000 z10=35000 z11=35000
2026-09-25T19:45:48Z z9=35000 z10=35000 z11=35000
2026-09-25T19:45:53Z z9=35000 z10=35000 z11=35000
2026-09-25T19:45:58Z z9=35000 z10=34000 z11=35000
2026-09-25T19:46:04Z z9=34000 z10=34000 z11=35000
2026-09-25T19:46:09Z z9=35000 z10=35000 z11=36000
2026-09-25T19:46:14Z z9=35000 z10=35000 z11=35000
2026-09-25T19:46:19Z z9=35000 z10=35000 z11=35000
2026-09-25T19:46:24Z z9=34000 z10=35000 z11=35000
2026-09-25T19:46:29Z z9=35000 z10=35000 z11=35000
2026-09-25T19:46:34Z z9=35000 z10=35000 z11=35000
2026-09-25T19:46:39Z z9=37000 z10=35000 z11=36000
2026-09-25T19:46:44Z z9=35000 z10=35000 z11=36000
2026-09-25T19:46:49Z z9=35000 z10=35000 z11=35000
2026-09-25T19:46:55Z z9=59000 z10=51000 z11=52000
2026-09-25T19:47:00Z z9=39000 z10=39000 z11=39000
2026-09-25T19:47:05Z z9=37000 z10=37000 z11=38000
2026-09-25T19:47:10Z z9=37000 z10=37000 z11=37000
2026-09-25T19:47:15Z z9=35000 z10=35000 z11=36000
2026-09-25T19:47:20Z z9=35000 z10=35000 z11=35000
2026-09-25T19:47:25Z z9=34000 z10=34000 z11=35000
2026-09-25T19:47:30Z z9=36000 z10=34000 z11=35000
2026-09-25T19:47:35Z z9=34000 z10=34000 z11=34000
2026-09-25T19:47:41Z z9=33000 z10=34000 z11=34000
2026-09-25T19:47:46Z z9=33000 z10=34000 z11=34000
2026-09-25T19:47:51Z z9=33000 z10=33000 z11=34000
2026-09-25T19:47:56Z z9=34000 z10=33000 z11=34000
2026-09-25T19:48:01Z z9=34000 z10=33000 z11=33000
2026-09-25T19:48:06Z z9=34000 z10=33000 z11=34000
2026-09-25T19:48:11Z z9=33000 z10=33000 z11=34000
2026-09-25T19:48:16Z z9=36000 z10=34000 z11=35000
2026-09-25T19:48:21Z z9=34000 z10=33000 z11=34000
2026-09-25T19:48:26Z z9=34000 z10=34000 z11=35000
2026-09-25T19:48:31Z z9=35000 z10=33000 z11=34000
2026-09-25T19:48:36Z z9=34000 z10=34000 z11=34000
2026-09-25T19:48:42Z z9=33000 z10=33000 z11=34000
2026-09-25T19:48:47Z z9=38000 z10=40000 z11=40000
2026-09-25T19:48:52Z z9=42000 z10=48000 z11=47000
2026-09-25T19:48:57Z z9=61000 z10=49000 z11=52000
2026-09-25T19:49:02Z z9=50000 z10=49000 z11=49000
2026-09-25T19:49:07Z z9=59000 z10=52000 z11=53000
2026-09-25T19:49:12Z z9=63000 z10=54000 z11=56000
2026-09-25T19:49:17Z z9=79000 z10=79000 z11=73000
2026-09-25T19:49:22Z z9=53000 z10=53000 z11=54000
2026-09-25T19:49:28Z z9=101000 z10=89000 z11=89000
2026-09-25T19:49:33Z z9=70000 z10=69000 z11=72000
2026-09-25T19:49:38Z z9=67000 z10=64000 z11=65000
2026-09-25T19:49:43Z z9=62000 z10=60000 z11=61000
2026-09-25T19:49:48Z z9=72000 z10=63000 z11=65000
2026-09-25T19:49:53Z z9=72000 z10=63000 z11=63000
2026-09-25T19:49:58Z z9=64000 z10=63000 z11=64000
2026-09-25T19:50:03Z z9=73000 z10=72000 z11=72000
2026-09-25T19:50:08Z z9=56000 z10=59000 z11=58000
2026-09-25T19:50:13Z z9=53000 z10=53000 z11=54000
2026-09-25T19:50:30Z z9=41000 z10=42000 z11=42000
2026-09-25T19:51:12Z z9=41000 z10=41000 z11=42000
2026-09-25T19:51:17Z z9=41000 z10=44000 z11=44000
2026-09-25T19:51:30Z z9=39000 z10=37000 z11=40000
2026-09-25T19:52:22Z z9=36000 z10=36000 z11=37000
2026-09-25T19:52:31Z z9=41000 z10=41000 z11=42000
2026-09-25T19:52:36Z z9=42000 z10=44000 z11=45000
2026-09-25T19:52:59Z z9=37000 z10=39000 z11=40000
2026-09-25T19:53:04Z z9=42000 z10=43000 z11=43000
2026-09-25T19:53:10Z z9=42000 z10=45000 z11=45000
2026-09-25T19:53:15Z z9=44000 z10=45000 z11=45000
2026-09-25T19:53:20Z z9=45000 z10=47000 z11=49000
2026-09-25T19:53:25Z z9=41000 z10=43000 z11=43000
2026-09-25T19:53:52Z z9=38000 z10=36000 z11=36000
2026-09-25T19:54:09Z z9=33000 z10=34000 z11=34000
2026-09-25T19:54:14Z z9=34000 z10=34000 z11=34000
2026-09-25T19:54:19Z z9=34000 z10=34000 z11=34000
2026-09-25T19:54:24Z z9=33000 z10=33000 z11=34000
2026-09-25T19:55:00Z z9=32000 z10=33000 z11=33000
2026-09-25T19:55:46Z z9=35000 z10=34000 z11=35000
2026-09-25T19:55:51Z z9=34000 z10=34000 z11=35000
2026-09-25T19:55:56Z z9=34000 z10=34000 z11=34000
2026-09-25T19:56:01Z z9=34000 z10=34000 z11=35000
2026-09-25T19:56:07Z z9=33000 z10=33000 z11=34000
2026-09-25T19:56:12Z z9=35000 z10=34000 z11=34000
2026-09-25T19:56:17Z z9=34000 z10=34000 z11=34000
2026-09-25T19:56:22Z z9=33000 z10=34000 z11=34000
2026-09-25T19:56:27Z z9=34000 z10=34000 z11=34000
2026-09-25T19:56:32Z z9=34000 z10=33000 z11=33000
2026-09-25T19:56:37Z z9=33000 z10=33000 z11=33000
2026-09-25T19:56:42Z z9=32000 z10=33000 z11=33000
2026-09-25T19:56:47Z z9=32000 z10=33000 z11=33000
2026-09-25T19:56:52Z z9=33000 z10=33000 z11=33000
2026-09-25T19:56:58Z z9=33000 z10=33000 z11=33000
2026-09-25T19:57:03Z z9=32000 z10=33000 z11=33000
2026-09-25T19:57:08Z z9=32000 z10=33000 z11=33000
2026-09-25T19:57:13Z z9=34000 z10=33000 z11=34000
2026-09-25T19:57:18Z z9=33000 z10=33000 z11=34000
2026-09-25T19:57:23Z z9=33000 z10=33000 z11=34000
2026-09-25T19:57:28Z z9=32000 z10=33000 z11=33000
2026-09-25T19:57:33Z z9=32000 z10=32000 z11=33000
2026-09-25T19:57:38Z z9=34000 z10=32000 z11=33000
2026-09-25T19:57:43Z z9=35000 z10=33000 z11=33000
2026-09-25T19:57:48Z z9=33000 z10=33000 z11=34000
2026-09-25T19:57:54Z z9=34000 z10=33000 z11=33000
2026-09-25T19:57:59Z z9=34000 z10=34000 z11=34000
2026-09-25T19:58:04Z z9=34000 z10=33000 z11=34000
2026-09-25T19:58:09Z z9=34000 z10=34000 z11=34000
2026-09-25T19:58:14Z z9=33000 z10=33000 z11=34000
2026-09-25T19:58:19Z z9=42000 z10=41000 z11=42000
2026-09-25T19:58:24Z z9=37000 z10=36000 z11=37000
2026-09-25T19:58:29Z z9=36000 z10=37000 z11=39000
2026-09-25T19:58:34Z z9=35000 z10=34000 z11=36000
2026-09-25T19:58:39Z z9=34000 z10=34000 z11=35000
2026-09-25T19:58:45Z z9=34000 z10=34000 z11=34000
2026-09-25T19:58:50Z z9=33000 z10=33000 z11=34000
2026-09-25T19:58:55Z z9=33000 z10=33000 z11=34000
2026-09-25T19:59:00Z z9=34000 z10=34000 z11=34000
2026-09-25T19:59:05Z z9=33000 z10=33000 z11=34000
2026-09-25T19:59:10Z z9=33000 z10=34000 z11=34000
2026-09-25T19:59:15Z z9=33000 z10=33000 z11=34000
2026-09-25T19:59:20Z z9=33000 z10=34000 z11=34000
2026-09-25T19:59:25Z z9=35000 z10=34000 z11=34000
2026-09-25T19:59:30Z z9=34000 z10=33000 z11=34000
2026-09-25T19:59:36Z z9=33000 z10=33000 z11=34000
2026-09-25T19:59:41Z z9=33000 z10=34000 z11=35000
2026-09-25T19:59:46Z z9=34000 z10=33000 z11=34000
2026-09-25T19:59:51Z z9=34000 z10=33000 z11=33000
2026-09-25T19:59:56Z z9=34000 z10=33000 z11=34000
2026-09-25T20:00:01Z z9=34000 z10=34000 z11=35000
2026-09-25T20:00:06Z z9=34000 z10=34000 z11=35000
2026-09-25T20:00:11Z z9=34000 z10=34000 z11=34000
2026-09-25T20:00:16Z z9=35000 z10=35000 z11=35000
2026-09-25T20:00:21Z z9=36000 z10=36000 z11=37000
2026-09-25T20:00:26Z z9=35000 z10=35000 z11=36000
2026-09-25T20:00:32Z z9=36000 z10=35000 z11=36000
2026-09-25T20:00:37Z z9=36000 z10=35000 z11=36000
2026-09-25T20:00:42Z z9=35000 z10=35000 z11=36000
2026-09-25T20:00:47Z z9=36000 z10=35000 z11=36000
2026-09-25T20:00:52Z z9=35000 z10=33000 z11=34000
2026-09-25T20:00:57Z z9=33000 z10=33000 z11=33000
2026-09-25T20:01:02Z z9=32000 z10=33000 z11=34000
2026-09-25T20:01:07Z z9=34000 z10=33000 z11=33000
2026-09-25T20:01:12Z z9=33000 z10=33000 z11=33000
2026-09-25T20:01:17Z z9=33000 z10=32000 z11=32000
2026-09-25T20:01:22Z z9=34000 z10=33000 z11=33000
2026-09-25T20:01:28Z z9=32000 z10=33000 z11=33000
2026-09-25T20:01:33Z z9=32000 z10=32000 z11=33000
2026-09-25T20:01:38Z z9=33000 z10=32000 z11=33000
2026-09-25T20:01:43Z z9=32000 z10=32000 z11=33000
2026-09-25T20:01:48Z z9=31000 z10=32000 z11=33000
2026-09-25T20:01:53Z z9=33000 z10=32000 z11=32000
2026-09-25T20:01:58Z z9=33000 z10=32000 z11=33000
2026-09-25T20:02:03Z z9=31000 z10=32000 z11=32000
2026-09-25T20:02:08Z z9=33000 z10=32000 z11=33000
2026-09-25T20:02:13Z z9=33000 z10=32000 z11=33000
2026-09-25T20:02:18Z z9=31000 z10=32000 z11=33000
2026-09-25T20:02:23Z z9=33000 z10=31000 z11=32000
2026-09-25T20:02:29Z z9=31000 z10=32000 z11=32000
2026-09-25T20:02:34Z z9=33000 z10=32000 z11=32000
2026-09-25T20:02:39Z z9=32000 z10=32000 z11=33000
2026-09-25T20:02:44Z z9=32000 z10=32000 z11=32000
2026-09-25T20:02:49Z z9=33000 z10=32000 z11=32000
2026-09-25T20:02:54Z z9=31000 z10=32000 z11=32000
2026-09-25T20:02:59Z z9=32000 z10=31000 z11=32000
2026-09-25T20:03:04Z z9=31000 z10=31000 z11=32000
2026-09-25T20:03:09Z z9=31000 z10=31000 z11=32000
2026-09-25T20:03:14Z z9=32000 z10=32000 z11=32000
2026-09-25T20:03:20Z z9=32000 z10=31000 z11=32000
2026-09-25T20:03:25Z z9=32000 z10=32000 z11=32000
2026-09-25T20:03:30Z z9=34000 z10=32000 z11=32000
2026-09-25T20:03:35Z z9=33000 z10=32000 z11=32000
2026-09-25T20:03:40Z z9=31000 z10=32000 z11=32000
2026-09-25T20:03:45Z z9=34000 z10=32000 z11=32000
2026-09-25T20:03:50Z z9=31000 z10=32000 z11=32000
2026-09-25T20:03:55Z z9=33000 z10=32000 z11=32000
2026-09-25T20:04:00Z z9=33000 z10=33000 z11=33000
2026-09-25T20:04:05Z z9=33000 z10=33000 z11=34000
2026-09-25T20:04:10Z z9=34000 z10=33000 z11=34000
2026-09-25T20:04:16Z z9=38000 z10=37000 z11=37000
2026-09-25T20:04:21Z z9=35000 z10=35000 z11=35000
2026-09-25T20:04:26Z z9=36000 z10=34000 z11=34000
2026-09-25T20:04:31Z z9=51000 z10=46000 z11=46000
2026-09-25T20:04:36Z z9=34000 z10=34000 z11=35000
2026-09-25T20:04:41Z z9=34000 z10=34000 z11=34000
2026-09-25T20:04:46Z z9=59000 z10=54000 z11=55000
2026-09-25T20:04:51Z z9=37000 z10=37000 z11=37000
2026-09-25T20:04:56Z z9=36000 z10=36000 z11=36000
2026-09-25T20:05:01Z z9=36000 z10=35000 z11=36000
2026-09-25T20:05:07Z z9=34000 z10=34000 z11=35000
2026-09-25T20:05:12Z z9=36000 z10=36000 z11=37000
2026-09-25T20:05:17Z z9=34000 z10=34000 z11=35000
2026-09-25T20:05:22Z z9=36000 z10=37000 z11=40000
2026-09-25T20:05:27Z z9=37000 z10=36000 z11=37000
2026-09-25T20:05:32Z z9=37000 z10=35000 z11=36000
2026-09-25T20:05:37Z z9=35000 z10=34000 z11=35000
2026-09-25T20:05:42Z z9=34000 z10=34000 z11=35000
2026-09-25T20:05:47Z z9=34000 z10=33000 z11=34000
2026-09-25T20:05:52Z z9=33000 z10=34000 z11=34000
2026-09-25T20:05:57Z z9=35000 z10=33000 z11=33000
2026-09-25T20:06:03Z z9=34000 z10=34000 z11=35000
2026-09-25T20:06:08Z z9=34000 z10=33000 z11=34000
2026-09-25T20:06:13Z z9=33000 z10=33000 z11=34000
2026-09-25T20:06:18Z z9=32000 z10=33000 z11=33000
2026-09-25T20:06:23Z z9=32000 z10=32000 z11=33000
2026-09-25T20:06:28Z z9=31000 z10=32000 z11=33000
2026-09-25T20:06:33Z z9=33000 z10=32000 z11=32000
2026-09-25T20:06:38Z z9=32000 z10=32000 z11=33000
2026-09-25T20:06:43Z z9=31000 z10=32000 z11=33000
2026-09-25T20:06:49Z z9=32000 z10=32000 z11=32000
2026-09-25T20:06:54Z z9=33000 z10=32000 z11=32000
2026-09-25T20:06:59Z z9=32000 z10=32000 z11=33000
2026-09-25T20:07:04Z z9=32000 z10=32000 z11=33000
2026-09-25T20:07:09Z z9=31000 z10=32000 z11=32000
2026-09-25T20:07:14Z z9=33000 z10=32000 z11=33000
2026-09-25T20:07:19Z z9=33000 z10=33000 z11=33000
2026-09-25T20:07:24Z z9=34000 z10=35000 z11=35000
2026-09-25T20:07:29Z z9=34000 z10=34000 z11=34000
2026-09-25T20:07:34Z z9=34000 z10=35000 z11=36000
2026-09-25T20:07:40Z z9=33000 z10=34000 z11=34000
2026-09-25T20:07:45Z z9=37000 z10=36000 z11=37000
2026-09-25T20:07:50Z z9=34000 z10=34000 z11=36000
2026-09-25T20:07:55Z z9=55000 z10=53000 z11=54000
2026-09-25T20:08:00Z z9=39000 z10=39000 z11=40000
2026-09-25T20:08:05Z z9=47000 z10=47000 z11=49000
2026-09-25T20:08:10Z z9=41000 z10=42000 z11=46000
2026-09-25T20:08:15Z z9=40000 z10=39000 z11=39000
2026-09-25T20:08:20Z z9=45000 z10=45000 z11=46000
2026-09-25T20:08:25Z z9=37000 z10=37000 z11=37000
2026-09-25T20:08:31Z z9=37000 z10=37000 z11=37000
2026-09-25T20:08:36Z z9=38000 z10=39000 z11=39000
2026-09-25T20:08:41Z z9=40000 z10=40000 z11=41000
2026-09-25T20:08:46Z z9=37000 z10=37000 z11=37000
2026-09-25T20:08:51Z z9=36000 z10=37000 z11=37000
2026-09-25T20:08:56Z z9=36000 z10=36000 z11=37000
2026-09-25T20:09:01Z z9=40000 z10=37000 z11=37000
2026-09-25T20:09:06Z z9=35000 z10=36000 z11=37000
2026-09-25T20:09:11Z z9=36000 z10=36000 z11=37000
2026-09-25T20:09:16Z z9=36000 z10=36000 z11=36000
2026-09-25T20:09:22Z z9=37000 z10=37000 z11=37000
2026-09-25T20:09:27Z z9=36000 z10=36000 z11=36000
2026-09-25T20:09:32Z z9=37000 z10=35000 z11=36000
2026-09-25T20:09:37Z z9=36000 z10=34000 z11=35000
2026-09-25T20:09:42Z z9=34000 z10=34000 z11=34000
2026-09-25T20:09:47Z z9=34000 z10=34000 z11=34000
2026-09-25T20:09:52Z z9=34000 z10=34000 z11=34000
2026-09-25T20:09:57Z z9=36000 z10=36000 z11=37000
2026-09-25T20:10:02Z z9=34000 z10=34000 z11=35000
2026-09-25T20:10:07Z z9=35000 z10=34000 z11=35000
2026-09-25T20:10:12Z z9=34000 z10=34000 z11=34000
2026-09-25T20:10:18Z z9=33000 z10=34000 z11=34000
2026-09-25T20:10:23Z z9=34000 z10=34000 z11=34000
2026-09-25T20:10:28Z z9=33000 z10=34000 z11=34000
2026-09-25T20:10:33Z z9=33000 z10=33000 z11=34000
2026-09-25T20:10:38Z z9=33000 z10=33000 z11=33000
2026-09-25T20:10:43Z z9=35000 z10=34000 z11=34000
2026-09-25T20:10:48Z z9=33000 z10=33000 z11=34000
2026-09-25T20:10:53Z z9=34000 z10=33000 z11=34000
2026-09-25T20:10:58Z z9=35000 z10=34000 z11=35000
2026-09-25T20:11:03Z z9=34000 z10=34000 z11=35000
2026-09-25T20:11:08Z z9=36000 z10=34000 z11=35000
2026-09-25T20:11:14Z z9=35000 z10=35000 z11=36000
2026-09-25T20:11:19Z z9=35000 z10=36000 z11=36000
2026-09-25T20:11:24Z z9=35000 z10=35000 z11=36000
2026-09-25T20:11:29Z z9=35000 z10=35000 z11=35000
2026-09-25T20:11:34Z z9=35000 z10=34000 z11=35000
2026-09-25T20:11:39Z z9=35000 z10=35000 z11=36000
2026-09-25T20:11:44Z z9=35000 z10=35000 z11=36000
2026-09-25T20:11:49Z z9=35000 z10=35000 z11=36000
2026-09-25T20:11:54Z z9=35000 z10=35000 z11=36000
2026-09-25T20:12:00Z z9=37000 z10=36000 z11=37000
2026-09-25T20:12:05Z z9=36000 z10=35000 z11=36000
2026-09-25T20:12:10Z z9=37000 z10=35000 z11=36000
2026-09-25T20:12:15Z z9=35000 z10=35000 z11=36000
2026-09-25T20:12:20Z z9=37000 z10=35000 z11=36000
2026-09-25T20:12:25Z z9=35000 z10=35000 z11=37000
2026-09-25T20:12:30Z z9=34000 z10=35000 z11=36000
2026-09-25T20:12:35Z z9=35000 z10=35000 z11=35000
2026-09-25T20:12:40Z z9=35000 z10=36000 z11=35000
2026-09-25T20:12:46Z z9=35000 z10=35000 z11=36000
2026-09-25T20:12:51Z z9=36000 z10=35000 z11=35000
2026-09-25T20:12:56Z z9=36000 z10=35000 z11=35000
2026-09-25T20:13:01Z z9=35000 z10=35000 z11=35000
2026-09-25T20:13:06Z z9=34000 z10=34000 z11=35000
2026-09-25T20:13:11Z z9=35000 z10=35000 z11=35000
2026-09-25T20:13:16Z z9=35000 z10=35000 z11=36000
2026-09-25T20:13:21Z z9=35000 z10=35000 z11=36000
2026-09-25T20:13:26Z z9=35000 z10=35000 z11=36000
2026-09-25T20:13:32Z z9=35000 z10=35000 z11=36000
2026-09-25T20:13:37Z z9=34000 z10=34000 z11=35000
2026-09-25T20:13:42Z z9=35000 z10=34000 z11=35000
2026-09-25T20:13:47Z z9=34000 z10=34000 z11=35000
2026-09-25T20:13:52Z z9=35000 z10=35000 z11=35000
2026-09-25T20:13:57Z z9=34000 z10=35000 z11=35000
2026-09-25T20:14:02Z z9=35000 z10=34000 z11=36000
2026-09-25T20:14:07Z z9=35000 z10=35000 z11=36000
2026-09-25T20:14:12Z z9=35000 z10=35000 z11=35000
2026-09-25T20:14:17Z z9=36000 z10=40000 z11=39000
2026-09-25T20:14:23Z z9=35000 z10=35000 z11=36000
2026-09-25T20:14:28Z z9=35000 z10=34000 z11=34000
2026-09-25T20:14:33Z z9=35000 z10=35000 z11=35000
2026-09-25T20:14:38Z z9=35000 z10=35000 z11=36000
2026-09-25T20:14:43Z z9=35000 z10=34000 z11=35000
2026-09-25T20:14:48Z z9=35000 z10=35000 z11=37000
2026-09-25T20:14:53Z z9=35000 z10=35000 z11=35000
2026-09-25T20:14:58Z z9=35000 z10=35000 z11=35000
2026-09-25T20:15:03Z z9=35000 z10=35000 z11=36000
2026-09-25T20:15:09Z z9=36000 z10=35000 z11=36000
2026-09-25T20:15:14Z z9=36000 z10=36000 z11=38000
2026-09-25T20:15:19Z z9=35000 z10=35000 z11=36000
2026-09-25T20:15:24Z z9=36000 z10=35000 z11=35000
2026-09-25T20:15:29Z z9=35000 z10=35000 z11=36000
2026-09-25T20:15:34Z z9=35000 z10=35000 z11=37000
2026-09-25T20:15:39Z z9=35000 z10=35000 z11=35000
2026-09-25T20:15:44Z z9=36000 z10=35000 z11=35000
2026-09-25T20:15:49Z z9=35000 z10=36000 z11=37000
2026-09-25T20:15:54Z z9=35000 z10=35000 z11=36000
2026-09-25T20:16:00Z z9=35000 z10=35000 z11=36000
2026-09-25T20:16:05Z z9=37000 z10=36000 z11=37000
2026-09-25T20:16:10Z z9=37000 z10=35000 z11=35000
2026-09-25T20:16:15Z z9=35000 z10=35000 z11=36000
2026-09-25T20:16:20Z z9=35000 z10=34000 z11=35000
2026-09-25T20:16:25Z z9=35000 z10=35000 z11=36000
2026-09-25T20:16:30Z z9=37000 z10=35000 z11=36000
2026-09-25T20:16:35Z z9=35000 z10=36000 z11=36000
2026-09-25T20:16:40Z z9=34000 z10=34000 z11=35000
2026-09-25T20:16:45Z z9=35000 z10=35000 z11=35000
2026-09-25T20:16:51Z z9=35000 z10=35000 z11=36000
2026-09-25T20:16:56Z z9=35000 z10=35000 z11=36000
2026-09-25T20:17:01Z z9=35000 z10=36000 z11=36000
2026-09-25T20:17:06Z z9=37000 z10=36000 z11=36000
2026-09-25T20:17:11Z z9=37000 z10=36000 z11=37000
2026-09-25T20:17:16Z z9=38000 z10=39000 z11=39000
2026-09-25T20:17:21Z z9=36000 z10=36000 z11=37000
2026-09-25T20:17:26Z z9=36000 z10=35000 z11=35000
2026-09-25T20:17:31Z z9=37000 z10=35000 z11=35000
2026-09-25T20:17:36Z z9=35000 z10=35000 z11=35000
2026-09-25T20:17:41Z z9=34000 z10=35000 z11=35000
2026-09-25T20:17:47Z z9=35000 z10=34000 z11=35000
2026-09-25T20:17:52Z z9=35000 z10=36000 z11=37000
2026-09-25T20:17:57Z z9=36000 z10=36000 z11=36000
2026-09-25T20:18:02Z z9=35000 z10=36000 z11=36000
2026-09-25T20:18:07Z z9=36000 z10=36000 z11=37000
2026-09-25T20:18:12Z z9=36000 z10=36000 z11=37000
2026-09-25T20:18:17Z z9=36000 z10=36000 z11=36000
2026-09-25T20:18:22Z z9=35000 z10=36000 z11=36000
2026-09-25T20:18:27Z z9=37000 z10=36000 z11=37000
2026-09-25T20:18:33Z z9=35000 z10=35000 z11=35000
2026-09-25T20:18:38Z z9=36000 z10=36000 z11=36000
2026-09-25T20:18:43Z z9=35000 z10=36000 z11=36000
2026-09-25T20:18:48Z z9=36000 z10=35000 z11=35000
2026-09-25T20:18:53Z z9=36000 z10=35000 z11=35000
2026-09-25T20:18:58Z z9=35000 z10=35000 z11=35000
2026-09-25T20:19:03Z z9=35000 z10=35000 z11=36000
2026-09-25T20:19:08Z z9=35000 z10=35000 z11=36000
2026-09-25T20:19:13Z z9=34000 z10=34000 z11=34000
2026-09-25T20:19:18Z z9=34000 z10=34000 z11=35000
2026-09-25T20:19:24Z z9=34000 z10=34000 z11=35000
2026-09-25T20:19:29Z z9=35000 z10=34000 z11=35000
2026-09-25T20:19:34Z z9=34000 z10=34000 z11=34000
2026-09-25T20:19:39Z z9=33000 z10=34000 z11=34000
2026-09-25T20:19:44Z z9=33000 z10=34000 z11=34000
2026-09-25T20:19:49Z z9=34000 z10=34000 z11=34000
2026-09-25T20:19:54Z z9=34000 z10=34000 z11=35000
2026-09-25T20:19:59Z z9=35000 z10=34000 z11=34000
2026-09-25T20:20:04Z z9=34000 z10=34000 z11=34000
2026-09-25T20:20:09Z z9=36000 z10=36000 z11=36000
2026-09-25T20:20:14Z z9=34000 z10=35000 z11=35000
2026-09-25T20:20:20Z z9=35000 z10=35000 z11=35000
2026-09-25T20:20:25Z z9=36000 z10=35000 z11=35000
2026-09-25T20:20:30Z z9=37000 z10=35000 z11=35000
2026-09-25T20:20:35Z z9=35000 z10=35000 z11=35000
2026-09-25T20:20:40Z z9=34000 z10=34000 z11=35000
2026-09-25T20:20:45Z z9=34000 z10=35000 z11=35000
2026-09-25T20:20:50Z z9=34000 z10=34000 z11=35000
2026-09-25T20:20:55Z z9=36000 z10=34000 z11=35000
2026-09-25T20:21:00Z z9=35000 z10=35000 z11=35000
2026-09-25T20:21:05Z z9=35000 z10=34000 z11=35000
2026-09-25T20:21:11Z z9=35000 z10=35000 z11=37000
2026-09-25T20:21:16Z z9=35000 z10=35000 z11=36000
2026-09-25T20:21:21Z z9=35000 z10=39000 z11=39000
2026-09-25T20:21:26Z z9=38000 z10=36000 z11=36000
2026-09-25T20:21:31Z z9=36000 z10=36000 z11=36000
2026-09-25T20:21:36Z z9=37000 z10=35000 z11=36000
2026-09-25T20:21:41Z z9=35000 z10=35000 z11=35000
2026-09-25T20:21:46Z z9=36000 z10=36000 z11=37000
2026-09-25T20:21:51Z z9=36000 z10=35000 z11=35000
2026-09-25T20:21:56Z z9=34000 z10=35000 z11=35000
2026-09-25T20:22:02Z z9=35000 z10=35000 z11=36000
2026-09-25T20:22:07Z z9=36000 z10=36000 z11=36000
2026-09-25T20:22:12Z z9=35000 z10=35000 z11=36000
2026-09-25T20:22:17Z z9=37000 z10=38000 z11=39000
2026-09-25T20:22:22Z z9=40000 z10=38000 z11=39000
2026-09-25T20:22:27Z z9=39000 z10=41000 z11=41000
2026-09-25T20:22:32Z z9=37000 z10=37000 z11=38000
2026-09-25T20:22:37Z z9=36000 z10=36000 z11=36000
2026-09-25T20:22:42Z z9=38000 z10=37000 z11=37000
2026-09-25T20:22:47Z z9=36000 z10=36000 z11=37000
2026-09-25T20:22:53Z z9=36000 z10=36000 z11=37000
2026-09-25T20:22:58Z z9=36000 z10=36000 z11=36000
2026-09-25T20:23:03Z z9=36000 z10=36000 z11=37000
2026-09-25T20:23:08Z z9=36000 z10=36000 z11=36000
2026-09-25T20:23:13Z z9=36000 z10=36000 z11=37000
2026-09-25T20:23:18Z z9=36000 z10=37000 z11=37000
2026-09-25T20:23:23Z z9=38000 z10=37000 z11=36000
2026-09-25T20:23:28Z z9=36000 z10=37000 z11=37000
2026-09-25T20:23:33Z z9=37000 z10=36000 z11=37000
2026-09-25T20:23:38Z z9=37000 z10=36000 z11=37000
2026-09-25T20:23:44Z z9=36000 z10=36000 z11=36000
2026-09-25T20:23:49Z z9=36000 z10=36000 z11=36000
2026-09-25T20:23:54Z z9=38000 z10=37000 z11=37000
2026-09-25T20:23:59Z z9=35000 z10=35000 z11=36000
2026-09-25T20:24:04Z z9=36000 z10=36000 z11=36000
2026-09-25T20:24:09Z z9=35000 z10=35000 z11=35000
2026-09-25T20:24:14Z z9=36000 z10=36000 z11=36000
2026-09-25T20:24:19Z z9=37000 z10=37000 z11=37000
2026-09-25T20:24:24Z z9=37000 z10=37000 z11=37000
2026-09-25T20:24:29Z z9=36000 z10=36000 z11=37000
2026-09-25T20:24:35Z z9=36000 z10=36000 z11=36000
2026-09-25T20:24:40Z z9=37000 z10=36000 z11=38000
2026-09-25T20:24:45Z z9=37000 z10=37000 z11=38000
2026-09-25T20:24:50Z z9=37000 z10=37000 z11=37000
2026-09-25T20:24:55Z z9=37000 z10=38000 z11=38000
2026-09-25T20:25:00Z z9=38000 z10=38000 z11=39000
2026-09-25T20:25:05Z z9=36000 z10=37000 z11=38000
2026-09-25T20:25:10Z z9=37000 z10=37000 z11=38000
2026-09-25T20:25:15Z z9=36000 z10=36000 z11=36000
2026-09-25T20:25:20Z z9=35000 z10=35000 z11=36000
2026-09-25T20:25:26Z z9=35000 z10=35000 z11=36000
2026-09-25T20:25:31Z z9=36000 z10=35000 z11=35000
2026-09-25T20:25:36Z z9=37000 z10=35000 z11=35000
2026-09-25T20:25:41Z z9=34000 z10=35000 z11=35000
2026-09-25T20:25:46Z z9=34000 z10=35000 z11=35000
2026-09-25T20:25:51Z z9=35000 z10=35000 z11=35000
2026-09-25T20:25:56Z z9=36000 z10=35000 z11=35000
2026-09-25T20:26:01Z z9=34000 z10=35000 z11=35000
2026-09-25T20:26:06Z z9=35000 z10=35000 z11=35000
2026-09-25T20:26:11Z z9=34000 z10=35000 z11=35000
2026-09-25T20:26:17Z z9=35000 z10=34000 z11=35000
2026-09-25T20:26:22Z z9=34000 z10=34000 z11=35000
2026-09-25T20:26:27Z z9=34000 z10=34000 z11=35000
2026-09-25T20:26:32Z z9=35000 z10=34000 z11=35000
2026-09-25T20:26:37Z z9=34000 z10=34000 z11=34000
2026-09-25T20:26:42Z z9=34000 z10=34000 z11=34000
2026-09-25T20:26:47Z z9=34000 z10=34000 z11=35000
2026-09-25T20:26:52Z z9=35000 z10=35000 z11=36000
2026-09-25T20:26:57Z z9=43000 z10=41000 z11=42000
2026-09-25T20:27:02Z z9=36000 z10=36000 z11=37000
2026-09-25T20:27:07Z z9=37000 z10=36000 z11=36000
2026-09-25T20:27:13Z z9=37000 z10=36000 z11=37000
2026-09-25T20:27:18Z z9=36000 z10=36000 z11=37000
2026-09-25T20:27:23Z z9=35000 z10=36000 z11=36000
2026-09-25T20:27:28Z z9=38000 z10=35000 z11=36000
2026-09-25T20:27:33Z z9=37000 z10=37000 z11=38000
2026-09-25T20:27:38Z z9=36000 z10=36000 z11=36000
2026-09-25T20:27:43Z z9=37000 z10=35000 z11=36000
2026-09-25T20:27:48Z z9=35000 z10=36000 z11=38000
2026-09-25T20:27:53Z z9=35000 z10=35000 z11=35000
2026-09-25T20:27:58Z z9=35000 z10=35000 z11=36000
2026-09-25T20:28:04Z z9=36000 z10=35000 z11=35000
2026-09-25T20:28:09Z z9=36000 z10=35000 z11=35000
2026-09-25T20:28:14Z z9=35000 z10=35000 z11=36000
2026-09-25T20:28:19Z z9=35000 z10=35000 z11=35000
2026-09-25T20:28:24Z z9=35000 z10=35000 z11=35000
2026-09-25T20:28:29Z z9=35000 z10=35000 z11=35000
2026-09-25T20:28:34Z z9=37000 z10=35000 z11=37000
2026-09-25T20:28:39Z z9=36000 z10=35000 z11=36000
2026-09-25T20:28:44Z z9=36000 z10=35000 z11=35000
2026-09-25T20:28:49Z z9=37000 z10=35000 z11=35000
2026-09-25T20:28:55Z z9=36000 z10=36000 z11=36000
2026-09-25T20:29:00Z z9=37000 z10=35000 z11=35000
2026-09-25T20:29:05Z z9=36000 z10=34000 z11=35000
2026-09-25T20:29:10Z z9=34000 z10=34000 z11=35000
2026-09-25T20:29:15Z z9=36000 z10=34000 z11=35000
2026-09-25T20:29:20Z z9=34000 z10=34000 z11=34000
2026-09-25T20:29:25Z z9=34000 z10=34000 z11=34000
2026-09-25T20:29:30Z z9=35000 z10=34000 z11=35000
2026-09-25T20:29:35Z z9=35000 z10=34000 z11=35000
2026-09-25T20:29:40Z z9=33000 z10=34000 z11=35000
2026-09-25T20:29:45Z z9=34000 z10=34000 z11=35000
2026-09-25T20:29:51Z z9=33000 z10=34000 z11=34000
2026-09-25T20:29:56Z z9=35000 z10=34000 z11=34000
2026-09-25T20:30:01Z z9=34000 z10=34000 z11=34000
2026-09-25T20:30:06Z z9=34000 z10=34000 z11=35000
2026-09-25T20:30:11Z z9=34000 z10=35000 z11=35000
2026-09-25T20:30:16Z z9=33000 z10=34000 z11=35000
2026-09-25T20:30:21Z z9=34000 z10=34000 z11=34000
2026-09-25T20:30:26Z z9=34000 z10=34000 z11=34000
2026-09-25T20:30:31Z z9=34000 z10=33000 z11=34000
2026-09-25T20:30:36Z z9=33000 z10=33000 z11=33000
2026-09-25T20:30:42Z z9=34000 z10=34000 z11=34000
2026-09-25T20:30:47Z z9=34000 z10=34000 z11=35000
2026-09-25T20:30:52Z z9=33000 z10=33000 z11=34000
2026-09-25T20:30:57Z z9=33000 z10=34000 z11=34000
2026-09-25T20:31:02Z z9=33000 z10=33000 z11=34000
2026-09-25T20:31:07Z z9=33000 z10=34000 z11=34000
2026-09-25T20:31:12Z z9=35000 z10=33000 z11=34000
2026-09-25T20:31:17Z z9=35000 z10=33000 z11=34000
2026-09-25T20:31:22Z z9=35000 z10=33000 z11=34000
2026-09-25T20:31:28Z z9=34000 z10=33000 z11=34000
2026-09-25T20:31:33Z z9=33000 z10=33000 z11=34000
2026-09-25T20:31:38Z z9=34000 z10=34000 z11=34000
2026-09-25T20:31:43Z z9=33000 z10=33000 z11=34000
2026-09-25T20:31:48Z z9=33000 z10=33000 z11=34000
2026-09-25T20:31:53Z z9=33000 z10=33000 z11=34000
2026-09-25T20:31:58Z z9=33000 z10=33000 z11=34000
2026-09-25T20:32:03Z z9=33000 z10=33000 z11=33000
2026-09-25T20:32:08Z z9=32000 z10=33000 z11=33000
2026-09-25T20:32:14Z z9=33000 z10=33000 z11=34000
2026-09-25T20:32:19Z z9=33000 z10=33000 z11=34000
2026-09-25T20:32:24Z z9=48000 z10=42000 z11=43000
2026-09-25T20:32:29Z z9=33000 z10=34000 z11=34000
2026-09-25T20:32:34Z z9=35000 z10=33000 z11=34000
2026-09-25T20:32:39Z z9=33000 z10=33000 z11=34000
2026-09-25T20:32:44Z z9=33000 z10=33000 z11=34000
2026-09-25T20:32:49Z z9=34000 z10=34000 z11=34000
2026-09-25T20:32:54Z z9=35000 z10=33000 z11=34000
2026-09-25T20:32:59Z z9=33000 z10=33000 z11=34000
2026-09-25T20:33:05Z z9=33000 z10=34000 z11=34000
2026-09-25T20:33:10Z z9=37000 z10=37000 z11=37000
2026-09-25T20:33:15Z z9=35000 z10=35000 z11=36000
2026-09-25T20:33:20Z z9=54000 z10=46000 z11=47000
2026-09-25T20:33:25Z z9=99000 z10=90000 z11=90000
2026-09-25T20:33:30Z z9=57000 z10=57000 z11=58000
2026-09-25T20:33:35Z z9=72000 z10=62000 z11=63000
2026-09-25T20:33:40Z z9=66000 z10=67000 z11=68000
2026-09-25T20:33:45Z z9=68000 z10=74000 z11=73000
2026-09-25T20:33:50Z z9=69000 z10=63000 z11=64000
2026-09-25T20:33:56Z z9=69000 z10=62000 z11=63000
2026-09-25T20:34:01Z z9=62000 z10=57000 z11=58000
2026-09-25T20:34:06Z z9=66000 z10=58000 z11=61000
2026-09-25T20:34:11Z z9=68000 z10=60000 z11=62000
2026-09-25T20:34:16Z z9=82000 z10=76000 z11=74000
2026-09-25T20:34:21Z z9=96000 z10=86000 z11=89000
2026-09-25T20:34:26Z z9=64000 z10=65000 z11=66000
2026-09-25T20:34:31Z z9=60000 z10=58000 z11=60000
2026-09-25T20:34:37Z z9=63000 z10=58000 z11=60000
2026-09-25T20:34:42Z z9=67000 z10=60000 z11=61000
2026-09-25T20:34:47Z z9=74000 z10=62000 z11=66000
2026-09-25T20:34:52Z z9=101000 z10=80000 z11=83000
2026-09-25T20:34:57Z z9=72000 z10=65000 z11=66000
2026-09-25T20:35:02Z z9=80000 z10=65000 z11=65000
2026-09-25T20:35:07Z z9=80000 z10=72000 z11=73000
2026-09-25T20:35:12Z z9=83000 z10=72000 z11=72000
2026-09-25T20:35:17Z z9=78000 z10=70000 z11=72000
2026-09-25T20:35:23Z z9=80000 z10=69000 z11=72000
2026-09-25T20:35:28Z z9=59000 z10=60000 z11=61000
2026-09-25T20:35:33Z z9=76000 z10=63000 z11=65000
2026-09-25T20:35:38Z z9=86000 z10=77000 z11=78000
2026-09-25T20:35:43Z z9=66000 z10=67000 z11=68000
2026-09-25T20:35:48Z z9=54000 z10=55000 z11=55000
2026-09-25T20:35:53Z z9=51000 z10=48000 z11=49000
2026-09-25T20:35:58Z z9=47000 z10=46000 z11=46000
2026-09-25T20:36:03Z z9=44000 z10=45000 z11=45000
2026-09-25T20:36:09Z z9=43000 z10=43000 z11=43000
2026-09-25T20:36:14Z z9=41000 z10=41000 z11=42000
2026-09-25T20:36:19Z z9=40000 z10=41000 z11=42000
2026-09-25T20:36:24Z z9=40000 z10=40000 z11=41000
2026-09-25T20:36:29Z z9=39000 z10=40000 z11=41000
2026-09-25T20:36:34Z z9=39000 z10=40000 z11=40000
2026-09-25T20:36:39Z z9=39000 z10=39000 z11=40000
2026-09-25T20:36:44Z z9=54000 z10=47000 z11=47000
2026-09-25T20:36:49Z z9=101000 z10=88000 z11=88000
2026-09-25T20:36:54Z z9=74000 z10=63000 z11=63000
2026-09-25T20:37:00Z z9=75000 z10=67000 z11=66000
2026-09-25T20:37:05Z z9=71000 z10=73000 z11=72000
2026-09-25T20:37:10Z z9=74000 z10=74000 z11=74000
2026-09-25T20:37:15Z z9=76000 z10=69000 z11=70000
2026-09-25T20:37:20Z z9=60000 z10=60000 z11=61000
2026-09-25T20:37:25Z z9=71000 z10=63000 z11=65000
2026-09-25T20:37:30Z z9=60000 z10=61000 z11=61000
2026-09-25T20:37:35Z z9=86000 z10=81000 z11=80000
2026-09-25T20:37:41Z z9=104000 z10=92000 z11=90000
2026-09-25T20:37:46Z z9=69000 z10=70000 z11=69000
2026-09-25T20:37:51Z z9=67000 z10=65000 z11=66000
2026-09-25T20:37:56Z z9=64000 z10=63000 z11=64000
2026-09-25T20:38:01Z z9=73000 z10=66000 z11=67000
2026-09-25T20:38:06Z z9=90000 z10=74000 z11=76000
2026-09-25T20:38:11Z z9=83000 z10=77000 z11=78000
2026-09-25T20:38:16Z z9=79000 z10=69000 z11=72000
2026-09-25T20:38:21Z z9=67000 z10=67000 z11=68000
2026-09-25T20:38:26Z z9=73000 z10=66000 z11=67000
2026-09-25T20:38:32Z z9=74000 z10=66000 z11=68000
2026-09-25T20:38:37Z z9=93000 z10=83000 z11=88000
2026-09-25T20:38:42Z z9=76000 z10=69000 z11=70000
2026-09-25T20:38:47Z z9=79000 z10=69000 z11=70000
2026-09-25T20:38:52Z z9=76000 z10=69000 z11=70000
2026-09-25T20:38:57Z z9=74000 z10=72000 z11=74000
2026-09-25T20:39:02Z z9=73000 z10=68000 z11=70000
2026-09-25T20:39:07Z z9=55000 z10=55000 z11=56000
2026-09-25T20:39:12Z z9=51000 z10=52000 z11=52000
2026-09-25T20:39:18Z z9=49000 z10=48000 z11=49000
2026-09-25T20:39:23Z z9=46000 z10=47000 z11=48000
2026-09-25T20:39:28Z z9=45000 z10=45000 z11=46000
2026-09-25T20:39:33Z z9=44000 z10=45000 z11=45000
2026-09-25T20:39:38Z z9=43000 z10=42000 z11=44000
2026-09-25T20:39:43Z z9=42000 z10=43000 z11=43000
2026-09-25T20:39:48Z z9=41000 z10=42000 z11=42000
2026-09-25T20:39:53Z z9=42000 z10=41000 z11=42000
2026-09-25T20:39:58Z z9=47000 z10=45000 z11=47000
2026-09-25T20:40:03Z z9=87000 z10=77000 z11=78000
2026-09-25T20:40:09Z z9=86000 z10=69000 z11=72000
2026-09-25T20:40:14Z z9=80000 z10=70000 z11=73000
2026-09-25T20:40:19Z z9=100000 z10=89000 z11=89000
2026-09-25T20:40:24Z z9=103000 z10=95000 z11=94000
2026-09-25T20:40:29Z z9=66000 z10=66000 z11=68000
2026-09-25T20:40:34Z z9=65000 z10=64000 z11=65000
2026-09-25T20:40:39Z z9=62000 z10=60000 z11=61000
2026-09-25T20:40:44Z z9=70000 z10=62000 z11=65000
2026-09-25T20:40:49Z z9=58000 z10=59000 z11=60000
2026-09-25T20:40:55Z z9=94000 z10=85000 z11=86000
2026-09-25T20:41:00Z z9=81000 z10=72000 z11=72000
2026-09-25T20:41:05Z z9=64000 z10=67000 z11=68000
2026-09-25T20:41:10Z z9=67000 z10=64000 z11=65000
2026-09-25T20:41:15Z z9=73000 z10=65000 z11=66000
2026-09-25T20:41:20Z z9=75000 z10=67000 z11=70000
2026-09-25T20:41:25Z z9=81000 z10=73000 z11=73000
2026-09-25T20:41:30Z z9=74000 z10=67000 z11=68000
2026-09-25T20:41:36Z z9=73000 z10=66000 z11=67000
2026-09-25T20:41:41Z z9=71000 z10=66000 z11=68000
2026-09-25T20:41:46Z z9=80000 z10=80000 z11=77000
2026-09-25T20:41:51Z z9=66000 z10=66000 z11=67000
2026-09-25T20:41:56Z z9=65000 z10=66000 z11=66000
2026-09-25T20:42:01Z z9=67000 z10=63000 z11=63000
2026-09-25T20:42:06Z z9=75000 z10=64000 z11=64000
2026-09-25T20:42:11Z z9=83000 z10=78000 z11=78000
2026-09-25T20:42:17Z z9=63000 z10=65000 z11=68000
2026-09-25T20:42:22Z z9=52000 z10=53000 z11=54000
2026-09-25T20:42:27Z z9=51000 z10=50000 z11=50000
2026-09-25T20:42:32Z z9=49000 z10=47000 z11=49000
2026-09-25T20:42:37Z z9=48000 z10=49000 z11=49000
2026-09-25T20:42:42Z z9=50000 z10=49000 z11=49000
2026-09-25T20:42:47Z z9=46000 z10=47000 z11=47000
2026-09-25T20:42:52Z z9=46000 z10=45000 z11=46000
2026-09-25T20:42:57Z z9=45000 z10=44000 z11=45000
2026-09-25T20:43:02Z z9=42000 z10=43000 z11=43000
2026-09-25T20:43:07Z z9=58000 z10=55000 z11=54000
2026-09-25T20:43:13Z z9=43000 z10=43000 z11=44000
2026-09-25T20:43:18Z z9=47000 z10=46000 z11=47000
2026-09-25T20:43:23Z z9=44000 z10=43000 z11=44000
2026-09-25T20:43:28Z z9=41000 z10=41000 z11=42000
2026-09-25T20:43:33Z z9=41000 z10=41000 z11=41000
2026-09-25T20:43:38Z z9=40000 z10=41000 z11=41000
2026-09-25T20:43:43Z z9=42000 z10=39000 z11=40000
2026-09-25T20:43:48Z z9=39000 z10=40000 z11=40000
2026-09-25T20:43:53Z z9=40000 z10=39000 z11=40000
2026-09-25T20:43:58Z z9=40000 z10=39000 z11=39000
2026-09-25T20:44:03Z z9=40000 z10=38000 z11=39000
2026-09-25T20:44:08Z z9=39000 z10=38000 z11=39000
2026-09-25T20:44:14Z z9=37000 z10=39000 z11=39000
2026-09-25T20:44:19Z z9=40000 z10=41000 z11=42000
2026-09-25T20:44:24Z z9=39000 z10=38000 z11=38000
2026-09-25T20:44:29Z z9=39000 z10=37000 z11=38000
2026-09-25T20:44:34Z z9=39000 z10=37000 z11=37000
2026-09-25T20:44:39Z z9=38000 z10=37000 z11=37000
2026-09-25T20:44:44Z z9=36000 z10=37000 z11=37000
2026-09-25T20:44:49Z z9=39000 z10=37000 z11=37000
2026-09-25T20:44:54Z z9=38000 z10=36000 z11=37000
2026-09-25T20:44:59Z z9=38000 z10=36000 z11=37000
2026-09-25T20:45:04Z z9=38000 z10=37000 z11=38000
2026-09-25T20:45:09Z z9=37000 z10=36000 z11=36000
2026-09-25T20:45:14Z z9=37000 z10=36000 z11=37000
2026-09-25T20:45:20Z z9=37000 z10=36000 z11=37000
2026-09-25T20:45:25Z z9=36000 z10=36000 z11=36000
2026-09-25T20:45:30Z z9=36000 z10=36000 z11=36000
2026-09-25T20:45:35Z z9=37000 z10=36000 z11=37000
2026-09-25T20:45:40Z z9=36000 z10=36000 z11=36000
2026-09-25T20:45:45Z z9=37000 z10=36000 z11=37000
2026-09-25T20:45:50Z z9=36000 z10=36000 z11=36000
2026-09-25T20:45:55Z z9=37000 z10=36000 z11=36000
2026-09-25T20:46:00Z z9=37000 z10=36000 z11=37000
2026-09-25T20:46:05Z z9=37000 z10=35000 z11=36000
2026-09-25T20:46:10Z z9=36000 z10=35000 z11=36000
2026-09-25T20:46:15Z z9=37000 z10=36000 z11=36000
2026-09-25T20:46:20Z z9=37000 z10=35000 z11=35000
2026-09-25T20:46:25Z z9=35000 z10=35000 z11=36000
2026-09-25T20:46:31Z z9=37000 z10=36000 z11=36000
2026-09-25T20:46:36Z z9=35000 z10=36000 z11=36000
2026-09-25T20:46:41Z z9=36000 z10=35000 z11=36000
2026-09-25T20:46:46Z z9=37000 z10=36000 z11=35000
2026-09-25T20:46:51Z z9=35000 z10=35000 z11=35000
2026-09-25T20:46:56Z z9=37000 z10=35000 z11=35000
2026-09-25T20:47:01Z z9=36000 z10=35000 z11=35000
2026-09-25T20:47:06Z z9=38000 z10=37000 z11=37000
2026-09-25T20:47:11Z z9=36000 z10=37000 z11=37000
2026-09-25T20:47:16Z z9=37000 z10=36000 z11=36000
2026-09-25T20:47:21Z z9=36000 z10=36000 z11=36000
2026-09-25T20:47:27Z z9=38000 z10=38000 z11=39000
2026-09-25T20:47:32Z z9=37000 z10=38000 z11=39000
2026-09-25T20:47:37Z z9=37000 z10=37000 z11=37000
2026-09-25T20:47:42Z z9=36000 z10=36000 z11=36000
2026-09-25T20:47:47Z z9=36000 z10=36000 z11=36000
2026-09-25T20:47:52Z z9=36000 z10=36000 z11=36000
2026-09-25T20:47:57Z z9=35000 z10=36000 z11=36000
2026-09-25T20:48:02Z z9=36000 z10=36000 z11=37000
2026-09-25T20:48:07Z z9=37000 z10=36000 z11=37000
2026-09-25T20:48:13Z z9=36000 z10=36000 z11=36000
2026-09-25T20:48:18Z z9=38000 z10=38000 z11=40000
2026-09-25T20:48:23Z z9=37000 z10=37000 z11=38000
2026-09-25T20:48:28Z z9=36000 z10=36000 z11=37000
2026-09-25T20:48:33Z z9=37000 z10=36000 z11=37000
2026-09-25T20:48:38Z z9=36000 z10=35000 z11=36000
2026-09-25T20:48:43Z z9=35000 z10=35000 z11=36000
2026-09-25T20:48:48Z z9=35000 z10=35000 z11=35000
2026-09-25T20:48:53Z z9=35000 z10=35000 z11=35000
2026-09-25T20:48:58Z z9=37000 z10=35000 z11=36000
2026-09-25T20:49:03Z z9=39000 z10=38000 z11=40000
2026-09-25T20:49:09Z z9=38000 z10=37000 z11=37000
2026-09-25T20:49:14Z z9=40000 z10=37000 z11=39000
2026-09-25T20:49:19Z z9=37000 z10=36000 z11=36000
2026-09-25T20:49:24Z z9=38000 z10=38000 z11=39000
2026-09-25T20:49:29Z z9=37000 z10=36000 z11=36000
2026-09-25T20:49:34Z z9=35000 z10=35000 z11=35000
2026-09-25T20:49:39Z z9=36000 z10=35000 z11=35000
2026-09-25T20:49:44Z z9=35000 z10=35000 z11=35000
2026-09-25T20:49:49Z z9=35000 z10=36000 z11=36000
2026-09-25T20:49:54Z z9=34000 z10=34000 z11=34000
2026-09-25T20:50:00Z z9=34000 z10=34000 z11=35000
2026-09-25T20:50:05Z z9=33000 z10=33000 z11=34000
2026-09-25T20:50:10Z z9=33000 z10=33000 z11=34000
2026-09-25T20:50:15Z z9=33000 z10=34000 z11=34000
2026-09-25T20:50:20Z z9=33000 z10=33000 z11=33000
2026-09-25T20:50:25Z z9=33000 z10=33000 z11=33000
2026-09-25T20:50:30Z z9=32000 z10=33000 z11=33000
2026-09-25T20:50:35Z z9=32000 z10=33000 z11=33000
2026-09-25T20:50:40Z z9=34000 z10=34000 z11=34000
2026-09-25T20:50:45Z z9=35000 z10=36000 z11=36000
2026-09-25T20:50:50Z z9=34000 z10=34000 z11=34000
2026-09-25T20:50:56Z z9=40000 z10=37000 z11=39000
2026-09-25T20:51:01Z z9=35000 z10=35000 z11=35000
2026-09-25T20:51:06Z z9=34000 z10=34000 z11=34000
2026-09-25T20:51:11Z z9=34000 z10=34000 z11=35000
2026-09-25T20:51:16Z z9=34000 z10=34000 z11=34000
2026-09-25T20:51:21Z z9=34000 z10=34000 z11=34000
2026-09-25T20:51:26Z z9=34000 z10=33000 z11=33000
2026-09-25T20:51:31Z z9=34000 z10=34000 z11=34000
2026-09-25T20:51:36Z z9=32000 z10=33000 z11=34000
2026-09-25T20:51:42Z z9=33000 z10=33000 z11=34000
2026-09-25T20:51:47Z z9=33000 z10=33000 z11=33000
2026-09-25T20:51:52Z z9=36000 z10=34000 z11=35000
2026-09-25T20:51:57Z z9=35000 z10=33000 z11=34000
2026-09-25T20:52:12Z z9=32000 z10=32000 z11=33000
2026-09-25T20:52:17Z z9=32000 z10=32000 z11=33000
2026-09-25T20:52:22Z z9=39000 z10=40000 z11=42000
2026-09-25T20:52:27Z z9=36000 z10=39000 z11=41000
2026-09-25T20:53:03Z z9=32000 z10=32000 z11=32000
2026-09-25T20:53:10Z z9=32000 z10=30000 z11=32000
2026-09-25T20:53:15Z z9=31000 z10=32000 z11=32000
2026-09-25T20:53:20Z z9=31000 z10=32000 z11=32000
2026-09-25T20:53:37Z z9=31000 z10=32000 z11=32000
2026-09-25T20:54:17Z z9=30000 z10=30000 z11=31000
2026-09-25T20:54:22Z z9=30000 z10=31000 z11=32000
2026-09-25T20:54:31Z z9=31000 z10=31000 z11=31000
2026-09-25T20:54:36Z z9=33000 z10=32000 z11=33000
2026-09-25T20:54:41Z z9=30000 z10=31000 z11=31000
2026-09-25T20:54:46Z z9=32000 z10=31000 z11=32000
2026-09-25T20:54:51Z z9=30000 z10=31000 z11=31000
2026-09-25T20:55:19Z z9=31000 z10=31000 z11=32000
2026-09-25T20:56:36Z z9=30000 z10=30000 z11=30000
2026-09-25T20:56:41Z z9=31000 z10=32000 z11=32000
2026-09-25T20:56:46Z z9=33000 z10=30000 z11=32000
2026-09-25T20:56:52Z z9=32000 z10=31000 z11=32000
2026-09-25T20:56:57Z z9=31000 z10=30000 z11=31000
2026-09-25T20:57:02Z z9=31000 z10=31000 z11=30000
2026-09-25T20:57:07Z z9=31000 z10=30000 z11=31000
2026-09-25T20:57:12Z z9=31000 z10=30000 z11=31000
2026-09-25T20:57:17Z z9=53000 z10=49000 z11=49000
2026-09-25T20:57:22Z z9=40000 z10=39000 z11=39000
2026-09-25T20:57:27Z z9=37000 z10=38000 z11=40000
2026-09-25T20:57:32Z z9=35000 z10=35000 z11=36000
2026-09-25T20:57:37Z z9=35000 z10=35000 z11=36000
2026-09-25T20:57:43Z z9=34000 z10=34000 z11=35000
2026-09-25T20:57:48Z z9=35000 z10=35000 z11=35000
2026-09-25T20:57:53Z z9=33000 z10=33000 z11=34000
2026-09-25T20:57:58Z z9=32000 z10=33000 z11=33000
2026-09-25T20:58:03Z z9=37000 z10=38000 z11=40000
2026-09-25T20:58:08Z z9=31000 z10=32000 z11=33000
2026-09-25T20:58:13Z z9=33000 z10=32000 z11=32000
2026-09-25T20:58:18Z z9=31000 z10=31000 z11=32000
2026-09-25T20:58:23Z z9=31000 z10=30000 z11=32000
2026-09-25T20:58:28Z z9=31000 z10=32000 z11=32000
2026-09-25T20:58:34Z z9=33000 z10=31000 z11=31000
2026-09-25T20:58:39Z z9=30000 z10=31000 z11=31000
2026-09-25T20:58:44Z z9=33000 z10=32000 z11=33000
2026-09-25T20:58:49Z z9=32000 z10=31000 z11=32000
2026-09-25T20:58:54Z z9=33000 z10=30000 z11=31000
2026-09-25T20:58:59Z z9=30000 z10=30000 z11=31000
2026-09-25T20:59:04Z z9=32000 z10=30000 z11=31000
2026-09-25T20:59:09Z z9=32000 z10=30000 z11=31000
2026-09-25T20:59:14Z z9=30000 z10=30000 z11=31000
2026-09-25T20:59:19Z z9=30000 z10=30000 z11=30000
2026-09-25T20:59:25Z z9=30000 z10=30000 z11=30000
2026-09-25T20:59:30Z z9=32000 z10=30000 z11=31000
2026-09-25T20:59:35Z z9=30000 z10=30000 z11=30000
2026-09-25T20:59:40Z z9=31000 z10=30000 z11=30000
2026-09-25T20:59:45Z z9=30000 z10=30000 z11=31000
2026-09-25T20:59:50Z z9=30000 z10=30000 z11=30000
2026-09-25T20:59:55Z z9=32000 z10=31000 z11=32000
2026-09-25T21:00:00Z z9=32000 z10=31000 z11=32000
2026-09-25T21:00:05Z z9=30000 z10=30000 z11=31000
2026-09-25T21:00:10Z z9=31000 z10=30000 z11=31000
2026-09-25T21:00:15Z z9=30000 z10=30000 z11=30000
2026-09-25T21:00:20Z z9=32000 z10=30000 z11=31000
2026-09-25T21:00:26Z z9=29000 z10=30000 z11=30000
2026-09-25T21:00:31Z z9=29000 z10=30000 z11=30000
2026-09-25T21:00:36Z z9=29000 z10=31000 z11=30000
2026-09-25T21:00:41Z z9=30000 z10=32000 z11=32000
2026-09-25T21:00:46Z z9=33000 z10=33000 z11=33000
2026-09-25T21:00:51Z z9=32000 z10=30000 z11=31000
2026-09-25T21:00:56Z z9=31000 z10=30000 z11=32000
2026-09-25T21:01:01Z z9=32000 z10=30000 z11=31000
2026-09-25T21:01:06Z z9=31000 z10=32000 z11=32000
2026-09-25T21:01:13Z z9=31000 z10=31000 z11=32000
2026-09-25T21:01:18Z z9=30000 z10=30000 z11=31000
2026-09-25T21:01:23Z z9=30000 z10=30000 z11=31000
2026-09-25T21:01:51Z z9=31000 z10=32000 z11=33000
2026-09-25T21:02:22Z z9=31000 z10=29000 z11=29000
2026-09-25T21:03:33Z z9=31000 z10=29000 z11=29000
2026-09-25T21:03:40Z z9=28000 z10=28000 z11=29000
2026-09-25T21:03:45Z z9=28000 z10=28000 z11=28000
2026-09-25T21:03:51Z z9=32000 z10=33000 z11=33000
2026-09-25T21:03:56Z z9=32000 z10=30000 z11=30000
2026-09-25T21:04:01Z z9=29000 z10=29000 z11=30000
2026-09-25T21:04:06Z z9=30000 z10=29000 z11=29000
2026-09-25T21:04:11Z z9=31000 z10=30000 z11=30000
2026-09-25T21:04:16Z z9=30000 z10=29000 z11=30000
2026-09-25T21:04:21Z z9=29000 z10=29000 z11=29000
2026-09-25T21:04:26Z z9=29000 z10=29000 z11=29000
2026-09-25T21:04:31Z z9=29000 z10=29000 z11=29000
2026-09-25T21:04:36Z z9=29000 z10=29000 z11=29000
2026-09-25T21:04:41Z z9=29000 z10=29000 z11=29000
2026-09-25T21:04:47Z z9=28000 z10=29000 z11=29000
2026-09-25T21:04:52Z z9=28000 z10=29000 z11=29000
2026-09-25T21:04:57Z z9=28000 z10=29000 z11=29000
2026-09-25T21:05:02Z z9=30000 z10=29000 z11=29000
2026-09-25T21:05:07Z z9=28000 z10=29000 z11=29000
2026-09-25T21:05:12Z z9=31000 z10=31000 z11=31000
2026-09-25T21:05:17Z z9=30000 z10=31000 z11=32000
2026-09-25T21:05:22Z z9=29000 z10=29000 z11=30000
2026-09-25T21:05:27Z z9=30000 z10=30000 z11=31000
2026-09-25T21:05:32Z z9=31000 z10=31000 z11=32000
2026-09-25T21:05:38Z z9=30000 z10=30000 z11=31000
2026-09-25T21:05:43Z z9=30000 z10=30000 z11=31000
2026-09-25T21:05:48Z z9=30000 z10=32000 z11=32000
2026-09-25T21:05:53Z z9=32000 z10=32000 z11=33000
2026-09-25T21:05:58Z z9=32000 z10=32000 z11=33000
2026-09-25T21:06:03Z z9=34000 z10=32000 z11=33000
2026-09-25T21:06:08Z z9=36000 z10=36000 z11=35000
2026-09-25T21:06:13Z z9=33000 z10=32000 z11=32000
2026-09-25T21:06:18Z z9=32000 z10=31000 z11=33000
2026-09-25T21:06:23Z z9=30000 z10=30000 z11=31000
2026-09-25T21:06:29Z z9=32000 z10=31000 z11=32000
2026-09-25T21:06:34Z z9=30000 z10=30000 z11=30000
2026-09-25T21:06:39Z z9=33000 z10=32000 z11=32000
2026-09-25T21:06:44Z z9=32000 z10=33000 z11=33000
2026-09-25T21:06:49Z z9=32000 z10=31000 z11=32000
2026-09-25T21:06:54Z z9=31000 z10=31000 z11=32000
2026-09-25T21:06:59Z z9=31000 z10=31000 z11=32000
2026-09-25T21:07:04Z z9=31000 z10=31000 z11=32000
2026-09-25T21:07:09Z z9=32000 z10=31000 z11=32000
2026-09-25T21:07:14Z z9=31000 z10=31000 z11=32000
2026-09-25T21:07:20Z z9=31000 z10=31000 z11=32000
2026-09-25T21:07:25Z z9=31000 z10=31000 z11=33000
2026-09-25T21:07:30Z z9=31000 z10=31000 z11=32000
2026-09-25T21:07:35Z z9=31000 z10=30000 z11=31000
2026-09-25T21:07:40Z z9=31000 z10=30000 z11=32000
2026-09-25T21:07:45Z z9=31000 z10=30000 z11=31000
2026-09-25T21:07:50Z z9=32000 z10=30000 z11=32000
2026-09-25T21:07:55Z z9=32000 z10=30000 z11=32000
2026-09-25T21:08:00Z z9=31000 z10=30000 z11=31000
2026-09-25T21:08:05Z z9=30000 z10=30000 z11=31000
2026-09-25T21:08:11Z z9=33000 z10=34000 z11=34000
2026-09-25T21:08:16Z z9=31000 z10=32000 z11=33000
2026-09-25T21:08:21Z z9=32000 z10=32000 z11=33000
2026-09-25T21:08:26Z z9=31000 z10=31000 z11=32000
2026-09-25T21:08:31Z z9=30000 z10=31000 z11=32000
2026-09-25T21:08:36Z z9=32000 z10=30000 z11=32000
2026-09-25T21:08:41Z z9=32000 z10=31000 z11=32000
2026-09-25T21:08:46Z z9=32000 z10=31000 z11=32000
2026-09-25T21:08:51Z z9=30000 z10=30000 z11=31000
2026-09-25T21:08:56Z z9=30000 z10=30000 z11=31000
2026-09-25T21:09:02Z z9=31000 z10=31000 z11=33000
2026-09-25T21:09:07Z z9=32000 z10=31000 z11=32000
2026-09-25T21:09:12Z z9=30000 z10=30000 z11=31000
2026-09-25T21:09:17Z z9=31000 z10=31000 z11=31000
2026-09-25T21:09:22Z z9=32000 z10=30000 z11=32000
2026-09-25T21:09:27Z z9=32000 z10=30000 z11=31000
2026-09-25T21:09:32Z z9=49000 z10=42000 z11=43000
2026-09-25T21:09:37Z z9=93000 z10=83000 z11=83000
2026-09-25T21:09:42Z z9=66000 z10=55000 z11=55000
2026-09-25T21:09:48Z z9=72000 z10=61000 z11=63000
2026-09-25T21:09:53Z z9=77000 z10=68000 z11=69000
2026-09-25T21:09:58Z z9=79000 z10=74000 z11=74000
2026-09-25T21:10:03Z z9=48000 z10=47000 z11=47000
2026-09-25T21:10:08Z z9=41000 z10=41000 z11=42000
2026-09-25T21:10:13Z z9=41000 z10=39000 z11=39000
2026-09-25T21:10:18Z z9=37000 z10=36000 z11=37000
2026-09-25T21:10:23Z z9=36000 z10=36000 z11=35000
2026-09-25T21:10:28Z z9=35000 z10=34000 z11=35000
2026-09-25T21:10:33Z z9=51000 z10=46000 z11=47000
2026-09-25T21:10:38Z z9=50000 z10=48000 z11=48000
2026-09-25T21:10:44Z z9=59000 z10=52000 z11=53000
2026-09-25T21:10:49Z z9=53000 z10=50000 z11=51000
2026-09-25T21:10:54Z z9=79000 z10=71000 z11=74000
2026-09-25T21:10:59Z z9=78000 z10=69000 z11=69000
2026-09-25T21:11:04Z z9=71000 z10=62000 z11=64000
2026-09-25T21:11:09Z z9=56000 z10=54000 z11=55000
2026-09-25T21:11:14Z z9=65000 z10=59000 z11=60000
2026-09-25T21:11:19Z z9=65000 z10=57000 z11=60000
2026-09-25T21:11:24Z z9=97000 z10=76000 z11=79000
2026-09-25T21:11:30Z z9=72000 z10=64000 z11=66000
2026-09-25T21:11:35Z z9=60000 z10=56000 z11=57000
2026-09-25T21:11:40Z z9=57000 z10=56000 z11=56000
2026-09-25T21:11:45Z z9=68000 z10=59000 z11=61000
2026-09-25T21:11:50Z z9=76000 z10=70000 z11=70000
2026-09-25T21:11:55Z z9=71000 z10=64000 z11=67000
2026-09-25T21:12:00Z z9=71000 z10=62000 z11=65000
2026-09-25T21:12:05Z z9=54000 z10=54000 z11=54000
2026-09-25T21:12:11Z z9=65000 z10=58000 z11=60000
2026-09-25T21:12:16Z z9=72000 z10=60000 z11=61000
2026-09-25T21:12:21Z z9=82000 z10=70000 z11=72000
2026-09-25T21:12:26Z z9=48000 z10=49000 z11=49000
2026-09-25T21:12:31Z z9=44000 z10=45000 z11=45000
2026-09-25T21:12:36Z z9=44000 z10=41000 z11=42000
2026-09-25T21:12:41Z z9=39000 z10=40000 z11=40000
2026-09-25T21:12:46Z z9=40000 z10=38000 z11=39000
2026-09-25T21:12:51Z z9=37000 z10=37000 z11=37000
2026-09-25T21:12:56Z z9=37000 z10=36000 z11=37000
2026-09-25T21:13:02Z z9=37000 z10=36000 z11=36000
2026-09-25T21:13:07Z z9=35000 z10=35000 z11=36000
2026-09-25T21:13:12Z z9=35000 z10=34000 z11=35000
2026-09-25T21:13:17Z z9=36000 z10=34000 z11=35000
2026-09-25T21:13:22Z z9=34000 z10=34000 z11=35000
2026-09-25T21:13:27Z z9=35000 z10=34000 z11=34000
2026-09-25T21:13:32Z z9=35000 z10=34000 z11=34000
2026-09-25T21:13:37Z z9=34000 z10=33000 z11=34000
2026-09-25T21:13:42Z z9=32000 z10=33000 z11=34000
2026-09-25T21:13:47Z z9=34000 z10=34000 z11=33000
2026-09-25T21:13:52Z z9=35000 z10=35000 z11=35000
2026-09-25T21:13:58Z z9=35000 z10=35000 z11=35000
2026-09-25T21:14:03Z z9=35000 z10=35000 z11=35000
2026-09-25T21:14:08Z z9=34000 z10=34000 z11=35000
2026-09-25T21:14:13Z z9=36000 z10=34000 z11=35000
2026-09-25T21:14:18Z z9=39000 z10=40000 z11=40000
2026-09-25T21:14:23Z z9=37000 z10=36000 z11=37000
2026-09-25T21:14:28Z z9=36000 z10=36000 z11=36000
2026-09-25T21:14:33Z z9=35000 z10=35000 z11=35000
2026-09-25T21:14:38Z z9=36000 z10=35000 z11=35000
2026-09-25T21:14:43Z z9=35000 z10=35000 z11=35000
2026-09-25T21:14:48Z z9=46000 z10=44000 z11=45000
2026-09-25T21:14:54Z z9=37000 z10=36000 z11=37000
2026-09-25T21:14:59Z z9=34000 z10=35000 z11=35000
2026-09-25T21:15:04Z z9=34000 z10=35000 z11=34000
2026-09-25T21:15:09Z z9=34000 z10=33000 z11=34000
2026-09-25T21:15:14Z z9=33000 z10=33000 z11=34000
2026-09-25T21:15:19Z z9=34000 z10=33000 z11=33000
2026-09-25T21:15:24Z z9=35000 z10=33000 z11=33000
2026-09-25T21:15:29Z z9=33000 z10=32000 z11=33000
2026-09-25T21:15:34Z z9=33000 z10=32000 z11=33000
2026-09-25T21:15:39Z z9=34000 z10=32000 z11=33000
2026-09-25T21:15:44Z z9=32000 z10=32000 z11=33000
2026-09-25T21:15:49Z z9=32000 z10=32000 z11=33000
2026-09-25T21:15:54Z z9=34000 z10=33000 z11=33000
2026-09-25T21:15:59Z z9=32000 z10=32000 z11=33000
2026-09-25T21:16:05Z z9=31000 z10=33000 z11=33000
2026-09-25T21:16:10Z z9=31000 z10=32000 z11=32000
2026-09-25T21:16:15Z z9=32000 z10=32000 z11=32000
2026-09-25T21:16:20Z z9=32000 z10=31000 z11=32000
2026-09-25T21:16:25Z z9=33000 z10=32000 z11=32000
2026-09-25T21:16:30Z z9=33000 z10=31000 z11=32000
2026-09-25T21:16:35Z z9=32000 z10=32000 z11=32000
2026-09-25T21:16:40Z z9=32000 z10=32000 z11=33000
2026-09-25T21:16:45Z z9=33000 z10=33000 z11=34000
2026-09-25T21:16:50Z z9=35000 z10=34000 z11=34000
2026-09-25T21:16:55Z z9=34000 z10=33000 z11=34000
2026-09-25T21:17:01Z z9=35000 z10=35000 z11=35000
2026-09-25T21:17:06Z z9=34000 z10=34000 z11=34000
2026-09-25T21:17:11Z z9=47000 z10=40000 z11=41000
2026-09-25T21:17:16Z z9=61000 z10=50000 z11=49000
2026-09-25T21:17:21Z z9=100000 z10=85000 z11=85000
2026-09-25T21:17:26Z z9=101000 z10=90000 z11=91000
2026-09-25T21:17:31Z z9=100000 z10=91000 z11=92000
2026-09-25T21:17:36Z z9=99000 z10=92000 z11=92000
2026-09-25T21:17:41Z z9=100000 z10=93000 z11=93000
2026-09-25T21:17:47Z z9=100000 z10=94000 z11=94000
2026-09-25T21:17:52Z z9=101000 z10=95000 z11=95000
2026-09-25T21:17:57Z z9=99000 z10=95000 z11=94000
2026-09-25T21:18:02Z z9=101000 z10=92000 z11=92000
2026-09-25T21:18:07Z z9=100000 z10=81000 z11=84000
2026-09-25T21:18:12Z z9=101000 z10=83000 z11=86000
2026-09-25T21:18:17Z z9=93000 z10=80000 z11=81000
2026-09-25T21:18:22Z z9=98000 z10=83000 z11=86000
2026-09-25T21:18:27Z z9=92000 z10=79000 z11=82000
2026-09-25T21:18:32Z z9=101000 z10=83000 z11=87000
2026-09-25T21:18:38Z z9=100000 z10=83000 z11=87000
2026-09-25T21:18:43Z z9=101000 z10=84000 z11=88000
2026-09-25T21:18:48Z z9=93000 z10=80000 z11=80000
2026-09-25T21:18:53Z z9=100000 z10=90000 z11=89000
2026-09-25T21:18:58Z z9=101000 z10=90000 z11=89000
2026-09-25T21:19:03Z z9=100000 z10=93000 z11=93000
2026-09-25T21:19:08Z z9=100000 z10=90000 z11=89000
2026-09-25T21:19:13Z z9=100000 z10=91000 z11=90000
2026-09-25T21:19:18Z z9=87000 z10=77000 z11=79000
2026-09-25T21:19:23Z z9=100000 z10=94000 z11=95000
2026-09-25T21:19:29Z z9=97000 z10=91000 z11=91000
2026-09-25T21:19:34Z z9=80000 z10=80000 z11=80000
2026-09-25T21:19:39Z z9=80000 z10=81000 z11=79000
2026-09-25T21:19:44Z z9=81000 z10=80000 z11=80000
2026-09-25T21:19:49Z z9=80000 z10=79000 z11=79000
2026-09-25T21:19:54Z z9=64000 z10=64000 z11=66000
2026-09-25T21:19:59Z z9=66000 z10=63000 z11=64000
2026-09-25T21:20:04Z z9=61000 z10=60000 z11=61000
2026-09-25T21:20:09Z z9=65000 z10=63000 z11=65000
2026-09-25T21:20:15Z z9=73000 z10=65000 z11=65000
2026-09-25T21:20:20Z z9=80000 z10=81000 z11=79000
2026-09-25T21:20:25Z z9=70000 z10=65000 z11=66000
2026-09-25T21:20:30Z z9=59000 z10=60000 z11=61000
2026-09-25T21:20:35Z z9=69000 z10=63000 z11=65000
2026-09-25T21:20:40Z z9=76000 z10=63000 z11=62000
2026-09-25T21:20:45Z z9=69000 z10=64000 z11=65000
2026-09-25T21:20:50Z z9=70000 z10=64000 z11=65000
2026-09-25T21:20:55Z z9=71000 z10=64000 z11=66000
2026-09-25T21:21:00Z z9=73000 z10=63000 z11=63000
2026-09-25T21:21:06Z z9=73000 z10=67000 z11=68000
2026-09-25T21:21:11Z z9=74000 z10=65000 z11=66000
2026-09-25T21:21:16Z z9=71000 z10=63000 z11=65000
2026-09-25T21:21:21Z z9=74000 z10=64000 z11=65000
2026-09-25T21:21:26Z z9=82000 z10=79000 z11=79000
2026-09-25T21:21:31Z z9=82000 z10=81000 z11=80000
2026-09-25T21:21:36Z z9=83000 z10=71000 z11=73000
2026-09-25T21:21:41Z z9=81000 z10=81000 z11=79000
2026-09-25T21:21:46Z z9=71000 z10=70000 z11=71000
2026-09-25T21:21:52Z z9=63000 z10=64000 z11=65000
2026-09-25T21:21:57Z z9=65000 z10=62000 z11=63000
2026-09-25T21:22:02Z z9=59000 z10=61000 z11=62000
2026-09-25T21:22:07Z z9=71000 z10=63000 z11=65000
2026-09-25T21:22:12Z z9=72000 z10=70000 z11=70000
2026-09-25T21:22:17Z z9=82000 z10=79000 z11=78000
2026-09-25T21:22:22Z z9=71000 z10=66000 z11=68000
2026-09-25T21:22:27Z z9=75000 z10=66000 z11=69000
2026-09-25T21:22:32Z z9=70000 z10=63000 z11=65000
2026-09-25T21:22:38Z z9=79000 z10=67000 z11=68000
2026-09-25T21:22:43Z z9=80000 z10=72000 z11=73000
2026-09-25T21:22:48Z z9=75000 z10=68000 z11=69000
2026-09-25T21:22:53Z z9=76000 z10=67000 z11=68000
2026-09-25T21:22:58Z z9=74000 z10=67000 z11=69000
2026-09-25T21:23:03Z z9=81000 z10=74000 z11=75000
2026-09-25T21:23:08Z z9=73000 z10=68000 z11=68000
2026-09-25T21:23:13Z z9=73000 z10=67000 z11=67000
2026-09-25T21:23:18Z z9=71000 z10=65000 z11=67000
2026-09-25T21:23:24Z z9=72000 z10=66000 z11=67000
2026-09-25T21:23:29Z z9=80000 z10=78000 z11=78000
2026-09-25T21:23:34Z z9=64000 z10=66000 z11=66000
2026-09-25T21:23:39Z z9=63000 z10=62000 z11=65000
2026-09-25T21:23:44Z z9=62000 z10=62000 z11=63000
2026-09-25T21:23:49Z z9=70000 z10=63000 z11=64000
2026-09-25T21:23:54Z z9=66000 z10=66000 z11=66000
2026-09-25T21:23:59Z z9=81000 z10=82000 z11=80000
2026-09-25T21:24:05Z z9=80000 z10=82000 z11=81000
2026-09-25T21:24:10Z z9=85000 z10=77000 z11=80000
2026-09-25T21:24:15Z z9=74000 z10=67000 z11=68000
2026-09-25T21:24:20Z z9=68000 z10=63000 z11=63000
2026-09-25T21:24:25Z z9=65000 z10=61000 z11=62000
2026-09-25T21:24:30Z z9=67000 z10=63000 z11=63000
2026-09-25T21:24:35Z z9=83000 z10=74000 z11=76000
2026-09-25T21:24:40Z z9=78000 z10=79000 z11=75000
2026-09-25T21:24:46Z z9=64000 z10=60000 z11=61000
2026-09-25T21:24:51Z z9=61000 z10=58000 z11=59000
2026-09-25T21:24:56Z z9=62000 z10=57000 z11=59000
2026-09-25T21:25:01Z z9=83000 z10=77000 z11=78000
2026-09-25T21:25:06Z z9=88000 z10=83000 z11=77000
2026-09-25T21:25:11Z z9=71000 z10=69000 z11=70000
2026-09-25T21:25:16Z z9=63000 z10=60000 z11=61000
2026-09-25T21:25:21Z z9=61000 z10=58000 z11=59000
2026-09-25T21:25:26Z z9=63000 z10=57000 z11=57000
2026-09-25T21:25:32Z z9=79000 z10=83000 z11=81000
2026-09-25T21:25:37Z z9=67000 z10=65000 z11=66000
2026-09-25T21:25:42Z z9=56000 z10=55000 z11=56000
2026-09-25T21:25:47Z z9=51000 z10=52000 z11=52000
2026-09-25T21:25:52Z z9=49000 z10=50000 z11=50000
2026-09-25T21:25:57Z z9=46000 z10=47000 z11=48000
2026-09-25T21:26:02Z z9=46000 z10=47000 z11=47000
2026-09-25T21:26:07Z z9=46000 z10=45000 z11=46000
2026-09-25T21:26:12Z z9=44000 z10=45000 z11=45000
2026-09-25T21:26:18Z z9=44000 z10=43000 z11=43000
2026-09-25T21:26:23Z z9=44000 z10=42000 z11=43000
2026-09-25T21:26:28Z z9=42000 z10=42000 z11=42000
2026-09-25T21:26:33Z z9=42000 z10=41000 z11=41000
2026-09-25T21:26:38Z z9=40000 z10=41000 z11=41000
2026-09-25T21:26:43Z z9=40000 z10=41000 z11=40000
2026-09-25T21:26:48Z z9=39000 z10=40000 z11=40000
2026-09-25T21:26:53Z z9=39000 z10=40000 z11=41000
2026-09-25T21:26:58Z z9=41000 z10=40000 z11=40000
2026-09-25T21:27:03Z z9=39000 z10=39000 z11=40000
2026-09-25T21:27:08Z z9=38000 z10=39000 z11=39000
2026-09-25T21:27:14Z z9=38000 z10=40000 z11=39000
2026-09-25T21:27:19Z z9=38000 z10=39000 z11=39000
2026-09-25T21:27:24Z z9=39000 z10=38000 z11=39000
2026-09-25T21:27:29Z z9=38000 z10=38000 z11=38000
2026-09-25T21:27:34Z z9=40000 z10=37000 z11=39000
2026-09-25T21:27:39Z z9=37000 z10=38000 z11=38000
2026-09-25T21:27:44Z z9=39000 z10=39000 z11=39000
2026-09-25T21:27:49Z z9=37000 z10=37000 z11=38000
2026-09-25T21:27:54Z z9=38000 z10=39000 z11=39000
2026-09-25T21:27:59Z z9=38000 z10=39000 z11=40000
2026-09-25T21:28:04Z z9=39000 z10=39000 z11=39000
2026-09-25T21:28:53Z z9=38000 z10=36000 z11=36000
2026-09-25T21:29:26Z z9=36000 z10=36000 z11=36000
2026-09-25T21:32:11Z z9=34000 z10=34000 z11=34000
2026-09-25T21:32:16Z z9=34000 z10=34000 z11=34000
2026-09-25T21:33:01Z z9=37000 z10=37000 z11=39000
2026-09-25T21:33:21Z z9=34000 z10=34000 z11=34000
2026-09-25T21:33:46Z z9=37000 z10=34000 z11=35000
2026-09-25T21:33:51Z z9=36000 z10=36000 z11=37000
2026-09-25T21:33:56Z z9=34000 z10=34000 z11=35000
2026-09-25T21:34:02Z z9=36000 z10=35000 z11=35000
2026-09-25T21:34:07Z z9=34000 z10=34000 z11=35000
2026-09-25T21:34:14Z z9=40000 z10=37000 z11=38000
2026-09-25T21:34:19Z z9=37000 z10=37000 z11=38000
2026-09-25T21:34:24Z z9=40000 z10=40000 z11=41000
2026-09-25T21:34:29Z z9=41000 z10=40000 z11=41000
2026-09-25T21:34:34Z z9=37000 z10=37000 z11=38000
2026-09-25T21:34:39Z z9=36000 z10=37000 z11=36000
2026-09-25T21:34:44Z z9=35000 z10=36000 z11=36000
2026-09-25T21:34:50Z z9=38000 z10=35000 z11=36000
2026-09-25T21:34:55Z z9=35000 z10=35000 z11=35000
2026-09-25T21:35:00Z z9=36000 z10=36000 z11=36000
2026-09-25T21:35:05Z z9=35000 z10=35000 z11=35000
2026-09-25T21:35:10Z z9=35000 z10=35000 z11=36000
2026-09-25T21:35:15Z z9=37000 z10=38000 z11=40000
2026-09-25T21:35:20Z z9=68000 z10=61000 z11=63000
2026-09-25T21:35:25Z z9=46000 z10=44000 z11=45000
2026-09-25T21:35:30Z z9=41000 z10=40000 z11=41000
2026-09-25T21:35:35Z z9=39000 z10=39000 z11=39000
2026-09-25T21:35:40Z z9=37000 z10=38000 z11=39000
2026-09-25T21:35:46Z z9=37000 z10=37000 z11=38000
2026-09-25T21:35:51Z z9=40000 z10=40000 z11=40000
2026-09-25T21:35:56Z z9=39000 z10=37000 z11=38000
2026-09-25T21:36:01Z z9=41000 z10=42000 z11=43000
2026-09-25T21:36:06Z z9=37000 z10=37000 z11=38000
2026-09-25T21:36:11Z z9=47000 z10=43000 z11=45000
2026-09-25T21:36:16Z z9=38000 z10=37000 z11=37000
2026-09-25T21:36:21Z z9=38000 z10=37000 z11=39000
2026-09-25T21:36:26Z z9=37000 z10=36000 z11=36000
2026-09-25T21:36:32Z z9=36000 z10=36000 z11=36000
2026-09-25T21:36:37Z z9=37000 z10=35000 z11=35000
2026-09-25T21:36:42Z z9=40000 z10=41000 z11=42000
2026-09-25T21:36:47Z z9=39000 z10=39000 z11=40000
2026-09-25T21:36:52Z z9=38000 z10=38000 z11=39000
2026-09-25T21:36:57Z z9=41000 z10=42000 z11=43000
2026-09-25T21:37:02Z z9=61000 z10=52000 z11=53000
2026-09-25T21:37:07Z z9=42000 z10=41000 z11=41000
2026-09-25T21:37:12Z z9=40000 z10=40000 z11=41000
2026-09-25T21:37:17Z z9=37000 z10=37000 z11=39000
2026-09-25T21:37:22Z z9=38000 z10=36000 z11=36000
2026-09-25T21:37:28Z z9=37000 z10=36000 z11=36000
2026-09-25T21:37:33Z z9=35000 z10=36000 z11=36000
2026-09-25T21:37:38Z z9=35000 z10=35000 z11=36000
2026-09-25T21:39:12Z z9=30000 z10=31000 z11=32000
2026-09-25T21:40:04Z z9=31000 z10=30000 z11=30000
2026-09-25T21:40:09Z z9=31000 z10=30000 z11=31000
2026-09-25T21:40:16Z z9=30000 z10=31000 z11=31000
2026-09-25T21:40:22Z z9=32000 z10=31000 z11=32000
2026-09-25T21:40:32Z z9=31000 z10=31000 z11=32000
2026-09-25T21:40:39Z z9=32000 z10=33000 z11=34000
2026-09-25T21:40:44Z z9=31000 z10=31000 z11=32000
2026-09-25T21:40:49Z z9=31000 z10=32000 z11=32000
2026-09-25T21:40:59Z z9=31000 z10=31000 z11=32000
2026-09-25T21:41:04Z z9=33000 z10=31000 z11=31000
2026-09-25T21:41:25Z z9=32000 z10=30000 z11=31000
2026-09-25T21:42:28Z z9=30000 z10=30000 z11=30000
2026-09-25T21:42:34Z z9=29000 z10=29000 z11=30000
2026-09-25T21:45:55Z z9=28000 z10=28000 z11=28000
2026-09-25T21:46:01Z z9=28000 z10=27000 z11=28000
2026-09-25T21:46:16Z z9=28000 z10=28000 z11=28000
2026-09-25T21:46:27Z z9=28000 z10=29000 z11=29000
2026-09-25T21:46:47Z z9=36000 z10=39000 z11=40000
2026-09-25T21:46:52Z z9=42000 z10=43000 z11=46000
2026-09-25T21:46:57Z z9=35000 z10=34000 z11=35000
2026-09-25T21:47:02Z z9=31000 z10=33000 z11=33000
2026-09-25T21:47:07Z z9=33000 z10=32000 z11=32000
2026-09-25T21:47:13Z z9=31000 z10=31000 z11=32000
2026-09-25T21:47:18Z z9=33000 z10=32000 z11=32000
2026-09-25T21:47:23Z z9=31000 z10=31000 z11=32000
2026-09-25T21:47:28Z z9=31000 z10=31000 z11=31000
2026-09-25T21:47:33Z z9=30000 z10=31000 z11=32000
2026-09-25T21:47:38Z z9=32000 z10=31000 z11=32000
2026-09-25T21:47:43Z z9=30000 z10=30000 z11=32000
2026-09-25T21:47:48Z z9=32000 z10=30000 z11=32000
2026-09-25T21:47:53Z z9=31000 z10=31000 z11=31000
2026-09-25T21:47:58Z z9=32000 z10=30000 z11=31000
2026-09-25T21:48:03Z z9=30000 z10=30000 z11=31000
2026-09-25T21:48:08Z z9=30000 z10=30000 z11=31000
2026-09-25T21:48:13Z z9=30000 z10=30000 z11=32000
2026-09-25T21:48:19Z z9=31000 z10=30000 z11=31000
2026-09-25T21:48:24Z z9=30000 z10=30000 z11=30000
2026-09-25T21:48:29Z z9=30000 z10=30000 z11=31000
2026-09-25T21:48:34Z z9=30000 z10=30000 z11=32000
2026-09-25T21:48:39Z z9=30000 z10=30000 z11=30000
2026-09-25T21:48:44Z z9=30000 z10=30000 z11=30000
2026-09-25T21:48:49Z z9=30000 z10=30000 z11=30000
2026-09-25T21:48:54Z z9=31000 z10=30000 z11=32000
2026-09-25T21:48:59Z z9=30000 z10=30000 z11=31000
2026-09-25T21:49:04Z z9=31000 z10=30000 z11=31000
2026-09-25T21:49:09Z z9=30000 z10=30000 z11=30000
2026-09-25T21:49:15Z z9=29000 z10=29000 z11=29000
2026-09-25T21:49:20Z z9=30000 z10=29000 z11=29000
2026-09-25T21:49:25Z z9=29000 z10=29000 z11=30000
2026-09-25T21:49:30Z z9=31000 z10=29000 z11=30000
2026-09-25T21:49:35Z z9=29000 z10=29000 z11=30000
2026-09-25T21:49:40Z z9=32000 z10=31000 z11=32000
2026-09-25T21:49:45Z z9=30000 z10=30000 z11=31000
2026-09-25T21:49:50Z z9=29000 z10=29000 z11=30000
2026-09-25T21:49:55Z z9=30000 z10=29000 z11=29000
2026-09-25T21:50:00Z z9=29000 z10=29000 z11=29000
2026-09-25T21:50:06Z z9=29000 z10=29000 z11=30000
2026-09-25T21:50:11Z z9=30000 z10=29000 z11=29000
2026-09-25T21:50:16Z z9=29000 z10=29000 z11=29000
2026-09-25T21:50:21Z z9=29000 z10=29000 z11=30000
2026-09-25T21:50:26Z z9=30000 z10=30000 z11=30000
2026-09-25T21:50:31Z z9=30000 z10=30000 z11=32000
2026-09-25T21:50:36Z z9=29000 z10=30000 z11=30000
2026-09-25T21:50:41Z z9=33000 z10=32000 z11=32000
2026-09-25T21:50:46Z z9=31000 z10=32000 z11=33000
2026-09-25T21:50:51Z z9=34000 z10=34000 z11=35000
2026-09-25T21:50:57Z z9=31000 z10=32000 z11=33000
2026-09-25T21:51:02Z z9=32000 z10=33000 z11=32000
2026-09-25T21:51:07Z z9=31000 z10=32000 z11=32000
2026-09-25T21:51:12Z z9=33000 z10=33000 z11=33000
2026-09-25T21:51:17Z z9=35000 z10=35000 z11=36000
2026-09-25T21:51:22Z z9=31000 z10=32000 z11=32000
2026-09-25T21:51:27Z z9=36000 z10=36000 z11=37000
