[oneshot] screen timeout was 1800000 ms; set to 2147483647 for the run (read back)
[oneshot] CPU-core reading, not a heat state: 2026-10-03T06:23:30Z z9=28000 z10=29000 z11=32000 CPU-core_reading,_not_a_heat_state=1
[oneshot] idling 5 minutes; keep Termux in front
[oneshot] CPU-core reading, not a heat state after idle: 2026-10-03T06:28:30Z z9=24000 z10=23000 z11=23000 CPU-core_reading,_not_a_heat_state=1
/data/data/com.termux/files/usr/lib/python3.13/site-packages/onnxruntime/capi/onnxruntime_validation.py:66: UserWarning: Unsupported platform (android). ONNX Runtime supports Linux, macOS, AIX and Windows platforms, only.
  warnings.warn(
Blocks: 11, 3.7 min. Wall estimate including idle: 8.7–8.7 min + startup/stop checks.
SMOKE: not a measurement
CAMPOWER1 — SMOKE: not a measurement
Camera-only, no detector/model/selector calls. Helper imports load modules only.
Power includes camera startup; STOP/check/force-stop outside block. CPU boundary-query overhead uncorrected.
Image metrics: upright image stretched to 320x320 bilinear grayscale; saved images re-encoded quality 95.
Sharpness may rise with noise; inspect saved images. Latest result may describe preview/previous frame.
Battery 0.5 s; fuel-gauge averaging unverified; gaps >1.5 s give n/a. Zone9/10/11 are fault sensors.

baseline_first completed
{
  "mean_battery_w": 2.4250573792623475,
  "cpu_seconds": {
    "runner": 3.19,
    "llama_server": 0.0,
    "robotcam_app": 4.23,
    "camera_provider": 16.2
  },
  "start_to_first_fresh_s": 1.9914483249885961,
  "stop": {
    "stop_to_stopped_s": 3.6068632419919595,
    "capture_stopped": true,
    "frames_seen": [],
    "unreadable_reads": 0,
    "check_s": 3.07,
    "force_stop_rc": 0,
    "force_stop_output": "",
    "pids_after_force_stop": []
  },
  "frames_ok": 19,
  "frames_failed": 16,
  "repeat_polls": 124,
  "age_median_s": 0.29855670197866857,
  "age_p95_s": 0.4026345380116254,
  "luma": {
    "median": 151.044755859375,
    "min": 150.6134765625
  },
  "sharpness": {
    "median": 448.1660638055487,
    "min": 446.0121965974993
  },
  "paired_diagnostics": 17,
  "applied_observations": [
    {
      "frame": 1,
      "variant": "template=still;processing=default;focus=auto;frame_ms=0;camera=default",
      "power": {
        "requested": {
          "frame_duration_ns": 33000000,
          "exposure_ns": 10000000,
          "iso": 100,
          "ae_mode": 1,
          "af_mode": 4,
          "nr_mode": 1,
          "edge_mode": 1,
          "focus_diopters": 0,
          "hot_pixel_mode": 1,
          "aberration_mode": 0,
          "shading_mode": 1,
          "tonemap_mode": 1,
          "face_detect_mode": 0,
          "ois_mode": 1,
          "video_stabilization_mode": 1,
          "capture_intent": 1
        },
        "result": {
          "frame_duration_ns": 66668961,
          "exposure_ns": 9998341,
          "iso": 608,
          "ae_mode": 1,
          "af_mode": 4,
          "nr_mode": 1,
          "edge_mode": 1,
          "focus_diopters": 0.19149911,
          "hot_pixel_mode": 1,
          "aberration_mode": 0,
          "shading_mode": 1,
          "tonemap_mode": 1,
          "face_detect_mode": 0,
          "ois_mode": 1,
          "video_stabilization_mode": 1,
          "capture_intent": 1
        },
        "result_sensor_timestamp_ns": 366592584008594,
        "result_frame_number": 17,
        "manual_phase": "disabled",
        "camera_id": "0",
        "options": {
          "capture_template": "still",
          "processing": "default",
          "focus_diopters": null,
          "frame_ms": 0,
          "camera_id": "",
          "dump_characteristics": false
        }
      }
    },
    {
      "frame": 2,
      "variant": "template=still;processing=default;focus=auto;frame_ms=0;camera=default",
      "power": {
        "requested": {
          "frame_duration_ns": 33000000,
          "exposure_ns": 10000000,
          "iso": 100,
          "ae_mode": 1,
          "af_mode": 4,
          "nr_mode": 2,
          "edge_mode": 2,
          "focus_diopters": 0,
          "hot_pixel_mode": 2,
          "aberration_mode": 0,
          "shading_mode": 2,
          "tonemap_mode": 2,
          "face_detect_mode": 0,
          "ois_mode": 1,
          "video_stabilization_mode": 1,
          "capture_intent": 2
        },
        "result": {
          "frame_duration_ns": 66668961,
          "exposure_ns": 29999613,
          "iso": 193,
          "ae_mode": 1,
          "af_mode": 4,
          "nr_mode": 2,
          "edge_mode": 2,
          "focus_diopters": 0.19149911,
          "hot_pixel_mode": 2,
          "aberration_mode": 0,
          "shading_mode": 2,
          "tonemap_mode": 2,
          "face_detect_mode": 0,
          "ois_mode": 1,
          "video_stabilization_mode": 1,
          "capture_intent": 2
        },
        "result_sensor_timestamp_ns": 366593494906340,
        "result_frame_number": 31,
        "manual_phase": "disabled",
        "camera_id": "0",
        "options": {
          "capture_template": "still",
          "processing": "default",
          "focus_diopters": null,
          "frame_ms": 0,
          "camera_id": "",
          "dump_characteristics": false
        }
      }
    },
    {
      "frame": 3,
      "variant": "template=still;processing=default;focus=auto;frame_ms=0;camera=default",
      "power": {
        "requested": {
          "frame_duration_ns": 33000000,
          "exposure_ns": 10000000,
          "iso": 100,
          "ae_mode": 1,
          "af_mode": 4,
          "nr_mode": 2,
          "edge_mode": 2,
          "focus_diopters": 0,
          "hot_pixel_mode": 2,
          "aberration_mode": 0,
          "shading_mode": 2,
          "tonemap_mode": 2,
          "face_detect_mode": 0,
          "ois_mode": 1,
          "video_stabilization_mode": 1,
          "capture_intent": 2
        },
        "result": {
          "frame_duration_ns": 66668961,
          "exposure_ns": 29999613,
          "iso": 193,
          "ae_mode": 1,
          "af_mode": 4,
          "nr_mode": 2,
          "edge_mode": 2,
          "focus_diopters": 0.19149911,
          "hot_pixel_mode": 2,
          "aberration_mode": 0,
          "shading_mode": 2,
          "tonemap_mode": 2,
          "face_detect_mode": 0,
          "ois_mode": 1,
          "video_stabilization_mode": 1,
          "capture_intent": 2
        },
        "result_sensor_timestamp_ns": 366594492298192,
        "result_frame_number": 46,
        "manual_phase": "disabled",
        "camera_id": "0",
        "options": {
          "capture_template": "still",
          "processing": "default",
          "focus_diopters": null,
          "frame_ms": 0,
          "camera_id": "",
          "dump_characteristics": false
        }
      }
    },
    {
      "frame": 4,
      "variant": "template=still;processing=default;focus=auto;frame_ms=0;camera=default",
      "power": {
        "requested": {
          "frame_duration_ns": 33000000,
          "exposure_ns": 10000000,
          "iso": 100,
          "ae_mode": 1,
          "af_mode": 4,
          "nr_mode": 1,
          "edge_mode": 1,
          "focus_diopters": 0,
          "hot_pixel_mode": 1,
          "aberration_mode": 0,
          "shading_mode": 1,
          "tonemap_mode": 1,
          "face_detect_mode": 0,
          "ois_mode": 1,
          "video_stabilization_mode": 1,
          "capture_intent": 1
        },
        "result": {
          "frame_duration_ns": 66668961,
          "exposure_ns": 34652352,
          "iso": 167,
          "ae_mode": 1,
          "af_mode": 4,
          "nr_mode": 1,
          "edge_mode": 1,
          "focus_diopters": 0.19149911,
          "hot_pixel_mode": 1,
          "aberration_mode": 0,
          "shading_mode": 1,
          "tonemap_mode": 1,
          "face_detect_mode": 0,
          "ois_mode": 1,
          "video_stabilization_mode": 1,
          "capture_intent": 1
        },
        "result_sensor_timestamp_ns": 366595551530099,
        "result_frame_number": 62,
        "manual_phase": "disabled",
        "camera_id": "0",
        "options": {
          "capture_template": "still",
          "processing": "default",
          "focus_diopters": null,
          "frame_ms": 0,
          "camera_id": "",
          "dump_characteristics": false
        }
      }
    },
    {
      "frame": 6,
      "variant": "template=still;processing=default;focus=auto;frame_ms=0;camera=default",
      "power": {
        "requested": {
          "frame_duration_ns": 33000000,
          "exposure_ns": 10000000,
          "iso": 100,
          "ae_mode": 1,
          "af_mode": 4,
          "nr_mode": 1,
          "edge_mode": 1,
          "focus_diopters": 0,
          "hot_pixel_mode": 1,
          "aberration_mode": 0,
          "shading_mode": 1,
          "tonemap_mode": 1,
          "face_detect_mode": 0,
          "ois_mode": 1,
          "video_stabilization_mode": 1,
          "capture_intent": 1
        },
        "result": {
          "frame_duration_ns": 66668961,
          "exposure_ns": 32257155,
          "iso": 180,
          "ae_mode": 1,
          "af_mode": 4,
          "nr_mode": 1,
          "edge_mode": 1,
          "focus_diopters": 0.19149911,
          "hot_pixel_mode": 1,
          "aberration_mode": 0,
          "shading_mode": 1,
          "tonemap_mode": 1,
          "face_detect_mode": 0,
          "ois_mode": 1,
          "video_stabilization_mode": 1,
          "capture_intent": 1
        },
        "result_sensor_timestamp_ns": 366597548706402,
        "result_frame_number": 92,
        "manual_phase": "disabled",
        "camera_id": "0",
        "options": {
          "capture_template": "still",
          "processing": "default",
          "focus_diopters": null,
          "frame_ms": 0,
          "camera_id": "",
          "dump_characteristics": false
        }
      }
    },
    {
      "frame": 7,
      "variant": "template=still;processing=default;focus=auto;frame_ms=0;camera=default",
      "power": {
        "requested": {
          "frame_duration_ns": 33000000,
          "exposure_ns": 10000000,
          "iso": 100,
          "ae_mode": 1,
          "af_mode": 4,
          "nr_mode": 1,
          "edge_mode": 1,
          "focus_diopters": 0,
          "hot_pixel_mode": 1,
          "aberration_mode": 0,
          "shading_mode": 1,
          "tonemap_mode": 1,
          "face_detect_mode": 0,
          "ois_mode": 1,
          "video_stabilization_mode": 1,
          "capture_intent": 1
        },
        "result": {
          "frame_duration_ns": 66668961,
          "exposure_ns": 32257155,
          "iso": 180,
          "ae_mode": 1,
          "af_mode": 4,
          "nr_mode": 1,
          "edge_mode": 1,
          "focus_diopters": 0.19149911,
          "hot_pixel_mode": 1,
          "aberration_mode": 0,
          "shading_mode": 1,
          "tonemap_mode": 1,
          "face_detect_mode": 0,
          "ois_mode": 1,
          "video_stabilization_mode": 1,
          "capture_intent": 1
        },
        "result_sensor_timestamp_ns": 366598546100812,
        "result_frame_number": 107,
        "manual_phase": "disabled",
        "camera_id": "0",
        "options": {
          "capture_template": "still",
          "processing": "default",
          "focus_diopters": null,
          "frame_ms": 0,
          "camera_id": "",
          "dump_characteristics": false
        }
      }
    },
    {
      "frame": 8,
      "variant": "template=still;processing=default;focus=auto;frame_ms=0;camera=default",
      "power": {
        "requested": {
          "frame_duration_ns": 33000000,
          "exposure_ns": 10000000,
          "iso": 100,
          "ae_mode": 1,
          "af_mode": 4,
          "nr_mode": 1,
          "edge_mode": 1,
          "focus_diopters": 0,
          "hot_pixel_mode": 1,
          "aberration_mode": 0,
          "shading_mode": 1,
          "tonemap_mode": 1,
          "face_detect_mode": 0,
          "ois_mode": 1,
          "video_stabilization_mode": 1,
          "capture_intent": 1
        },
        "result": {
          "frame_duration_ns": 66668961,
          "exposure_ns": 35175441,
          "iso": 166,
          "ae_mode": 1,
          "af_mode": 4,
          "nr_mode": 1,
          "edge_mode": 1,
          "focus_diopters": 0.19149911,
          "hot_pixel_mode": 1,
          "aberration_mode": 0,
          "shading_mode": 1,
          "tonemap_mode": 1,
          "face_detect_mode": 0,
          "ois_mode": 1,
          "video_stabilization_mode": 1,
          "capture_intent": 1
        },
        "result_sensor_timestamp_ns": 366599540574379,
        "result_frame_number": 122,
        "manual_phase": "disabled",
        "camera_id": "0",
        "options": {
          "capture_template": "still",
          "processing": "default",
          "focus_diopters": null,
          "frame_ms": 0,
          "camera_id": "",
          "dump_characteristics": false
        }
      }
    },
    {
      "frame": 9,
      "variant": "template=still;processing=default;focus=auto;frame_ms=0;camera=default",
      "power": {
        "requested": {
          "frame_duration_ns": 33000000,
          "exposure_ns": 10000000,
          "iso": 100,
          "ae_mode": 1,
          "af_mode": 4,
          "nr_mode": 1,
          "edge_mode": 1,
          "focus_diopters": 0,
          "hot_pixel_mode": 1,
          "aberration_mode": 0,
          "shading_mode": 1,
          "tonemap_mode": 1,
          "face_detect_mode": 0,
          "ois_mode": 1,
          "video_stabilization_mode": 1,
          "capture_intent": 1
        },
        "result": {
          "frame_duration_ns": 66668961,
          "exposure_ns": 35175441,
          "iso": 166,
          "ae_mode": 1,
          "af_mode": 4,
          "nr_mode": 1,
          "edge_mode": 1,
          "focus_diopters": 0.19149911,
          "hot_pixel_mode": 1,
          "aberration_mode": 0,
          "shading_mode": 1,
          "tonemap_mode": 1,
          "face_detect_mode": 0,
          "ois_mode": 1,
          "video_stabilization_mode": 1,
          "capture_intent": 1
        },
        "result_sensor_timestamp_ns": 366600537945606,
        "result_frame_number": 137,
        "manual_phase": "disabled",
        "camera_id": "0",
        "options": {
          "capture_template": "still",
          "processing": "default",
          "focus_diopters": null,
          "frame_ms": 0,
          "camera_id": "",
          "dump_characteristics": false
        }
      }
    },
    {
      "frame": 10,
      "variant": "template=still;processing=default;focus=auto;frame_ms=0;camera=default",
      "power": {
        "requested": {
          "frame_duration_ns": 33000000,
          "exposure_ns": 10000000,
          "iso": 100,
          "ae_mode": 1,
          "af_mode": 4,
          "nr_mode": 2,
          "edge_mode": 2,
          "focus_diopters": 0,
          "hot_pixel_mode": 2,
          "aberration_mode": 0,
          "shading_mode": 2,
          "tonemap_mode": 2,
          "face_detect_mode": 0,
          "ois_mode": 1,
          "video_stabilization_mode": 1,
          "capture_intent": 2
        },
        "result": {
          "frame_duration_ns": 66668961,
          "exposure_ns": 35175441,
          "iso": 166,
          "ae_mode": 1,
          "af_mode": 4,
          "nr_mode": 2,
          "edge_mode": 2,
          "focus_diopters": 0.19149911,
          "hot_pixel_mode": 2,
          "aberration_mode": 0,
          "shading_mode": 2,
          "tonemap_mode": 2,
          "face_detect_mode": 0,
          "ois_mode": 1,
          "video_stabilization_mode": 1,
          "capture_intent": 2
        },
        "result_sensor_timestamp_ns": 366601468865249,
        "result_frame_number": 151,
        "manual_phase": "disabled",
        "camera_id": "0",
        "options": {
          "capture_template": "still",
          "processing": "default",
          "focus_diopters": null,
          "frame_ms": 0,
          "camera_id": "",
          "dump_characteristics": false
        }
      }
    },
    {
      "frame": 11,
      "variant": "template=still;processing=default;focus=auto;frame_ms=0;camera=default",
      "power": {
        "requested": {
          "frame_duration_ns": 33000000,
          "exposure_ns": 10000000,
          "iso": 100,
          "ae_mode": 1,
          "af_mode": 4,
          "nr_mode": 2,
          "edge_mode": 2,
          "focus_diopters": 0,
          "hot_pixel_mode": 2,
          "aberration_mode": 0,
          "shading_mode": 2,
          "tonemap_mode": 2,
          "face_detect_mode": 0,
          "ois_mode": 1,
          "video_stabilization_mode": 1,
          "capture_intent": 2
        },
        "result": {
          "frame_duration_ns": 66668961,
          "exposure_ns": 33326275,
          "iso": 174,
          "ae_mode": 1,
          "af_mode": 4,
          "nr_mode": 2,
          "edge_mode": 2,
          "focus_diopters": 0.19149911,
          "hot_pixel_mode": 2,
          "aberration_mode": 0,
          "shading_mode": 2,
          "tonemap_mode": 2,
          "face_detect_mode": 0,
          "ois_mode": 1,
          "video_stabilization_mode": 1,
          "capture_intent": 2
        },
        "result_sensor_timestamp_ns": 366602534599060,
        "result_frame_number": 167,
        "manual_phase": "disabled",
        "camera_id": "0",
        "options": {
          "capture_template": "still",
          "processing": "default",
          "focus_diopters": null,
          "frame_ms": 0,
          "camera_id": "",
          "dump_characteristics": false
        }
      }
    },
    {
      "frame": 12,
      "variant": "template=still;processing=default;focus=auto;frame_ms=0;camera=default",
      "power": {
        "requested": {
          "frame_duration_ns": 33000000,
          "exposure_ns": 10000000,
          "iso": 100,
          "ae_mode": 1,
          "af_mode": 4,
          "nr_mode": 1,
          "edge_mode": 1,
          "focus_diopters": 0,
          "hot_pixel_mode": 1,
          "aberration_mode": 0,
          "shading_mode": 1,
          "tonemap_mode": 1,
          "face_detect_mode": 0,
          "ois_mode": 1,
          "video_stabilization_mode": 1,
          "capture_intent": 1
        },
        "result": {
          "frame_duration_ns": 66668961,
          "exposure_ns": 33000492,
          "iso": 176,
          "ae_mode": 1,
          "af_mode": 4,
          "nr_mode": 1,
          "edge_mode": 1,
          "focus_diopters": 0.19149911,
          "hot_pixel_mode": 1,
          "aberration_mode": 0,
          "shading_mode": 1,
          "tonemap_mode": 1,
          "face_detect_mode": 0,
          "ois_mode": 1,
          "video_stabilization_mode": 1,
          "capture_intent": 1
        },
        "result_sensor_timestamp_ns": 366603598674606,
        "result_frame_number": 183,
        "manual_phase": "disabled",
        "camera_id": "0",
        "options": {
          "capture_template": "still",
          "processing": "default",
          "focus_diopters": null,
          "frame_ms": 0,
          "camera_id": "",
          "dump_characteristics": false
        }
      }
    },
    {
      "frame": 13,
      "variant": "template=still;processing=default;focus=auto;frame_ms=0;camera=default",
      "power": {
        "requested": {
          "frame_duration_ns": 33000000,
          "exposure_ns": 10000000,
          "iso": 100,
          "ae_mode": 1,
          "af_mode": 4,
          "nr_mode": 2,
          "edge_mode": 2,
          "focus_diopters": 0,
          "hot_pixel_mode": 2,
          "aberration_mode": 0,
          "shading_mode": 2,
          "tonemap_mode": 2,
          "face_detect_mode": 0,
          "ois_mode": 1,
          "video_stabilization_mode": 1,
          "capture_intent": 2
        },
        "result": {
          "frame_duration_ns": 66668961,
          "exposure_ns": 33000492,
          "iso": 176,
          "ae_mode": 1,
          "af_mode": 4,
          "nr_mode": 2,
          "edge_mode": 2,
          "focus_diopters": 0.19149911,
          "hot_pixel_mode": 2,
          "aberration_mode": 0,
          "shading_mode": 2,
          "tonemap_mode": 2,
          "face_detect_mode": 0,
          "ois_mode": 1,
          "video_stabilization_mode": 1,
          "capture_intent": 2
        },
        "result_sensor_timestamp_ns": 366604529699779,
        "result_frame_number": 197,
        "manual_phase": "disabled",
        "camera_id": "0",
        "options": {
          "capture_template": "still",
          "processing": "default",
          "focus_diopters": null,
          "frame_ms": 0,
          "camera_id": "",
          "dump_characteristics": false
        }
      }
    },
    {
      "frame": 14,
      "variant": "template=still;processing=default;focus=auto;frame_ms=0;camera=default",
      "power": {
        "requested": {
          "frame_duration_ns": 33000000,
          "exposure_ns": 10000000,
          "iso": 100,
          "ae_mode": 1,
          "af_mode": 4,
          "nr_mode": 2,
          "edge_mode": 2,
          "focus_diopters": 0,
          "hot_pixel_mode": 2,
          "aberration_mode": 0,
          "shading_mode": 2,
          "tonemap_mode": 2,
          "face_detect_mode": 0,
          "ois_mode": 1,
          "video_stabilization_mode": 1,
          "capture_intent": 2
        },
        "result": {
          "frame_duration_ns": 66668961,
          "exposure_ns": 33000492,
          "iso": 176,
          "ae_mode": 1,
          "af_mode": 4,
          "nr_mode": 2,
          "edge_mode": 2,
          "focus_diopters": 0.19149911,
          "hot_pixel_mode": 2,
          "aberration_mode": 0,
          "shading_mode": 2,
          "tonemap_mode": 2,
          "face_detect_mode": 0,
          "ois_mode": 1,
          "video_stabilization_mode": 1,
          "capture_intent": 2
        },
        "result_sensor_timestamp_ns": 366605527100360,
        "result_frame_number": 212,
        "manual_phase": "disabled",
        "camera_id": "0",
        "options": {
          "capture_template": "still",
          "processing": "default",
          "focus_diopters": null,
          "frame_ms": 0,
          "camera_id": "",
          "dump_characteristics": false
        }
      }
    },
    {
      "frame": 15,
      "variant": "template=still;processing=default;focus=auto;frame_ms=0;camera=default",
      "power": {
        "requested": {
          "frame_duration_ns": 33000000,
          "exposure_ns": 10000000,
          "iso": 100,
          "ae_mode": 1,
          "af_mode": 4,
          "nr_mode": 2,
          "edge_mode": 2,
          "focus_diopters": 0,
          "hot_pixel_mode": 2,
          "aberration_mode": 0,
          "shading_mode": 2,
          "tonemap_mode": 2,
          "face_detect_mode": 0,
          "ois_mode": 1,
          "video_stabilization_mode": 1,
          "capture_intent": 2
        },
        "result": {
          "frame_duration_ns": 66668961,
          "exposure_ns": 33326275,
          "iso": 174,
          "ae_mode": 1,
          "af_mode": 4,
          "nr_mode": 2,
          "edge_mode": 2,
          "focus_diopters": 0.19149911,
          "hot_pixel_mode": 2,
          "aberration_mode": 0,
          "shading_mode": 2,
          "tonemap_mode": 2,
          "face_detect_mode": 0,
          "ois_mode": 1,
          "video_stabilization_mode": 1,
          "capture_intent": 2
        },
        "result_sensor_timestamp_ns": 366606524166428,
        "result_frame_number": 227,
        "manual_phase": "disabled",
        "camera_id": "0",
        "options": {
          "capture_template": "still",
          "processing": "default",
          "focus_diopters": null,
          "frame_ms": 0,
          "camera_id": "",
          "dump_characteristics": false
        }
      }
    },
    {
      "frame": 17,
      "variant": "template=still;processing=default;focus=auto;frame_ms=0;camera=default",
      "power": {
        "requested": {
          "frame_duration_ns": 33000000,
          "exposure_ns": 10000000,
          "iso": 100,
          "ae_mode": 1,
          "af_mode": 4,
          "nr_mode": 1,
          "edge_mode": 1,
          "focus_diopters": 0,
          "hot_pixel_mode": 1,
          "aberration_mode": 0,
          "shading_mode": 1,
          "tonemap_mode": 1,
          "face_detect_mode": 0,
          "ois_mode": 1,
          "video_stabilization_mode": 1,
          "capture_intent": 1
        },
        "result": {
          "frame_duration_ns": 66668961,
          "exposure_ns": 31913017,
          "iso": 182,
          "ae_mode": 1,
          "af_mode": 4,
          "nr_mode": 1,
          "edge_mode": 1,
          "focus_diopters": 0.19149911,
          "hot_pixel_mode": 1,
          "aberration_mode": 0,
          "shading_mode": 1,
          "tonemap_mode": 1,
          "face_detect_mode": 0,
          "ois_mode": 1,
          "video_stabilization_mode": 1,
          "capture_intent": 1
        },
        "result_sensor_timestamp_ns": 366608586856184,
        "result_frame_number": 258,
        "manual_phase": "disabled",
        "camera_id": "0",
        "options": {
          "capture_template": "still",
          "processing": "default",
          "focus_diopters": null,
          "frame_ms": 0,
          "camera_id": "",
          "dump_characteristics": false
        }
      }
    },
    {
      "frame": 18,
      "variant": "template=still;processing=default;focus=auto;frame_ms=0;camera=default",
      "power": {
        "requested": {
          "frame_duration_ns": 33000000,
          "exposure_ns": 10000000,
          "iso": 100,
          "ae_mode": 1,
          "af_mode": 4,
          "nr_mode": 2,
          "edge_mode": 2,
          "focus_diopters": 0,
          "hot_pixel_mode": 2,
          "aberration_mode": 0,
          "shading_mode": 2,
          "tonemap_mode": 2,
          "face_detect_mode": 0,
          "ois_mode": 1,
          "video_stabilization_mode": 1,
          "capture_intent": 2
        },
        "result": {
          "frame_duration_ns": 66668961,
          "exposure_ns": 31913017,
          "iso": 182,
          "ae_mode": 1,
          "af_mode": 4,
          "nr_mode": 2,
          "edge_mode": 2,
          "focus_diopters": 0.19149911,
          "hot_pixel_mode": 2,
          "aberration_mode": 0,
          "shading_mode": 2,
          "tonemap_mode": 2,
          "face_detect_mode": 0,
          "ois_mode": 1,
          "video_stabilization_mode": 1,
          "capture_intent": 2
        },
        "result_sensor_timestamp_ns": 366609517755203,
        "result_frame_number": 272,
        "manual_phase": "disabled",
        "camera_id": "0",
        "options": {
          "capture_template": "still",
          "processing": "default",
          "focus_diopters": null,
          "frame_ms": 0,
          "camera_id": "",
          "dump_characteristics": false
        }
      }
    },
    {
      "frame": 19,
      "variant": "template=still;processing=default;focus=auto;frame_ms=0;camera=default",
      "power": {
        "requested": {
          "frame_duration_ns": 33000000,
          "exposure_ns": 10000000,
          "iso": 100,
          "ae_mode": 1,
          "af_mode": 4,
          "nr_mode": 2,
          "edge_mode": 2,
          "focus_diopters": 0,
          "hot_pixel_mode": 2,
          "aberration_mode": 0,
          "shading_mode": 2,
          "tonemap_mode": 2,
          "face_detect_mode": 0,
          "ois_mode": 1,
          "video_stabilization_mode": 1,
          "capture_intent": 2
        },
        "result": {
          "frame_duration_ns": 66668961,
          "exposure_ns": 31688181,
          "iso": 183,
          "ae_mode": 1,
          "af_mode": 4,
          "nr_mode": 2,
          "edge_mode": 2,
          "focus_diopters": 0.19149911,
          "hot_pixel_mode": 2,
          "aberration_mode": 0,
          "shading_mode": 2,
          "tonemap_mode": 2,
          "face_detect_mode": 0,
          "ois_mode": 1,
          "video_stabilization_mode": 1,
          "capture_intent": 2
        },
        "result_sensor_timestamp_ns": 366610515371891,
        "result_frame_number": 287,
        "manual_phase": "disabled",
        "camera_id": "0",
        "options": {
          "capture_template": "still",
          "processing": "default",
          "focus_diopters": null,
          "frame_ms": 0,
          "camera_id": "",
          "dump_characteristics": false
        }
      }
    }
  ],
  "skin_slope_c_min": 3.193048793491153,
  "android_status": "0.1s NONE(0)",
  "gate": {
    "at": "2026-10-03T06:28:35Z",
    "z9": 25000,
    "z10": 25000,
    "z11": 26000,
    "skin": 20.783802,
    "status": 0,
    "waited_s": 0,
    "warm_start": false
  },
  "heat_stop": null
}

preview completed
{
  "mean_battery_w": 2.2199359953198647,
  "cpu_seconds": {
    "runner": 3.24,
    "llama_server": 0.0,
    "robotcam_app": 4.24,
    "camera_provider": 17.24
  },
  "start_to_first_fresh_s": 2.0050700689898804,
  "stop": {
    "stop_to_stopped_s": 3.7071741960244253,
    "capture_stopped": true,
    "frames_seen": [],
    "unreadable_reads": 0,
    "check_s": 3.08,
    "force_stop_rc": 0,
    "force_stop_output": "",
    "pids_after_force_stop": []
  },
  "frames_ok": 18,
  "frames_failed": 16,
  "repeat_polls": 123,
  "age_median_s": 0.29070342250633985,
  "age_p95_s": 0.3795506869792007,
  "luma": {
    "median": 150.0703125,
    "min": 149.581669921875
  },
  "sharpness": {
    "median": 443.8599006380732,
    "min": 428.6038149203624
  },
  "paired_diagnostics": 12,
  "applied_observations": [
    {
      "frame": 1,
      "variant": "template=preview;processing=default;focus=auto;frame_ms=0;camera=default",
      "power": {
        "requested": {
          "frame_duration_ns": 33000000,
          "exposure_ns": 10000000,
          "iso": 100,
          "ae_mode": 1,
          "af_mode": 4,
          "nr_mode": 1,
          "edge_mode": 1,
          "focus_diopters": 0,
          "hot_pixel_mode": 1,
          "aberration_mode": 0,
          "shading_mode": 1,
          "tonemap_mode": 1,
          "face_detect_mode": 0,
          "ois_mode": 1,
          "video_stabilization_mode": 1,
          "capture_intent": 1
        },
        "result": {
          "frame_duration_ns": 66668961,
          "exposure_ns": 13724203,
          "iso": 424,
          "ae_mode": 1,
          "af_mode": 4,
          "nr_mode": 1,
          "edge_mode": 1,
          "focus_diopters": 0,
          "hot_pixel_mode": 1,
          "aberration_mode": 0,
          "shading_mode": 1,
          "tonemap_mode": 1,
          "face_detect_mode": 0,
          "ois_mode": 1,
          "video_stabilization_mode": 1,
          "capture_intent": 1
        },
        "result_sensor_timestamp_ns": 366616560967258,
        "result_frame_number": 17,
        "manual_phase": "disabled",
        "camera_id": "0",
        "options": {
          "capture_template": "preview",
          "processing": "default",
          "focus_diopters": null,
          "frame_ms": 0,
          "camera_id": "",
          "dump_characteristics": false
        }
      }
    },
    {
      "frame": 2,
      "variant": "template=preview;processing=default;focus=auto;frame_ms=0;camera=default",
      "power": {
        "requested": {
          "frame_duration_ns": 33000000,
          "exposure_ns": 10000000,
          "iso": 100,
          "ae_mode": 1,
          "af_mode": 4,
          "nr_mode": 1,
          "edge_mode": 1,
          "focus_diopters": 0,
          "hot_pixel_mode": 1,
          "aberration_mode": 0,
          "shading_mode": 1,
          "tonemap_mode": 1,
          "face_detect_mode": 0,
          "ois_mode": 1,
          "video_stabilization_mode": 1,
          "capture_intent": 1
        },
        "result": {
          "frame_duration_ns": 66668961,
          "exposure_ns": 17376649,
          "iso": 336,
          "ae_mode": 1,
          "af_mode": 4,
          "nr_mode": 1,
          "edge_mode": 1,
          "focus_diopters": 0.2631528,
          "hot_pixel_mode": 1,
          "aberration_mode": 0,
          "shading_mode": 1,
          "tonemap_mode": 1,
          "face_detect_mode": 0,
          "ois_mode": 1,
          "video_stabilization_mode": 1,
          "capture_intent": 1
        },
        "result_sensor_timestamp_ns": 366617488231486,
        "result_frame_number": 31,
        "manual_phase": "disabled",
        "camera_id": "0",
        "options": {
          "capture_template": "preview",
          "processing": "default",
          "focus_diopters": null,
          "frame_ms": 0,
          "camera_id": "",
          "dump_characteristics": false
        }
      }
    },
    {
      "frame": 4,
      "variant": "template=preview;processing=default;focus=auto;frame_ms=0;camera=default",
      "power": {
        "requested": {
          "frame_duration_ns": 33000000,
          "exposure_ns": 10000000,
          "iso": 100,
          "ae_mode": 1,
          "af_mode": 4,
          "nr_mode": 1,
          "edge_mode": 1,
          "focus_diopters": 0,
          "hot_pixel_mode": 1,
          "aberration_mode": 0,
          "shading_mode": 1,
          "tonemap_mode": 1,
          "face_detect_mode": 0,
          "ois_mode": 1,
          "video_stabilization_mode": 1,
          "capture_intent": 1
        },
        "result": {
          "frame_duration_ns": 66668961,
          "exposure_ns": 34482577,
          "iso": 169,
          "ae_mode": 1,
          "af_mode": 4,
          "nr_mode": 1,
          "edge_mode": 1,
          "focus_diopters": 0.22733472,
          "hot_pixel_mode": 1,
          "aberration_mode": 0,
          "shading_mode": 1,
          "tonemap_mode": 1,
          "face_detect_mode": 0,
          "ois_mode": 1,
          "video_stabilization_mode": 1,
          "capture_intent": 1
        },
        "result_sensor_timestamp_ns": 366619532402014,
        "result_frame_number": 62,
        "manual_phase": "disabled",
        "camera_id": "0",
        "options": {
          "capture_template": "preview",
          "processing": "default",
          "focus_diopters": null,
          "frame_ms": 0,
          "camera_id": "",
          "dump_characteristics": false
        }
      }
    },
    {
      "frame": 5,
      "variant": "template=preview;processing=default;focus=auto;frame_ms=0;camera=default",
      "power": {
        "requested": {
          "frame_duration_ns": 33000000,
          "exposure_ns": 10000000,
          "iso": 100,
          "ae_mode": 1,
          "af_mode": 4,
          "nr_mode": 1,
          "edge_mode": 1,
          "focus_diopters": 0,
          "hot_pixel_mode": 1,
          "aberration_mode": 0,
          "shading_mode": 1,
          "tonemap_mode": 1,
          "face_detect_mode": 0,
          "ois_mode": 1,
          "video_stabilization_mode": 1,
          "capture_intent": 1
        },
        "result": {
          "frame_duration_ns": 66668961,
          "exposure_ns": 33977842,
          "iso": 172,
          "ae_mode": 1,
          "af_mode": 4,
          "nr_mode": 1,
          "edge_mode": 1,
          "focus_diopters": 0.22733472,
          "hot_pixel_mode": 1,
          "aberration_mode": 0,
          "shading_mode": 1,
          "tonemap_mode": 1,
          "face_detect_mode": 0,
          "ois_mode": 1,
          "video_stabilization_mode": 1,
          "capture_intent": 1
        },
        "result_sensor_timestamp_ns": 366620530298601,
        "result_frame_number": 77,
        "manual_phase": "disabled",
        "camera_id": "0",
        "options": {
          "capture_template": "preview",
          "processing": "default",
          "focus_diopters": null,
          "frame_ms": 0,
          "camera_id": "",
          "dump_characteristics": false
        }
      }
    },
    {
      "frame": 8,
      "variant": "template=preview;processing=default;focus=auto;frame_ms=0;camera=default",
      "power": {
        "requested": {
          "frame_duration_ns": 33000000,
          "exposure_ns": 10000000,
          "iso": 100,
          "ae_mode": 1,
          "af_mode": 4,
          "nr_mode": 1,
          "edge_mode": 1,
          "focus_diopters": 0,
          "hot_pixel_mode": 1,
          "aberration_mode": 0,
          "shading_mode": 1,
          "tonemap_mode": 1,
          "face_detect_mode": 0,
          "ois_mode": 1,
          "video_stabilization_mode": 1,
          "capture_intent": 1
        },
        "result": {
          "frame_duration_ns": 66668961,
          "exposure_ns": 33977842,
          "iso": 172,
          "ae_mode": 1,
          "af_mode": 4,
          "nr_mode": 1,
          "edge_mode": 1,
          "focus_diopters": 0.22733472,
          "hot_pixel_mode": 1,
          "aberration_mode": 0,
          "shading_mode": 1,
          "tonemap_mode": 1,
          "face_detect_mode": 0,
          "ois_mode": 1,
          "video_stabilization_mode": 1,
          "capture_intent": 1
        },
        "result_sensor_timestamp_ns": 366623455981477,
        "result_frame_number": 121,
        "manual_phase": "disabled",
        "camera_id": "0",
        "options": {
          "capture_template": "preview",
          "processing": "default",
          "focus_diopters": null,
          "frame_ms": 0,
          "camera_id": "",
          "dump_characteristics": false
        }
      }
    },
    {
      "frame": 9,
      "variant": "template=preview;processing=default;focus=auto;frame_ms=0;camera=default",
      "power": {
        "requested": {
          "frame_duration_ns": 33000000,
          "exposure_ns": 10000000,
          "iso": 100,
          "ae_mode": 1,
          "af_mode": 4,
          "nr_mode": 1,
          "edge_mode": 1,
          "focus_diopters": 0,
          "hot_pixel_mode": 1,
          "aberration_mode": 0,
          "shading_mode": 1,
          "tonemap_mode": 1,
          "face_detect_mode": 0,
          "ois_mode": 1,
          "video_stabilization_mode": 1,
          "capture_intent": 1
        },
        "result": {
          "frame_duration_ns": 66668961,
          "exposure_ns": 33977842,
          "iso": 172,
          "ae_mode": 1,
          "af_mode": 4,
          "nr_mode": 1,
          "edge_mode": 1,
          "focus_diopters": 0.22733472,
          "hot_pixel_mode": 1,
          "aberration_mode": 0,
          "shading_mode": 1,
          "tonemap_mode": 1,
          "face_detect_mode": 0,
          "ois_mode": 1,
          "video_stabilization_mode": 1,
          "capture_intent": 1
        },
        "result_sensor_timestamp_ns": 366624453373429,
        "result_frame_number": 136,
        "manual_phase": "disabled",
        "camera_id": "0",
        "options": {
          "capture_template": "preview",
          "processing": "default",
          "focus_diopters": null,
          "frame_ms": 0,
          "camera_id": "",
          "dump_characteristics": false
        }
      }
    },
    {
      "frame": 10,
      "variant": "template=preview;processing=default;focus=auto;frame_ms=0;camera=default",
      "power": {
        "requested": {
          "frame_duration_ns": 33000000,
          "exposure_ns": 10000000,
          "iso": 100,
          "ae_mode": 1,
          "af_mode": 4,
          "nr_mode": 1,
          "edge_mode": 1,
          "focus_diopters": 0,
          "hot_pixel_mode": 1,
          "aberration_mode": 0,
          "shading_mode": 1,
          "tonemap_mode": 1,
          "face_detect_mode": 0,
          "ois_mode": 1,
          "video_stabilization_mode": 1,
          "capture_intent": 1
        },
        "result": {
          "frame_duration_ns": 66668961,
          "exposure_ns": 33326275,
          "iso": 174,
          "ae_mode": 1,
          "af_mode": 4,
          "nr_mode": 1,
          "edge_mode": 1,
          "focus_diopters": 0.22733472,
          "hot_pixel_mode": 1,
          "aberration_mode": 0,
          "shading_mode": 1,
          "tonemap_mode": 1,
          "face_detect_mode": 0,
          "ois_mode": 1,
          "video_stabilization_mode": 1,
          "capture_intent": 1
        },
        "result_sensor_timestamp_ns": 366625451416948,
        "result_frame_number": 151,
        "manual_phase": "disabled",
        "camera_id": "0",
        "options": {
          "capture_template": "preview",
          "processing": "default",
          "focus_diopters": null,
          "frame_ms": 0,
          "camera_id": "",
          "dump_characteristics": false
        }
      }
    },
    {
      "frame": 11,
      "variant": "template=preview;processing=default;focus=auto;frame_ms=0;camera=default",
      "power": {
        "requested": {
          "frame_duration_ns": 33000000,
          "exposure_ns": 10000000,
          "iso": 100,
          "ae_mode": 1,
          "af_mode": 4,
          "nr_mode": 1,
          "edge_mode": 1,
          "focus_diopters": 0,
          "hot_pixel_mode": 1,
          "aberration_mode": 0,
          "shading_mode": 1,
          "tonemap_mode": 1,
          "face_detect_mode": 0,
          "ois_mode": 1,
          "video_stabilization_mode": 1,
          "capture_intent": 1
        },
        "result": {
          "frame_duration_ns": 66668961,
          "exposure_ns": 32440695,
          "iso": 179,
          "ae_mode": 1,
          "af_mode": 4,
          "nr_mode": 1,
          "edge_mode": 1,
          "focus_diopters": 0.22733472,
          "hot_pixel_mode": 1,
          "aberration_mode": 0,
          "shading_mode": 1,
          "tonemap_mode": 1,
          "face_detect_mode": 0,
          "ois_mode": 1,
          "video_stabilization_mode": 1,
          "capture_intent": 1
        },
        "result_sensor_timestamp_ns": 366626582680039,
        "result_frame_number": 168,
        "manual_phase": "disabled",
        "camera_id": "0",
        "options": {
          "capture_template": "preview",
          "processing": "default",
          "focus_diopters": null,
          "frame_ms": 0,
          "camera_id": "",
          "dump_characteristics": false
        }
      }
    },
    {
      "frame": 13,
      "variant": "template=preview;processing=default;focus=auto;frame_ms=0;camera=default",
      "power": {
        "requested": {
          "frame_duration_ns": 33000000,
          "exposure_ns": 10000000,
          "iso": 100,
          "ae_mode": 1,
          "af_mode": 4,
          "nr_mode": 1,
          "edge_mode": 1,
          "focus_diopters": 0,
          "hot_pixel_mode": 1,
          "aberration_mode": 0,
          "shading_mode": 1,
          "tonemap_mode": 1,
          "face_detect_mode": 0,
          "ois_mode": 1,
          "video_stabilization_mode": 1,
          "capture_intent": 1
        },
        "result": {
          "frame_duration_ns": 66668961,
          "exposure_ns": 33753006,
          "iso": 172,
          "ae_mode": 1,
          "af_mode": 4,
          "nr_mode": 1,
          "edge_mode": 1,
          "focus_diopters": 0.22733472,
          "hot_pixel_mode": 1,
          "aberration_mode": 0,
          "shading_mode": 1,
          "tonemap_mode": 1,
          "face_detect_mode": 0,
          "ois_mode": 1,
          "video_stabilization_mode": 1,
          "capture_intent": 1
        },
        "result_sensor_timestamp_ns": 366628509658832,
        "result_frame_number": 197,
        "manual_phase": "disabled",
        "camera_id": "0",
        "options": {
          "capture_template": "preview",
          "processing": "default",
          "focus_diopters": null,
          "frame_ms": 0,
          "camera_id": "",
          "dump_characteristics": false
        }
      }
    },
    {
      "frame": 14,
      "variant": "template=preview;processing=default;focus=auto;frame_ms=0;camera=default",
      "power": {
        "requested": {
          "frame_duration_ns": 33000000,
          "exposure_ns": 10000000,
          "iso": 100,
          "ae_mode": 1,
          "af_mode": 4,
          "nr_mode": 1,
          "edge_mode": 1,
          "focus_diopters": 0,
          "hot_pixel_mode": 1,
          "aberration_mode": 0,
          "shading_mode": 1,
          "tonemap_mode": 1,
          "face_detect_mode": 0,
          "ois_mode": 1,
          "video_stabilization_mode": 1,
          "capture_intent": 1
        },
        "result": {
          "frame_duration_ns": 66668961,
          "exposure_ns": 33753006,
          "iso": 172,
          "ae_mode": 1,
          "af_mode": 4,
          "nr_mode": 1,
          "edge_mode": 1,
          "focus_diopters": 0.22733472,
          "hot_pixel_mode": 1,
          "aberration_mode": 0,
          "shading_mode": 1,
          "tonemap_mode": 1,
          "face_detect_mode": 0,
          "ois_mode": 1,
          "video_stabilization_mode": 1,
          "capture_intent": 1
        },
        "result_sensor_timestamp_ns": 366629507050784,
        "result_frame_number": 212,
        "manual_phase": "disabled",
        "camera_id": "0",
        "options": {
          "capture_template": "preview",
          "processing": "default",
          "focus_diopters": null,
          "frame_ms": 0,
          "camera_id": "",
          "dump_characteristics": false
        }
      }
    },
    {
      "frame": 17,
      "variant": "template=preview;processing=default;focus=auto;frame_ms=0;camera=default",
      "power": {
        "requested": {
          "frame_duration_ns": 33000000,
          "exposure_ns": 10000000,
          "iso": 100,
          "ae_mode": 1,
          "af_mode": 4,
          "nr_mode": 1,
          "edge_mode": 1,
          "focus_diopters": 0,
          "hot_pixel_mode": 1,
          "aberration_mode": 0,
          "shading_mode": 1,
          "tonemap_mode": 1,
          "face_detect_mode": 0,
          "ois_mode": 1,
          "video_stabilization_mode": 1,
          "capture_intent": 1
        },
        "result": {
          "frame_duration_ns": 66668961,
          "exposure_ns": 34087966,
          "iso": 170,
          "ae_mode": 1,
          "af_mode": 4,
          "nr_mode": 1,
          "edge_mode": 1,
          "focus_diopters": 0.22733472,
          "hot_pixel_mode": 1,
          "aberration_mode": 0,
          "shading_mode": 1,
          "tonemap_mode": 1,
          "face_detect_mode": 0,
          "ois_mode": 1,
          "video_stabilization_mode": 1,
          "capture_intent": 1
        },
        "result_sensor_timestamp_ns": 366632498936190,
        "result_frame_number": 257,
        "manual_phase": "disabled",
        "camera_id": "0",
        "options": {
          "capture_template": "preview",
          "processing": "default",
          "focus_diopters": null,
          "frame_ms": 0,
          "camera_id": "",
          "dump_characteristics": false
        }
      }
    },
    {
      "frame": 18,
      "variant": "template=preview;processing=default;focus=auto;frame_ms=0;camera=default",
      "power": {
        "requested": {
          "frame_duration_ns": 33000000,
          "exposure_ns": 10000000,
          "iso": 100,
          "ae_mode": 1,
          "af_mode": 4,
          "nr_mode": 1,
          "edge_mode": 1,
          "focus_diopters": 0,
          "hot_pixel_mode": 1,
          "aberration_mode": 0,
          "shading_mode": 1,
          "tonemap_mode": 1,
          "face_detect_mode": 0,
          "ois_mode": 1,
          "video_stabilization_mode": 1,
          "capture_intent": 1
        },
        "result": {
          "frame_duration_ns": 66668961,
          "exposure_ns": 32963784,
          "iso": 176,
          "ae_mode": 1,
          "af_mode": 4,
          "nr_mode": 1,
          "edge_mode": 1,
          "focus_diopters": 0.22733472,
          "hot_pixel_mode": 1,
          "aberration_mode": 0,
          "shading_mode": 1,
          "tonemap_mode": 1,
          "face_detect_mode": 0,
          "ois_mode": 1,
          "video_stabilization_mode": 1,
          "capture_intent": 1
        },
        "result_sensor_timestamp_ns": 366633497407773,
        "result_frame_number": 272,
        "manual_phase": "disabled",
        "camera_id": "0",
        "options": {
          "capture_template": "preview",
          "processing": "default",
          "focus_diopters": null,
          "frame_ms": 0,
          "camera_id": "",
          "dump_characteristics": false
        }
      }
    }
  ],
  "skin_slope_c_min": 1.8768725032844065,
  "android_status": "0.1s NONE(0)",
  "gate": {
    "at": "2026-10-03T06:28:56Z",
    "z9": 30000,
    "z10": 30000,
    "z11": 32000,
    "skin": 21.790802,
    "status": 0,
    "waited_s": 0,
    "warm_start": false
  },
  "heat_stop": null
}

record completed
{
  "mean_battery_w": 2.445351728195135,
  "cpu_seconds": {
    "runner": 3.33,
    "llama_server": 0.0,
    "robotcam_app": 4.28,
    "camera_provider": 17.29
  },
  "start_to_first_fresh_s": 2.063531535997754,
  "stop": {
    "stop_to_stopped_s": 3.6670155040046666,
    "capture_stopped": true,
    "frames_seen": [],
    "unreadable_reads": 0,
    "check_s": 3.08,
    "force_stop_rc": 0,
    "force_stop_output": "",
    "pids_after_force_stop": []
  },
  "frames_ok": 19,
  "frames_failed": 17,
  "repeat_polls": 122,
  "age_median_s": 0.2975060609751381,
  "age_p95_s": 0.4742837789817713,
  "luma": {
    "median": 143.546845703125,
    "min": 142.865888671875
  },
  "sharpness": {
    "median": 448.2296181134091,
    "min": 430.71022426440715
  },
  "paired_diagnostics": 15,
  "applied_observations": [
    {
      "frame": 1,
      "variant": "template=record;processing=default;focus=auto;frame_ms=0;camera=default",
      "power": {
        "requested": {
          "frame_duration_ns": 33000000,
          "exposure_ns": 10000000,
          "iso": 100,
          "ae_mode": 1,
          "af_mode": 4,
          "nr_mode": 1,
          "edge_mode": 1,
          "focus_diopters": 0,
          "hot_pixel_mode": 1,
          "aberration_mode": 0,
          "shading_mode": 1,
          "tonemap_mode": 1,
          "face_detect_mode": 0,
          "ois_mode": 1,
          "video_stabilization_mode": 1,
          "capture_intent": 1
        },
        "result": {
          "frame_duration_ns": 66668961,
          "exposure_ns": 13825150,
          "iso": 422,
          "ae_mode": 1,
          "af_mode": 4,
          "nr_mode": 1,
          "edge_mode": 1,
          "focus_diopters": 0,
          "hot_pixel_mode": 1,
          "aberration_mode": 0,
          "shading_mode": 1,
          "tonemap_mode": 1,
          "face_detect_mode": 0,
          "ois_mode": 1,
          "video_stabilization_mode": 1,
          "capture_intent": 1
        },
        "result_sensor_timestamp_ns": 366640669142330,
        "result_frame_number": 18,
        "manual_phase": "disabled",
        "camera_id": "0",
        "options": {
          "capture_template": "record",
          "processing": "default",
          "focus_diopters": null,
          "frame_ms": 0,
          "camera_id": "",
          "dump_characteristics": false
        }
      }
    },
    {
      "frame": 3,
      "variant": "template=record;processing=default;focus=auto;frame_ms=0;camera=default",
      "power": {
        "requested": {
          "frame_duration_ns": 33000000,
          "exposure_ns": 10000000,
          "iso": 100,
          "ae_mode": 1,
          "af_mode": 3,
          "nr_mode": 1,
          "edge_mode": 1,
          "focus_diopters": 0,
          "hot_pixel_mode": 1,
          "aberration_mode": 0,
          "shading_mode": 1,
          "tonemap_mode": 1,
          "face_detect_mode": 0,
          "ois_mode": 1,
          "video_stabilization_mode": 0,
          "capture_intent": 3
        },
        "result": {
          "frame_duration_ns": 66668961,
          "exposure_ns": 35083671,
          "iso": 166,
          "ae_mode": 1,
          "af_mode": 3,
          "nr_mode": 1,
          "edge_mode": 1,
          "focus_diopters": 0.012057918,
          "hot_pixel_mode": 1,
          "aberration_mode": 0,
          "shading_mode": 1,
          "tonemap_mode": 1,
          "face_detect_mode": 0,
          "ois_mode": 1,
          "video_stabilization_mode": 0,
          "capture_intent": 3
        },
        "result_sensor_timestamp_ns": 366642509682114,
        "result_frame_number": 46,
        "manual_phase": "disabled",
        "camera_id": "0",
        "options": {
          "capture_template": "record",
          "processing": "default",
          "focus_diopters": null,
          "frame_ms": 0,
          "camera_id": "",
          "dump_characteristics": false
        }
      }
    },
    {
      "frame": 5,
      "variant": "template=record;processing=default;focus=auto;frame_ms=0;camera=default",
      "power": {
        "requested": {
          "frame_duration_ns": 33000000,
          "exposure_ns": 10000000,
          "iso": 100,
          "ae_mode": 1,
          "af_mode": 3,
          "nr_mode": 1,
          "edge_mode": 1,
          "focus_diopters": 0,
          "hot_pixel_mode": 1,
          "aberration_mode": 0,
          "shading_mode": 1,
          "tonemap_mode": 1,
          "face_detect_mode": 0,
          "ois_mode": 1,
          "video_stabilization_mode": 0,
          "capture_intent": 3
        },
        "result": {
          "frame_duration_ns": 66668961,
          "exposure_ns": 31004494,
          "iso": 187,
          "ae_mode": 1,
          "af_mode": 3,
          "nr_mode": 1,
          "edge_mode": 1,
          "focus_diopters": 0.012057918,
          "hot_pixel_mode": 1,
          "aberration_mode": 0,
          "shading_mode": 1,
          "tonemap_mode": 1,
          "face_detect_mode": 0,
          "ois_mode": 1,
          "video_stabilization_mode": 0,
          "capture_intent": 3
        },
        "result_sensor_timestamp_ns": 366644508545154,
        "result_frame_number": 76,
        "manual_phase": "disabled",
        "camera_id": "0",
        "options": {
          "capture_template": "record",
          "processing": "default",
          "focus_diopters": null,
          "frame_ms": 0,
          "camera_id": "",
          "dump_characteristics": false
        }
      }
    },
    {
      "frame": 6,
      "variant": "template=record;processing=default;focus=auto;frame_ms=0;camera=default",
      "power": {
        "requested": {
          "frame_duration_ns": 33000000,
          "exposure_ns": 10000000,
          "iso": 100,
          "ae_mode": 1,
          "af_mode": 4,
          "nr_mode": 1,
          "edge_mode": 1,
          "focus_diopters": 0,
          "hot_pixel_mode": 1,
          "aberration_mode": 0,
          "shading_mode": 1,
          "tonemap_mode": 1,
          "face_detect_mode": 0,
          "ois_mode": 1,
          "video_stabilization_mode": 1,
          "capture_intent": 1
        },
        "result": {
          "frame_duration_ns": 66668961,
          "exposure_ns": 31004494,
          "iso": 187,
          "ae_mode": 1,
          "af_mode": 4,
          "nr_mode": 1,
          "edge_mode": 1,
          "focus_diopters": 0.012057918,
          "hot_pixel_mode": 1,
          "aberration_mode": 0,
          "shading_mode": 1,
          "tonemap_mode": 1,
          "face_detect_mode": 0,
          "ois_mode": 1,
          "video_stabilization_mode": 1,
          "capture_intent": 1
        },
        "result_sensor_timestamp_ns": 366645572429906,
        "result_frame_number": 92,
        "manual_phase": "disabled",
        "camera_id": "0",
        "options": {
          "capture_template": "record",
          "processing": "default",
          "focus_diopters": null,
          "frame_ms": 0,
          "camera_id": "",
          "dump_characteristics": false
        }
      }
    },
    {
      "frame": 7,
      "variant": "template=record;processing=default;focus=auto;frame_ms=0;camera=default",
      "power": {
        "requested": {
          "frame_duration_ns": 33000000,
          "exposure_ns": 10000000,
          "iso": 100,
          "ae_mode": 1,
          "af_mode": 4,
          "nr_mode": 1,
          "edge_mode": 1,
          "focus_diopters": 0,
          "hot_pixel_mode": 1,
          "aberration_mode": 0,
          "shading_mode": 1,
          "tonemap_mode": 1,
          "face_detect_mode": 0,
          "ois_mode": 1,
          "video_stabilization_mode": 1,
          "capture_intent": 1
        },
        "result": {
          "frame_duration_ns": 66668961,
          "exposure_ns": 31004494,
          "iso": 187,
          "ae_mode": 1,
          "af_mode": 4,
          "nr_mode": 1,
          "edge_mode": 1,
          "focus_diopters": 0.012057918,
          "hot_pixel_mode": 1,
          "aberration_mode": 0,
          "shading_mode": 1,
          "tonemap_mode": 1,
          "face_detect_mode": 0,
          "ois_mode": 1,
          "video_stabilization_mode": 1,
          "capture_intent": 1
        },
        "result_sensor_timestamp_ns": 366646436836259,
        "result_frame_number": 105,
        "manual_phase": "disabled",
        "camera_id": "0",
        "options": {
          "capture_template": "record",
          "processing": "default",
          "focus_diopters": null,
          "frame_ms": 0,
          "camera_id": "",
          "dump_characteristics": false
        }
      }
    },
    {
      "frame": 8,
      "variant": "template=record;processing=default;focus=auto;frame_ms=0;camera=default",
      "power": {
        "requested": {
          "frame_duration_ns": 33000000,
          "exposure_ns": 10000000,
          "iso": 100,
          "ae_mode": 1,
          "af_mode": 3,
          "nr_mode": 1,
          "edge_mode": 1,
          "focus_diopters": 0,
          "hot_pixel_mode": 1,
          "aberration_mode": 0,
          "shading_mode": 1,
          "tonemap_mode": 1,
          "face_detect_mode": 0,
          "ois_mode": 1,
          "video_stabilization_mode": 0,
          "capture_intent": 3
        },
        "result": {
          "frame_duration_ns": 66668961,
          "exposure_ns": 34331157,
          "iso": 169,
          "ae_mode": 1,
          "af_mode": 3,
          "nr_mode": 1,
          "edge_mode": 1,
          "focus_diopters": 0.012057918,
          "hot_pixel_mode": 1,
          "aberration_mode": 0,
          "shading_mode": 1,
          "tonemap_mode": 1,
          "face_detect_mode": 0,
          "ois_mode": 1,
          "video_stabilization_mode": 0,
          "capture_intent": 3
        },
        "result_sensor_timestamp_ns": 366647497631324,
        "result_frame_number": 121,
        "manual_phase": "disabled",
        "camera_id": "0",
        "options": {
          "capture_template": "record",
          "processing": "default",
          "focus_diopters": null,
          "frame_ms": 0,
          "camera_id": "",
          "dump_characteristics": false
        }
      }
    },
    {
      "frame": 9,
      "variant": "template=record;processing=default;focus=auto;frame_ms=0;camera=default",
      "power": {
        "requested": {
          "frame_duration_ns": 33000000,
          "exposure_ns": 10000000,
          "iso": 100,
          "ae_mode": 1,
          "af_mode": 4,
          "nr_mode": 1,
          "edge_mode": 1,
          "focus_diopters": 0,
          "hot_pixel_mode": 1,
          "aberration_mode": 0,
          "shading_mode": 1,
          "tonemap_mode": 1,
          "face_detect_mode": 0,
          "ois_mode": 1,
          "video_stabilization_mode": 1,
          "capture_intent": 1
        },
        "result": {
          "frame_duration_ns": 66668961,
          "exposure_ns": 34331157,
          "iso": 169,
          "ae_mode": 1,
          "af_mode": 4,
          "nr_mode": 1,
          "edge_mode": 1,
          "focus_diopters": 0.012057918,
          "hot_pixel_mode": 1,
          "aberration_mode": 0,
          "shading_mode": 1,
          "tonemap_mode": 1,
          "face_detect_mode": 0,
          "ois_mode": 1,
          "video_stabilization_mode": 1,
          "capture_intent": 1
        },
        "result_sensor_timestamp_ns": 366648561305179,
        "result_frame_number": 137,
        "manual_phase": "disabled",
        "camera_id": "0",
        "options": {
          "capture_template": "record",
          "processing": "default",
          "focus_diopters": null,
          "frame_ms": 0,
          "camera_id": "",
          "dump_characteristics": false
        }
      }
    },
    {
      "frame": 11,
      "variant": "template=record;processing=default;focus=auto;frame_ms=0;camera=default",
      "power": {
        "requested": {
          "frame_duration_ns": 33000000,
          "exposure_ns": 10000000,
          "iso": 100,
          "ae_mode": 1,
          "af_mode": 3,
          "nr_mode": 1,
          "edge_mode": 1,
          "focus_diopters": 0,
          "hot_pixel_mode": 1,
          "aberration_mode": 0,
          "shading_mode": 1,
          "tonemap_mode": 1,
          "face_detect_mode": 0,
          "ois_mode": 1,
          "video_stabilization_mode": 0,
          "capture_intent": 3
        },
        "result": {
          "frame_duration_ns": 66668961,
          "exposure_ns": 33753006,
          "iso": 172,
          "ae_mode": 1,
          "af_mode": 3,
          "nr_mode": 1,
          "edge_mode": 1,
          "focus_diopters": 0.012057918,
          "hot_pixel_mode": 1,
          "aberration_mode": 0,
          "shading_mode": 1,
          "tonemap_mode": 1,
          "face_detect_mode": 0,
          "ois_mode": 1,
          "video_stabilization_mode": 0,
          "capture_intent": 3
        },
        "result_sensor_timestamp_ns": 366650556641113,
        "result_frame_number": 167,
        "manual_phase": "disabled",
        "camera_id": "0",
        "options": {
          "capture_template": "record",
          "processing": "default",
          "focus_diopters": null,
          "frame_ms": 0,
          "camera_id": "",
          "dump_characteristics": false
        }
      }
    },
    {
      "frame": 12,
      "variant": "template=record;processing=default;focus=auto;frame_ms=0;camera=default",
      "power": {
        "requested": {
          "frame_duration_ns": 33000000,
          "exposure_ns": 10000000,
          "iso": 100,
          "ae_mode": 1,
          "af_mode": 3,
          "nr_mode": 1,
          "edge_mode": 1,
          "focus_diopters": 0,
          "hot_pixel_mode": 1,
          "aberration_mode": 0,
          "shading_mode": 1,
          "tonemap_mode": 1,
          "face_detect_mode": 0,
          "ois_mode": 1,
          "video_stabilization_mode": 0,
          "capture_intent": 3
        },
        "result": {
          "frame_duration_ns": 66668961,
          "exposure_ns": 33831010,
          "iso": 172,
          "ae_mode": 1,
          "af_mode": 3,
          "nr_mode": 1,
          "edge_mode": 1,
          "focus_diopters": 0.19149911,
          "hot_pixel_mode": 1,
          "aberration_mode": 0,
          "shading_mode": 1,
          "tonemap_mode": 1,
          "face_detect_mode": 0,
          "ois_mode": 1,
          "video_stabilization_mode": 0,
          "capture_intent": 3
        },
        "result_sensor_timestamp_ns": 366651553955021,
        "result_frame_number": 182,
        "manual_phase": "disabled",
        "camera_id": "0",
        "options": {
          "capture_template": "record",
          "processing": "default",
          "focus_diopters": null,
          "frame_ms": 0,
          "camera_id": "",
          "dump_characteristics": false
        }
      }
    },
    {
      "frame": 13,
      "variant": "template=record;processing=default;focus=auto;frame_ms=0;camera=default",
      "power": {
        "requested": {
          "frame_duration_ns": 33000000,
          "exposure_ns": 10000000,
          "iso": 100,
          "ae_mode": 1,
          "af_mode": 3,
          "nr_mode": 1,
          "edge_mode": 1,
          "focus_diopters": 0,
          "hot_pixel_mode": 1,
          "aberration_mode": 0,
          "shading_mode": 1,
          "tonemap_mode": 1,
          "face_detect_mode": 0,
          "ois_mode": 1,
          "video_stabilization_mode": 0,
          "capture_intent": 3
        },
        "result": {
          "frame_duration_ns": 66668961,
          "exposure_ns": 34009962,
          "iso": 172,
          "ae_mode": 1,
          "af_mode": 3,
          "nr_mode": 1,
          "edge_mode": 1,
          "focus_diopters": 0.19149911,
          "hot_pixel_mode": 1,
          "aberration_mode": 0,
          "shading_mode": 1,
          "tonemap_mode": 1,
          "face_detect_mode": 0,
          "ois_mode": 1,
          "video_stabilization_mode": 0,
          "capture_intent": 3
        },
        "result_sensor_timestamp_ns": 366652551698333,
        "result_frame_number": 197,
        "manual_phase": "disabled",
        "camera_id": "0",
        "options": {
          "capture_template": "record",
          "processing": "default",
          "focus_diopters": null,
          "frame_ms": 0,
          "camera_id": "",
          "dump_characteristics": false
        }
      }
    },
    {
      "frame": 14,
      "variant": "template=record;processing=default;focus=auto;frame_ms=0;camera=default",
      "power": {
        "requested": {
          "frame_duration_ns": 33000000,
          "exposure_ns": 10000000,
          "iso": 100,
          "ae_mode": 1,
          "af_mode": 3,
          "nr_mode": 1,
          "edge_mode": 1,
          "focus_diopters": 0,
          "hot_pixel_mode": 1,
          "aberration_mode": 0,
          "shading_mode": 1,
          "tonemap_mode": 1,
          "face_detect_mode": 0,
          "ois_mode": 1,
          "video_stabilization_mode": 0,
          "capture_intent": 3
        },
        "result": {
          "frame_duration_ns": 66668961,
          "exposure_ns": 34009962,
          "iso": 172,
          "ae_mode": 1,
          "af_mode": 3,
          "nr_mode": 1,
          "edge_mode": 1,
          "focus_diopters": 0.19149911,
          "hot_pixel_mode": 1,
          "aberration_mode": 0,
          "shading_mode": 1,
          "tonemap_mode": 1,
          "face_detect_mode": 0,
          "ois_mode": 1,
          "video_stabilization_mode": 0,
          "capture_intent": 3
        },
        "result_sensor_timestamp_ns": 366653548733389,
        "result_frame_number": 212,
        "manual_phase": "disabled",
        "camera_id": "0",
        "options": {
          "capture_template": "record",
          "processing": "default",
          "focus_diopters": null,
          "frame_ms": 0,
          "camera_id": "",
          "dump_characteristics": false
        }
      }
    },
    {
      "frame": 15,
      "variant": "template=record;processing=default;focus=auto;frame_ms=0;camera=default",
      "power": {
        "requested": {
          "frame_duration_ns": 33000000,
          "exposure_ns": 10000000,
          "iso": 100,
          "ae_mode": 1,
          "af_mode": 4,
          "nr_mode": 1,
          "edge_mode": 1,
          "focus_diopters": 0,
          "hot_pixel_mode": 1,
          "aberration_mode": 0,
          "shading_mode": 1,
          "tonemap_mode": 1,
          "face_detect_mode": 0,
          "ois_mode": 1,
          "video_stabilization_mode": 1,
          "capture_intent": 1
        },
        "result": {
          "frame_duration_ns": 66668961,
          "exposure_ns": 30674122,
          "iso": 189,
          "ae_mode": 1,
          "af_mode": 4,
          "nr_mode": 1,
          "edge_mode": 1,
          "focus_diopters": 0.19149911,
          "hot_pixel_mode": 1,
          "aberration_mode": 0,
          "shading_mode": 1,
          "tonemap_mode": 1,
          "face_detect_mode": 0,
          "ois_mode": 1,
          "video_stabilization_mode": 1,
          "capture_intent": 1
        },
        "result_sensor_timestamp_ns": 366654615133061,
        "result_frame_number": 228,
        "manual_phase": "disabled",
        "camera_id": "0",
        "options": {
          "capture_template": "record",
          "processing": "default",
          "focus_diopters": null,
          "frame_ms": 0,
          "camera_id": "",
          "dump_characteristics": false
        }
      }
    },
    {
      "frame": 16,
      "variant": "template=record;processing=default;focus=auto;frame_ms=0;camera=default",
      "power": {
        "requested": {
          "frame_duration_ns": 33000000,
          "exposure_ns": 10000000,
          "iso": 100,
          "ae_mode": 1,
          "af_mode": 3,
          "nr_mode": 1,
          "edge_mode": 1,
          "focus_diopters": 0,
          "hot_pixel_mode": 1,
          "aberration_mode": 0,
          "shading_mode": 1,
          "tonemap_mode": 1,
          "face_detect_mode": 0,
          "ois_mode": 1,
          "video_stabilization_mode": 0,
          "capture_intent": 3
        },
        "result": {
          "frame_duration_ns": 66668961,
          "exposure_ns": 30674122,
          "iso": 189,
          "ae_mode": 1,
          "af_mode": 3,
          "nr_mode": 1,
          "edge_mode": 1,
          "focus_diopters": 0.19149911,
          "hot_pixel_mode": 1,
          "aberration_mode": 0,
          "shading_mode": 1,
          "tonemap_mode": 1,
          "face_detect_mode": 0,
          "ois_mode": 1,
          "video_stabilization_mode": 0,
          "capture_intent": 3
        },
        "result_sensor_timestamp_ns": 366655547492579,
        "result_frame_number": 242,
        "manual_phase": "disabled",
        "camera_id": "0",
        "options": {
          "capture_template": "record",
          "processing": "default",
          "focus_diopters": null,
          "frame_ms": 0,
          "camera_id": "",
          "dump_characteristics": false
        }
      }
    },
    {
      "frame": 18,
      "variant": "template=record;processing=default;focus=auto;frame_ms=0;camera=default",
      "power": {
        "requested": {
          "frame_duration_ns": 33000000,
          "exposure_ns": 10000000,
          "iso": 100,
          "ae_mode": 1,
          "af_mode": 4,
          "nr_mode": 1,
          "edge_mode": 1,
          "focus_diopters": 0,
          "hot_pixel_mode": 1,
          "aberration_mode": 0,
          "shading_mode": 1,
          "tonemap_mode": 1,
          "face_detect_mode": 0,
          "ois_mode": 1,
          "video_stabilization_mode": 1,
          "capture_intent": 1
        },
        "result": {
          "frame_duration_ns": 66668961,
          "exposure_ns": 33555700,
          "iso": 173,
          "ae_mode": 1,
          "af_mode": 4,
          "nr_mode": 1,
          "edge_mode": 1,
          "focus_diopters": 0.19149911,
          "hot_pixel_mode": 1,
          "aberration_mode": 0,
          "shading_mode": 1,
          "tonemap_mode": 1,
          "face_detect_mode": 0,
          "ois_mode": 1,
          "video_stabilization_mode": 1,
          "capture_intent": 1
        },
        "result_sensor_timestamp_ns": 366657604574962,
        "result_frame_number": 273,
        "manual_phase": "disabled",
        "camera_id": "0",
        "options": {
          "capture_template": "record",
          "processing": "default",
          "focus_diopters": null,
          "frame_ms": 0,
          "camera_id": "",
          "dump_characteristics": false
        }
      }
    },
    {
      "frame": 19,
      "variant": "template=record;processing=default;focus=auto;frame_ms=0;camera=default",
      "power": {
        "requested": {
          "frame_duration_ns": 33000000,
          "exposure_ns": 10000000,
          "iso": 100,
          "ae_mode": 1,
          "af_mode": 3,
          "nr_mode": 1,
          "edge_mode": 1,
          "focus_diopters": 0,
          "hot_pixel_mode": 1,
          "aberration_mode": 0,
          "shading_mode": 1,
          "tonemap_mode": 1,
          "face_detect_mode": 0,
          "ois_mode": 1,
          "video_stabilization_mode": 0,
          "capture_intent": 3
        },
        "result": {
          "frame_duration_ns": 66668961,
          "exposure_ns": 33555700,
          "iso": 173,
          "ae_mode": 1,
          "af_mode": 3,
          "nr_mode": 1,
          "edge_mode": 1,
          "focus_diopters": 0.19149911,
          "hot_pixel_mode": 1,
          "aberration_mode": 0,
          "shading_mode": 1,
          "tonemap_mode": 1,
          "face_detect_mode": 0,
          "ois_mode": 1,
          "video_stabilization_mode": 0,
          "capture_intent": 3
        },
        "result_sensor_timestamp_ns": 366658535973954,
        "result_frame_number": 287,
        "manual_phase": "disabled",
        "camera_id": "0",
        "options": {
          "capture_template": "record",
          "processing": "default",
          "focus_diopters": null,
          "frame_ms": 0,
          "camera_id": "",
          "dump_characteristics": false
        }
      }
    }
  ],
  "skin_slope_c_min": 1.1013349871074511,
  "android_status": "0.1s NONE(0)",
  "gate": {
    "at": "2026-10-03T06:29:21Z",
    "z9": 30000,
    "z10": 31000,
    "z11": 31000,
    "skin": 22.4745,
    "status": 0,
    "waited_s": 0,
    "warm_start": false
  },
  "heat_stop": null
}

fast completed
{
  "mean_battery_w": 2.2112918990763752,
  "cpu_seconds": {
    "runner": 3.33,
    "llama_server": 0.0,
    "robotcam_app": 4.45,
    "camera_provider": 17.33
  },
  "start_to_first_fresh_s": 2.013271037983941,
  "stop": {
    "stop_to_stopped_s": 3.7246690690226387,
    "capture_stopped": true,
    "frames_seen": [],
    "unreadable_reads": 0,
    "check_s": 3.08,
    "force_stop_rc": 0,
    "force_stop_output": "",
    "pids_after_force_stop": []
  },
  "frames_ok": 18,
  "frames_failed": 16,
  "repeat_polls": 124,
  "age_median_s": 0.32632327600731514,
  "age_p95_s": 0.4143942590453662,
  "luma": {
    "median": 142.7899169921875,
    "min": 142.419658203125
  },
  "sharpness": {
    "median": 424.90899005919675,
    "min": 414.8936608510023
  },
  "paired_diagnostics": 18,
  "applied_observations": [
    {
      "frame": 1,
      "variant": "template=still;processing=fast;focus=auto;frame_ms=0;camera=default",
      "power": {
        "requested": {
          "frame_duration_ns": 33000000,
          "exposure_ns": 10000000,
          "iso": 100,
          "ae_mode": 1,
          "af_mode": 4,
          "nr_mode": 1,
          "edge_mode": 1,
          "focus_diopters": 0,
          "hot_pixel_mode": 1,
          "aberration_mode": 0,
          "shading_mode": 1,
          "tonemap_mode": 1,
          "face_detect_mode": 0,
          "ois_mode": 0,
          "video_stabilization_mode": 0,
          "capture_intent": 1
        },
        "result": {
          "frame_duration_ns": 66668961,
          "exposure_ns": 13912332,
          "iso": 419,
          "ae_mode": 1,
          "af_mode": 4,
          "nr_mode": 1,
          "edge_mode": 1,
          "focus_diopters": 0,
          "hot_pixel_mode": 1,
          "aberration_mode": 0,
          "shading_mode": 1,
          "tonemap_mode": 1,
          "face_detect_mode": 0,
          "ois_mode": 0,
          "video_stabilization_mode": 0,
          "capture_intent": 1
        },
        "result_sensor_timestamp_ns": 366664642409019,
        "result_frame_number": 17,
        "manual_phase": "disabled",
        "camera_id": "0",
        "options": {
          "capture_template": "still",
          "processing": "fast",
          "focus_diopters": null,
          "frame_ms": 0,
          "camera_id": "",
          "dump_characteristics": false
        }
      }
    },
    {
      "frame": 2,
      "variant": "template=still;processing=fast;focus=auto;frame_ms=0;camera=default",
      "power": {
        "requested": {
          "frame_duration_ns": 33000000,
          "exposure_ns": 10000000,
          "iso": 100,
          "ae_mode": 1,
          "af_mode": 4,
          "nr_mode": 1,
          "edge_mode": 1,
          "focus_diopters": 0,
          "hot_pixel_mode": 1,
          "aberration_mode": 0,
          "shading_mode": 1,
          "tonemap_mode": 1,
          "face_detect_mode": 0,
          "ois_mode": 0,
          "video_stabilization_mode": 0,
          "capture_intent": 2
        },
        "result": {
          "frame_duration_ns": 66668961,
          "exposure_ns": 17853853,
          "iso": 326,
          "ae_mode": 1,
          "af_mode": 4,
          "nr_mode": 1,
          "edge_mode": 1,
          "focus_diopters": 0.2631528,
          "hot_pixel_mode": 1,
          "aberration_mode": 0,
          "shading_mode": 1,
          "tonemap_mode": 1,
          "face_detect_mode": 0,
          "ois_mode": 0,
          "video_stabilization_mode": 0,
          "capture_intent": 2
        },
        "result_sensor_timestamp_ns": 366665569391877,
        "result_frame_number": 31,
        "manual_phase": "disabled",
        "camera_id": "0",
        "options": {
          "capture_template": "still",
          "processing": "fast",
          "focus_diopters": null,
          "frame_ms": 0,
          "camera_id": "",
          "dump_characteristics": false
        }
      }
    },
    {
      "frame": 3,
      "variant": "template=still;processing=fast;focus=auto;frame_ms=0;camera=default",
      "power": {
        "requested": {
          "frame_duration_ns": 33000000,
          "exposure_ns": 10000000,
          "iso": 100,
          "ae_mode": 1,
          "af_mode": 4,
          "nr_mode": 1,
          "edge_mode": 1,
          "focus_diopters": 0,
          "hot_pixel_mode": 1,
          "aberration_mode": 0,
          "shading_mode": 1,
          "tonemap_mode": 1,
          "face_detect_mode": 0,
          "ois_mode": 0,
          "video_stabilization_mode": 0,
          "capture_intent": 2
        },
        "result": {
          "frame_duration_ns": 66668961,
          "exposure_ns": 33330864,
          "iso": 174,
          "ae_mode": 1,
          "af_mode": 4,
          "nr_mode": 1,
          "edge_mode": 1,
          "focus_diopters": 0.22733472,
          "hot_pixel_mode": 1,
          "aberration_mode": 0,
          "shading_mode": 1,
          "tonemap_mode": 1,
          "face_detect_mode": 0,
          "ois_mode": 0,
          "video_stabilization_mode": 0,
          "capture_intent": 2
        },
        "result_sensor_timestamp_ns": 366666551281591,
        "result_frame_number": 46,
        "manual_phase": "disabled",
        "camera_id": "0",
        "options": {
          "capture_template": "still",
          "processing": "fast",
          "focus_diopters": null,
          "frame_ms": 0,
          "camera_id": "",
          "dump_characteristics": false
        }
      }
    },
    {
      "frame": 4,
      "variant": "template=still;processing=fast;focus=auto;frame_ms=0;camera=default",
      "power": {
        "requested": {
          "frame_duration_ns": 33000000,
          "exposure_ns": 10000000,
          "iso": 100,
          "ae_mode": 1,
          "af_mode": 4,
          "nr_mode": 1,
          "edge_mode": 1,
          "focus_diopters": 0,
          "hot_pixel_mode": 1,
          "aberration_mode": 0,
          "shading_mode": 1,
          "tonemap_mode": 1,
          "face_detect_mode": 0,
          "ois_mode": 0,
          "video_stabilization_mode": 0,
          "capture_intent": 2
        },
        "result": {
          "frame_duration_ns": 66668961,
          "exposure_ns": 34184325,
          "iso": 170,
          "ae_mode": 1,
          "af_mode": 4,
          "nr_mode": 1,
          "edge_mode": 1,
          "focus_diopters": 0.22733472,
          "hot_pixel_mode": 1,
          "aberration_mode": 0,
          "shading_mode": 1,
          "tonemap_mode": 1,
          "face_detect_mode": 0,
          "ois_mode": 0,
          "video_stabilization_mode": 0,
          "capture_intent": 2
        },
        "result_sensor_timestamp_ns": 366667547820082,
        "result_frame_number": 61,
        "manual_phase": "disabled",
        "camera_id": "0",
        "options": {
          "capture_template": "still",
          "processing": "fast",
          "focus_diopters": null,
          "frame_ms": 0,
          "camera_id": "",
          "dump_characteristics": false
        }
      }
    },
    {
      "frame": 5,
      "variant": "template=still;processing=fast;focus=auto;frame_ms=0;camera=default",
      "power": {
        "requested": {
          "frame_duration_ns": 33000000,
          "exposure_ns": 10000000,
          "iso": 100,
          "ae_mode": 1,
          "af_mode": 4,
          "nr_mode": 1,
          "edge_mode": 1,
          "focus_diopters": 0,
          "hot_pixel_mode": 1,
          "aberration_mode": 0,
          "shading_mode": 1,
          "tonemap_mode": 1,
          "face_detect_mode": 0,
          "ois_mode": 0,
          "video_stabilization_mode": 0,
          "capture_intent": 1
        },
        "result": {
          "frame_duration_ns": 66668961,
          "exposure_ns": 34184325,
          "iso": 170,
          "ae_mode": 1,
          "af_mode": 4,
          "nr_mode": 1,
          "edge_mode": 1,
          "focus_diopters": 0.22733472,
          "hot_pixel_mode": 1,
          "aberration_mode": 0,
          "shading_mode": 1,
          "tonemap_mode": 1,
          "face_detect_mode": 0,
          "ois_mode": 0,
          "video_stabilization_mode": 0,
          "capture_intent": 1
        },
        "result_sensor_timestamp_ns": 366668611704834,
        "result_frame_number": 77,
        "manual_phase": "disabled",
        "camera_id": "0",
        "options": {
          "capture_template": "still",
          "processing": "fast",
          "focus_diopters": null,
          "frame_ms": 0,
          "camera_id": "",
          "dump_characteristics": false
        }
      }
    },
    {
      "frame": 6,
      "variant": "template=still;processing=fast;focus=auto;frame_ms=0;camera=default",
      "power": {
        "requested": {
          "frame_duration_ns": 33000000,
          "exposure_ns": 10000000,
          "iso": 100,
          "ae_mode": 1,
          "af_mode": 4,
          "nr_mode": 1,
          "edge_mode": 1,
          "focus_diopters": 0,
          "hot_pixel_mode": 1,
          "aberration_mode": 0,
          "shading_mode": 1,
          "tonemap_mode": 1,
          "face_detect_mode": 0,
          "ois_mode": 0,
          "video_stabilization_mode": 0,
          "capture_intent": 1
        },
        "result": {
          "frame_duration_ns": 66668961,
          "exposure_ns": 34184325,
          "iso": 170,
          "ae_mode": 1,
          "af_mode": 4,
          "nr_mode": 1,
          "edge_mode": 1,
          "focus_diopters": 0.22733472,
          "hot_pixel_mode": 1,
          "aberration_mode": 0,
          "shading_mode": 1,
          "tonemap_mode": 1,
          "face_detect_mode": 0,
          "ois_mode": 0,
          "video_stabilization_mode": 0,
          "capture_intent": 1
        },
        "result_sensor_timestamp_ns": 366669609096745,
        "result_frame_number": 92,
        "manual_phase": "disabled",
        "camera_id": "0",
        "options": {
          "capture_template": "still",
          "processing": "fast",
          "focus_diopters": null,
          "frame_ms": 0,
          "camera_id": "",
          "dump_characteristics": false
        }
      }
    },
    {
      "frame": 7,
      "variant": "template=still;processing=fast;focus=auto;frame_ms=0;camera=default",
      "power": {
        "requested": {
          "frame_duration_ns": 33000000,
          "exposure_ns": 10000000,
          "iso": 100,
          "ae_mode": 1,
          "af_mode": 4,
          "nr_mode": 1,
          "edge_mode": 1,
          "focus_diopters": 0,
          "hot_pixel_mode": 1,
          "aberration_mode": 0,
          "shading_mode": 1,
          "tonemap_mode": 1,
          "face_detect_mode": 0,
          "ois_mode": 0,
          "video_stabilization_mode": 0,
          "capture_intent": 1
        },
        "result": {
          "frame_duration_ns": 66668961,
          "exposure_ns": 35969251,
          "iso": 161,
          "ae_mode": 1,
          "af_mode": 4,
          "nr_mode": 1,
          "edge_mode": 1,
          "focus_diopters": 0.22733472,
          "hot_pixel_mode": 1,
          "aberration_mode": 0,
          "shading_mode": 1,
          "tonemap_mode": 1,
          "face_detect_mode": 0,
          "ois_mode": 0,
          "video_stabilization_mode": 0,
          "capture_intent": 1
        },
        "result_sensor_timestamp_ns": 366670604996530,
        "result_frame_number": 107,
        "manual_phase": "disabled",
        "camera_id": "0",
        "options": {
          "capture_template": "still",
          "processing": "fast",
          "focus_diopters": null,
          "frame_ms": 0,
          "camera_id": "",
          "dump_characteristics": false
        }
      }
    },
    {
      "frame": 8,
      "variant": "template=still;processing=fast;focus=auto;frame_ms=0;camera=default",
      "power": {
        "requested": {
          "frame_duration_ns": 33000000,
          "exposure_ns": 10000000,
          "iso": 100,
          "ae_mode": 1,
          "af_mode": 4,
          "nr_mode": 1,
          "edge_mode": 1,
          "focus_diopters": 0,
          "hot_pixel_mode": 1,
          "aberration_mode": 0,
          "shading_mode": 1,
          "tonemap_mode": 1,
          "face_detect_mode": 0,
          "ois_mode": 0,
          "video_stabilization_mode": 0,
          "capture_intent": 2
        },
        "result": {
          "frame_duration_ns": 66668961,
          "exposure_ns": 35969251,
          "iso": 161,
          "ae_mode": 1,
          "af_mode": 4,
          "nr_mode": 1,
          "edge_mode": 1,
          "focus_diopters": 0.22733472,
          "hot_pixel_mode": 1,
          "aberration_mode": 0,
          "shading_mode": 1,
          "tonemap_mode": 1,
          "face_detect_mode": 0,
          "ois_mode": 0,
          "video_stabilization_mode": 0,
          "capture_intent": 2
        },
        "result_sensor_timestamp_ns": 366671535602924,
        "result_frame_number": 121,
        "manual_phase": "disabled",
        "camera_id": "0",
        "options": {
          "capture_template": "still",
          "processing": "fast",
          "focus_diopters": null,
          "frame_ms": 0,
          "camera_id": "",
          "dump_characteristics": false
        }
      }
    },
    {
      "frame": 9,
      "variant": "template=still;processing=fast;focus=auto;frame_ms=0;camera=default",
      "power": {
        "requested": {
          "frame_duration_ns": 33000000,
          "exposure_ns": 10000000,
          "iso": 100,
          "ae_mode": 1,
          "af_mode": 4,
          "nr_mode": 1,
          "edge_mode": 1,
          "focus_diopters": 0,
          "hot_pixel_mode": 1,
          "aberration_mode": 0,
          "shading_mode": 1,
          "tonemap_mode": 1,
          "face_detect_mode": 0,
          "ois_mode": 0,
          "video_stabilization_mode": 0,
          "capture_intent": 2
        },
        "result": {
          "frame_duration_ns": 66668961,
          "exposure_ns": 30862251,
          "iso": 189,
          "ae_mode": 1,
          "af_mode": 4,
          "nr_mode": 1,
          "edge_mode": 1,
          "focus_diopters": 0.22733472,
          "hot_pixel_mode": 1,
          "aberration_mode": 0,
          "shading_mode": 1,
          "tonemap_mode": 1,
          "face_detect_mode": 0,
          "ois_mode": 0,
          "video_stabilization_mode": 0,
          "capture_intent": 2
        },
        "result_sensor_timestamp_ns": 366672538101875,
        "result_frame_number": 136,
        "manual_phase": "disabled",
        "camera_id": "0",
        "options": {
          "capture_template": "still",
          "processing": "fast",
          "focus_diopters": null,
          "frame_ms": 0,
          "camera_id": "",
          "dump_characteristics": false
        }
      }
    },
    {
      "frame": 10,
      "variant": "template=still;processing=fast;focus=auto;frame_ms=0;camera=default",
      "power": {
        "requested": {
          "frame_duration_ns": 33000000,
          "exposure_ns": 10000000,
          "iso": 100,
          "ae_mode": 1,
          "af_mode": 4,
          "nr_mode": 1,
          "edge_mode": 1,
          "focus_diopters": 0,
          "hot_pixel_mode": 1,
          "aberration_mode": 0,
          "shading_mode": 1,
          "tonemap_mode": 1,
          "face_detect_mode": 0,
          "ois_mode": 0,
          "video_stabilization_mode": 0,
          "capture_intent": 1
        },
        "result": {
          "frame_duration_ns": 66668961,
          "exposure_ns": 33798891,
          "iso": 172,
          "ae_mode": 1,
          "af_mode": 4,
          "nr_mode": 1,
          "edge_mode": 1,
          "focus_diopters": 0.22733472,
          "hot_pixel_mode": 1,
          "aberration_mode": 0,
          "shading_mode": 1,
          "tonemap_mode": 1,
          "face_detect_mode": 0,
          "ois_mode": 0,
          "video_stabilization_mode": 0,
          "capture_intent": 1
        },
        "result_sensor_timestamp_ns": 366673599049947,
        "result_frame_number": 152,
        "manual_phase": "disabled",
        "camera_id": "0",
        "options": {
          "capture_template": "still",
          "processing": "fast",
          "focus_diopters": null,
          "frame_ms": 0,
          "camera_id": "",
          "dump_characteristics": false
        }
      }
    },
    {
      "frame": 11,
      "variant": "template=still;processing=fast;focus=auto;frame_ms=0;camera=default",
      "power": {
        "requested": {
          "frame_duration_ns": 33000000,
          "exposure_ns": 10000000,
          "iso": 100,
          "ae_mode": 1,
          "af_mode": 4,
          "nr_mode": 1,
          "edge_mode": 1,
          "focus_diopters": 0,
          "hot_pixel_mode": 1,
          "aberration_mode": 0,
          "shading_mode": 1,
          "tonemap_mode": 1,
          "face_detect_mode": 0,
          "ois_mode": 0,
          "video_stabilization_mode": 0,
          "capture_intent": 2
        },
        "result": {
          "frame_duration_ns": 66668961,
          "exposure_ns": 33330864,
          "iso": 174,
          "ae_mode": 1,
          "af_mode": 4,
          "nr_mode": 1,
          "edge_mode": 1,
          "focus_diopters": 0.22733472,
          "hot_pixel_mode": 1,
          "aberration_mode": 0,
          "shading_mode": 1,
          "tonemap_mode": 1,
          "face_detect_mode": 0,
          "ois_mode": 0,
          "video_stabilization_mode": 0,
          "capture_intent": 2
        },
        "result_sensor_timestamp_ns": 366674597155771,
        "result_frame_number": 167,
        "manual_phase": "disabled",
        "camera_id": "0",
        "options": {
          "capture_template": "still",
          "processing": "fast",
          "focus_diopters": null,
          "frame_ms": 0,
          "camera_id": "",
          "dump_characteristics": false
        }
      }
    },
    {
      "frame": 12,
      "variant": "template=still;processing=fast;focus=auto;frame_ms=0;camera=default",
      "power": {
        "requested": {
          "frame_duration_ns": 33000000,
          "exposure_ns": 10000000,
          "iso": 100,
          "ae_mode": 1,
          "af_mode": 4,
          "nr_mode": 1,
          "edge_mode": 1,
          "focus_diopters": 0,
          "hot_pixel_mode": 1,
          "aberration_mode": 0,
          "shading_mode": 1,
          "tonemap_mode": 1,
          "face_detect_mode": 0,
          "ois_mode": 0,
          "video_stabilization_mode": 0,
          "capture_intent": 2
        },
        "result": {
          "frame_duration_ns": 66668961,
          "exposure_ns": 33330864,
          "iso": 174,
          "ae_mode": 1,
          "af_mode": 4,
          "nr_mode": 1,
          "edge_mode": 1,
          "focus_diopters": 0.22733472,
          "hot_pixel_mode": 1,
          "aberration_mode": 0,
          "shading_mode": 1,
          "tonemap_mode": 1,
          "face_detect_mode": 0,
          "ois_mode": 0,
          "video_stabilization_mode": 0,
          "capture_intent": 2
        },
        "result_sensor_timestamp_ns": 366675594557288,
        "result_frame_number": 182,
        "manual_phase": "disabled",
        "camera_id": "0",
        "options": {
          "capture_template": "still",
          "processing": "fast",
          "focus_diopters": null,
          "frame_ms": 0,
          "camera_id": "",
          "dump_characteristics": false
        }
      }
    },
    {
      "frame": 13,
      "variant": "template=still;processing=fast;focus=auto;frame_ms=0;camera=default",
      "power": {
        "requested": {
          "frame_duration_ns": 33000000,
          "exposure_ns": 10000000,
          "iso": 100,
          "ae_mode": 1,
          "af_mode": 4,
          "nr_mode": 1,
          "edge_mode": 1,
          "focus_diopters": 0,
          "hot_pixel_mode": 1,
          "aberration_mode": 0,
          "shading_mode": 1,
          "tonemap_mode": 1,
          "face_detect_mode": 0,
          "ois_mode": 0,
          "video_stabilization_mode": 0,
          "capture_intent": 2
        },
        "result": {
          "frame_duration_ns": 66668961,
          "exposure_ns": 33330864,
          "iso": 174,
          "ae_mode": 1,
          "af_mode": 4,
          "nr_mode": 1,
          "edge_mode": 1,
          "focus_diopters": 0.22733472,
          "hot_pixel_mode": 1,
          "aberration_mode": 0,
          "shading_mode": 1,
          "tonemap_mode": 1,
          "face_detect_mode": 0,
          "ois_mode": 0,
          "video_stabilization_mode": 0,
          "capture_intent": 2
        },
        "result_sensor_timestamp_ns": 366676591693830,
        "result_frame_number": 197,
        "manual_phase": "disabled",
        "camera_id": "0",
        "options": {
          "capture_template": "still",
          "processing": "fast",
          "focus_diopters": null,
          "frame_ms": 0,
          "camera_id": "",
          "dump_characteristics": false
        }
      }
    },
    {
      "frame": 14,
      "variant": "template=still;processing=fast;focus=auto;frame_ms=0;camera=default",
      "power": {
        "requested": {
          "frame_duration_ns": 33000000,
          "exposure_ns": 10000000,
          "iso": 100,
          "ae_mode": 1,
          "af_mode": 4,
          "nr_mode": 1,
          "edge_mode": 1,
          "focus_diopters": 0,
          "hot_pixel_mode": 1,
          "aberration_mode": 0,
          "shading_mode": 1,
          "tonemap_mode": 1,
          "face_detect_mode": 0,
          "ois_mode": 0,
          "video_stabilization_mode": 0,
          "capture_intent": 2
        },
        "result": {
          "frame_duration_ns": 66668961,
          "exposure_ns": 34184325,
          "iso": 163,
          "ae_mode": 1,
          "af_mode": 4,
          "nr_mode": 1,
          "edge_mode": 1,
          "focus_diopters": 0.22733472,
          "hot_pixel_mode": 1,
          "aberration_mode": 0,
          "shading_mode": 1,
          "tonemap_mode": 1,
          "face_detect_mode": 0,
          "ois_mode": 0,
          "video_stabilization_mode": 0,
          "capture_intent": 2
        },
        "result_sensor_timestamp_ns": 366677588830220,
        "result_frame_number": 212,
        "manual_phase": "disabled",
        "camera_id": "0",
        "options": {
          "capture_template": "still",
          "processing": "fast",
          "focus_diopters": null,
          "frame_ms": 0,
          "camera_id": "",
          "dump_characteristics": false
        }
      }
    },
    {
      "frame": 15,
      "variant": "template=still;processing=fast;focus=auto;frame_ms=0;camera=default",
      "power": {
        "requested": {
          "frame_duration_ns": 33000000,
          "exposure_ns": 10000000,
          "iso": 100,
          "ae_mode": 1,
          "af_mode": 4,
          "nr_mode": 1,
          "edge_mode": 1,
          "focus_diopters": 0,
          "hot_pixel_mode": 1,
          "aberration_mode": 0,
          "shading_mode": 1,
          "tonemap_mode": 1,
          "face_detect_mode": 0,
          "ois_mode": 0,
          "video_stabilization_mode": 0,
          "capture_intent": 1
        },
        "result": {
          "frame_duration_ns": 66668961,
          "exposure_ns": 32463637,
          "iso": 172,
          "ae_mode": 1,
          "af_mode": 4,
          "nr_mode": 1,
          "edge_mode": 1,
          "focus_diopters": 0.22733472,
          "hot_pixel_mode": 1,
          "aberration_mode": 0,
          "shading_mode": 1,
          "tonemap_mode": 1,
          "face_detect_mode": 0,
          "ois_mode": 0,
          "video_stabilization_mode": 0,
          "capture_intent": 1
        },
        "result_sensor_timestamp_ns": 366678653837720,
        "result_frame_number": 228,
        "manual_phase": "disabled",
        "camera_id": "0",
        "options": {
          "capture_template": "still",
          "processing": "fast",
          "focus_diopters": null,
          "frame_ms": 0,
          "camera_id": "",
          "dump_characteristics": false
        }
      }
    },
    {
      "frame": 16,
      "variant": "template=still;processing=fast;focus=auto;frame_ms=0;camera=default",
      "power": {
        "requested": {
          "frame_duration_ns": 33000000,
          "exposure_ns": 10000000,
          "iso": 100,
          "ae_mode": 1,
          "af_mode": 4,
          "nr_mode": 1,
          "edge_mode": 1,
          "focus_diopters": 0,
          "hot_pixel_mode": 1,
          "aberration_mode": 0,
          "shading_mode": 1,
          "tonemap_mode": 1,
          "face_detect_mode": 0,
          "ois_mode": 0,
          "video_stabilization_mode": 0,
          "capture_intent": 1
        },
        "result": {
          "frame_duration_ns": 66668961,
          "exposure_ns": 35019432,
          "iso": 160,
          "ae_mode": 1,
          "af_mode": 4,
          "nr_mode": 1,
          "edge_mode": 1,
          "focus_diopters": 0.22733472,
          "hot_pixel_mode": 1,
          "aberration_mode": 0,
          "shading_mode": 1,
          "tonemap_mode": 1,
          "face_detect_mode": 0,
          "ois_mode": 0,
          "video_stabilization_mode": 0,
          "capture_intent": 1
        },
        "result_sensor_timestamp_ns": 366679648098843,
        "result_frame_number": 243,
        "manual_phase": "disabled",
        "camera_id": "0",
        "options": {
          "capture_template": "still",
          "processing": "fast",
          "focus_diopters": null,
          "frame_ms": 0,
          "camera_id": "",
          "dump_characteristics": false
        }
      }
    },
    {
      "frame": 17,
      "variant": "template=still;processing=fast;focus=auto;frame_ms=0;camera=default",
      "power": {
        "requested": {
          "frame_duration_ns": 33000000,
          "exposure_ns": 10000000,
          "iso": 100,
          "ae_mode": 1,
          "af_mode": 4,
          "nr_mode": 1,
          "edge_mode": 1,
          "focus_diopters": 0,
          "hot_pixel_mode": 1,
          "aberration_mode": 0,
          "shading_mode": 1,
          "tonemap_mode": 1,
          "face_detect_mode": 0,
          "ois_mode": 0,
          "video_stabilization_mode": 0,
          "capture_intent": 2
        },
        "result": {
          "frame_duration_ns": 66668961,
          "exposure_ns": 35969251,
          "iso": 156,
          "ae_mode": 1,
          "af_mode": 4,
          "nr_mode": 1,
          "edge_mode": 1,
          "focus_diopters": 0.22733472,
          "hot_pixel_mode": 1,
          "aberration_mode": 0,
          "shading_mode": 1,
          "tonemap_mode": 1,
          "face_detect_mode": 0,
          "ois_mode": 0,
          "video_stabilization_mode": 0,
          "capture_intent": 2
        },
        "result_sensor_timestamp_ns": 366680578623210,
        "result_frame_number": 257,
        "manual_phase": "disabled",
        "camera_id": "0",
        "options": {
          "capture_template": "still",
          "processing": "fast",
          "focus_diopters": null,
          "frame_ms": 0,
          "camera_id": "",
          "dump_characteristics": false
        }
      }
    },
    {
      "frame": 18,
      "variant": "template=still;processing=fast;focus=auto;frame_ms=0;camera=default",
      "power": {
        "requested": {
          "frame_duration_ns": 33000000,
          "exposure_ns": 10000000,
          "iso": 100,
          "ae_mode": 1,
          "af_mode": 4,
          "nr_mode": 1,
          "edge_mode": 1,
          "focus_diopters": 0,
          "hot_pixel_mode": 1,
          "aberration_mode": 0,
          "shading_mode": 1,
          "tonemap_mode": 1,
          "face_detect_mode": 0,
          "ois_mode": 0,
          "video_stabilization_mode": 0,
          "capture_intent": 1
        },
        "result": {
          "frame_duration_ns": 66668961,
          "exposure_ns": 31995610,
          "iso": 174,
          "ae_mode": 1,
          "af_mode": 4,
          "nr_mode": 1,
          "edge_mode": 1,
          "focus_diopters": 0.22733472,
          "hot_pixel_mode": 1,
          "aberration_mode": 0,
          "shading_mode": 1,
          "tonemap_mode": 1,
          "face_detect_mode": 0,
          "ois_mode": 0,
          "video_stabilization_mode": 0,
          "capture_intent": 1
        },
        "result_sensor_timestamp_ns": 366681646481562,
        "result_frame_number": 273,
        "manual_phase": "disabled",
        "camera_id": "0",
        "options": {
          "capture_template": "still",
          "processing": "fast",
          "focus_diopters": null,
          "frame_ms": 0,
          "camera_id": "",
          "dump_characteristics": false
        }
      }
    }
  ],
  "skin_slope_c_min": 0.8653383557983049,
  "android_status": "0.1s NONE(0)",
  "gate": {
    "at": "2026-10-03T06:29:47Z",
    "z9": 29000,
    "z10": 30000,
    "z11": 30000,
    "skin": 23.006302,
    "status": 0,
    "waited_s": 0,
    "warm_start": false
  },
  "heat_stop": null
}

off completed
{
  "mean_battery_w": 2.243931217848766,
  "cpu_seconds": {
    "runner": 3.32,
    "llama_server": 0.0,
    "robotcam_app": 4.6,
    "camera_provider": 17.43
  },
  "start_to_first_fresh_s": 2.0627696129959077,
  "stop": {
    "stop_to_stopped_s": 3.6718994569964707,
    "capture_stopped": true,
    "frames_seen": [],
    "unreadable_reads": 0,
    "check_s": 3.07,
    "force_stop_rc": 0,
    "force_stop_output": "",
    "pids_after_force_stop": []
  },
  "frames_ok": 19,
  "frames_failed": 17,
  "repeat_polls": 122,
  "age_median_s": 0.3268815779592842,
  "age_p95_s": 0.39526117203058675,
  "luma": {
    "median": 128.578232421875,
    "min": 110.632841796875
  },
  "sharpness": {
    "median": 272.6393913218204,
    "min": 195.6382219565857
  },
  "paired_diagnostics": 16,
  "applied_observations": [
    {
      "frame": 1,
      "variant": "template=still;processing=off;focus=auto;frame_ms=0;camera=default",
      "power": {
        "requested": {
          "frame_duration_ns": 33000000,
          "exposure_ns": 10000000,
          "iso": 100,
          "ae_mode": 1,
          "af_mode": 4,
          "nr_mode": 0,
          "edge_mode": 0,
          "focus_diopters": 0,
          "hot_pixel_mode": 0,
          "aberration_mode": 0,
          "shading_mode": 0,
          "tonemap_mode": 1,
          "face_detect_mode": 0,
          "ois_mode": 0,
          "video_stabilization_mode": 0,
          "capture_intent": 1
        },
        "result": {
          "frame_duration_ns": 66668961,
          "exposure_ns": 19620426,
          "iso": 382,
          "ae_mode": 1,
          "af_mode": 4,
          "nr_mode": 0,
          "edge_mode": 0,
          "focus_diopters": 0,
          "hot_pixel_mode": 0,
          "aberration_mode": 0,
          "shading_mode": 0,
          "tonemap_mode": 1,
          "face_detect_mode": 0,
          "ois_mode": 0,
          "video_stabilization_mode": 0,
          "capture_intent": 1
        },
        "result_sensor_timestamp_ns": 366688712244292,
        "result_frame_number": 18,
        "manual_phase": "disabled",
        "camera_id": "0",
        "options": {
          "capture_template": "still",
          "processing": "off",
          "focus_diopters": null,
          "frame_ms": 0,
          "camera_id": "",
          "dump_characteristics": false
        }
      }
    },
    {
      "frame": 2,
      "variant": "template=still;processing=off;focus=auto;frame_ms=0;camera=default",
      "power": {
        "requested": {
          "frame_duration_ns": 33000000,
          "exposure_ns": 10000000,
          "iso": 100,
          "ae_mode": 1,
          "af_mode": 4,
          "nr_mode": 0,
          "edge_mode": 0,
          "focus_diopters": 0,
          "hot_pixel_mode": 0,
          "aberration_mode": 0,
          "shading_mode": 0,
          "tonemap_mode": 1,
          "face_detect_mode": 0,
          "ois_mode": 0,
          "video_stabilization_mode": 0,
          "capture_intent": 1
        },
        "result": {
          "frame_duration_ns": 66668961,
          "exposure_ns": 26315047,
          "iso": 285,
          "ae_mode": 1,
          "af_mode": 4,
          "nr_mode": 0,
          "edge_mode": 0,
          "focus_diopters": 0.11977529,
          "hot_pixel_mode": 0,
          "aberration_mode": 0,
          "shading_mode": 0,
          "tonemap_mode": 1,
          "face_detect_mode": 0,
          "ois_mode": 0,
          "video_stabilization_mode": 0,
          "capture_intent": 1
        },
        "result_sensor_timestamp_ns": 366689636448823,
        "result_frame_number": 32,
        "manual_phase": "disabled",
        "camera_id": "0",
        "options": {
          "capture_template": "still",
          "processing": "off",
          "focus_diopters": null,
          "frame_ms": 0,
          "camera_id": "",
          "dump_characteristics": false
        }
      }
    },
    {
      "frame": 3,
      "variant": "template=still;processing=off;focus=auto;frame_ms=0;camera=default",
      "power": {
        "requested": {
          "frame_duration_ns": 33000000,
          "exposure_ns": 10000000,
          "iso": 100,
          "ae_mode": 1,
          "af_mode": 4,
          "nr_mode": 0,
          "edge_mode": 0,
          "focus_diopters": 0,
          "hot_pixel_mode": 0,
          "aberration_mode": 0,
          "shading_mode": 0,
          "tonemap_mode": 1,
          "face_detect_mode": 0,
          "ois_mode": 0,
          "video_stabilization_mode": 0,
          "capture_intent": 1
        },
        "result": {
          "frame_duration_ns": 66668961,
          "exposure_ns": 32784832,
          "iso": 228,
          "ae_mode": 1,
          "af_mode": 4,
          "nr_mode": 0,
          "edge_mode": 0,
          "focus_diopters": 0.11977529,
          "hot_pixel_mode": 0,
          "aberration_mode": 0,
          "shading_mode": 0,
          "tonemap_mode": 1,
          "face_detect_mode": 0,
          "ois_mode": 0,
          "video_stabilization_mode": 0,
          "capture_intent": 1
        },
        "result_sensor_timestamp_ns": 366690627370990,
        "result_frame_number": 47,
        "manual_phase": "disabled",
        "camera_id": "0",
        "options": {
          "capture_template": "still",
          "processing": "off",
          "focus_diopters": null,
          "frame_ms": 0,
          "camera_id": "",
          "dump_characteristics": false
        }
      }
    },
    {
      "frame": 4,
      "variant": "template=still;processing=off;focus=auto;frame_ms=0;camera=default",
      "power": {
        "requested": {
          "frame_duration_ns": 33000000,
          "exposure_ns": 10000000,
          "iso": 100,
          "ae_mode": 1,
          "af_mode": 4,
          "nr_mode": 0,
          "edge_mode": 0,
          "focus_diopters": 0,
          "hot_pixel_mode": 0,
          "aberration_mode": 0,
          "shading_mode": 0,
          "tonemap_mode": 1,
          "face_detect_mode": 0,
          "ois_mode": 0,
          "video_stabilization_mode": 0,
          "capture_intent": 1
        },
        "result": {
          "frame_duration_ns": 66668961,
          "exposure_ns": 33174855,
          "iso": 227,
          "ae_mode": 1,
          "af_mode": 4,
          "nr_mode": 0,
          "edge_mode": 0,
          "focus_diopters": 0.11977529,
          "hot_pixel_mode": 0,
          "aberration_mode": 0,
          "shading_mode": 0,
          "tonemap_mode": 1,
          "face_detect_mode": 0,
          "ois_mode": 0,
          "video_stabilization_mode": 0,
          "capture_intent": 1
        },
        "result_sensor_timestamp_ns": 366691623705641,
        "result_frame_number": 62,
        "manual_phase": "disabled",
        "camera_id": "0",
        "options": {
          "capture_template": "still",
          "processing": "off",
          "focus_diopters": null,
          "frame_ms": 0,
          "camera_id": "",
          "dump_characteristics": false
        }
      }
    },
    {
      "frame": 5,
      "variant": "template=still;processing=off;focus=auto;frame_ms=0;camera=default",
      "power": {
        "requested": {
          "frame_duration_ns": 33000000,
          "exposure_ns": 10000000,
          "iso": 100,
          "ae_mode": 1,
          "af_mode": 4,
          "nr_mode": 0,
          "edge_mode": 0,
          "focus_diopters": 0,
          "hot_pixel_mode": 0,
          "aberration_mode": 0,
          "shading_mode": 0,
          "tonemap_mode": 1,
          "face_detect_mode": 0,
          "ois_mode": 0,
          "video_stabilization_mode": 0,
          "capture_intent": 1
        },
        "result": {
          "frame_duration_ns": 66668961,
          "exposure_ns": 21052038,
          "iso": 410,
          "ae_mode": 1,
          "af_mode": 4,
          "nr_mode": 0,
          "edge_mode": 0,
          "focus_diopters": 0.11977529,
          "hot_pixel_mode": 0,
          "aberration_mode": 0,
          "shading_mode": 0,
          "tonemap_mode": 1,
          "face_detect_mode": 0,
          "ois_mode": 0,
          "video_stabilization_mode": 0,
          "capture_intent": 1
        },
        "result_sensor_timestamp_ns": 366692633887689,
        "result_frame_number": 77,
        "manual_phase": "disabled",
        "camera_id": "0",
        "options": {
          "capture_template": "still",
          "processing": "off",
          "focus_diopters": null,
          "frame_ms": 0,
          "camera_id": "",
          "dump_characteristics": false
        }
      }
    },
    {
      "frame": 6,
      "variant": "template=still;processing=off;focus=auto;frame_ms=0;camera=default",
      "power": {
        "requested": {
          "frame_duration_ns": 33000000,
          "exposure_ns": 10000000,
          "iso": 100,
          "ae_mode": 1,
          "af_mode": 4,
          "nr_mode": 0,
          "edge_mode": 0,
          "focus_diopters": 0,
          "hot_pixel_mode": 0,
          "aberration_mode": 0,
          "shading_mode": 0,
          "tonemap_mode": 1,
          "face_detect_mode": 0,
          "ois_mode": 0,
          "video_stabilization_mode": 0,
          "capture_intent": 1
        },
        "result": {
          "frame_duration_ns": 66668961,
          "exposure_ns": 21052038,
          "iso": 435,
          "ae_mode": 1,
          "af_mode": 4,
          "nr_mode": 0,
          "edge_mode": 0,
          "focus_diopters": 0.5133905,
          "hot_pixel_mode": 0,
          "aberration_mode": 0,
          "shading_mode": 0,
          "tonemap_mode": 1,
          "face_detect_mode": 0,
          "ois_mode": 0,
          "video_stabilization_mode": 0,
          "capture_intent": 1
        },
        "result_sensor_timestamp_ns": 366693631285255,
        "result_frame_number": 92,
        "manual_phase": "disabled",
        "camera_id": "0",
        "options": {
          "capture_template": "still",
          "processing": "off",
          "focus_diopters": null,
          "frame_ms": 0,
          "camera_id": "",
          "dump_characteristics": false
        }
      }
    },
    {
      "frame": 8,
      "variant": "template=still;processing=off;focus=auto;frame_ms=0;camera=default",
      "power": {
        "requested": {
          "frame_duration_ns": 33000000,
          "exposure_ns": 10000000,
          "iso": 100,
          "ae_mode": 1,
          "af_mode": 4,
          "nr_mode": 0,
          "edge_mode": 0,
          "focus_diopters": 0,
          "hot_pixel_mode": 0,
          "aberration_mode": 0,
          "shading_mode": 0,
          "tonemap_mode": 1,
          "face_detect_mode": 0,
          "ois_mode": 0,
          "video_stabilization_mode": 0,
          "capture_intent": 1
        },
        "result": {
          "frame_duration_ns": 66668961,
          "exposure_ns": 19996683,
          "iso": 494,
          "ae_mode": 1,
          "af_mode": 4,
          "nr_mode": 0,
          "edge_mode": 0,
          "focus_diopters": 0.29895347,
          "hot_pixel_mode": 0,
          "aberration_mode": 0,
          "shading_mode": 0,
          "tonemap_mode": 1,
          "face_detect_mode": 0,
          "ois_mode": 0,
          "video_stabilization_mode": 0,
          "capture_intent": 1
        },
        "result_sensor_timestamp_ns": 366695627118859,
        "result_frame_number": 122,
        "manual_phase": "disabled",
        "camera_id": "0",
        "options": {
          "capture_template": "still",
          "processing": "off",
          "focus_diopters": null,
          "frame_ms": 0,
          "camera_id": "",
          "dump_characteristics": false
        }
      }
    },
    {
      "frame": 9,
      "variant": "template=still;processing=off;focus=auto;frame_ms=0;camera=default",
      "power": {
        "requested": {
          "frame_duration_ns": 33000000,
          "exposure_ns": 10000000,
          "iso": 100,
          "ae_mode": 1,
          "af_mode": 4,
          "nr_mode": 0,
          "edge_mode": 0,
          "focus_diopters": 0,
          "hot_pixel_mode": 0,
          "aberration_mode": 0,
          "shading_mode": 0,
          "tonemap_mode": 1,
          "face_detect_mode": 0,
          "ois_mode": 0,
          "video_stabilization_mode": 0,
          "capture_intent": 2
        },
        "result": {
          "frame_duration_ns": 66668961,
          "exposure_ns": 25250515,
          "iso": 369,
          "ae_mode": 1,
          "af_mode": 4,
          "nr_mode": 0,
          "edge_mode": 0,
          "focus_diopters": 0,
          "hot_pixel_mode": 0,
          "aberration_mode": 0,
          "shading_mode": 0,
          "tonemap_mode": 1,
          "face_detect_mode": 0,
          "ois_mode": 0,
          "video_stabilization_mode": 0,
          "capture_intent": 2
        },
        "result_sensor_timestamp_ns": 366696552764180,
        "result_frame_number": 136,
        "manual_phase": "disabled",
        "camera_id": "0",
        "options": {
          "capture_template": "still",
          "processing": "off",
          "focus_diopters": null,
          "frame_ms": 0,
          "camera_id": "",
          "dump_characteristics": false
        }
      }
    },
    {
      "frame": 10,
      "variant": "template=still;processing=off;focus=auto;frame_ms=0;camera=default",
      "power": {
        "requested": {
          "frame_duration_ns": 33000000,
          "exposure_ns": 10000000,
          "iso": 100,
          "ae_mode": 1,
          "af_mode": 4,
          "nr_mode": 0,
          "edge_mode": 0,
          "focus_diopters": 0,
          "hot_pixel_mode": 0,
          "aberration_mode": 0,
          "shading_mode": 0,
          "tonemap_mode": 1,
          "face_detect_mode": 0,
          "ois_mode": 0,
          "video_stabilization_mode": 0,
          "capture_intent": 2
        },
        "result": {
          "frame_duration_ns": 66668961,
          "exposure_ns": 27558531,
          "iso": 331,
          "ae_mode": 1,
          "af_mode": 4,
          "nr_mode": 0,
          "edge_mode": 0,
          "focus_diopters": 0,
          "hot_pixel_mode": 0,
          "aberration_mode": 0,
          "shading_mode": 0,
          "tonemap_mode": 1,
          "face_detect_mode": 0,
          "ois_mode": 0,
          "video_stabilization_mode": 0,
          "capture_intent": 2
        },
        "result_sensor_timestamp_ns": 366697614340874,
        "result_frame_number": 152,
        "manual_phase": "disabled",
        "camera_id": "0",
        "options": {
          "capture_template": "still",
          "processing": "off",
          "focus_diopters": null,
          "frame_ms": 0,
          "camera_id": "",
          "dump_characteristics": false
        }
      }
    },
    {
      "frame": 11,
      "variant": "template=still;processing=off;focus=auto;frame_ms=0;camera=default",
      "power": {
        "requested": {
          "frame_duration_ns": 33000000,
          "exposure_ns": 10000000,
          "iso": 100,
          "ae_mode": 1,
          "af_mode": 4,
          "nr_mode": 0,
          "edge_mode": 0,
          "focus_diopters": 0,
          "hot_pixel_mode": 0,
          "aberration_mode": 0,
          "shading_mode": 0,
          "tonemap_mode": 1,
          "face_detect_mode": 0,
          "ois_mode": 0,
          "video_stabilization_mode": 0,
          "capture_intent": 1
        },
        "result": {
          "frame_duration_ns": 66668961,
          "exposure_ns": 31688181,
          "iso": 282,
          "ae_mode": 1,
          "af_mode": 4,
          "nr_mode": 0,
          "edge_mode": 0,
          "focus_diopters": 0,
          "hot_pixel_mode": 0,
          "aberration_mode": 0,
          "shading_mode": 0,
          "tonemap_mode": 1,
          "face_detect_mode": 0,
          "ois_mode": 0,
          "video_stabilization_mode": 0,
          "capture_intent": 1
        },
        "result_sensor_timestamp_ns": 366698674095976,
        "result_frame_number": 168,
        "manual_phase": "disabled",
        "camera_id": "0",
        "options": {
          "capture_template": "still",
          "processing": "off",
          "focus_diopters": null,
          "frame_ms": 0,
          "camera_id": "",
          "dump_characteristics": false
        }
      }
    },
    {
      "frame": 12,
      "variant": "template=still;processing=off;focus=auto;frame_ms=0;camera=default",
      "power": {
        "requested": {
          "frame_duration_ns": 33000000,
          "exposure_ns": 10000000,
          "iso": 100,
          "ae_mode": 1,
          "af_mode": 4,
          "nr_mode": 0,
          "edge_mode": 0,
          "focus_diopters": 0,
          "hot_pixel_mode": 0,
          "aberration_mode": 0,
          "shading_mode": 0,
          "tonemap_mode": 1,
          "face_detect_mode": 0,
          "ois_mode": 0,
          "video_stabilization_mode": 0,
          "capture_intent": 2
        },
        "result": {
          "frame_duration_ns": 66668961,
          "exposure_ns": 31688181,
          "iso": 282,
          "ae_mode": 1,
          "af_mode": 4,
          "nr_mode": 0,
          "edge_mode": 0,
          "focus_diopters": 0,
          "hot_pixel_mode": 0,
          "aberration_mode": 0,
          "shading_mode": 0,
          "tonemap_mode": 1,
          "face_detect_mode": 0,
          "ois_mode": 0,
          "video_stabilization_mode": 0,
          "capture_intent": 2
        },
        "result_sensor_timestamp_ns": 366699604995129,
        "result_frame_number": 182,
        "manual_phase": "disabled",
        "camera_id": "0",
        "options": {
          "capture_template": "still",
          "processing": "off",
          "focus_diopters": null,
          "frame_ms": 0,
          "camera_id": "",
          "dump_characteristics": false
        }
      }
    },
    {
      "frame": 13,
      "variant": "template=still;processing=off;focus=auto;frame_ms=0;camera=default",
      "power": {
        "requested": {
          "frame_duration_ns": 33000000,
          "exposure_ns": 10000000,
          "iso": 100,
          "ae_mode": 1,
          "af_mode": 4,
          "nr_mode": 0,
          "edge_mode": 0,
          "focus_diopters": 0,
          "hot_pixel_mode": 0,
          "aberration_mode": 0,
          "shading_mode": 0,
          "tonemap_mode": 1,
          "face_detect_mode": 0,
          "ois_mode": 0,
          "video_stabilization_mode": 0,
          "capture_intent": 2
        },
        "result": {
          "frame_duration_ns": 66668961,
          "exposure_ns": 29265453,
          "iso": 311,
          "ae_mode": 1,
          "af_mode": 4,
          "nr_mode": 0,
          "edge_mode": 0,
          "focus_diopters": 0,
          "hot_pixel_mode": 0,
          "aberration_mode": 0,
          "shading_mode": 0,
          "tonemap_mode": 1,
          "face_detect_mode": 0,
          "ois_mode": 0,
          "video_stabilization_mode": 0,
          "capture_intent": 2
        },
        "result_sensor_timestamp_ns": 366700604843132,
        "result_frame_number": 197,
        "manual_phase": "disabled",
        "camera_id": "0",
        "options": {
          "capture_template": "still",
          "processing": "off",
          "focus_diopters": null,
          "frame_ms": 0,
          "camera_id": "",
          "dump_characteristics": false
        }
      }
    },
    {
      "frame": 14,
      "variant": "template=still;processing=off;focus=auto;frame_ms=0;camera=default",
      "power": {
        "requested": {
          "frame_duration_ns": 33000000,
          "exposure_ns": 10000000,
          "iso": 100,
          "ae_mode": 1,
          "af_mode": 4,
          "nr_mode": 0,
          "edge_mode": 0,
          "focus_diopters": 0,
          "hot_pixel_mode": 0,
          "aberration_mode": 0,
          "shading_mode": 0,
          "tonemap_mode": 1,
          "face_detect_mode": 0,
          "ois_mode": 0,
          "video_stabilization_mode": 0,
          "capture_intent": 2
        },
        "result": {
          "frame_duration_ns": 66668961,
          "exposure_ns": 24644833,
          "iso": 369,
          "ae_mode": 1,
          "af_mode": 4,
          "nr_mode": 0,
          "edge_mode": 0,
          "focus_diopters": 0.5133905,
          "hot_pixel_mode": 0,
          "aberration_mode": 0,
          "shading_mode": 0,
          "tonemap_mode": 1,
          "face_detect_mode": 0,
          "ois_mode": 0,
          "video_stabilization_mode": 0,
          "capture_intent": 2
        },
        "result_sensor_timestamp_ns": 366701606822339,
        "result_frame_number": 212,
        "manual_phase": "disabled",
        "camera_id": "0",
        "options": {
          "capture_template": "still",
          "processing": "off",
          "focus_diopters": null,
          "frame_ms": 0,
          "camera_id": "",
          "dump_characteristics": false
        }
      }
    },
    {
      "frame": 15,
      "variant": "template=still;processing=off;focus=auto;frame_ms=0;camera=default",
      "power": {
        "requested": {
          "frame_duration_ns": 33000000,
          "exposure_ns": 10000000,
          "iso": 100,
          "ae_mode": 1,
          "af_mode": 4,
          "nr_mode": 0,
          "edge_mode": 0,
          "focus_diopters": 0,
          "hot_pixel_mode": 0,
          "aberration_mode": 0,
          "shading_mode": 0,
          "tonemap_mode": 1,
          "face_detect_mode": 0,
          "ois_mode": 0,
          "video_stabilization_mode": 0,
          "capture_intent": 2
        },
        "result": {
          "frame_duration_ns": 66668961,
          "exposure_ns": 22552477,
          "iso": 385,
          "ae_mode": 1,
          "af_mode": 4,
          "nr_mode": 0,
          "edge_mode": 0,
          "focus_diopters": 0.90489936,
          "hot_pixel_mode": 0,
          "aberration_mode": 0,
          "shading_mode": 0,
          "tonemap_mode": 1,
          "face_detect_mode": 0,
          "ois_mode": 0,
          "video_stabilization_mode": 0,
          "capture_intent": 2
        },
        "result_sensor_timestamp_ns": 366702607005946,
        "result_frame_number": 227,
        "manual_phase": "disabled",
        "camera_id": "0",
        "options": {
          "capture_template": "still",
          "processing": "off",
          "focus_diopters": null,
          "frame_ms": 0,
          "camera_id": "",
          "dump_characteristics": false
        }
      }
    },
    {
      "frame": 16,
      "variant": "template=still;processing=off;focus=auto;frame_ms=0;camera=default",
      "power": {
        "requested": {
          "frame_duration_ns": 33000000,
          "exposure_ns": 10000000,
          "iso": 100,
          "ae_mode": 1,
          "af_mode": 4,
          "nr_mode": 0,
          "edge_mode": 0,
          "focus_diopters": 0,
          "hot_pixel_mode": 0,
          "aberration_mode": 0,
          "shading_mode": 0,
          "tonemap_mode": 1,
          "face_detect_mode": 0,
          "ois_mode": 0,
          "video_stabilization_mode": 0,
          "capture_intent": 1
        },
        "result": {
          "frame_duration_ns": 66668961,
          "exposure_ns": 21832083,
          "iso": 529,
          "ae_mode": 1,
          "af_mode": 4,
          "nr_mode": 0,
          "edge_mode": 0,
          "focus_diopters": 1.2236699,
          "hot_pixel_mode": 0,
          "aberration_mode": 0,
          "shading_mode": 0,
          "tonemap_mode": 1,
          "face_detect_mode": 0,
          "ois_mode": 0,
          "video_stabilization_mode": 0,
          "capture_intent": 1
        },
        "result_sensor_timestamp_ns": 366703670911793,
        "result_frame_number": 243,
        "manual_phase": "disabled",
        "camera_id": "0",
        "options": {
          "capture_template": "still",
          "processing": "off",
          "focus_diopters": null,
          "frame_ms": 0,
          "camera_id": "",
          "dump_characteristics": false
        }
      }
    },
    {
      "frame": 18,
      "variant": "template=still;processing=off;focus=auto;frame_ms=0;camera=default",
      "power": {
        "requested": {
          "frame_duration_ns": 33000000,
          "exposure_ns": 10000000,
          "iso": 100,
          "ae_mode": 1,
          "af_mode": 4,
          "nr_mode": 0,
          "edge_mode": 0,
          "focus_diopters": 0,
          "hot_pixel_mode": 0,
          "aberration_mode": 0,
          "shading_mode": 0,
          "tonemap_mode": 1,
          "face_detect_mode": 0,
          "ois_mode": 0,
          "video_stabilization_mode": 0,
          "capture_intent": 2
        },
        "result": {
          "frame_duration_ns": 66668961,
          "exposure_ns": 24998148,
          "iso": 423,
          "ae_mode": 1,
          "af_mode": 4,
          "nr_mode": 0,
          "edge_mode": 0,
          "focus_diopters": 1.2236699,
          "hot_pixel_mode": 0,
          "aberration_mode": 0,
          "shading_mode": 0,
          "tonemap_mode": 1,
          "face_detect_mode": 0,
          "ois_mode": 0,
          "video_stabilization_mode": 0,
          "capture_intent": 2
        },
        "result_sensor_timestamp_ns": 366705595884772,
        "result_frame_number": 272,
        "manual_phase": "disabled",
        "camera_id": "0",
        "options": {
          "capture_template": "still",
          "processing": "off",
          "focus_diopters": null,
          "frame_ms": 0,
          "camera_id": "",
          "dump_characteristics": false
        }
      }
    }
  ],
  "skin_slope_c_min": 1.3034606769220596,
  "android_status": "0.1s NONE(0)",
  "gate": {
    "at": "2026-10-03T06:30:07Z",
    "z9": 30000,
    "z10": 30000,
    "z11": 31000,
    "skin": 23.3251,
    "status": 0,
    "waited_s": 0,
    "warm_start": false
  },
  "heat_stop": null
}

focus_1m completed
{
  "mean_battery_w": 2.372398153949542,
  "cpu_seconds": {
    "runner": 3.35,
    "llama_server": 0.0,
    "robotcam_app": 4.22,
    "camera_provider": 17.0
  },
  "start_to_first_fresh_s": 2.0086176760087255,
  "stop": {
    "stop_to_stopped_s": 3.6532381199940573,
    "capture_stopped": true,
    "frames_seen": [],
    "unreadable_reads": 0,
    "check_s": 3.07,
    "force_stop_rc": 0,
    "force_stop_output": "",
    "pids_after_force_stop": []
  },
  "frames_ok": 18,
  "frames_failed": 16,
  "repeat_polls": 123,
  "age_median_s": 0.31410042152856477,
  "age_p95_s": 0.4115719399997033,
  "luma": {
    "median": 148.195908203125,
    "min": 146.710966796875
  },
  "sharpness": {
    "median": 363.5818193841301,
    "min": 360.1671614567744
  },
  "paired_diagnostics": 15,
  "applied_observations": [
    {
      "frame": 1,
      "variant": "template=still;processing=default;focus=1.0;frame_ms=0;camera=default",
      "power": {
        "requested": {
          "frame_duration_ns": 33000000,
          "exposure_ns": 10000000,
          "iso": 100,
          "ae_mode": 1,
          "af_mode": 0,
          "nr_mode": 1,
          "edge_mode": 1,
          "focus_diopters": 1,
          "hot_pixel_mode": 1,
          "aberration_mode": 0,
          "shading_mode": 1,
          "tonemap_mode": 1,
          "face_detect_mode": 0,
          "ois_mode": 1,
          "video_stabilization_mode": 1,
          "capture_intent": 1
        },
        "result": {
          "frame_duration_ns": 66668961,
          "exposure_ns": 16128577,
          "iso": 387,
          "ae_mode": 1,
          "af_mode": 0,
          "nr_mode": 1,
          "edge_mode": 1,
          "focus_diopters": 1.0113112,
          "hot_pixel_mode": 1,
          "aberration_mode": 0,
          "shading_mode": 1,
          "tonemap_mode": 1,
          "face_detect_mode": 0,
          "ois_mode": 1,
          "video_stabilization_mode": 1,
          "capture_intent": 1
        },
        "result_sensor_timestamp_ns": 366712747729336,
        "result_frame_number": 17,
        "manual_phase": "disabled",
        "camera_id": "0",
        "options": {
          "capture_template": "still",
          "processing": "default",
          "focus_diopters": 1,
          "frame_ms": 0,
          "camera_id": "",
          "dump_characteristics": false
        }
      }
    },
    {
      "frame": 2,
      "variant": "template=still;processing=default;focus=1.0;frame_ms=0;camera=default",
      "power": {
        "requested": {
          "frame_duration_ns": 33000000,
          "exposure_ns": 10000000,
          "iso": 100,
          "ae_mode": 1,
          "af_mode": 0,
          "nr_mode": 2,
          "edge_mode": 2,
          "focus_diopters": 1,
          "hot_pixel_mode": 2,
          "aberration_mode": 0,
          "shading_mode": 2,
          "tonemap_mode": 2,
          "face_detect_mode": 0,
          "ois_mode": 1,
          "video_stabilization_mode": 1,
          "capture_intent": 2
        },
        "result": {
          "frame_duration_ns": 66668961,
          "exposure_ns": 32257155,
          "iso": 201,
          "ae_mode": 1,
          "af_mode": 0,
          "nr_mode": 2,
          "edge_mode": 2,
          "focus_diopters": 1.0113112,
          "hot_pixel_mode": 2,
          "aberration_mode": 0,
          "shading_mode": 2,
          "tonemap_mode": 2,
          "face_detect_mode": 0,
          "ois_mode": 1,
          "video_stabilization_mode": 1,
          "capture_intent": 2
        },
        "result_sensor_timestamp_ns": 366713662499911,
        "result_frame_number": 31,
        "manual_phase": "disabled",
        "camera_id": "0",
        "options": {
          "capture_template": "still",
          "processing": "default",
          "focus_diopters": 1,
          "frame_ms": 0,
          "camera_id": "",
          "dump_characteristics": false
        }
      }
    },
    {
      "frame": 3,
      "variant": "template=still;processing=default;focus=1.0;frame_ms=0;camera=default",
      "power": {
        "requested": {
          "frame_duration_ns": 33000000,
          "exposure_ns": 10000000,
          "iso": 100,
          "ae_mode": 1,
          "af_mode": 0,
          "nr_mode": 2,
          "edge_mode": 2,
          "focus_diopters": 1,
          "hot_pixel_mode": 2,
          "aberration_mode": 0,
          "shading_mode": 2,
          "tonemap_mode": 2,
          "face_detect_mode": 0,
          "ois_mode": 1,
          "video_stabilization_mode": 1,
          "capture_intent": 2
        },
        "result": {
          "frame_duration_ns": 66668961,
          "exposure_ns": 31495464,
          "iso": 205,
          "ae_mode": 1,
          "af_mode": 0,
          "nr_mode": 2,
          "edge_mode": 2,
          "focus_diopters": 1.0113112,
          "hot_pixel_mode": 2,
          "aberration_mode": 0,
          "shading_mode": 2,
          "tonemap_mode": 2,
          "face_detect_mode": 0,
          "ois_mode": 1,
          "video_stabilization_mode": 1,
          "capture_intent": 2
        },
        "result_sensor_timestamp_ns": 366714660641956,
        "result_frame_number": 46,
        "manual_phase": "disabled",
        "camera_id": "0",
        "options": {
          "capture_template": "still",
          "processing": "default",
          "focus_diopters": 1,
          "frame_ms": 0,
          "camera_id": "",
          "dump_characteristics": false
        }
      }
    },
    {
      "frame": 5,
      "variant": "template=still;processing=default;focus=1.0;frame_ms=0;camera=default",
      "power": {
        "requested": {
          "frame_duration_ns": 33000000,
          "exposure_ns": 10000000,
          "iso": 100,
          "ae_mode": 1,
          "af_mode": 0,
          "nr_mode": 2,
          "edge_mode": 2,
          "focus_diopters": 1,
          "hot_pixel_mode": 2,
          "aberration_mode": 0,
          "shading_mode": 2,
          "tonemap_mode": 2,
          "face_detect_mode": 0,
          "ois_mode": 1,
          "video_stabilization_mode": 1,
          "capture_intent": 2
        },
        "result": {
          "frame_duration_ns": 66668961,
          "exposure_ns": 14880505,
          "iso": 385,
          "ae_mode": 1,
          "af_mode": 0,
          "nr_mode": 2,
          "edge_mode": 2,
          "focus_diopters": 1.0113112,
          "hot_pixel_mode": 2,
          "aberration_mode": 0,
          "shading_mode": 2,
          "tonemap_mode": 2,
          "face_detect_mode": 0,
          "ois_mode": 1,
          "video_stabilization_mode": 1,
          "capture_intent": 2
        },
        "result_sensor_timestamp_ns": 366716672052376,
        "result_frame_number": 76,
        "manual_phase": "disabled",
        "camera_id": "0",
        "options": {
          "capture_template": "still",
          "processing": "default",
          "focus_diopters": 1,
          "frame_ms": 0,
          "camera_id": "",
          "dump_characteristics": false
        }
      }
    },
    {
      "frame": 6,
      "variant": "template=still;processing=default;focus=1.0;frame_ms=0;camera=default",
      "power": {
        "requested": {
          "frame_duration_ns": 33000000,
          "exposure_ns": 10000000,
          "iso": 100,
          "ae_mode": 1,
          "af_mode": 0,
          "nr_mode": 1,
          "edge_mode": 1,
          "focus_diopters": 1,
          "hot_pixel_mode": 1,
          "aberration_mode": 0,
          "shading_mode": 1,
          "tonemap_mode": 1,
          "face_detect_mode": 0,
          "ois_mode": 1,
          "video_stabilization_mode": 1,
          "capture_intent": 1
        },
        "result": {
          "frame_duration_ns": 66668961,
          "exposure_ns": 32734359,
          "iso": 174,
          "ae_mode": 1,
          "af_mode": 0,
          "nr_mode": 1,
          "edge_mode": 1,
          "focus_diopters": 1.0113112,
          "hot_pixel_mode": 1,
          "aberration_mode": 0,
          "shading_mode": 1,
          "tonemap_mode": 1,
          "face_detect_mode": 0,
          "ois_mode": 1,
          "video_stabilization_mode": 1,
          "capture_intent": 1
        },
        "result_sensor_timestamp_ns": 366717718083273,
        "result_frame_number": 92,
        "manual_phase": "disabled",
        "camera_id": "0",
        "options": {
          "capture_template": "still",
          "processing": "default",
          "focus_diopters": 1,
          "frame_ms": 0,
          "camera_id": "",
          "dump_characteristics": false
        }
      }
    },
    {
      "frame": 8,
      "variant": "template=still;processing=default;focus=1.0;frame_ms=0;camera=default",
      "power": {
        "requested": {
          "frame_duration_ns": 33000000,
          "exposure_ns": 10000000,
          "iso": 100,
          "ae_mode": 1,
          "af_mode": 0,
          "nr_mode": 1,
          "edge_mode": 1,
          "focus_diopters": 1,
          "hot_pixel_mode": 1,
          "aberration_mode": 0,
          "shading_mode": 1,
          "tonemap_mode": 1,
          "face_detect_mode": 0,
          "ois_mode": 1,
          "video_stabilization_mode": 1,
          "capture_intent": 1
        },
        "result": {
          "frame_duration_ns": 66668961,
          "exposure_ns": 34087966,
          "iso": 169,
          "ae_mode": 1,
          "af_mode": 0,
          "nr_mode": 1,
          "edge_mode": 1,
          "focus_diopters": 1.0113112,
          "hot_pixel_mode": 1,
          "aberration_mode": 0,
          "shading_mode": 1,
          "tonemap_mode": 1,
          "face_detect_mode": 0,
          "ois_mode": 1,
          "video_stabilization_mode": 1,
          "capture_intent": 1
        },
        "result_sensor_timestamp_ns": 366719711718117,
        "result_frame_number": 122,
        "manual_phase": "disabled",
        "camera_id": "0",
        "options": {
          "capture_template": "still",
          "processing": "default",
          "focus_diopters": 1,
          "frame_ms": 0,
          "camera_id": "",
          "dump_characteristics": false
        }
      }
    },
    {
      "frame": 9,
      "variant": "template=still;processing=default;focus=1.0;frame_ms=0;camera=default",
      "power": {
        "requested": {
          "frame_duration_ns": 33000000,
          "exposure_ns": 10000000,
          "iso": 100,
          "ae_mode": 1,
          "af_mode": 0,
          "nr_mode": 2,
          "edge_mode": 2,
          "focus_diopters": 1,
          "hot_pixel_mode": 2,
          "aberration_mode": 0,
          "shading_mode": 2,
          "tonemap_mode": 2,
          "face_detect_mode": 0,
          "ois_mode": 1,
          "video_stabilization_mode": 1,
          "capture_intent": 2
        },
        "result": {
          "frame_duration_ns": 66668961,
          "exposure_ns": 33895249,
          "iso": 169,
          "ae_mode": 1,
          "af_mode": 0,
          "nr_mode": 2,
          "edge_mode": 2,
          "focus_diopters": 1.0113112,
          "hot_pixel_mode": 2,
          "aberration_mode": 0,
          "shading_mode": 2,
          "tonemap_mode": 2,
          "face_detect_mode": 0,
          "ois_mode": 1,
          "video_stabilization_mode": 1,
          "capture_intent": 2
        },
        "result_sensor_timestamp_ns": 366720642601329,
        "result_frame_number": 136,
        "manual_phase": "disabled",
        "camera_id": "0",
        "options": {
          "capture_template": "still",
          "processing": "default",
          "focus_diopters": 1,
          "frame_ms": 0,
          "camera_id": "",
          "dump_characteristics": false
        }
      }
    },
    {
      "frame": 10,
      "variant": "template=still;processing=default;focus=1.0;frame_ms=0;camera=default",
      "power": {
        "requested": {
          "frame_duration_ns": 33000000,
          "exposure_ns": 10000000,
          "iso": 100,
          "ae_mode": 1,
          "af_mode": 0,
          "nr_mode": 1,
          "edge_mode": 1,
          "focus_diopters": 1,
          "hot_pixel_mode": 1,
          "aberration_mode": 0,
          "shading_mode": 1,
          "tonemap_mode": 1,
          "face_detect_mode": 0,
          "ois_mode": 1,
          "video_stabilization_mode": 1,
          "capture_intent": 1
        },
        "result": {
          "frame_duration_ns": 66668961,
          "exposure_ns": 33895249,
          "iso": 169,
          "ae_mode": 1,
          "af_mode": 0,
          "nr_mode": 1,
          "edge_mode": 1,
          "focus_diopters": 1.0113112,
          "hot_pixel_mode": 1,
          "aberration_mode": 0,
          "shading_mode": 1,
          "tonemap_mode": 1,
          "face_detect_mode": 0,
          "ois_mode": 1,
          "video_stabilization_mode": 1,
          "capture_intent": 1
        },
        "result_sensor_timestamp_ns": 366721772993523,
        "result_frame_number": 153,
        "manual_phase": "disabled",
        "camera_id": "0",
        "options": {
          "capture_template": "still",
          "processing": "default",
          "focus_diopters": 1,
          "frame_ms": 0,
          "camera_id": "",
          "dump_characteristics": false
        }
      }
    },
    {
      "frame": 11,
      "variant": "template=still;processing=default;focus=1.0;frame_ms=0;camera=default",
      "power": {
        "requested": {
          "frame_duration_ns": 33000000,
          "exposure_ns": 10000000,
          "iso": 100,
          "ae_mode": 1,
          "af_mode": 0,
          "nr_mode": 2,
          "edge_mode": 2,
          "focus_diopters": 1,
          "hot_pixel_mode": 2,
          "aberration_mode": 0,
          "shading_mode": 2,
          "tonemap_mode": 2,
          "face_detect_mode": 0,
          "ois_mode": 1,
          "video_stabilization_mode": 1,
          "capture_intent": 2
        },
        "result": {
          "frame_duration_ns": 66668961,
          "exposure_ns": 33895249,
          "iso": 169,
          "ae_mode": 1,
          "af_mode": 0,
          "nr_mode": 2,
          "edge_mode": 2,
          "focus_diopters": 1.0113112,
          "hot_pixel_mode": 2,
          "aberration_mode": 0,
          "shading_mode": 2,
          "tonemap_mode": 2,
          "face_detect_mode": 0,
          "ois_mode": 1,
          "video_stabilization_mode": 1,
          "capture_intent": 2
        },
        "result_sensor_timestamp_ns": 366722704503398,
        "result_frame_number": 167,
        "manual_phase": "disabled",
        "camera_id": "0",
        "options": {
          "capture_template": "still",
          "processing": "default",
          "focus_diopters": 1,
          "frame_ms": 0,
          "camera_id": "",
          "dump_characteristics": false
        }
      }
    },
    {
      "frame": 12,
      "variant": "template=still;processing=default;focus=1.0;frame_ms=0;camera=default",
      "power": {
        "requested": {
          "frame_duration_ns": 33000000,
          "exposure_ns": 10000000,
          "iso": 100,
          "ae_mode": 1,
          "af_mode": 0,
          "nr_mode": 2,
          "edge_mode": 2,
          "focus_diopters": 1,
          "hot_pixel_mode": 2,
          "aberration_mode": 0,
          "shading_mode": 2,
          "tonemap_mode": 2,
          "face_detect_mode": 0,
          "ois_mode": 1,
          "video_stabilization_mode": 1,
          "capture_intent": 2
        },
        "result": {
          "frame_duration_ns": 66668961,
          "exposure_ns": 32862837,
          "iso": 174,
          "ae_mode": 1,
          "af_mode": 0,
          "nr_mode": 2,
          "edge_mode": 2,
          "focus_diopters": 1.0113112,
          "hot_pixel_mode": 2,
          "aberration_mode": 0,
          "shading_mode": 2,
          "tonemap_mode": 2,
          "face_detect_mode": 0,
          "ois_mode": 1,
          "video_stabilization_mode": 1,
          "capture_intent": 2
        },
        "result_sensor_timestamp_ns": 366723702822049,
        "result_frame_number": 182,
        "manual_phase": "disabled",
        "camera_id": "0",
        "options": {
          "capture_template": "still",
          "processing": "default",
          "focus_diopters": 1,
          "frame_ms": 0,
          "camera_id": "",
          "dump_characteristics": false
        }
      }
    },
    {
      "frame": 13,
      "variant": "template=still;processing=default;focus=1.0;frame_ms=0;camera=default",
      "power": {
        "requested": {
          "frame_duration_ns": 33000000,
          "exposure_ns": 10000000,
          "iso": 100,
          "ae_mode": 1,
          "af_mode": 0,
          "nr_mode": 2,
          "edge_mode": 2,
          "focus_diopters": 1,
          "hot_pixel_mode": 2,
          "aberration_mode": 0,
          "shading_mode": 2,
          "tonemap_mode": 2,
          "face_detect_mode": 0,
          "ois_mode": 1,
          "video_stabilization_mode": 1,
          "capture_intent": 2
        },
        "result": {
          "frame_duration_ns": 66668961,
          "exposure_ns": 29999613,
          "iso": 190,
          "ae_mode": 1,
          "af_mode": 0,
          "nr_mode": 2,
          "edge_mode": 2,
          "focus_diopters": 1.0113112,
          "hot_pixel_mode": 2,
          "aberration_mode": 0,
          "shading_mode": 2,
          "tonemap_mode": 2,
          "face_detect_mode": 0,
          "ois_mode": 1,
          "video_stabilization_mode": 1,
          "capture_intent": 2
        },
        "result_sensor_timestamp_ns": 366724702351920,
        "result_frame_number": 197,
        "manual_phase": "disabled",
        "camera_id": "0",
        "options": {
          "capture_template": "still",
          "processing": "default",
          "focus_diopters": 1,
          "frame_ms": 0,
          "camera_id": "",
          "dump_characteristics": false
        }
      }
    },
    {
      "frame": 14,
      "variant": "template=still;processing=default;focus=1.0;frame_ms=0;camera=default",
      "power": {
        "requested": {
          "frame_duration_ns": 33000000,
          "exposure_ns": 10000000,
          "iso": 100,
          "ae_mode": 1,
          "af_mode": 0,
          "nr_mode": 1,
          "edge_mode": 1,
          "focus_diopters": 1,
          "hot_pixel_mode": 1,
          "aberration_mode": 0,
          "shading_mode": 1,
          "tonemap_mode": 1,
          "face_detect_mode": 0,
          "ois_mode": 1,
          "video_stabilization_mode": 1,
          "capture_intent": 1
        },
        "result": {
          "frame_duration_ns": 66668961,
          "exposure_ns": 29999613,
          "iso": 190,
          "ae_mode": 1,
          "af_mode": 0,
          "nr_mode": 1,
          "edge_mode": 1,
          "focus_diopters": 1.0113112,
          "hot_pixel_mode": 1,
          "aberration_mode": 0,
          "shading_mode": 1,
          "tonemap_mode": 1,
          "face_detect_mode": 0,
          "ois_mode": 1,
          "video_stabilization_mode": 1,
          "capture_intent": 1
        },
        "result_sensor_timestamp_ns": 366725766472027,
        "result_frame_number": 213,
        "manual_phase": "disabled",
        "camera_id": "0",
        "options": {
          "capture_template": "still",
          "processing": "default",
          "focus_diopters": 1,
          "frame_ms": 0,
          "camera_id": "",
          "dump_characteristics": false
        }
      }
    },
    {
      "frame": 15,
      "variant": "template=still;processing=default;focus=1.0;frame_ms=0;camera=default",
      "power": {
        "requested": {
          "frame_duration_ns": 33000000,
          "exposure_ns": 10000000,
          "iso": 100,
          "ae_mode": 1,
          "af_mode": 0,
          "nr_mode": 1,
          "edge_mode": 1,
          "focus_diopters": 1,
          "hot_pixel_mode": 1,
          "aberration_mode": 0,
          "shading_mode": 1,
          "tonemap_mode": 1,
          "face_detect_mode": 0,
          "ois_mode": 1,
          "video_stabilization_mode": 1,
          "capture_intent": 1
        },
        "result": {
          "frame_duration_ns": 66668961,
          "exposure_ns": 29999613,
          "iso": 190,
          "ae_mode": 1,
          "af_mode": 0,
          "nr_mode": 1,
          "edge_mode": 1,
          "focus_diopters": 1.0113112,
          "hot_pixel_mode": 1,
          "aberration_mode": 0,
          "shading_mode": 1,
          "tonemap_mode": 1,
          "face_detect_mode": 0,
          "ois_mode": 1,
          "video_stabilization_mode": 1,
          "capture_intent": 1
        },
        "result_sensor_timestamp_ns": 366726763263759,
        "result_frame_number": 228,
        "manual_phase": "disabled",
        "camera_id": "0",
        "options": {
          "capture_template": "still",
          "processing": "default",
          "focus_diopters": 1,
          "frame_ms": 0,
          "camera_id": "",
          "dump_characteristics": false
        }
      }
    },
    {
      "frame": 17,
      "variant": "template=still;processing=default;focus=1.0;frame_ms=0;camera=default",
      "power": {
        "requested": {
          "frame_duration_ns": 33000000,
          "exposure_ns": 10000000,
          "iso": 100,
          "ae_mode": 1,
          "af_mode": 0,
          "nr_mode": 1,
          "edge_mode": 1,
          "focus_diopters": 1,
          "hot_pixel_mode": 1,
          "aberration_mode": 0,
          "shading_mode": 1,
          "tonemap_mode": 1,
          "face_detect_mode": 0,
          "ois_mode": 1,
          "video_stabilization_mode": 1,
          "capture_intent": 1
        },
        "result": {
          "frame_duration_ns": 66668961,
          "exposure_ns": 35290153,
          "iso": 163,
          "ae_mode": 1,
          "af_mode": 0,
          "nr_mode": 1,
          "edge_mode": 1,
          "focus_diopters": 1.0113112,
          "hot_pixel_mode": 1,
          "aberration_mode": 0,
          "shading_mode": 1,
          "tonemap_mode": 1,
          "face_detect_mode": 0,
          "ois_mode": 1,
          "video_stabilization_mode": 1,
          "capture_intent": 1
        },
        "result_sensor_timestamp_ns": 366728753331630,
        "result_frame_number": 258,
        "manual_phase": "disabled",
        "camera_id": "0",
        "options": {
          "capture_template": "still",
          "processing": "default",
          "focus_diopters": 1,
          "frame_ms": 0,
          "camera_id": "",
          "dump_characteristics": false
        }
      }
    },
    {
      "frame": 18,
      "variant": "template=still;processing=default;focus=1.0;frame_ms=0;camera=default",
      "power": {
        "requested": {
          "frame_duration_ns": 33000000,
          "exposure_ns": 10000000,
          "iso": 100,
          "ae_mode": 1,
          "af_mode": 0,
          "nr_mode": 2,
          "edge_mode": 2,
          "focus_diopters": 1,
          "hot_pixel_mode": 2,
          "aberration_mode": 0,
          "shading_mode": 2,
          "tonemap_mode": 2,
          "face_detect_mode": 0,
          "ois_mode": 1,
          "video_stabilization_mode": 1,
          "capture_intent": 2
        },
        "result": {
          "frame_duration_ns": 66668961,
          "exposure_ns": 35290153,
          "iso": 163,
          "ae_mode": 1,
          "af_mode": 0,
          "nr_mode": 2,
          "edge_mode": 2,
          "focus_diopters": 1.0113112,
          "hot_pixel_mode": 2,
          "aberration_mode": 0,
          "shading_mode": 2,
          "tonemap_mode": 2,
          "face_detect_mode": 0,
          "ois_mode": 1,
          "video_stabilization_mode": 1,
          "capture_intent": 2
        },
        "result_sensor_timestamp_ns": 366729684202377,
        "result_frame_number": 272,
        "manual_phase": "disabled",
        "camera_id": "0",
        "options": {
          "capture_template": "still",
          "processing": "default",
          "focus_diopters": 1,
          "frame_ms": 0,
          "camera_id": "",
          "dump_characteristics": false
        }
      }
    }
  ],
  "skin_slope_c_min": 1.1615696914583526,
  "android_status": "0.1s NONE(0)",
  "gate": {
    "at": "2026-10-03T06:30:33Z",
    "z9": 34000,
    "z10": 33000,
    "z11": 34000,
    "skin": 23.7182,
    "status": 0,
    "waited_s": 0,
    "warm_start": false
  },
  "heat_stop": null
}

manual_200 completed
{
  "mean_battery_w": 2.095489400928188,
  "cpu_seconds": {
    "runner": 3.17,
    "llama_server": 0.0,
    "robotcam_app": 3.2,
    "camera_provider": 7.31
  },
  "start_to_first_fresh_s": 2.320306316978531,
  "stop": {
    "stop_to_stopped_s": 3.676748089987086,
    "capture_stopped": true,
    "frames_seen": [],
    "unreadable_reads": 0,
    "check_s": 3.07,
    "force_stop_rc": 0,
    "force_stop_output": "",
    "pids_after_force_stop": []
  },
  "frames_ok": 18,
  "frames_failed": 19,
  "repeat_polls": 123,
  "age_median_s": 0.4412223599792924,
  "age_p95_s": 0.5473167829914019,
  "luma": {
    "median": 130.90435546875,
    "min": 130.49724609375
  },
  "sharpness": {
    "median": 311.7850871842182,
    "min": 301.8515115660672
  },
  "paired_diagnostics": 14,
  "applied_observations": [
    {
      "frame": 1,
      "variant": "template=still;processing=default;focus=auto;frame_ms=200;camera=default",
      "power": {
        "requested": {
          "frame_duration_ns": 200000000,
          "exposure_ns": 13242411,
          "iso": 433,
          "ae_mode": 0,
          "af_mode": 4,
          "nr_mode": 2,
          "edge_mode": 2,
          "focus_diopters": 0,
          "hot_pixel_mode": 2,
          "aberration_mode": 0,
          "shading_mode": 2,
          "tonemap_mode": 2,
          "face_detect_mode": 0,
          "ois_mode": 1,
          "video_stabilization_mode": 1,
          "capture_intent": 2
        },
        "result": {
          "frame_duration_ns": 200000000,
          "exposure_ns": 13242411,
          "iso": 432,
          "ae_mode": 0,
          "af_mode": 4,
          "nr_mode": 2,
          "edge_mode": 2,
          "focus_diopters": 0,
          "hot_pixel_mode": 2,
          "aberration_mode": 0,
          "shading_mode": 2,
          "tonemap_mode": 2,
          "face_detect_mode": 0,
          "ois_mode": 1,
          "video_stabilization_mode": 1,
          "capture_intent": 2
        },
        "result_sensor_timestamp_ns": 366736776371387,
        "result_frame_number": 16,
        "manual_phase": "manual",
        "camera_id": "0",
        "options": {
          "capture_template": "still",
          "processing": "default",
          "focus_diopters": null,
          "frame_ms": 200,
          "camera_id": "",
          "dump_characteristics": false
        }
      }
    },
    {
      "frame": 3,
      "variant": "template=still;processing=default;focus=auto;frame_ms=200;camera=default",
      "power": {
        "requested": {
          "frame_duration_ns": 200000000,
          "exposure_ns": 13242411,
          "iso": 433,
          "ae_mode": 0,
          "af_mode": 4,
          "nr_mode": 2,
          "edge_mode": 2,
          "focus_diopters": 0,
          "hot_pixel_mode": 2,
          "aberration_mode": 0,
          "shading_mode": 2,
          "tonemap_mode": 2,
          "face_detect_mode": 0,
          "ois_mode": 1,
          "video_stabilization_mode": 1,
          "capture_intent": 2
        },
        "result": {
          "frame_duration_ns": 200000000,
          "exposure_ns": 13242411,
          "iso": 432,
          "ae_mode": 0,
          "af_mode": 4,
          "nr_mode": 2,
          "edge_mode": 2,
          "focus_diopters": 0,
          "hot_pixel_mode": 2,
          "aberration_mode": 0,
          "shading_mode": 2,
          "tonemap_mode": 2,
          "face_detect_mode": 0,
          "ois_mode": 1,
          "video_stabilization_mode": 1,
          "capture_intent": 2
        },
        "result_sensor_timestamp_ns": 366739170828524,
        "result_frame_number": 28,
        "manual_phase": "manual",
        "camera_id": "0",
        "options": {
          "capture_template": "still",
          "processing": "default",
          "focus_diopters": null,
          "frame_ms": 200,
          "camera_id": "",
          "dump_characteristics": false
        }
      }
    },
    {
      "frame": 4,
      "variant": "template=still;processing=default;focus=auto;frame_ms=200;camera=default",
      "power": {
        "requested": {
          "frame_duration_ns": 200000000,
          "exposure_ns": 13242411,
          "iso": 433,
          "ae_mode": 0,
          "af_mode": 4,
          "nr_mode": 2,
          "edge_mode": 2,
          "focus_diopters": 0,
          "hot_pixel_mode": 2,
          "aberration_mode": 0,
          "shading_mode": 2,
          "tonemap_mode": 2,
          "face_detect_mode": 0,
          "ois_mode": 1,
          "video_stabilization_mode": 1,
          "capture_intent": 2
        },
        "result": {
          "frame_duration_ns": 200000000,
          "exposure_ns": 13242411,
          "iso": 432,
          "ae_mode": 0,
          "af_mode": 4,
          "nr_mode": 2,
          "edge_mode": 2,
          "focus_diopters": 0,
          "hot_pixel_mode": 2,
          "aberration_mode": 0,
          "shading_mode": 2,
          "tonemap_mode": 2,
          "face_detect_mode": 0,
          "ois_mode": 1,
          "video_stabilization_mode": 1,
          "capture_intent": 2
        },
        "result_sensor_timestamp_ns": 366740168220436,
        "result_frame_number": 33,
        "manual_phase": "manual",
        "camera_id": "0",
        "options": {
          "capture_template": "still",
          "processing": "default",
          "focus_diopters": null,
          "frame_ms": 200,
          "camera_id": "",
          "dump_characteristics": false
        }
      }
    },
    {
      "frame": 5,
      "variant": "template=still;processing=default;focus=auto;frame_ms=200;camera=default",
      "power": {
        "requested": {
          "frame_duration_ns": 200000000,
          "exposure_ns": 13242411,
          "iso": 433,
          "ae_mode": 0,
          "af_mode": 4,
          "nr_mode": 2,
          "edge_mode": 2,
          "focus_diopters": 0,
          "hot_pixel_mode": 2,
          "aberration_mode": 0,
          "shading_mode": 2,
          "tonemap_mode": 2,
          "face_detect_mode": 0,
          "ois_mode": 1,
          "video_stabilization_mode": 1,
          "capture_intent": 2
        },
        "result": {
          "frame_duration_ns": 200000000,
          "exposure_ns": 13242411,
          "iso": 432,
          "ae_mode": 0,
          "af_mode": 4,
          "nr_mode": 2,
          "edge_mode": 2,
          "focus_diopters": 0,
          "hot_pixel_mode": 2,
          "aberration_mode": 0,
          "shading_mode": 2,
          "tonemap_mode": 2,
          "face_detect_mode": 0,
          "ois_mode": 1,
          "video_stabilization_mode": 1,
          "capture_intent": 2
        },
        "result_sensor_timestamp_ns": 366741165597571,
        "result_frame_number": 38,
        "manual_phase": "manual",
        "camera_id": "0",
        "options": {
          "capture_template": "still",
          "processing": "default",
          "focus_diopters": null,
          "frame_ms": 200,
          "camera_id": "",
          "dump_characteristics": false
        }
      }
    },
    {
      "frame": 6,
      "variant": "template=still;processing=default;focus=auto;frame_ms=200;camera=default",
      "power": {
        "requested": {
          "frame_duration_ns": 200000000,
          "exposure_ns": 13242411,
          "iso": 433,
          "ae_mode": 0,
          "af_mode": 4,
          "nr_mode": 2,
          "edge_mode": 2,
          "focus_diopters": 0,
          "hot_pixel_mode": 2,
          "aberration_mode": 0,
          "shading_mode": 2,
          "tonemap_mode": 2,
          "face_detect_mode": 0,
          "ois_mode": 1,
          "video_stabilization_mode": 1,
          "capture_intent": 2
        },
        "result": {
          "frame_duration_ns": 200000000,
          "exposure_ns": 13242411,
          "iso": 432,
          "ae_mode": 0,
          "af_mode": 4,
          "nr_mode": 2,
          "edge_mode": 2,
          "focus_diopters": 0,
          "hot_pixel_mode": 2,
          "aberration_mode": 0,
          "shading_mode": 2,
          "tonemap_mode": 2,
          "face_detect_mode": 0,
          "ois_mode": 1,
          "video_stabilization_mode": 1,
          "capture_intent": 2
        },
        "result_sensor_timestamp_ns": 366742163004340,
        "result_frame_number": 43,
        "manual_phase": "manual",
        "camera_id": "0",
        "options": {
          "capture_template": "still",
          "processing": "default",
          "focus_diopters": null,
          "frame_ms": 200,
          "camera_id": "",
          "dump_characteristics": false
        }
      }
    },
    {
      "frame": 7,
      "variant": "template=still;processing=default;focus=auto;frame_ms=200;camera=default",
      "power": {
        "requested": {
          "frame_duration_ns": 200000000,
          "exposure_ns": 13242411,
          "iso": 433,
          "ae_mode": 0,
          "af_mode": 4,
          "nr_mode": 2,
          "edge_mode": 2,
          "focus_diopters": 0,
          "hot_pixel_mode": 2,
          "aberration_mode": 0,
          "shading_mode": 2,
          "tonemap_mode": 2,
          "face_detect_mode": 0,
          "ois_mode": 1,
          "video_stabilization_mode": 1,
          "capture_intent": 2
        },
        "result": {
          "frame_duration_ns": 200000000,
          "exposure_ns": 13242411,
          "iso": 432,
          "ae_mode": 0,
          "af_mode": 4,
          "nr_mode": 2,
          "edge_mode": 2,
          "focus_diopters": 0,
          "hot_pixel_mode": 2,
          "aberration_mode": 0,
          "shading_mode": 2,
          "tonemap_mode": 2,
          "face_detect_mode": 0,
          "ois_mode": 1,
          "video_stabilization_mode": 1,
          "capture_intent": 2
        },
        "result_sensor_timestamp_ns": 366743160396292,
        "result_frame_number": 48,
        "manual_phase": "manual",
        "camera_id": "0",
        "options": {
          "capture_template": "still",
          "processing": "default",
          "focus_diopters": null,
          "frame_ms": 200,
          "camera_id": "",
          "dump_characteristics": false
        }
      }
    },
    {
      "frame": 10,
      "variant": "template=still;processing=default;focus=auto;frame_ms=200;camera=default",
      "power": {
        "requested": {
          "frame_duration_ns": 200000000,
          "exposure_ns": 13242411,
          "iso": 433,
          "ae_mode": 0,
          "af_mode": 4,
          "nr_mode": 2,
          "edge_mode": 2,
          "focus_diopters": 0,
          "hot_pixel_mode": 2,
          "aberration_mode": 0,
          "shading_mode": 2,
          "tonemap_mode": 2,
          "face_detect_mode": 0,
          "ois_mode": 1,
          "video_stabilization_mode": 1,
          "capture_intent": 2
        },
        "result": {
          "frame_duration_ns": 200000000,
          "exposure_ns": 13242411,
          "iso": 432,
          "ae_mode": 0,
          "af_mode": 4,
          "nr_mode": 2,
          "edge_mode": 2,
          "focus_diopters": 0,
          "hot_pixel_mode": 2,
          "aberration_mode": 0,
          "shading_mode": 2,
          "tonemap_mode": 2,
          "face_detect_mode": 0,
          "ois_mode": 1,
          "video_stabilization_mode": 1,
          "capture_intent": 2
        },
        "result_sensor_timestamp_ns": 366746153120402,
        "result_frame_number": 63,
        "manual_phase": "manual",
        "camera_id": "0",
        "options": {
          "capture_template": "still",
          "processing": "default",
          "focus_diopters": null,
          "frame_ms": 200,
          "camera_id": "",
          "dump_characteristics": false
        }
      }
    },
    {
      "frame": 12,
      "variant": "template=still;processing=default;focus=auto;frame_ms=200;camera=default",
      "power": {
        "requested": {
          "frame_duration_ns": 200000000,
          "exposure_ns": 13242411,
          "iso": 433,
          "ae_mode": 0,
          "af_mode": 4,
          "nr_mode": 2,
          "edge_mode": 2,
          "focus_diopters": 0,
          "hot_pixel_mode": 2,
          "aberration_mode": 0,
          "shading_mode": 2,
          "tonemap_mode": 2,
          "face_detect_mode": 0,
          "ois_mode": 1,
          "video_stabilization_mode": 1,
          "capture_intent": 2
        },
        "result": {
          "frame_duration_ns": 200000000,
          "exposure_ns": 13242411,
          "iso": 432,
          "ae_mode": 0,
          "af_mode": 4,
          "nr_mode": 2,
          "edge_mode": 2,
          "focus_diopters": 0,
          "hot_pixel_mode": 2,
          "aberration_mode": 0,
          "shading_mode": 2,
          "tonemap_mode": 2,
          "face_detect_mode": 0,
          "ois_mode": 1,
          "video_stabilization_mode": 1,
          "capture_intent": 2
        },
        "result_sensor_timestamp_ns": 366748147356011,
        "result_frame_number": 73,
        "manual_phase": "manual",
        "camera_id": "0",
        "options": {
          "capture_template": "still",
          "processing": "default",
          "focus_diopters": null,
          "frame_ms": 200,
          "camera_id": "",
          "dump_characteristics": false
        }
      }
    },
    {
      "frame": 13,
      "variant": "template=still;processing=default;focus=auto;frame_ms=200;camera=default",
      "power": {
        "requested": {
          "frame_duration_ns": 200000000,
          "exposure_ns": 13242411,
          "iso": 433,
          "ae_mode": 0,
          "af_mode": 4,
          "nr_mode": 2,
          "edge_mode": 2,
          "focus_diopters": 0,
          "hot_pixel_mode": 2,
          "aberration_mode": 0,
          "shading_mode": 2,
          "tonemap_mode": 2,
          "face_detect_mode": 0,
          "ois_mode": 1,
          "video_stabilization_mode": 1,
          "capture_intent": 2
        },
        "result": {
          "frame_duration_ns": 200000000,
          "exposure_ns": 13242411,
          "iso": 432,
          "ae_mode": 0,
          "af_mode": 4,
          "nr_mode": 2,
          "edge_mode": 2,
          "focus_diopters": 0,
          "hot_pixel_mode": 2,
          "aberration_mode": 0,
          "shading_mode": 2,
          "tonemap_mode": 2,
          "face_detect_mode": 0,
          "ois_mode": 1,
          "video_stabilization_mode": 1,
          "capture_intent": 2
        },
        "result_sensor_timestamp_ns": 366749145317539,
        "result_frame_number": 78,
        "manual_phase": "manual",
        "camera_id": "0",
        "options": {
          "capture_template": "still",
          "processing": "default",
          "focus_diopters": null,
          "frame_ms": 200,
          "camera_id": "",
          "dump_characteristics": false
        }
      }
    },
    {
      "frame": 14,
      "variant": "template=still;processing=default;focus=auto;frame_ms=200;camera=default",
      "power": {
        "requested": {
          "frame_duration_ns": 200000000,
          "exposure_ns": 13242411,
          "iso": 433,
          "ae_mode": 0,
          "af_mode": 4,
          "nr_mode": 2,
          "edge_mode": 2,
          "focus_diopters": 0,
          "hot_pixel_mode": 2,
          "aberration_mode": 0,
          "shading_mode": 2,
          "tonemap_mode": 2,
          "face_detect_mode": 0,
          "ois_mode": 1,
          "video_stabilization_mode": 1,
          "capture_intent": 2
        },
        "result": {
          "frame_duration_ns": 200000000,
          "exposure_ns": 13242411,
          "iso": 432,
          "ae_mode": 0,
          "af_mode": 4,
          "nr_mode": 2,
          "edge_mode": 2,
          "focus_diopters": 0,
          "hot_pixel_mode": 2,
          "aberration_mode": 0,
          "shading_mode": 2,
          "tonemap_mode": 2,
          "face_detect_mode": 0,
          "ois_mode": 1,
          "video_stabilization_mode": 1,
          "capture_intent": 2
        },
        "result_sensor_timestamp_ns": 366750142139875,
        "result_frame_number": 83,
        "manual_phase": "manual",
        "camera_id": "0",
        "options": {
          "capture_template": "still",
          "processing": "default",
          "focus_diopters": null,
          "frame_ms": 200,
          "camera_id": "",
          "dump_characteristics": false
        }
      }
    },
    {
      "frame": 15,
      "variant": "template=still;processing=default;focus=auto;frame_ms=200;camera=default",
      "power": {
        "requested": {
          "frame_duration_ns": 200000000,
          "exposure_ns": 13242411,
          "iso": 433,
          "ae_mode": 0,
          "af_mode": 4,
          "nr_mode": 2,
          "edge_mode": 2,
          "focus_diopters": 0,
          "hot_pixel_mode": 2,
          "aberration_mode": 0,
          "shading_mode": 2,
          "tonemap_mode": 2,
          "face_detect_mode": 0,
          "ois_mode": 1,
          "video_stabilization_mode": 1,
          "capture_intent": 2
        },
        "result": {
          "frame_duration_ns": 200000000,
          "exposure_ns": 13242411,
          "iso": 432,
          "ae_mode": 0,
          "af_mode": 4,
          "nr_mode": 2,
          "edge_mode": 2,
          "focus_diopters": 0,
          "hot_pixel_mode": 2,
          "aberration_mode": 0,
          "shading_mode": 2,
          "tonemap_mode": 2,
          "face_detect_mode": 0,
          "ois_mode": 1,
          "video_stabilization_mode": 1,
          "capture_intent": 2
        },
        "result_sensor_timestamp_ns": 366751139531826,
        "result_frame_number": 88,
        "manual_phase": "manual",
        "camera_id": "0",
        "options": {
          "capture_template": "still",
          "processing": "default",
          "focus_diopters": null,
          "frame_ms": 200,
          "camera_id": "",
          "dump_characteristics": false
        }
      }
    },
    {
      "frame": 16,
      "variant": "template=still;processing=default;focus=auto;frame_ms=200;camera=default",
      "power": {
        "requested": {
          "frame_duration_ns": 200000000,
          "exposure_ns": 13242411,
          "iso": 433,
          "ae_mode": 0,
          "af_mode": 4,
          "nr_mode": 2,
          "edge_mode": 2,
          "focus_diopters": 0,
          "hot_pixel_mode": 2,
          "aberration_mode": 0,
          "shading_mode": 2,
          "tonemap_mode": 2,
          "face_detect_mode": 0,
          "ois_mode": 1,
          "video_stabilization_mode": 1,
          "capture_intent": 2
        },
        "result": {
          "frame_duration_ns": 200000000,
          "exposure_ns": 13242411,
          "iso": 432,
          "ae_mode": 0,
          "af_mode": 4,
          "nr_mode": 2,
          "edge_mode": 2,
          "focus_diopters": 0,
          "hot_pixel_mode": 2,
          "aberration_mode": 0,
          "shading_mode": 2,
          "tonemap_mode": 2,
          "face_detect_mode": 0,
          "ois_mode": 1,
          "video_stabilization_mode": 1,
          "capture_intent": 2
        },
        "result_sensor_timestamp_ns": 366752136923778,
        "result_frame_number": 93,
        "manual_phase": "manual",
        "camera_id": "0",
        "options": {
          "capture_template": "still",
          "processing": "default",
          "focus_diopters": null,
          "frame_ms": 200,
          "camera_id": "",
          "dump_characteristics": false
        }
      }
    },
    {
      "frame": 17,
      "variant": "template=still;processing=default;focus=auto;frame_ms=200;camera=default",
      "power": {
        "requested": {
          "frame_duration_ns": 200000000,
          "exposure_ns": 13242411,
          "iso": 433,
          "ae_mode": 0,
          "af_mode": 4,
          "nr_mode": 2,
          "edge_mode": 2,
          "focus_diopters": 0,
          "hot_pixel_mode": 2,
          "aberration_mode": 0,
          "shading_mode": 2,
          "tonemap_mode": 2,
          "face_detect_mode": 0,
          "ois_mode": 1,
          "video_stabilization_mode": 1,
          "capture_intent": 2
        },
        "result": {
          "frame_duration_ns": 200000000,
          "exposure_ns": 13242411,
          "iso": 432,
          "ae_mode": 0,
          "af_mode": 4,
          "nr_mode": 2,
          "edge_mode": 2,
          "focus_diopters": 0,
          "hot_pixel_mode": 2,
          "aberration_mode": 0,
          "shading_mode": 2,
          "tonemap_mode": 2,
          "face_detect_mode": 0,
          "ois_mode": 1,
          "video_stabilization_mode": 1,
          "capture_intent": 2
        },
        "result_sensor_timestamp_ns": 366753134315690,
        "result_frame_number": 98,
        "manual_phase": "manual",
        "camera_id": "0",
        "options": {
          "capture_template": "still",
          "processing": "default",
          "focus_diopters": null,
          "frame_ms": 200,
          "camera_id": "",
          "dump_characteristics": false
        }
      }
    },
    {
      "frame": 18,
      "variant": "template=still;processing=default;focus=auto;frame_ms=200;camera=default",
      "power": {
        "requested": {
          "frame_duration_ns": 200000000,
          "exposure_ns": 13242411,
          "iso": 433,
          "ae_mode": 0,
          "af_mode": 4,
          "nr_mode": 2,
          "edge_mode": 2,
          "focus_diopters": 0,
          "hot_pixel_mode": 2,
          "aberration_mode": 0,
          "shading_mode": 2,
          "tonemap_mode": 2,
          "face_detect_mode": 0,
          "ois_mode": 1,
          "video_stabilization_mode": 1,
          "capture_intent": 2
        },
        "result": {
          "frame_duration_ns": 200000000,
          "exposure_ns": 13242411,
          "iso": 432,
          "ae_mode": 0,
          "af_mode": 4,
          "nr_mode": 2,
          "edge_mode": 2,
          "focus_diopters": 0,
          "hot_pixel_mode": 2,
          "aberration_mode": 0,
          "shading_mode": 2,
          "tonemap_mode": 2,
          "face_detect_mode": 0,
          "ois_mode": 1,
          "video_stabilization_mode": 1,
          "capture_intent": 2
        },
        "result_sensor_timestamp_ns": 366754131707642,
        "result_frame_number": 103,
        "manual_phase": "manual",
        "camera_id": "0",
        "options": {
          "capture_template": "still",
          "processing": "default",
          "focus_diopters": null,
          "frame_ms": 200,
          "camera_id": "",
          "dump_characteristics": false
        }
      }
    }
  ],
  "skin_slope_c_min": 0.5209127654410916,
  "android_status": "0.1s NONE(0)",
  "gate": {
    "at": "2026-10-03T06:30:59Z",
    "z9": 30000,
    "z10": 31000,
    "z11": 32000,
    "skin": 24.053202,
    "status": 0,
    "waited_s": 0,
    "warm_start": false
  },
  "heat_stop": null
}

manual_500 INCOMPLETE
{
  "mean_battery_w": 1.8824457920301367,
  "cpu_seconds": {
    "runner": 3.01,
    "llama_server": 0.0,
    "robotcam_app": 1.7,
    "camera_provider": 4.07
  },
  "start_to_first_fresh_s": 3.4091462820069864,
  "stop": {
    "stop_to_stopped_s": 3.667282228008844,
    "capture_stopped": true,
    "frames_seen": [],
    "unreadable_reads": 0,
    "check_s": 3.07,
    "force_stop_rc": 0,
    "force_stop_output": "",
    "pids_after_force_stop": []
  },
  "frames_ok": 6,
  "frames_failed": 101,
  "repeat_polls": 57,
  "age_median_s": 0.718734783527907,
  "age_p95_s": 0.7942321120062843,
  "luma": {
    "median": 130.144462890625,
    "min": 129.33982421875
  },
  "sharpness": {
    "median": 324.73883447673836,
    "min": 304.9355807246857
  },
  "paired_diagnostics": 2,
  "applied_observations": [
    {
      "frame": 1,
      "variant": "template=still;processing=default;focus=auto;frame_ms=500;camera=default",
      "power": {
        "requested": {
          "frame_duration_ns": 500000000,
          "exposure_ns": 14417067,
          "iso": 398,
          "ae_mode": 0,
          "af_mode": 4,
          "nr_mode": 2,
          "edge_mode": 2,
          "focus_diopters": 0,
          "hot_pixel_mode": 2,
          "aberration_mode": 0,
          "shading_mode": 2,
          "tonemap_mode": 2,
          "face_detect_mode": 0,
          "ois_mode": 1,
          "video_stabilization_mode": 1,
          "capture_intent": 2
        },
        "result": {
          "frame_duration_ns": 500000000,
          "exposure_ns": 14407890,
          "iso": 397,
          "ae_mode": 0,
          "af_mode": 4,
          "nr_mode": 2,
          "edge_mode": 2,
          "focus_diopters": 0,
          "hot_pixel_mode": 2,
          "aberration_mode": 0,
          "shading_mode": 2,
          "tonemap_mode": 2,
          "face_detect_mode": 0,
          "ois_mode": 1,
          "video_stabilization_mode": 1,
          "capture_intent": 2
        },
        "result_sensor_timestamp_ns": 366761517761329,
        "result_frame_number": 16,
        "manual_phase": "manual",
        "camera_id": "0",
        "options": {
          "capture_template": "still",
          "processing": "default",
          "focus_diopters": null,
          "frame_ms": 500,
          "camera_id": "",
          "dump_characteristics": false
        }
      }
    },
    {
      "frame": 2,
      "variant": "template=still;processing=default;focus=auto;frame_ms=500;camera=default",
      "power": {
        "requested": {
          "frame_duration_ns": 500000000,
          "exposure_ns": 14417067,
          "iso": 398,
          "ae_mode": 0,
          "af_mode": 4,
          "nr_mode": 2,
          "edge_mode": 2,
          "focus_diopters": 0,
          "hot_pixel_mode": 2,
          "aberration_mode": 0,
          "shading_mode": 2,
          "tonemap_mode": 2,
          "face_detect_mode": 0,
          "ois_mode": 1,
          "video_stabilization_mode": 1,
          "capture_intent": 2
        },
        "result": {
          "frame_duration_ns": 500000000,
          "exposure_ns": 14407890,
          "iso": 397,
          "ae_mode": 0,
          "af_mode": 4,
          "nr_mode": 2,
          "edge_mode": 2,
          "focus_diopters": 0,
          "hot_pixel_mode": 2,
          "aberration_mode": 0,
          "shading_mode": 2,
          "tonemap_mode": 2,
          "face_detect_mode": 0,
          "ois_mode": 1,
          "video_stabilization_mode": 1,
          "capture_intent": 2
        },
        "result_sensor_timestamp_ns": 366764010798229,
        "result_frame_number": 21,
        "manual_phase": "manual",
        "camera_id": "0",
        "options": {
          "capture_template": "still",
          "processing": "default",
          "focus_diopters": null,
          "frame_ms": 500,
          "camera_id": "",
          "dump_characteristics": false
        }
      }
    }
  ],
  "skin_slope_c_min": 0.3418677215689945,
  "android_status": "0.1s NONE(0)",
  "gate": {
    "at": "2026-10-03T06:31:19Z",
    "z9": 30000,
    "z10": 30000,
    "z11": 31000,
    "skin": 24.3369,
    "status": 0,
    "waited_s": 0,
    "warm_start": false
  },
  "heat_stop": null
}

mode_A completed
{
  "mean_battery_w": 2.3994008533328337,
  "cpu_seconds": {
    "runner": 3.36,
    "llama_server": 0.0,
    "robotcam_app": 4.14,
    "camera_provider": 17.04
  },
  "start_to_first_fresh_s": 0.9861738290055655,
  "stop": {
    "stop_to_stopped_s": 3.7027248549857177,
    "capture_stopped": true,
    "frames_seen": [],
    "unreadable_reads": 0,
    "check_s": 3.08,
    "force_stop_rc": 0,
    "force_stop_output": "",
    "pids_after_force_stop": []
  },
  "frames_ok": 19,
  "frames_failed": 6,
  "repeat_polls": 131,
  "age_median_s": 0.327575713978149,
  "age_p95_s": 0.36818773800041527,
  "luma": {
    "median": 151.978837890625,
    "min": 145.866181640625
  },
  "sharpness": {
    "median": 345.3441908224684,
    "min": 337.3714350603297
  },
  "paired_diagnostics": 17,
  "applied_observations": [
    {
      "frame": 1,
      "variant": "template=still;processing=default;focus=auto;frame_ms=0;camera=default",
      "power": {
        "requested": {
          "frame_duration_ns": 33000000,
          "exposure_ns": 10000000,
          "iso": 100,
          "ae_mode": 1,
          "af_mode": 4,
          "nr_mode": 1,
          "edge_mode": 1,
          "focus_diopters": 0,
          "hot_pixel_mode": 1,
          "aberration_mode": 0,
          "shading_mode": 1,
          "tonemap_mode": 1,
          "face_detect_mode": 0,
          "ois_mode": 1,
          "video_stabilization_mode": 1,
          "capture_intent": 1
        },
        "result": {
          "frame_duration_ns": 66668961,
          "exposure_ns": 8328127,
          "iso": 690,
          "ae_mode": 1,
          "af_mode": 4,
          "nr_mode": 1,
          "edge_mode": 1,
          "focus_diopters": 0.3705022,
          "hot_pixel_mode": 1,
          "aberration_mode": 0,
          "shading_mode": 1,
          "tonemap_mode": 1,
          "face_detect_mode": 0,
          "ois_mode": 1,
          "video_stabilization_mode": 1,
          "capture_intent": 1
        },
        "result_sensor_timestamp_ns": 366783611019147,
        "result_frame_number": 0,
        "manual_phase": "disabled",
        "camera_id": "0",
        "options": {
          "capture_template": "still",
          "processing": "default",
          "focus_diopters": null,
          "frame_ms": 0,
          "camera_id": "",
          "dump_characteristics": false
        }
      }
    },
    {
      "frame": 2,
      "variant": "template=still;processing=default;focus=auto;frame_ms=0;camera=default",
      "power": {
        "requested": {
          "frame_duration_ns": 33000000,
          "exposure_ns": 10000000,
          "iso": 100,
          "ae_mode": 1,
          "af_mode": 4,
          "nr_mode": 1,
          "edge_mode": 1,
          "focus_diopters": 0,
          "hot_pixel_mode": 1,
          "aberration_mode": 0,
          "shading_mode": 1,
          "tonemap_mode": 1,
          "face_detect_mode": 0,
          "ois_mode": 1,
          "video_stabilization_mode": 1,
          "capture_intent": 1
        },
        "result": {
          "frame_duration_ns": 66668961,
          "exposure_ns": 33326275,
          "iso": 172,
          "ae_mode": 1,
          "af_mode": 4,
          "nr_mode": 1,
          "edge_mode": 1,
          "focus_diopters": 0,
          "hot_pixel_mode": 1,
          "aberration_mode": 0,
          "shading_mode": 1,
          "tonemap_mode": 1,
          "face_detect_mode": 0,
          "ois_mode": 1,
          "video_stabilization_mode": 1,
          "capture_intent": 1
        },
        "result_sensor_timestamp_ns": 366784516920151,
        "result_frame_number": 13,
        "manual_phase": "disabled",
        "camera_id": "0",
        "options": {
          "capture_template": "still",
          "processing": "default",
          "focus_diopters": null,
          "frame_ms": 0,
          "camera_id": "",
          "dump_characteristics": false
        }
      }
    },
    {
      "frame": 3,
      "variant": "template=still;processing=default;focus=auto;frame_ms=0;camera=default",
      "power": {
        "requested": {
          "frame_duration_ns": 33000000,
          "exposure_ns": 10000000,
          "iso": 100,
          "ae_mode": 1,
          "af_mode": 4,
          "nr_mode": 1,
          "edge_mode": 1,
          "focus_diopters": 0,
          "hot_pixel_mode": 1,
          "aberration_mode": 0,
          "shading_mode": 1,
          "tonemap_mode": 1,
          "face_detect_mode": 0,
          "ois_mode": 1,
          "video_stabilization_mode": 1,
          "capture_intent": 1
        },
        "result": {
          "frame_duration_ns": 66668961,
          "exposure_ns": 33326275,
          "iso": 164,
          "ae_mode": 1,
          "af_mode": 4,
          "nr_mode": 1,
          "edge_mode": 1,
          "focus_diopters": 0,
          "hot_pixel_mode": 1,
          "aberration_mode": 0,
          "shading_mode": 1,
          "tonemap_mode": 1,
          "face_detect_mode": 0,
          "ois_mode": 1,
          "video_stabilization_mode": 1,
          "capture_intent": 1
        },
        "result_sensor_timestamp_ns": 366785580804903,
        "result_frame_number": 29,
        "manual_phase": "disabled",
        "camera_id": "0",
        "options": {
          "capture_template": "still",
          "processing": "default",
          "focus_diopters": null,
          "frame_ms": 0,
          "camera_id": "",
          "dump_characteristics": false
        }
      }
    },
    {
      "frame": 4,
      "variant": "template=still;processing=default;focus=auto;frame_ms=0;camera=default",
      "power": {
        "requested": {
          "frame_duration_ns": 33000000,
          "exposure_ns": 10000000,
          "iso": 100,
          "ae_mode": 1,
          "af_mode": 4,
          "nr_mode": 1,
          "edge_mode": 1,
          "focus_diopters": 0,
          "hot_pixel_mode": 1,
          "aberration_mode": 0,
          "shading_mode": 1,
          "tonemap_mode": 1,
          "face_detect_mode": 0,
          "ois_mode": 1,
          "video_stabilization_mode": 1,
          "capture_intent": 1
        },
        "result": {
          "frame_duration_ns": 66668961,
          "exposure_ns": 31798305,
          "iso": 173,
          "ae_mode": 1,
          "af_mode": 4,
          "nr_mode": 1,
          "edge_mode": 1,
          "focus_diopters": 0,
          "hot_pixel_mode": 1,
          "aberration_mode": 0,
          "shading_mode": 1,
          "tonemap_mode": 1,
          "face_detect_mode": 0,
          "ois_mode": 1,
          "video_stabilization_mode": 1,
          "capture_intent": 1
        },
        "result_sensor_timestamp_ns": 366786579724825,
        "result_frame_number": 44,
        "manual_phase": "disabled",
        "camera_id": "0",
        "options": {
          "capture_template": "still",
          "processing": "default",
          "focus_diopters": null,
          "frame_ms": 0,
          "camera_id": "",
          "dump_characteristics": false
        }
      }
    },
    {
      "frame": 5,
      "variant": "template=still;processing=default;focus=auto;frame_ms=0;camera=default",
      "power": {
        "requested": {
          "frame_duration_ns": 33000000,
          "exposure_ns": 10000000,
          "iso": 100,
          "ae_mode": 1,
          "af_mode": 4,
          "nr_mode": 1,
          "edge_mode": 1,
          "focus_diopters": 0,
          "hot_pixel_mode": 1,
          "aberration_mode": 0,
          "shading_mode": 1,
          "tonemap_mode": 1,
          "face_detect_mode": 0,
          "ois_mode": 1,
          "video_stabilization_mode": 1,
          "capture_intent": 1
        },
        "result": {
          "frame_duration_ns": 66668961,
          "exposure_ns": 29999613,
          "iso": 183,
          "ae_mode": 1,
          "af_mode": 4,
          "nr_mode": 1,
          "edge_mode": 1,
          "focus_diopters": 0,
          "hot_pixel_mode": 1,
          "aberration_mode": 0,
          "shading_mode": 1,
          "tonemap_mode": 1,
          "face_detect_mode": 0,
          "ois_mode": 1,
          "video_stabilization_mode": 1,
          "capture_intent": 1
        },
        "result_sensor_timestamp_ns": 366787711923607,
        "result_frame_number": 61,
        "manual_phase": "disabled",
        "camera_id": "0",
        "options": {
          "capture_template": "still",
          "processing": "default",
          "focus_diopters": null,
          "frame_ms": 0,
          "camera_id": "",
          "dump_characteristics": false
        }
      }
    },
    {
      "frame": 6,
      "variant": "template=still;processing=default;focus=auto;frame_ms=0;camera=default",
      "power": {
        "requested": {
          "frame_duration_ns": 33000000,
          "exposure_ns": 10000000,
          "iso": 100,
          "ae_mode": 1,
          "af_mode": 4,
          "nr_mode": 1,
          "edge_mode": 1,
          "focus_diopters": 0,
          "hot_pixel_mode": 1,
          "aberration_mode": 0,
          "shading_mode": 1,
          "tonemap_mode": 1,
          "face_detect_mode": 0,
          "ois_mode": 1,
          "video_stabilization_mode": 1,
          "capture_intent": 1
        },
        "result": {
          "frame_duration_ns": 66668961,
          "exposure_ns": 29999613,
          "iso": 183,
          "ae_mode": 1,
          "af_mode": 4,
          "nr_mode": 1,
          "edge_mode": 1,
          "focus_diopters": 0,
          "hot_pixel_mode": 1,
          "aberration_mode": 0,
          "shading_mode": 1,
          "tonemap_mode": 1,
          "face_detect_mode": 0,
          "ois_mode": 1,
          "video_stabilization_mode": 1,
          "capture_intent": 1
        },
        "result_sensor_timestamp_ns": 366788642318245,
        "result_frame_number": 75,
        "manual_phase": "disabled",
        "camera_id": "0",
        "options": {
          "capture_template": "still",
          "processing": "default",
          "focus_diopters": null,
          "frame_ms": 0,
          "camera_id": "",
          "dump_characteristics": false
        }
      }
    },
    {
      "frame": 7,
      "variant": "template=still;processing=default;focus=auto;frame_ms=0;camera=default",
      "power": {
        "requested": {
          "frame_duration_ns": 33000000,
          "exposure_ns": 10000000,
          "iso": 100,
          "ae_mode": 1,
          "af_mode": 4,
          "nr_mode": 1,
          "edge_mode": 1,
          "focus_diopters": 0,
          "hot_pixel_mode": 1,
          "aberration_mode": 0,
          "shading_mode": 1,
          "tonemap_mode": 1,
          "face_detect_mode": 0,
          "ois_mode": 1,
          "video_stabilization_mode": 1,
          "capture_intent": 1
        },
        "result": {
          "frame_duration_ns": 66668961,
          "exposure_ns": 29999613,
          "iso": 183,
          "ae_mode": 1,
          "af_mode": 4,
          "nr_mode": 1,
          "edge_mode": 1,
          "focus_diopters": 0,
          "hot_pixel_mode": 1,
          "aberration_mode": 0,
          "shading_mode": 1,
          "tonemap_mode": 1,
          "face_detect_mode": 0,
          "ois_mode": 1,
          "video_stabilization_mode": 1,
          "capture_intent": 1
        },
        "result_sensor_timestamp_ns": 366789773177731,
        "result_frame_number": 92,
        "manual_phase": "disabled",
        "camera_id": "0",
        "options": {
          "capture_template": "still",
          "processing": "default",
          "focus_diopters": null,
          "frame_ms": 0,
          "camera_id": "",
          "dump_characteristics": false
        }
      }
    },
    {
      "frame": 8,
      "variant": "template=still;processing=default;focus=auto;frame_ms=0;camera=default",
      "power": {
        "requested": {
          "frame_duration_ns": 33000000,
          "exposure_ns": 10000000,
          "iso": 100,
          "ae_mode": 1,
          "af_mode": 4,
          "nr_mode": 1,
          "edge_mode": 1,
          "focus_diopters": 0,
          "hot_pixel_mode": 1,
          "aberration_mode": 0,
          "shading_mode": 1,
          "tonemap_mode": 1,
          "face_detect_mode": 0,
          "ois_mode": 1,
          "video_stabilization_mode": 1,
          "capture_intent": 1
        },
        "result": {
          "frame_duration_ns": 66668961,
          "exposure_ns": 31798305,
          "iso": 173,
          "ae_mode": 1,
          "af_mode": 4,
          "nr_mode": 1,
          "edge_mode": 1,
          "focus_diopters": 0,
          "hot_pixel_mode": 1,
          "aberration_mode": 0,
          "shading_mode": 1,
          "tonemap_mode": 1,
          "face_detect_mode": 0,
          "ois_mode": 1,
          "video_stabilization_mode": 1,
          "capture_intent": 1
        },
        "result_sensor_timestamp_ns": 366790702322417,
        "result_frame_number": 106,
        "manual_phase": "disabled",
        "camera_id": "0",
        "options": {
          "capture_template": "still",
          "processing": "default",
          "focus_diopters": null,
          "frame_ms": 0,
          "camera_id": "",
          "dump_characteristics": false
        }
      }
    },
    {
      "frame": 9,
      "variant": "template=still;processing=default;focus=auto;frame_ms=0;camera=default",
      "power": {
        "requested": {
          "frame_duration_ns": 33000000,
          "exposure_ns": 10000000,
          "iso": 100,
          "ae_mode": 1,
          "af_mode": 4,
          "nr_mode": 1,
          "edge_mode": 1,
          "focus_diopters": 0,
          "hot_pixel_mode": 1,
          "aberration_mode": 0,
          "shading_mode": 1,
          "tonemap_mode": 1,
          "face_detect_mode": 0,
          "ois_mode": 1,
          "video_stabilization_mode": 1,
          "capture_intent": 1
        },
        "result": {
          "frame_duration_ns": 66668961,
          "exposure_ns": 32844483,
          "iso": 167,
          "ae_mode": 1,
          "af_mode": 4,
          "nr_mode": 1,
          "edge_mode": 1,
          "focus_diopters": 0,
          "hot_pixel_mode": 1,
          "aberration_mode": 0,
          "shading_mode": 1,
          "tonemap_mode": 1,
          "face_detect_mode": 0,
          "ois_mode": 1,
          "video_stabilization_mode": 1,
          "capture_intent": 1
        },
        "result_sensor_timestamp_ns": 366791831609524,
        "result_frame_number": 123,
        "manual_phase": "disabled",
        "camera_id": "0",
        "options": {
          "capture_template": "still",
          "processing": "default",
          "focus_diopters": null,
          "frame_ms": 0,
          "camera_id": "",
          "dump_characteristics": false
        }
      }
    },
    {
      "frame": 10,
      "variant": "template=still;processing=default;focus=auto;frame_ms=0;camera=default",
      "power": {
        "requested": {
          "frame_duration_ns": 33000000,
          "exposure_ns": 10000000,
          "iso": 100,
          "ae_mode": 1,
          "af_mode": 4,
          "nr_mode": 1,
          "edge_mode": 1,
          "focus_diopters": 0,
          "hot_pixel_mode": 1,
          "aberration_mode": 0,
          "shading_mode": 1,
          "tonemap_mode": 1,
          "face_detect_mode": 0,
          "ois_mode": 1,
          "video_stabilization_mode": 1,
          "capture_intent": 1
        },
        "result": {
          "frame_duration_ns": 66668961,
          "exposure_ns": 32844483,
          "iso": 167,
          "ae_mode": 1,
          "af_mode": 4,
          "nr_mode": 1,
          "edge_mode": 1,
          "focus_diopters": 0,
          "hot_pixel_mode": 1,
          "aberration_mode": 0,
          "shading_mode": 1,
          "tonemap_mode": 1,
          "face_detect_mode": 0,
          "ois_mode": 1,
          "video_stabilization_mode": 1,
          "capture_intent": 1
        },
        "result_sensor_timestamp_ns": 366792762508677,
        "result_frame_number": 137,
        "manual_phase": "disabled",
        "camera_id": "0",
        "options": {
          "capture_template": "still",
          "processing": "default",
          "focus_diopters": null,
          "frame_ms": 0,
          "camera_id": "",
          "dump_characteristics": false
        }
      }
    },
    {
      "frame": 11,
      "variant": "template=still;processing=default;focus=auto;frame_ms=0;camera=default",
      "power": {
        "requested": {
          "frame_duration_ns": 33000000,
          "exposure_ns": 10000000,
          "iso": 100,
          "ae_mode": 1,
          "af_mode": 4,
          "nr_mode": 1,
          "edge_mode": 1,
          "focus_diopters": 0,
          "hot_pixel_mode": 1,
          "aberration_mode": 0,
          "shading_mode": 1,
          "tonemap_mode": 1,
          "face_detect_mode": 0,
          "ois_mode": 1,
          "video_stabilization_mode": 1,
          "capture_intent": 1
        },
        "result": {
          "frame_duration_ns": 66668961,
          "exposure_ns": 32844483,
          "iso": 167,
          "ae_mode": 1,
          "af_mode": 4,
          "nr_mode": 1,
          "edge_mode": 1,
          "focus_diopters": 0,
          "hot_pixel_mode": 1,
          "aberration_mode": 0,
          "shading_mode": 1,
          "tonemap_mode": 1,
          "face_detect_mode": 0,
          "ois_mode": 1,
          "video_stabilization_mode": 1,
          "capture_intent": 1
        },
        "result_sensor_timestamp_ns": 366793826887848,
        "result_frame_number": 153,
        "manual_phase": "disabled",
        "camera_id": "0",
        "options": {
          "capture_template": "still",
          "processing": "default",
          "focus_diopters": null,
          "frame_ms": 0,
          "camera_id": "",
          "dump_characteristics": false
        }
      }
    },
    {
      "frame": 13,
      "variant": "template=still;processing=default;focus=auto;frame_ms=0;camera=default",
      "power": {
        "requested": {
          "frame_duration_ns": 33000000,
          "exposure_ns": 10000000,
          "iso": 100,
          "ae_mode": 1,
          "af_mode": 4,
          "nr_mode": 1,
          "edge_mode": 1,
          "focus_diopters": 0,
          "hot_pixel_mode": 1,
          "aberration_mode": 0,
          "shading_mode": 1,
          "tonemap_mode": 1,
          "face_detect_mode": 0,
          "ois_mode": 1,
          "video_stabilization_mode": 1,
          "capture_intent": 1
        },
        "result": {
          "frame_duration_ns": 66668961,
          "exposure_ns": 35459928,
          "iso": 156,
          "ae_mode": 1,
          "af_mode": 4,
          "nr_mode": 1,
          "edge_mode": 1,
          "focus_diopters": 0,
          "hot_pixel_mode": 1,
          "aberration_mode": 0,
          "shading_mode": 1,
          "tonemap_mode": 1,
          "face_detect_mode": 0,
          "ois_mode": 1,
          "video_stabilization_mode": 1,
          "capture_intent": 1
        },
        "result_sensor_timestamp_ns": 366795885054646,
        "result_frame_number": 184,
        "manual_phase": "disabled",
        "camera_id": "0",
        "options": {
          "capture_template": "still",
          "processing": "default",
          "focus_diopters": null,
          "frame_ms": 0,
          "camera_id": "",
          "dump_characteristics": false
        }
      }
    },
    {
      "frame": 15,
      "variant": "template=still;processing=default;focus=auto;frame_ms=0;camera=default",
      "power": {
        "requested": {
          "frame_duration_ns": 33000000,
          "exposure_ns": 10000000,
          "iso": 100,
          "ae_mode": 1,
          "af_mode": 4,
          "nr_mode": 1,
          "edge_mode": 1,
          "focus_diopters": 0,
          "hot_pixel_mode": 1,
          "aberration_mode": 0,
          "shading_mode": 1,
          "tonemap_mode": 1,
          "face_detect_mode": 0,
          "ois_mode": 1,
          "video_stabilization_mode": 1,
          "capture_intent": 1
        },
        "result": {
          "frame_duration_ns": 66668961,
          "exposure_ns": 32743536,
          "iso": 167,
          "ae_mode": 1,
          "af_mode": 4,
          "nr_mode": 1,
          "edge_mode": 1,
          "focus_diopters": 0,
          "hot_pixel_mode": 1,
          "aberration_mode": 0,
          "shading_mode": 1,
          "tonemap_mode": 1,
          "face_detect_mode": 0,
          "ois_mode": 1,
          "video_stabilization_mode": 1,
          "capture_intent": 1
        },
        "result_sensor_timestamp_ns": 366797882554942,
        "result_frame_number": 214,
        "manual_phase": "disabled",
        "camera_id": "0",
        "options": {
          "capture_template": "still",
          "processing": "default",
          "focus_diopters": null,
          "frame_ms": 0,
          "camera_id": "",
          "dump_characteristics": false
        }
      }
    },
    {
      "frame": 16,
      "variant": "template=still;processing=default;focus=auto;frame_ms=0;camera=default",
      "power": {
        "requested": {
          "frame_duration_ns": 33000000,
          "exposure_ns": 10000000,
          "iso": 100,
          "ae_mode": 1,
          "af_mode": 4,
          "nr_mode": 1,
          "edge_mode": 1,
          "focus_diopters": 0,
          "hot_pixel_mode": 1,
          "aberration_mode": 0,
          "shading_mode": 1,
          "tonemap_mode": 1,
          "face_detect_mode": 0,
          "ois_mode": 1,
          "video_stabilization_mode": 1,
          "capture_intent": 1
        },
        "result": {
          "frame_duration_ns": 66668961,
          "exposure_ns": 33895249,
          "iso": 163,
          "ae_mode": 1,
          "af_mode": 4,
          "nr_mode": 1,
          "edge_mode": 1,
          "focus_diopters": 0,
          "hot_pixel_mode": 1,
          "aberration_mode": 0,
          "shading_mode": 1,
          "tonemap_mode": 1,
          "face_detect_mode": 0,
          "ois_mode": 1,
          "video_stabilization_mode": 1,
          "capture_intent": 1
        },
        "result_sensor_timestamp_ns": 366798879322235,
        "result_frame_number": 229,
        "manual_phase": "disabled",
        "camera_id": "0",
        "options": {
          "capture_template": "still",
          "processing": "default",
          "focus_diopters": null,
          "frame_ms": 0,
          "camera_id": "",
          "dump_characteristics": false
        }
      }
    },
    {
      "frame": 17,
      "variant": "template=still;processing=default;focus=auto;frame_ms=0;camera=default",
      "power": {
        "requested": {
          "frame_duration_ns": 33000000,
          "exposure_ns": 10000000,
          "iso": 100,
          "ae_mode": 1,
          "af_mode": 4,
          "nr_mode": 1,
          "edge_mode": 1,
          "focus_diopters": 0,
          "hot_pixel_mode": 1,
          "aberration_mode": 0,
          "shading_mode": 1,
          "tonemap_mode": 1,
          "face_detect_mode": 0,
          "ois_mode": 1,
          "video_stabilization_mode": 1,
          "capture_intent": 1
        },
        "result": {
          "frame_duration_ns": 66668961,
          "exposure_ns": 33895249,
          "iso": 163,
          "ae_mode": 1,
          "af_mode": 4,
          "nr_mode": 1,
          "edge_mode": 1,
          "focus_diopters": 0,
          "hot_pixel_mode": 1,
          "aberration_mode": 0,
          "shading_mode": 1,
          "tonemap_mode": 1,
          "face_detect_mode": 0,
          "ois_mode": 1,
          "video_stabilization_mode": 1,
          "capture_intent": 1
        },
        "result_sensor_timestamp_ns": 366799876185952,
        "result_frame_number": 244,
        "manual_phase": "disabled",
        "camera_id": "0",
        "options": {
          "capture_template": "still",
          "processing": "default",
          "focus_diopters": null,
          "frame_ms": 0,
          "camera_id": "",
          "dump_characteristics": false
        }
      }
    },
    {
      "frame": 18,
      "variant": "template=still;processing=default;focus=auto;frame_ms=0;camera=default",
      "power": {
        "requested": {
          "frame_duration_ns": 33000000,
          "exposure_ns": 10000000,
          "iso": 100,
          "ae_mode": 1,
          "af_mode": 4,
          "nr_mode": 1,
          "edge_mode": 1,
          "focus_diopters": 0,
          "hot_pixel_mode": 1,
          "aberration_mode": 0,
          "shading_mode": 1,
          "tonemap_mode": 1,
          "face_detect_mode": 0,
          "ois_mode": 1,
          "video_stabilization_mode": 1,
          "capture_intent": 1
        },
        "result": {
          "frame_duration_ns": 66668961,
          "exposure_ns": 33895249,
          "iso": 163,
          "ae_mode": 1,
          "af_mode": 4,
          "nr_mode": 1,
          "edge_mode": 1,
          "focus_diopters": 0,
          "hot_pixel_mode": 1,
          "aberration_mode": 0,
          "shading_mode": 1,
          "tonemap_mode": 1,
          "face_detect_mode": 0,
          "ois_mode": 1,
          "video_stabilization_mode": 1,
          "capture_intent": 1
        },
        "result_sensor_timestamp_ns": 366800940071844,
        "result_frame_number": 260,
        "manual_phase": "disabled",
        "camera_id": "0",
        "options": {
          "capture_template": "still",
          "processing": "default",
          "focus_diopters": null,
          "frame_ms": 0,
          "camera_id": "",
          "dump_characteristics": false
        }
      }
    },
    {
      "frame": 19,
      "variant": "template=still;processing=default;focus=auto;frame_ms=0;camera=default",
      "power": {
        "requested": {
          "frame_duration_ns": 33000000,
          "exposure_ns": 10000000,
          "iso": 100,
          "ae_mode": 1,
          "af_mode": 4,
          "nr_mode": 1,
          "edge_mode": 1,
          "focus_diopters": 0,
          "hot_pixel_mode": 1,
          "aberration_mode": 0,
          "shading_mode": 1,
          "tonemap_mode": 1,
          "face_detect_mode": 0,
          "ois_mode": 1,
          "video_stabilization_mode": 1,
          "capture_intent": 1
        },
        "result": {
          "frame_duration_ns": 66668961,
          "exposure_ns": 33330864,
          "iso": 164,
          "ae_mode": 1,
          "af_mode": 4,
          "nr_mode": 1,
          "edge_mode": 1,
          "focus_diopters": 0,
          "hot_pixel_mode": 1,
          "aberration_mode": 0,
          "shading_mode": 1,
          "tonemap_mode": 1,
          "face_detect_mode": 0,
          "ois_mode": 1,
          "video_stabilization_mode": 1,
          "capture_intent": 1
        },
        "result_sensor_timestamp_ns": 366802004520940,
        "result_frame_number": 276,
        "manual_phase": "disabled",
        "camera_id": "0",
        "options": {
          "capture_template": "still",
          "processing": "default",
          "focus_diopters": null,
          "frame_ms": 0,
          "camera_id": "",
          "dump_characteristics": false
        }
      }
    }
  ],
  "skin_slope_c_min": 0.9289405161872768,
  "android_status": "0.1s NONE(0)",
  "gate": {
    "at": "2026-10-03T06:31:45Z",
    "z9": 35000,
    "z10": 34000,
    "z11": 35000,
    "skin": 24.437601,
    "status": 0,
    "waited_s": 0,
    "warm_start": false
  },
  "heat_stop": null
}

dump completed
{
  "mean_battery_w": 2.439919927719581,
  "cpu_seconds": {
    "runner": 3.33,
    "llama_server": 0.0,
    "robotcam_app": 4.11,
    "camera_provider": 17.6
  },
  "start_to_first_fresh_s": 2.043334310001228,
  "stop": {
    "stop_to_stopped_s": 3.641531658009626,
    "capture_stopped": true,
    "frames_seen": [],
    "unreadable_reads": 0,
    "check_s": 3.07,
    "force_stop_rc": 0,
    "force_stop_output": "",
    "pids_after_force_stop": []
  },
  "frames_ok": 19,
  "frames_failed": 17,
  "repeat_polls": 123,
  "age_median_s": 0.32258776895469055,
  "age_p95_s": 0.3933119360008277,
  "luma": {
    "median": 151.064267578125,
    "min": 150.35169921875
  },
  "sharpness": {
    "median": 337.4394703437441,
    "min": 331.76164380022124
  },
  "paired_diagnostics": 17,
  "applied_observations": [
    {
      "frame": 1,
      "variant": "template=still;processing=default;focus=auto;frame_ms=0;camera=default",
      "power": {
        "requested": {
          "frame_duration_ns": 33000000,
          "exposure_ns": 10000000,
          "iso": 100,
          "ae_mode": 1,
          "af_mode": 4,
          "nr_mode": 1,
          "edge_mode": 1,
          "focus_diopters": 0,
          "hot_pixel_mode": 1,
          "aberration_mode": 0,
          "shading_mode": 1,
          "tonemap_mode": 1,
          "face_detect_mode": 0,
          "ois_mode": 1,
          "video_stabilization_mode": 1,
          "capture_intent": 1
        },
        "result": {
          "frame_duration_ns": 66668961,
          "exposure_ns": 13370889,
          "iso": 411,
          "ae_mode": 1,
          "af_mode": 4,
          "nr_mode": 1,
          "edge_mode": 1,
          "focus_diopters": 0,
          "hot_pixel_mode": 1,
          "aberration_mode": 0,
          "shading_mode": 1,
          "tonemap_mode": 1,
          "face_detect_mode": 0,
          "ois_mode": 1,
          "video_stabilization_mode": 1,
          "capture_intent": 1
        },
        "result_sensor_timestamp_ns": 366808848874107,
        "result_frame_number": 17,
        "manual_phase": "disabled",
        "camera_id": "0",
        "options": {
          "capture_template": "still",
          "processing": "default",
          "focus_diopters": null,
          "frame_ms": 0,
          "camera_id": "",
          "dump_characteristics": true
        }
      }
    },
    {
      "frame": 2,
      "variant": "template=still;processing=default;focus=auto;frame_ms=0;camera=default",
      "power": {
        "requested": {
          "frame_duration_ns": 33000000,
          "exposure_ns": 10000000,
          "iso": 100,
          "ae_mode": 1,
          "af_mode": 4,
          "nr_mode": 1,
          "edge_mode": 1,
          "focus_diopters": 0,
          "hot_pixel_mode": 1,
          "aberration_mode": 0,
          "shading_mode": 1,
          "tonemap_mode": 1,
          "face_detect_mode": 0,
          "ois_mode": 1,
          "video_stabilization_mode": 1,
          "capture_intent": 1
        },
        "result": {
          "frame_duration_ns": 66668961,
          "exposure_ns": 33326275,
          "iso": 164,
          "ae_mode": 1,
          "af_mode": 4,
          "nr_mode": 1,
          "edge_mode": 1,
          "focus_diopters": 0,
          "hot_pixel_mode": 1,
          "aberration_mode": 0,
          "shading_mode": 1,
          "tonemap_mode": 1,
          "face_detect_mode": 0,
          "ois_mode": 1,
          "video_stabilization_mode": 1,
          "capture_intent": 1
        },
        "result_sensor_timestamp_ns": 366809826276538,
        "result_frame_number": 32,
        "manual_phase": "disabled",
        "camera_id": "0",
        "options": {
          "capture_template": "still",
          "processing": "default",
          "focus_diopters": null,
          "frame_ms": 0,
          "camera_id": "",
          "dump_characteristics": true
        }
      }
    },
    {
      "frame": 3,
      "variant": "template=still;processing=default;focus=auto;frame_ms=0;camera=default",
      "power": {
        "requested": {
          "frame_duration_ns": 33000000,
          "exposure_ns": 10000000,
          "iso": 100,
          "ae_mode": 1,
          "af_mode": 4,
          "nr_mode": 2,
          "edge_mode": 2,
          "focus_diopters": 0,
          "hot_pixel_mode": 2,
          "aberration_mode": 0,
          "shading_mode": 2,
          "tonemap_mode": 2,
          "face_detect_mode": 0,
          "ois_mode": 1,
          "video_stabilization_mode": 1,
          "capture_intent": 2
        },
        "result": {
          "frame_duration_ns": 66668961,
          "exposure_ns": 33326275,
          "iso": 164,
          "ae_mode": 1,
          "af_mode": 4,
          "nr_mode": 2,
          "edge_mode": 2,
          "focus_diopters": 0,
          "hot_pixel_mode": 2,
          "aberration_mode": 0,
          "shading_mode": 2,
          "tonemap_mode": 2,
          "face_detect_mode": 0,
          "ois_mode": 1,
          "video_stabilization_mode": 1,
          "capture_intent": 2
        },
        "result_sensor_timestamp_ns": 366810756370876,
        "result_frame_number": 46,
        "manual_phase": "disabled",
        "camera_id": "0",
        "options": {
          "capture_template": "still",
          "processing": "default",
          "focus_diopters": null,
          "frame_ms": 0,
          "camera_id": "",
          "dump_characteristics": true
        }
      }
    },
    {
      "frame": 4,
      "variant": "template=still;processing=default;focus=auto;frame_ms=0;camera=default",
      "power": {
        "requested": {
          "frame_duration_ns": 33000000,
          "exposure_ns": 10000000,
          "iso": 100,
          "ae_mode": 1,
          "af_mode": 4,
          "nr_mode": 2,
          "edge_mode": 2,
          "focus_diopters": 0,
          "hot_pixel_mode": 2,
          "aberration_mode": 0,
          "shading_mode": 2,
          "tonemap_mode": 2,
          "face_detect_mode": 0,
          "ois_mode": 1,
          "video_stabilization_mode": 1,
          "capture_intent": 2
        },
        "result": {
          "frame_duration_ns": 66668961,
          "exposure_ns": 32082792,
          "iso": 172,
          "ae_mode": 1,
          "af_mode": 4,
          "nr_mode": 2,
          "edge_mode": 2,
          "focus_diopters": 0,
          "hot_pixel_mode": 2,
          "aberration_mode": 0,
          "shading_mode": 2,
          "tonemap_mode": 2,
          "face_detect_mode": 0,
          "ois_mode": 1,
          "video_stabilization_mode": 1,
          "capture_intent": 2
        },
        "result_sensor_timestamp_ns": 366811755811126,
        "result_frame_number": 61,
        "manual_phase": "disabled",
        "camera_id": "0",
        "options": {
          "capture_template": "still",
          "processing": "default",
          "focus_diopters": null,
          "frame_ms": 0,
          "camera_id": "",
          "dump_characteristics": true
        }
      }
    },
    {
      "frame": 5,
      "variant": "template=still;processing=default;focus=auto;frame_ms=0;camera=default",
      "power": {
        "requested": {
          "frame_duration_ns": 33000000,
          "exposure_ns": 10000000,
          "iso": 100,
          "ae_mode": 1,
          "af_mode": 4,
          "nr_mode": 1,
          "edge_mode": 1,
          "focus_diopters": 0,
          "hot_pixel_mode": 1,
          "aberration_mode": 0,
          "shading_mode": 1,
          "tonemap_mode": 1,
          "face_detect_mode": 0,
          "ois_mode": 1,
          "video_stabilization_mode": 1,
          "capture_intent": 1
        },
        "result": {
          "frame_duration_ns": 66668961,
          "exposure_ns": 32082792,
          "iso": 172,
          "ae_mode": 1,
          "af_mode": 4,
          "nr_mode": 1,
          "edge_mode": 1,
          "focus_diopters": 0,
          "hot_pixel_mode": 1,
          "aberration_mode": 0,
          "shading_mode": 1,
          "tonemap_mode": 1,
          "face_detect_mode": 0,
          "ois_mode": 1,
          "video_stabilization_mode": 1,
          "capture_intent": 1
        },
        "result_sensor_timestamp_ns": 366812819649529,
        "result_frame_number": 77,
        "manual_phase": "disabled",
        "camera_id": "0",
        "options": {
          "capture_template": "still",
          "processing": "default",
          "focus_diopters": null,
          "frame_ms": 0,
          "camera_id": "",
          "dump_characteristics": true
        }
      }
    },
    {
      "frame": 6,
      "variant": "template=still;processing=default;focus=auto;frame_ms=0;camera=default",
      "power": {
        "requested": {
          "frame_duration_ns": 33000000,
          "exposure_ns": 10000000,
          "iso": 100,
          "ae_mode": 1,
          "af_mode": 4,
          "nr_mode": 2,
          "edge_mode": 2,
          "focus_diopters": 0,
          "hot_pixel_mode": 2,
          "aberration_mode": 0,
          "shading_mode": 2,
          "tonemap_mode": 2,
          "face_detect_mode": 0,
          "ois_mode": 1,
          "video_stabilization_mode": 1,
          "capture_intent": 2
        },
        "result": {
          "frame_duration_ns": 66668961,
          "exposure_ns": 32082792,
          "iso": 172,
          "ae_mode": 1,
          "af_mode": 4,
          "nr_mode": 2,
          "edge_mode": 2,
          "focus_diopters": 0,
          "hot_pixel_mode": 2,
          "aberration_mode": 0,
          "shading_mode": 2,
          "tonemap_mode": 2,
          "face_detect_mode": 0,
          "ois_mode": 1,
          "video_stabilization_mode": 1,
          "capture_intent": 2
        },
        "result_sensor_timestamp_ns": 366813750839408,
        "result_frame_number": 91,
        "manual_phase": "disabled",
        "camera_id": "0",
        "options": {
          "capture_template": "still",
          "processing": "default",
          "focus_diopters": null,
          "frame_ms": 0,
          "camera_id": "",
          "dump_characteristics": true
        }
      }
    },
    {
      "frame": 7,
      "variant": "template=still;processing=default;focus=auto;frame_ms=0;camera=default",
      "power": {
        "requested": {
          "frame_duration_ns": 33000000,
          "exposure_ns": 10000000,
          "iso": 100,
          "ae_mode": 1,
          "af_mode": 4,
          "nr_mode": 2,
          "edge_mode": 2,
          "focus_diopters": 0,
          "hot_pixel_mode": 2,
          "aberration_mode": 0,
          "shading_mode": 2,
          "tonemap_mode": 2,
          "face_detect_mode": 0,
          "ois_mode": 1,
          "video_stabilization_mode": 1,
          "capture_intent": 2
        },
        "result": {
          "frame_duration_ns": 66668961,
          "exposure_ns": 33326275,
          "iso": 164,
          "ae_mode": 1,
          "af_mode": 4,
          "nr_mode": 2,
          "edge_mode": 2,
          "focus_diopters": 0,
          "hot_pixel_mode": 2,
          "aberration_mode": 0,
          "shading_mode": 2,
          "tonemap_mode": 2,
          "face_detect_mode": 0,
          "ois_mode": 1,
          "video_stabilization_mode": 1,
          "capture_intent": 2
        },
        "result_sensor_timestamp_ns": 366814746743458,
        "result_frame_number": 106,
        "manual_phase": "disabled",
        "camera_id": "0",
        "options": {
          "capture_template": "still",
          "processing": "default",
          "focus_diopters": null,
          "frame_ms": 0,
          "camera_id": "",
          "dump_characteristics": true
        }
      }
    },
    {
      "frame": 8,
      "variant": "template=still;processing=default;focus=auto;frame_ms=0;camera=default",
      "power": {
        "requested": {
          "frame_duration_ns": 33000000,
          "exposure_ns": 10000000,
          "iso": 100,
          "ae_mode": 1,
          "af_mode": 4,
          "nr_mode": 2,
          "edge_mode": 2,
          "focus_diopters": 0,
          "hot_pixel_mode": 2,
          "aberration_mode": 0,
          "shading_mode": 2,
          "tonemap_mode": 2,
          "face_detect_mode": 0,
          "ois_mode": 1,
          "video_stabilization_mode": 1,
          "capture_intent": 2
        },
        "result": {
          "frame_duration_ns": 66668961,
          "exposure_ns": 34482577,
          "iso": 160,
          "ae_mode": 1,
          "af_mode": 4,
          "nr_mode": 2,
          "edge_mode": 2,
          "focus_diopters": 0,
          "hot_pixel_mode": 2,
          "aberration_mode": 0,
          "shading_mode": 2,
          "tonemap_mode": 2,
          "face_detect_mode": 0,
          "ois_mode": 1,
          "video_stabilization_mode": 1,
          "capture_intent": 2
        },
        "result_sensor_timestamp_ns": 366815742979108,
        "result_frame_number": 121,
        "manual_phase": "disabled",
        "camera_id": "0",
        "options": {
          "capture_template": "still",
          "processing": "default",
          "focus_diopters": null,
          "frame_ms": 0,
          "camera_id": "",
          "dump_characteristics": true
        }
      }
    },
    {
      "frame": 9,
      "variant": "template=still;processing=default;focus=auto;frame_ms=0;camera=default",
      "power": {
        "requested": {
          "frame_duration_ns": 33000000,
          "exposure_ns": 10000000,
          "iso": 100,
          "ae_mode": 1,
          "af_mode": 4,
          "nr_mode": 1,
          "edge_mode": 1,
          "focus_diopters": 0,
          "hot_pixel_mode": 1,
          "aberration_mode": 0,
          "shading_mode": 1,
          "tonemap_mode": 1,
          "face_detect_mode": 0,
          "ois_mode": 1,
          "video_stabilization_mode": 1,
          "capture_intent": 1
        },
        "result": {
          "frame_duration_ns": 66668961,
          "exposure_ns": 34601878,
          "iso": 158,
          "ae_mode": 1,
          "af_mode": 4,
          "nr_mode": 1,
          "edge_mode": 1,
          "focus_diopters": 0,
          "hot_pixel_mode": 1,
          "aberration_mode": 0,
          "shading_mode": 1,
          "tonemap_mode": 1,
          "face_detect_mode": 0,
          "ois_mode": 1,
          "video_stabilization_mode": 1,
          "capture_intent": 1
        },
        "result_sensor_timestamp_ns": 366816806744558,
        "result_frame_number": 137,
        "manual_phase": "disabled",
        "camera_id": "0",
        "options": {
          "capture_template": "still",
          "processing": "default",
          "focus_diopters": null,
          "frame_ms": 0,
          "camera_id": "",
          "dump_characteristics": true
        }
      }
    },
    {
      "frame": 10,
      "variant": "template=still;processing=default;focus=auto;frame_ms=0;camera=default",
      "power": {
        "requested": {
          "frame_duration_ns": 33000000,
          "exposure_ns": 10000000,
          "iso": 100,
          "ae_mode": 1,
          "af_mode": 4,
          "nr_mode": 2,
          "edge_mode": 2,
          "focus_diopters": 0,
          "hot_pixel_mode": 2,
          "aberration_mode": 0,
          "shading_mode": 2,
          "tonemap_mode": 2,
          "face_detect_mode": 0,
          "ois_mode": 1,
          "video_stabilization_mode": 1,
          "capture_intent": 2
        },
        "result": {
          "frame_duration_ns": 66668961,
          "exposure_ns": 34601878,
          "iso": 158,
          "ae_mode": 1,
          "af_mode": 4,
          "nr_mode": 2,
          "edge_mode": 2,
          "focus_diopters": 0,
          "hot_pixel_mode": 2,
          "aberration_mode": 0,
          "shading_mode": 2,
          "tonemap_mode": 2,
          "face_detect_mode": 0,
          "ois_mode": 1,
          "video_stabilization_mode": 1,
          "capture_intent": 2
        },
        "result_sensor_timestamp_ns": 366817737643670,
        "result_frame_number": 151,
        "manual_phase": "disabled",
        "camera_id": "0",
        "options": {
          "capture_template": "still",
          "processing": "default",
          "focus_diopters": null,
          "frame_ms": 0,
          "camera_id": "",
          "dump_characteristics": true
        }
      }
    },
    {
      "frame": 11,
      "variant": "template=still;processing=default;focus=auto;frame_ms=0;camera=default",
      "power": {
        "requested": {
          "frame_duration_ns": 33000000,
          "exposure_ns": 10000000,
          "iso": 100,
          "ae_mode": 1,
          "af_mode": 4,
          "nr_mode": 2,
          "edge_mode": 2,
          "focus_diopters": 0,
          "hot_pixel_mode": 2,
          "aberration_mode": 0,
          "shading_mode": 2,
          "tonemap_mode": 2,
          "face_detect_mode": 0,
          "ois_mode": 1,
          "video_stabilization_mode": 1,
          "capture_intent": 2
        },
        "result": {
          "frame_duration_ns": 66668961,
          "exposure_ns": 34601878,
          "iso": 158,
          "ae_mode": 1,
          "af_mode": 4,
          "nr_mode": 2,
          "edge_mode": 2,
          "focus_diopters": 0,
          "hot_pixel_mode": 2,
          "aberration_mode": 0,
          "shading_mode": 2,
          "tonemap_mode": 2,
          "face_detect_mode": 0,
          "ois_mode": 1,
          "video_stabilization_mode": 1,
          "capture_intent": 2
        },
        "result_sensor_timestamp_ns": 366818801528422,
        "result_frame_number": 167,
        "manual_phase": "disabled",
        "camera_id": "0",
        "options": {
          "capture_template": "still",
          "processing": "default",
          "focus_diopters": null,
          "frame_ms": 0,
          "camera_id": "",
          "dump_characteristics": true
        }
      }
    },
    {
      "frame": 12,
      "variant": "template=still;processing=default;focus=auto;frame_ms=0;camera=default",
      "power": {
        "requested": {
          "frame_duration_ns": 33000000,
          "exposure_ns": 10000000,
          "iso": 100,
          "ae_mode": 1,
          "af_mode": 4,
          "nr_mode": 2,
          "edge_mode": 2,
          "focus_diopters": 0,
          "hot_pixel_mode": 2,
          "aberration_mode": 0,
          "shading_mode": 2,
          "tonemap_mode": 2,
          "face_detect_mode": 0,
          "ois_mode": 1,
          "video_stabilization_mode": 1,
          "capture_intent": 2
        },
        "result": {
          "frame_duration_ns": 66668961,
          "exposure_ns": 33128970,
          "iso": 166,
          "ae_mode": 1,
          "af_mode": 4,
          "nr_mode": 2,
          "edge_mode": 2,
          "focus_diopters": 0,
          "hot_pixel_mode": 2,
          "aberration_mode": 0,
          "shading_mode": 2,
          "tonemap_mode": 2,
          "face_detect_mode": 0,
          "ois_mode": 1,
          "video_stabilization_mode": 1,
          "capture_intent": 2
        },
        "result_sensor_timestamp_ns": 366819800926845,
        "result_frame_number": 182,
        "manual_phase": "disabled",
        "camera_id": "0",
        "options": {
          "capture_template": "still",
          "processing": "default",
          "focus_diopters": null,
          "frame_ms": 0,
          "camera_id": "",
          "dump_characteristics": true
        }
      }
    },
    {
      "frame": 13,
      "variant": "template=still;processing=default;focus=auto;frame_ms=0;camera=default",
      "power": {
        "requested": {
          "frame_duration_ns": 33000000,
          "exposure_ns": 10000000,
          "iso": 100,
          "ae_mode": 1,
          "af_mode": 4,
          "nr_mode": 2,
          "edge_mode": 2,
          "focus_diopters": 0,
          "hot_pixel_mode": 2,
          "aberration_mode": 0,
          "shading_mode": 2,
          "tonemap_mode": 2,
          "face_detect_mode": 0,
          "ois_mode": 1,
          "video_stabilization_mode": 1,
          "capture_intent": 2
        },
        "result": {
          "frame_duration_ns": 66668961,
          "exposure_ns": 33610762,
          "iso": 163,
          "ae_mode": 1,
          "af_mode": 4,
          "nr_mode": 2,
          "edge_mode": 2,
          "focus_diopters": 0,
          "hot_pixel_mode": 2,
          "aberration_mode": 0,
          "shading_mode": 2,
          "tonemap_mode": 2,
          "face_detect_mode": 0,
          "ois_mode": 1,
          "video_stabilization_mode": 1,
          "capture_intent": 2
        },
        "result_sensor_timestamp_ns": 366820797303442,
        "result_frame_number": 197,
        "manual_phase": "disabled",
        "camera_id": "0",
        "options": {
          "capture_template": "still",
          "processing": "default",
          "focus_diopters": null,
          "frame_ms": 0,
          "camera_id": "",
          "dump_characteristics": true
        }
      }
    },
    {
      "frame": 14,
      "variant": "template=still;processing=default;focus=auto;frame_ms=0;camera=default",
      "power": {
        "requested": {
          "frame_duration_ns": 33000000,
          "exposure_ns": 10000000,
          "iso": 100,
          "ae_mode": 1,
          "af_mode": 4,
          "nr_mode": 2,
          "edge_mode": 2,
          "focus_diopters": 0,
          "hot_pixel_mode": 2,
          "aberration_mode": 0,
          "shading_mode": 2,
          "tonemap_mode": 2,
          "face_detect_mode": 0,
          "ois_mode": 1,
          "video_stabilization_mode": 1,
          "capture_intent": 2
        },
        "result": {
          "frame_duration_ns": 66668961,
          "exposure_ns": 35349804,
          "iso": 156,
          "ae_mode": 1,
          "af_mode": 4,
          "nr_mode": 2,
          "edge_mode": 2,
          "focus_diopters": 0,
          "hot_pixel_mode": 2,
          "aberration_mode": 0,
          "shading_mode": 2,
          "tonemap_mode": 2,
          "face_detect_mode": 0,
          "ois_mode": 1,
          "video_stabilization_mode": 1,
          "capture_intent": 2
        },
        "result_sensor_timestamp_ns": 366821792956312,
        "result_frame_number": 212,
        "manual_phase": "disabled",
        "camera_id": "0",
        "options": {
          "capture_template": "still",
          "processing": "default",
          "focus_diopters": null,
          "frame_ms": 0,
          "camera_id": "",
          "dump_characteristics": true
        }
      }
    },
    {
      "frame": 15,
      "variant": "template=still;processing=default;focus=auto;frame_ms=0;camera=default",
      "power": {
        "requested": {
          "frame_duration_ns": 33000000,
          "exposure_ns": 10000000,
          "iso": 100,
          "ae_mode": 1,
          "af_mode": 4,
          "nr_mode": 2,
          "edge_mode": 2,
          "focus_diopters": 0,
          "hot_pixel_mode": 2,
          "aberration_mode": 0,
          "shading_mode": 2,
          "tonemap_mode": 2,
          "face_detect_mode": 0,
          "ois_mode": 1,
          "video_stabilization_mode": 1,
          "capture_intent": 2
        },
        "result": {
          "frame_duration_ns": 66668961,
          "exposure_ns": 35349804,
          "iso": 156,
          "ae_mode": 1,
          "af_mode": 4,
          "nr_mode": 2,
          "edge_mode": 2,
          "focus_diopters": 0,
          "hot_pixel_mode": 2,
          "aberration_mode": 0,
          "shading_mode": 2,
          "tonemap_mode": 2,
          "face_detect_mode": 0,
          "ois_mode": 1,
          "video_stabilization_mode": 1,
          "capture_intent": 2
        },
        "result_sensor_timestamp_ns": 366822790371088,
        "result_frame_number": 227,
        "manual_phase": "disabled",
        "camera_id": "0",
        "options": {
          "capture_template": "still",
          "processing": "default",
          "focus_diopters": null,
          "frame_ms": 0,
          "camera_id": "",
          "dump_characteristics": true
        }
      }
    },
    {
      "frame": 16,
      "variant": "template=still;processing=default;focus=auto;frame_ms=0;camera=default",
      "power": {
        "requested": {
          "frame_duration_ns": 33000000,
          "exposure_ns": 10000000,
          "iso": 100,
          "ae_mode": 1,
          "af_mode": 4,
          "nr_mode": 1,
          "edge_mode": 1,
          "focus_diopters": 0,
          "hot_pixel_mode": 1,
          "aberration_mode": 0,
          "shading_mode": 1,
          "tonemap_mode": 1,
          "face_detect_mode": 0,
          "ois_mode": 1,
          "video_stabilization_mode": 1,
          "capture_intent": 1
        },
        "result": {
          "frame_duration_ns": 66668961,
          "exposure_ns": 31527583,
          "iso": 174,
          "ae_mode": 1,
          "af_mode": 4,
          "nr_mode": 1,
          "edge_mode": 1,
          "focus_diopters": 0,
          "hot_pixel_mode": 1,
          "aberration_mode": 0,
          "shading_mode": 1,
          "tonemap_mode": 1,
          "face_detect_mode": 0,
          "ois_mode": 1,
          "video_stabilization_mode": 1,
          "capture_intent": 1
        },
        "result_sensor_timestamp_ns": 366823858055235,
        "result_frame_number": 243,
        "manual_phase": "disabled",
        "camera_id": "0",
        "options": {
          "capture_template": "still",
          "processing": "default",
          "focus_diopters": null,
          "frame_ms": 0,
          "camera_id": "",
          "dump_characteristics": true
        }
      }
    },
    {
      "frame": 17,
      "variant": "template=still;processing=default;focus=auto;frame_ms=0;camera=default",
      "power": {
        "requested": {
          "frame_duration_ns": 33000000,
          "exposure_ns": 10000000,
          "iso": 100,
          "ae_mode": 1,
          "af_mode": 4,
          "nr_mode": 2,
          "edge_mode": 2,
          "focus_diopters": 0,
          "hot_pixel_mode": 2,
          "aberration_mode": 0,
          "shading_mode": 2,
          "tonemap_mode": 2,
          "face_detect_mode": 0,
          "ois_mode": 1,
          "video_stabilization_mode": 1,
          "capture_intent": 2
        },
        "result": {
          "frame_duration_ns": 66668961,
          "exposure_ns": 31527583,
          "iso": 174,
          "ae_mode": 1,
          "af_mode": 4,
          "nr_mode": 2,
          "edge_mode": 2,
          "focus_diopters": 0,
          "hot_pixel_mode": 2,
          "aberration_mode": 0,
          "shading_mode": 2,
          "tonemap_mode": 2,
          "face_detect_mode": 0,
          "ois_mode": 1,
          "video_stabilization_mode": 1,
          "capture_intent": 2
        },
        "result_sensor_timestamp_ns": 366824788277542,
        "result_frame_number": 257,
        "manual_phase": "disabled",
        "camera_id": "0",
        "options": {
          "capture_template": "still",
          "processing": "default",
          "focus_diopters": null,
          "frame_ms": 0,
          "camera_id": "",
          "dump_characteristics": true
        }
      }
    }
  ],
  "skin_slope_c_min": 0.8504832903969314,
  "android_status": "0.1s NONE(0)",
  "gate": {
    "at": "2026-10-03T06:32:10Z",
    "z9": 32000,
    "z10": 32000,
    "z11": 32000,
    "skin": 24.795801,
    "status": 0,
    "waited_s": 0,
    "warm_start": false
  },
  "heat_stop": null
}

baseline_last completed
{
  "mean_battery_w": 2.341598539252489,
  "cpu_seconds": {
    "runner": 3.38,
    "llama_server": 0.0,
    "robotcam_app": 4.45,
    "camera_provider": 17.65
  },
  "start_to_first_fresh_s": 1.9579040539974812,
  "stop": {
    "stop_to_stopped_s": 3.6936855480016675,
    "capture_stopped": true,
    "frames_seen": [
      {
        "session": "030f4ee34b9a3054",
        "frame": 19,
        "t": 0.01
      }
    ],
    "unreadable_reads": 0,
    "check_s": 3.09,
    "force_stop_rc": 0,
    "force_stop_output": "",
    "pids_after_force_stop": []
  },
  "frames_ok": 19,
  "frames_failed": 16,
  "repeat_polls": 122,
  "age_median_s": 0.3148228880017996,
  "age_p95_s": 0.40983591304393485,
  "luma": {
    "median": 150.84984375,
    "min": 150.60787109375
  },
  "sharpness": {
    "median": 349.5998468218373,
    "min": 337.05796482626846
  },
  "paired_diagnostics": 15,
  "applied_observations": [
    {
      "frame": 1,
      "variant": "template=still;processing=default;focus=auto;frame_ms=0;camera=default",
      "power": {
        "requested": {
          "frame_duration_ns": 33000000,
          "exposure_ns": 10000000,
          "iso": 100,
          "ae_mode": 1,
          "af_mode": 4,
          "nr_mode": 1,
          "edge_mode": 1,
          "focus_diopters": 0,
          "hot_pixel_mode": 1,
          "aberration_mode": 0,
          "shading_mode": 1,
          "tonemap_mode": 1,
          "face_detect_mode": 0,
          "ois_mode": 1,
          "video_stabilization_mode": 1,
          "capture_intent": 1
        },
        "result": {
          "frame_duration_ns": 66668961,
          "exposure_ns": 13439716,
          "iso": 410,
          "ae_mode": 1,
          "af_mode": 4,
          "nr_mode": 1,
          "edge_mode": 1,
          "focus_diopters": 0,
          "hot_pixel_mode": 1,
          "aberration_mode": 0,
          "shading_mode": 1,
          "tonemap_mode": 1,
          "face_detect_mode": 0,
          "ois_mode": 1,
          "video_stabilization_mode": 1,
          "capture_intent": 1
        },
        "result_sensor_timestamp_ns": 366832875894507,
        "result_frame_number": 17,
        "manual_phase": "disabled",
        "camera_id": "0",
        "options": {
          "capture_template": "still",
          "processing": "default",
          "focus_diopters": null,
          "frame_ms": 0,
          "camera_id": "",
          "dump_characteristics": false
        }
      }
    },
    {
      "frame": 2,
      "variant": "template=still;processing=default;focus=auto;frame_ms=0;camera=default",
      "power": {
        "requested": {
          "frame_duration_ns": 33000000,
          "exposure_ns": 10000000,
          "iso": 100,
          "ae_mode": 1,
          "af_mode": 4,
          "nr_mode": 1,
          "edge_mode": 1,
          "focus_diopters": 0,
          "hot_pixel_mode": 1,
          "aberration_mode": 0,
          "shading_mode": 1,
          "tonemap_mode": 1,
          "face_detect_mode": 0,
          "ois_mode": 1,
          "video_stabilization_mode": 1,
          "capture_intent": 1
        },
        "result": {
          "frame_duration_ns": 66668961,
          "exposure_ns": 34964370,
          "iso": 157,
          "ae_mode": 1,
          "af_mode": 4,
          "nr_mode": 1,
          "edge_mode": 1,
          "focus_diopters": 0,
          "hot_pixel_mode": 1,
          "aberration_mode": 0,
          "shading_mode": 1,
          "tonemap_mode": 1,
          "face_detect_mode": 0,
          "ois_mode": 1,
          "video_stabilization_mode": 1,
          "capture_intent": 1
        },
        "result_sensor_timestamp_ns": 366833851761765,
        "result_frame_number": 32,
        "manual_phase": "disabled",
        "camera_id": "0",
        "options": {
          "capture_template": "still",
          "processing": "default",
          "focus_diopters": null,
          "frame_ms": 0,
          "camera_id": "",
          "dump_characteristics": false
        }
      }
    },
    {
      "frame": 3,
      "variant": "template=still;processing=default;focus=auto;frame_ms=0;camera=default",
      "power": {
        "requested": {
          "frame_duration_ns": 33000000,
          "exposure_ns": 10000000,
          "iso": 100,
          "ae_mode": 1,
          "af_mode": 4,
          "nr_mode": 2,
          "edge_mode": 2,
          "focus_diopters": 0,
          "hot_pixel_mode": 2,
          "aberration_mode": 0,
          "shading_mode": 2,
          "tonemap_mode": 2,
          "face_detect_mode": 0,
          "ois_mode": 1,
          "video_stabilization_mode": 1,
          "capture_intent": 2
        },
        "result": {
          "frame_duration_ns": 66668961,
          "exposure_ns": 34964370,
          "iso": 157,
          "ae_mode": 1,
          "af_mode": 4,
          "nr_mode": 2,
          "edge_mode": 2,
          "focus_diopters": 0,
          "hot_pixel_mode": 2,
          "aberration_mode": 0,
          "shading_mode": 2,
          "tonemap_mode": 2,
          "face_detect_mode": 0,
          "ois_mode": 1,
          "video_stabilization_mode": 1,
          "capture_intent": 2
        },
        "result_sensor_timestamp_ns": 366834782660918,
        "result_frame_number": 46,
        "manual_phase": "disabled",
        "camera_id": "0",
        "options": {
          "capture_template": "still",
          "processing": "default",
          "focus_diopters": null,
          "frame_ms": 0,
          "camera_id": "",
          "dump_characteristics": false
        }
      }
    },
    {
      "frame": 5,
      "variant": "template=still;processing=default;focus=auto;frame_ms=0;camera=default",
      "power": {
        "requested": {
          "frame_duration_ns": 33000000,
          "exposure_ns": 10000000,
          "iso": 100,
          "ae_mode": 1,
          "af_mode": 4,
          "nr_mode": 2,
          "edge_mode": 2,
          "focus_diopters": 0,
          "hot_pixel_mode": 2,
          "aberration_mode": 0,
          "shading_mode": 2,
          "tonemap_mode": 2,
          "face_detect_mode": 0,
          "ois_mode": 1,
          "video_stabilization_mode": 1,
          "capture_intent": 2
        },
        "result": {
          "frame_duration_ns": 66668961,
          "exposure_ns": 33326275,
          "iso": 164,
          "ae_mode": 1,
          "af_mode": 4,
          "nr_mode": 2,
          "edge_mode": 2,
          "focus_diopters": 0,
          "hot_pixel_mode": 2,
          "aberration_mode": 0,
          "shading_mode": 2,
          "tonemap_mode": 2,
          "face_detect_mode": 0,
          "ois_mode": 1,
          "video_stabilization_mode": 1,
          "capture_intent": 2
        },
        "result_sensor_timestamp_ns": 366836779237130,
        "result_frame_number": 76,
        "manual_phase": "disabled",
        "camera_id": "0",
        "options": {
          "capture_template": "still",
          "processing": "default",
          "focus_diopters": null,
          "frame_ms": 0,
          "camera_id": "",
          "dump_characteristics": false
        }
      }
    },
    {
      "frame": 6,
      "variant": "template=still;processing=default;focus=auto;frame_ms=0;camera=default",
      "power": {
        "requested": {
          "frame_duration_ns": 33000000,
          "exposure_ns": 10000000,
          "iso": 100,
          "ae_mode": 1,
          "af_mode": 4,
          "nr_mode": 1,
          "edge_mode": 1,
          "focus_diopters": 0,
          "hot_pixel_mode": 1,
          "aberration_mode": 0,
          "shading_mode": 1,
          "tonemap_mode": 1,
          "face_detect_mode": 0,
          "ois_mode": 1,
          "video_stabilization_mode": 1,
          "capture_intent": 1
        },
        "result": {
          "frame_duration_ns": 66668961,
          "exposure_ns": 33326275,
          "iso": 164,
          "ae_mode": 1,
          "af_mode": 4,
          "nr_mode": 1,
          "edge_mode": 1,
          "focus_diopters": 0,
          "hot_pixel_mode": 1,
          "aberration_mode": 0,
          "shading_mode": 1,
          "tonemap_mode": 1,
          "face_detect_mode": 0,
          "ois_mode": 1,
          "video_stabilization_mode": 1,
          "capture_intent": 1
        },
        "result_sensor_timestamp_ns": 366837842712498,
        "result_frame_number": 92,
        "manual_phase": "disabled",
        "camera_id": "0",
        "options": {
          "capture_template": "still",
          "processing": "default",
          "focus_diopters": null,
          "frame_ms": 0,
          "camera_id": "",
          "dump_characteristics": false
        }
      }
    },
    {
      "frame": 7,
      "variant": "template=still;processing=default;focus=auto;frame_ms=0;camera=default",
      "power": {
        "requested": {
          "frame_duration_ns": 33000000,
          "exposure_ns": 10000000,
          "iso": 100,
          "ae_mode": 1,
          "af_mode": 4,
          "nr_mode": 1,
          "edge_mode": 1,
          "focus_diopters": 0,
          "hot_pixel_mode": 1,
          "aberration_mode": 0,
          "shading_mode": 1,
          "tonemap_mode": 1,
          "face_detect_mode": 0,
          "ois_mode": 1,
          "video_stabilization_mode": 1,
          "capture_intent": 1
        },
        "result": {
          "frame_duration_ns": 66668961,
          "exposure_ns": 33326275,
          "iso": 164,
          "ae_mode": 1,
          "af_mode": 4,
          "nr_mode": 1,
          "edge_mode": 1,
          "focus_diopters": 0,
          "hot_pixel_mode": 1,
          "aberration_mode": 0,
          "shading_mode": 1,
          "tonemap_mode": 1,
          "face_detect_mode": 0,
          "ois_mode": 1,
          "video_stabilization_mode": 1,
          "capture_intent": 1
        },
        "result_sensor_timestamp_ns": 366838840095864,
        "result_frame_number": 107,
        "manual_phase": "disabled",
        "camera_id": "0",
        "options": {
          "capture_template": "still",
          "processing": "default",
          "focus_diopters": null,
          "frame_ms": 0,
          "camera_id": "",
          "dump_characteristics": false
        }
      }
    },
    {
      "frame": 8,
      "variant": "template=still;processing=default;focus=auto;frame_ms=0;camera=default",
      "power": {
        "requested": {
          "frame_duration_ns": 33000000,
          "exposure_ns": 10000000,
          "iso": 100,
          "ae_mode": 1,
          "af_mode": 4,
          "nr_mode": 1,
          "edge_mode": 1,
          "focus_diopters": 0,
          "hot_pixel_mode": 1,
          "aberration_mode": 0,
          "shading_mode": 1,
          "tonemap_mode": 1,
          "face_detect_mode": 0,
          "ois_mode": 1,
          "video_stabilization_mode": 1,
          "capture_intent": 1
        },
        "result": {
          "frame_duration_ns": 66668961,
          "exposure_ns": 35395689,
          "iso": 156,
          "ae_mode": 1,
          "af_mode": 4,
          "nr_mode": 1,
          "edge_mode": 1,
          "focus_diopters": 0,
          "hot_pixel_mode": 1,
          "aberration_mode": 0,
          "shading_mode": 1,
          "tonemap_mode": 1,
          "face_detect_mode": 0,
          "ois_mode": 1,
          "video_stabilization_mode": 1,
          "capture_intent": 1
        },
        "result_sensor_timestamp_ns": 366839835552518,
        "result_frame_number": 122,
        "manual_phase": "disabled",
        "camera_id": "0",
        "options": {
          "capture_template": "still",
          "processing": "default",
          "focus_diopters": null,
          "frame_ms": 0,
          "camera_id": "",
          "dump_characteristics": false
        }
      }
    },
    {
      "frame": 9,
      "variant": "template=still;processing=default;focus=auto;frame_ms=0;camera=default",
      "power": {
        "requested": {
          "frame_duration_ns": 33000000,
          "exposure_ns": 10000000,
          "iso": 100,
          "ae_mode": 1,
          "af_mode": 4,
          "nr_mode": 2,
          "edge_mode": 2,
          "focus_diopters": 0,
          "hot_pixel_mode": 2,
          "aberration_mode": 0,
          "shading_mode": 2,
          "tonemap_mode": 2,
          "face_detect_mode": 0,
          "ois_mode": 1,
          "video_stabilization_mode": 1,
          "capture_intent": 2
        },
        "result": {
          "frame_duration_ns": 66668961,
          "exposure_ns": 31444990,
          "iso": 174,
          "ae_mode": 1,
          "af_mode": 4,
          "nr_mode": 2,
          "edge_mode": 2,
          "focus_diopters": 0,
          "hot_pixel_mode": 2,
          "aberration_mode": 0,
          "shading_mode": 2,
          "tonemap_mode": 2,
          "face_detect_mode": 0,
          "ois_mode": 1,
          "video_stabilization_mode": 1,
          "capture_intent": 2
        },
        "result_sensor_timestamp_ns": 366840770531969,
        "result_frame_number": 136,
        "manual_phase": "disabled",
        "camera_id": "0",
        "options": {
          "capture_template": "still",
          "processing": "default",
          "focus_diopters": null,
          "frame_ms": 0,
          "camera_id": "",
          "dump_characteristics": false
        }
      }
    },
    {
      "frame": 10,
      "variant": "template=still;processing=default;focus=auto;frame_ms=0;camera=default",
      "power": {
        "requested": {
          "frame_duration_ns": 33000000,
          "exposure_ns": 10000000,
          "iso": 100,
          "ae_mode": 1,
          "af_mode": 4,
          "nr_mode": 2,
          "edge_mode": 2,
          "focus_diopters": 0,
          "hot_pixel_mode": 2,
          "aberration_mode": 0,
          "shading_mode": 2,
          "tonemap_mode": 2,
          "face_detect_mode": 0,
          "ois_mode": 1,
          "video_stabilization_mode": 1,
          "capture_intent": 2
        },
        "result": {
          "frame_duration_ns": 66668961,
          "exposure_ns": 31444990,
          "iso": 174,
          "ae_mode": 1,
          "af_mode": 4,
          "nr_mode": 2,
          "edge_mode": 2,
          "focus_diopters": 0,
          "hot_pixel_mode": 2,
          "aberration_mode": 0,
          "shading_mode": 2,
          "tonemap_mode": 2,
          "face_detect_mode": 0,
          "ois_mode": 1,
          "video_stabilization_mode": 1,
          "capture_intent": 2
        },
        "result_sensor_timestamp_ns": 366841767923921,
        "result_frame_number": 151,
        "manual_phase": "disabled",
        "camera_id": "0",
        "options": {
          "capture_template": "still",
          "processing": "default",
          "focus_diopters": null,
          "frame_ms": 0,
          "camera_id": "",
          "dump_characteristics": false
        }
      }
    },
    {
      "frame": 12,
      "variant": "template=still;processing=default;focus=auto;frame_ms=0;camera=default",
      "power": {
        "requested": {
          "frame_duration_ns": 33000000,
          "exposure_ns": 10000000,
          "iso": 100,
          "ae_mode": 1,
          "af_mode": 4,
          "nr_mode": 2,
          "edge_mode": 2,
          "focus_diopters": 0,
          "hot_pixel_mode": 2,
          "aberration_mode": 0,
          "shading_mode": 2,
          "tonemap_mode": 2,
          "face_detect_mode": 0,
          "ois_mode": 1,
          "video_stabilization_mode": 1,
          "capture_intent": 2
        },
        "result": {
          "frame_duration_ns": 66668961,
          "exposure_ns": 34601878,
          "iso": 158,
          "ae_mode": 1,
          "af_mode": 4,
          "nr_mode": 2,
          "edge_mode": 2,
          "focus_diopters": 0,
          "hot_pixel_mode": 2,
          "aberration_mode": 0,
          "shading_mode": 2,
          "tonemap_mode": 2,
          "face_detect_mode": 0,
          "ois_mode": 1,
          "video_stabilization_mode": 1,
          "capture_intent": 2
        },
        "result_sensor_timestamp_ns": 366843826047071,
        "result_frame_number": 182,
        "manual_phase": "disabled",
        "camera_id": "0",
        "options": {
          "capture_template": "still",
          "processing": "default",
          "focus_diopters": null,
          "frame_ms": 0,
          "camera_id": "",
          "dump_characteristics": false
        }
      }
    },
    {
      "frame": 13,
      "variant": "template=still;processing=default;focus=auto;frame_ms=0;camera=default",
      "power": {
        "requested": {
          "frame_duration_ns": 33000000,
          "exposure_ns": 10000000,
          "iso": 100,
          "ae_mode": 1,
          "af_mode": 4,
          "nr_mode": 1,
          "edge_mode": 1,
          "focus_diopters": 0,
          "hot_pixel_mode": 1,
          "aberration_mode": 0,
          "shading_mode": 1,
          "tonemap_mode": 1,
          "face_detect_mode": 0,
          "ois_mode": 1,
          "video_stabilization_mode": 1,
          "capture_intent": 1
        },
        "result": {
          "frame_duration_ns": 66668961,
          "exposure_ns": 34601878,
          "iso": 158,
          "ae_mode": 1,
          "af_mode": 4,
          "nr_mode": 1,
          "edge_mode": 1,
          "focus_diopters": 0,
          "hot_pixel_mode": 1,
          "aberration_mode": 0,
          "shading_mode": 1,
          "tonemap_mode": 1,
          "face_detect_mode": 0,
          "ois_mode": 1,
          "video_stabilization_mode": 1,
          "capture_intent": 1
        },
        "result_sensor_timestamp_ns": 366844890466694,
        "result_frame_number": 198,
        "manual_phase": "disabled",
        "camera_id": "0",
        "options": {
          "capture_template": "still",
          "processing": "default",
          "focus_diopters": null,
          "frame_ms": 0,
          "camera_id": "",
          "dump_characteristics": false
        }
      }
    },
    {
      "frame": 14,
      "variant": "template=still;processing=default;focus=auto;frame_ms=0;camera=default",
      "power": {
        "requested": {
          "frame_duration_ns": 33000000,
          "exposure_ns": 10000000,
          "iso": 100,
          "ae_mode": 1,
          "af_mode": 4,
          "nr_mode": 2,
          "edge_mode": 2,
          "focus_diopters": 0,
          "hot_pixel_mode": 2,
          "aberration_mode": 0,
          "shading_mode": 2,
          "tonemap_mode": 2,
          "face_detect_mode": 0,
          "ois_mode": 1,
          "video_stabilization_mode": 1,
          "capture_intent": 2
        },
        "result": {
          "frame_duration_ns": 66668961,
          "exposure_ns": 35175441,
          "iso": 156,
          "ae_mode": 1,
          "af_mode": 4,
          "nr_mode": 2,
          "edge_mode": 2,
          "focus_diopters": 0,
          "hot_pixel_mode": 2,
          "aberration_mode": 0,
          "shading_mode": 2,
          "tonemap_mode": 2,
          "face_detect_mode": 0,
          "ois_mode": 1,
          "video_stabilization_mode": 1,
          "capture_intent": 2
        },
        "result_sensor_timestamp_ns": 366845820254037,
        "result_frame_number": 212,
        "manual_phase": "disabled",
        "camera_id": "0",
        "options": {
          "capture_template": "still",
          "processing": "default",
          "focus_diopters": null,
          "frame_ms": 0,
          "camera_id": "",
          "dump_characteristics": false
        }
      }
    },
    {
      "frame": 15,
      "variant": "template=still;processing=default;focus=auto;frame_ms=0;camera=default",
      "power": {
        "requested": {
          "frame_duration_ns": 33000000,
          "exposure_ns": 10000000,
          "iso": 100,
          "ae_mode": 1,
          "af_mode": 4,
          "nr_mode": 2,
          "edge_mode": 2,
          "focus_diopters": 0,
          "hot_pixel_mode": 2,
          "aberration_mode": 0,
          "shading_mode": 2,
          "tonemap_mode": 2,
          "face_detect_mode": 0,
          "ois_mode": 1,
          "video_stabilization_mode": 1,
          "capture_intent": 2
        },
        "result": {
          "frame_duration_ns": 66668961,
          "exposure_ns": 36143614,
          "iso": 153,
          "ae_mode": 1,
          "af_mode": 4,
          "nr_mode": 2,
          "edge_mode": 2,
          "focus_diopters": 0,
          "hot_pixel_mode": 2,
          "aberration_mode": 0,
          "shading_mode": 2,
          "tonemap_mode": 2,
          "face_detect_mode": 0,
          "ois_mode": 1,
          "video_stabilization_mode": 1,
          "capture_intent": 2
        },
        "result_sensor_timestamp_ns": 366846816677775,
        "result_frame_number": 227,
        "manual_phase": "disabled",
        "camera_id": "0",
        "options": {
          "capture_template": "still",
          "processing": "default",
          "focus_diopters": null,
          "frame_ms": 0,
          "camera_id": "",
          "dump_characteristics": false
        }
      }
    },
    {
      "frame": 18,
      "variant": "template=still;processing=default;focus=auto;frame_ms=0;camera=default",
      "power": {
        "requested": {
          "frame_duration_ns": 33000000,
          "exposure_ns": 10000000,
          "iso": 100,
          "ae_mode": 1,
          "af_mode": 4,
          "nr_mode": 1,
          "edge_mode": 1,
          "focus_diopters": 0,
          "hot_pixel_mode": 1,
          "aberration_mode": 0,
          "shading_mode": 1,
          "tonemap_mode": 1,
          "face_detect_mode": 0,
          "ois_mode": 1,
          "video_stabilization_mode": 1,
          "capture_intent": 1
        },
        "result": {
          "frame_duration_ns": 66668961,
          "exposure_ns": 32257155,
          "iso": 170,
          "ae_mode": 1,
          "af_mode": 4,
          "nr_mode": 1,
          "edge_mode": 1,
          "focus_diopters": 0,
          "hot_pixel_mode": 1,
          "aberration_mode": 0,
          "shading_mode": 1,
          "tonemap_mode": 1,
          "face_detect_mode": 0,
          "ois_mode": 1,
          "video_stabilization_mode": 1,
          "capture_intent": 1
        },
        "result_sensor_timestamp_ns": 366849879263609,
        "result_frame_number": 273,
        "manual_phase": "disabled",
        "camera_id": "0",
        "options": {
          "capture_template": "still",
          "processing": "default",
          "focus_diopters": null,
          "frame_ms": 0,
          "camera_id": "",
          "dump_characteristics": false
        }
      }
    },
    {
      "frame": 19,
      "variant": "template=still;processing=default;focus=auto;frame_ms=0;camera=default",
      "power": {
        "requested": {
          "frame_duration_ns": 33000000,
          "exposure_ns": 10000000,
          "iso": 100,
          "ae_mode": 1,
          "af_mode": 4,
          "nr_mode": 2,
          "edge_mode": 2,
          "focus_diopters": 0,
          "hot_pixel_mode": 2,
          "aberration_mode": 0,
          "shading_mode": 2,
          "tonemap_mode": 2,
          "face_detect_mode": 0,
          "ois_mode": 1,
          "video_stabilization_mode": 1,
          "capture_intent": 2
        },
        "result": {
          "frame_duration_ns": 66668961,
          "exposure_ns": 33642882,
          "iso": 163,
          "ae_mode": 1,
          "af_mode": 4,
          "nr_mode": 2,
          "edge_mode": 2,
          "focus_diopters": 0,
          "hot_pixel_mode": 2,
          "aberration_mode": 0,
          "shading_mode": 2,
          "tonemap_mode": 2,
          "face_detect_mode": 0,
          "ois_mode": 1,
          "video_stabilization_mode": 1,
          "capture_intent": 2
        },
        "result_sensor_timestamp_ns": 366850808746274,
        "result_frame_number": 287,
        "manual_phase": "disabled",
        "camera_id": "0",
        "options": {
          "capture_template": "still",
          "processing": "default",
          "focus_diopters": null,
          "frame_ms": 0,
          "camera_id": "",
          "dump_characteristics": false
        }
      }
    }
  ],
  "skin_slope_c_min": 0.6721368559880029,
  "android_status": "0.1s NONE(0)",
  "gate": {
    "at": "2026-10-03T06:32:31Z",
    "z9": 32000,
    "z10": 33000,
    "z11": 33000,
    "skin": 25.1376,
    "status": 0,
    "waited_s": 0,
    "warm_start": false
  },
  "heat_stop": null
}

INCOMPLETE: manual_500: camera frames failed/missing or no paired diagnostics
INCOMPLETE: manual_500: three saved frames missing
RUN INCOMPLETE: see report.txt
[oneshot] RUNNER FAILED (exit 1); console log: /data/data/com.termux/files/home/camera_power/oneshot_console_20261003T062323Z.log
[oneshot] screen timeout restored to 1800000 ms; read back: 1800000
[oneshot] stopped logger
