[oneshot] screen timeout was 1800000 ms; set to 2147483647 for the run (read back)
[oneshot] CPU-core reading, not a heat state: 2026-10-03T07:30:45Z z9=37000 z10=37000 z11=37000 CPU-core_reading,_not_a_heat_state=1
[oneshot] idling 5 minutes; keep Termux in front
[oneshot] CPU-core reading, not a heat state after idle: 2026-10-03T07:35:45Z z9=32000 z10=30000 z11=31000 CPU-core_reading,_not_a_heat_state=1
/data/data/com.termux/files/usr/lib/python3.13/site-packages/onnxruntime/capi/onnxruntime_validation.py:66: UserWarning: Unsupported platform (android). ONNX Runtime supports Linux, macOS, AIX and Windows platforms, only.
  warnings.warn(
Blocks: 8, 2.7 min. Wall estimate including idle: 7.7–7.7 min + startup/stop checks.
SMOKE: not a measurement
CAMPOWER2 — SMOKE: not a measurement
Camera-only, no detector/model/selector calls. Helper imports load modules only.
Power includes camera startup; STOP/check/force-stop outside block. CPU boundary-query overhead uncorrected.
Image metrics: upright image stretched to 320x320 bilinear grayscale; saved images re-encoded quality 95.
frames_failed counts post-start non-ok/non-repeat polls; startup_wait_polls is pre-first-frame latency.
missing means absent, age >2 s, or predates start; bad means decode/comment/clock failure. Repeats and unpaired sidecars are separate.
Sharpness may rise with noise; inspect saved images. Latest result may describe preview/previous frame.
Battery 0.5 s; fuel-gauge averaging unverified; gaps >1.5 s give n/a. Zone9/10/11 are fault sensors.

baseline_first completed
{
  "mean_battery_w": 2.3176018762396793,
  "cpu_seconds": {
    "runner": 3.33,
    "llama_server": 0.0,
    "robotcam_app": 4.34,
    "camera_provider": 17.46
  },
  "start_to_first_fresh_s": 2.1239469410211314,
  "stop": {
    "stop_to_stopped_s": 3.625970500987023,
    "capture_stopped": true,
    "frames_seen": [],
    "unreadable_reads": 0,
    "check_s": 3.08,
    "force_stop_rc": 0,
    "force_stop_output": "",
    "pids_after_force_stop": []
  },
  "frames_ok": 18,
  "startup_wait_polls": 17,
  "frames_failed": 0,
  "raw_status_counts": {
    "missing": 17,
    "ok": 18,
    "repeat": 122
  },
  "new_frame_gap_max_s": 1.1717372639977839,
  "observed_publish_hz": 1.003568956506625,
  "unpaired_diagnostics": 2,
  "repeat_polls": 122,
  "age_median_s": 0.3184742584999185,
  "age_p95_s": 0.4492399480077438,
  "luma": {
    "median": 139.868623046875,
    "min": 138.658505859375
  },
  "sharpness": {
    "median": 189.34384323333575,
    "min": 168.21565791046982
  },
  "paired_diagnostics": 16,
  "applied_observations": [
    {
      "frame": 1,
      "variant": "template=still;processing=default;focus=auto;frame_ms=0;camera=default",
      "power": {
        "requested": {
          "frame_duration_ns": 33000000,
          "exposure_ns": 10000000,
          "iso": 100,
          "post_raw_boost": 100,
          "ae_mode": 1,
          "af_mode": 4,
          "nr_mode": 1,
          "edge_mode": 1,
          "focus_diopters": 0,
          "hot_pixel_mode": 1,
          "aberration_mode": 0,
          "shading_mode": 1,
          "tonemap_mode": 1,
          "face_detect_mode": 0,
          "ois_mode": 1,
          "video_stabilization_mode": 1,
          "capture_intent": 1
        },
        "result": {
          "frame_duration_ns": 66668961,
          "exposure_ns": 9704677,
          "iso": 356,
          "post_raw_boost": 100,
          "ae_mode": 1,
          "af_mode": 4,
          "nr_mode": 1,
          "edge_mode": 1,
          "focus_diopters": 1.1883197,
          "hot_pixel_mode": 1,
          "aberration_mode": 0,
          "shading_mode": 1,
          "tonemap_mode": 1,
          "face_detect_mode": 0,
          "ois_mode": 1,
          "video_stabilization_mode": 1,
          "capture_intent": 1
        },
        "result_sensor_timestamp_ns": 370627464300301,
        "result_frame_number": 18,
        "manual_phase": "disabled",
        "camera_id": "0",
        "schema_version": 2,
        "options": {
          "capture_template": "still",
          "processing": "default",
          "focus_diopters": null,
          "frame_ms": 0,
          "camera_id": "",
          "dump_characteristics": false
        }
      }
    },
    {
      "frame": 3,
      "variant": "template=still;processing=default;focus=auto;frame_ms=0;camera=default",
      "power": {
        "requested": {
          "frame_duration_ns": 33000000,
          "exposure_ns": 10000000,
          "iso": 100,
          "post_raw_boost": 100,
          "ae_mode": 1,
          "af_mode": 4,
          "nr_mode": 2,
          "edge_mode": 2,
          "focus_diopters": 0,
          "hot_pixel_mode": 2,
          "aberration_mode": 0,
          "shading_mode": 2,
          "tonemap_mode": 2,
          "face_detect_mode": 0,
          "ois_mode": 1,
          "video_stabilization_mode": 1,
          "capture_intent": 2
        },
        "result": {
          "frame_duration_ns": 66668961,
          "exposure_ns": 19413943,
          "iso": 170,
          "post_raw_boost": 100,
          "ae_mode": 1,
          "af_mode": 4,
          "nr_mode": 2,
          "edge_mode": 2,
          "focus_diopters": 1.5762302,
          "hot_pixel_mode": 2,
          "aberration_mode": 0,
          "shading_mode": 2,
          "tonemap_mode": 2,
          "face_detect_mode": 0,
          "ois_mode": 1,
          "video_stabilization_mode": 1,
          "capture_intent": 2
        },
        "result_sensor_timestamp_ns": 370629316300675,
        "result_frame_number": 46,
        "manual_phase": "disabled",
        "camera_id": "0",
        "schema_version": 2,
        "options": {
          "capture_template": "still",
          "processing": "default",
          "focus_diopters": null,
          "frame_ms": 0,
          "camera_id": "",
          "dump_characteristics": false
        }
      }
    },
    {
      "frame": 4,
      "variant": "template=still;processing=default;focus=auto;frame_ms=0;camera=default",
      "power": {
        "requested": {
          "frame_duration_ns": 33000000,
          "exposure_ns": 10000000,
          "iso": 100,
          "post_raw_boost": 100,
          "ae_mode": 1,
          "af_mode": 4,
          "nr_mode": 2,
          "edge_mode": 2,
          "focus_diopters": 0,
          "hot_pixel_mode": 2,
          "aberration_mode": 0,
          "shading_mode": 2,
          "tonemap_mode": 2,
          "face_detect_mode": 0,
          "ois_mode": 1,
          "video_stabilization_mode": 1,
          "capture_intent": 2
        },
        "result": {
          "frame_duration_ns": 66668961,
          "exposure_ns": 33326275,
          "iso": 99,
          "post_raw_boost": 100,
          "ae_mode": 1,
          "af_mode": 4,
          "nr_mode": 2,
          "edge_mode": 2,
          "focus_diopters": 1.3648992,
          "hot_pixel_mode": 2,
          "aberration_mode": 0,
          "shading_mode": 2,
          "tonemap_mode": 2,
          "face_detect_mode": 0,
          "ois_mode": 1,
          "video_stabilization_mode": 1,
          "capture_intent": 2
        },
        "result_sensor_timestamp_ns": 370630299762109,
        "result_frame_number": 61,
        "manual_phase": "disabled",
        "camera_id": "0",
        "schema_version": 2,
        "options": {
          "capture_template": "still",
          "processing": "default",
          "focus_diopters": null,
          "frame_ms": 0,
          "camera_id": "",
          "dump_characteristics": false
        }
      }
    },
    {
      "frame": 5,
      "variant": "template=still;processing=default;focus=auto;frame_ms=0;camera=default",
      "power": {
        "requested": {
          "frame_duration_ns": 33000000,
          "exposure_ns": 10000000,
          "iso": 100,
          "post_raw_boost": 100,
          "ae_mode": 1,
          "af_mode": 4,
          "nr_mode": 1,
          "edge_mode": 1,
          "focus_diopters": 0,
          "hot_pixel_mode": 1,
          "aberration_mode": 0,
          "shading_mode": 1,
          "tonemap_mode": 1,
          "face_detect_mode": 0,
          "ois_mode": 1,
          "video_stabilization_mode": 1,
          "capture_intent": 1
        },
        "result": {
          "frame_duration_ns": 66668961,
          "exposure_ns": 33326275,
          "iso": 99,
          "post_raw_boost": 100,
          "ae_mode": 1,
          "af_mode": 4,
          "nr_mode": 1,
          "edge_mode": 1,
          "focus_diopters": 1.3648992,
          "hot_pixel_mode": 1,
          "aberration_mode": 0,
          "shading_mode": 1,
          "tonemap_mode": 1,
          "face_detect_mode": 0,
          "ois_mode": 1,
          "video_stabilization_mode": 1,
          "capture_intent": 1
        },
        "result_sensor_timestamp_ns": 370631363646820,
        "result_frame_number": 77,
        "manual_phase": "disabled",
        "camera_id": "0",
        "schema_version": 2,
        "options": {
          "capture_template": "still",
          "processing": "default",
          "focus_diopters": null,
          "frame_ms": 0,
          "camera_id": "",
          "dump_characteristics": false
        }
      }
    },
    {
      "frame": 6,
      "variant": "template=still;processing=default;focus=auto;frame_ms=0;camera=default",
      "power": {
        "requested": {
          "frame_duration_ns": 33000000,
          "exposure_ns": 10000000,
          "iso": 100,
          "post_raw_boost": 100,
          "ae_mode": 1,
          "af_mode": 4,
          "nr_mode": 1,
          "edge_mode": 1,
          "focus_diopters": 0,
          "hot_pixel_mode": 1,
          "aberration_mode": 0,
          "shading_mode": 1,
          "tonemap_mode": 1,
          "face_detect_mode": 0,
          "ois_mode": 1,
          "video_stabilization_mode": 1,
          "capture_intent": 1
        },
        "result": {
          "frame_duration_ns": 66668961,
          "exposure_ns": 33326275,
          "iso": 99,
          "post_raw_boost": 100,
          "ae_mode": 1,
          "af_mode": 4,
          "nr_mode": 1,
          "edge_mode": 1,
          "focus_diopters": 1.3648992,
          "hot_pixel_mode": 1,
          "aberration_mode": 0,
          "shading_mode": 1,
          "tonemap_mode": 1,
          "face_detect_mode": 0,
          "ois_mode": 1,
          "video_stabilization_mode": 1,
          "capture_intent": 1
        },
        "result_sensor_timestamp_ns": 370632361038772,
        "result_frame_number": 92,
        "manual_phase": "disabled",
        "camera_id": "0",
        "schema_version": 2,
        "options": {
          "capture_template": "still",
          "processing": "default",
          "focus_diopters": null,
          "frame_ms": 0,
          "camera_id": "",
          "dump_characteristics": false
        }
      }
    },
    {
      "frame": 7,
      "variant": "template=still;processing=default;focus=auto;frame_ms=0;camera=default",
      "power": {
        "requested": {
          "frame_duration_ns": 33000000,
          "exposure_ns": 10000000,
          "iso": 100,
          "post_raw_boost": 100,
          "ae_mode": 1,
          "af_mode": 4,
          "nr_mode": 2,
          "edge_mode": 2,
          "focus_diopters": 0,
          "hot_pixel_mode": 2,
          "aberration_mode": 0,
          "shading_mode": 2,
          "tonemap_mode": 2,
          "face_detect_mode": 0,
          "ois_mode": 1,
          "video_stabilization_mode": 1,
          "capture_intent": 2
        },
        "result": {
          "frame_duration_ns": 66668961,
          "exposure_ns": 33326275,
          "iso": 99,
          "post_raw_boost": 100,
          "ae_mode": 1,
          "af_mode": 4,
          "nr_mode": 2,
          "edge_mode": 2,
          "focus_diopters": 1.3648992,
          "hot_pixel_mode": 2,
          "aberration_mode": 0,
          "shading_mode": 2,
          "tonemap_mode": 2,
          "face_detect_mode": 0,
          "ois_mode": 1,
          "video_stabilization_mode": 1,
          "capture_intent": 2
        },
        "result_sensor_timestamp_ns": 370633291937924,
        "result_frame_number": 106,
        "manual_phase": "disabled",
        "camera_id": "0",
        "schema_version": 2,
        "options": {
          "capture_template": "still",
          "processing": "default",
          "focus_diopters": null,
          "frame_ms": 0,
          "camera_id": "",
          "dump_characteristics": false
        }
      }
    },
    {
      "frame": 8,
      "variant": "template=still;processing=default;focus=auto;frame_ms=0;camera=default",
      "power": {
        "requested": {
          "frame_duration_ns": 33000000,
          "exposure_ns": 10000000,
          "iso": 100,
          "post_raw_boost": 100,
          "ae_mode": 1,
          "af_mode": 4,
          "nr_mode": 1,
          "edge_mode": 1,
          "focus_diopters": 0,
          "hot_pixel_mode": 1,
          "aberration_mode": 0,
          "shading_mode": 1,
          "tonemap_mode": 1,
          "face_detect_mode": 0,
          "ois_mode": 1,
          "video_stabilization_mode": 1,
          "capture_intent": 1
        },
        "result": {
          "frame_duration_ns": 66668961,
          "exposure_ns": 33578643,
          "iso": 99,
          "post_raw_boost": 100,
          "ae_mode": 1,
          "af_mode": 4,
          "nr_mode": 1,
          "edge_mode": 1,
          "focus_diopters": 1.3648992,
          "hot_pixel_mode": 1,
          "aberration_mode": 0,
          "shading_mode": 1,
          "tonemap_mode": 1,
          "face_detect_mode": 0,
          "ois_mode": 1,
          "video_stabilization_mode": 1,
          "capture_intent": 1
        },
        "result_sensor_timestamp_ns": 370634422063108,
        "result_frame_number": 123,
        "manual_phase": "disabled",
        "camera_id": "0",
        "schema_version": 2,
        "options": {
          "capture_template": "still",
          "processing": "default",
          "focus_diopters": null,
          "frame_ms": 0,
          "camera_id": "",
          "dump_characteristics": false
        }
      }
    },
    {
      "frame": 9,
      "variant": "template=still;processing=default;focus=auto;frame_ms=0;camera=default",
      "power": {
        "requested": {
          "frame_duration_ns": 33000000,
          "exposure_ns": 10000000,
          "iso": 100,
          "post_raw_boost": 100,
          "ae_mode": 1,
          "af_mode": 4,
          "nr_mode": 1,
          "edge_mode": 1,
          "focus_diopters": 0,
          "hot_pixel_mode": 1,
          "aberration_mode": 0,
          "shading_mode": 1,
          "tonemap_mode": 1,
          "face_detect_mode": 0,
          "ois_mode": 1,
          "video_stabilization_mode": 1,
          "capture_intent": 1
        },
        "result": {
          "frame_duration_ns": 66668961,
          "exposure_ns": 33578643,
          "iso": 99,
          "post_raw_boost": 100,
          "ae_mode": 1,
          "af_mode": 4,
          "nr_mode": 1,
          "edge_mode": 1,
          "focus_diopters": 1.3648992,
          "hot_pixel_mode": 1,
          "aberration_mode": 0,
          "shading_mode": 1,
          "tonemap_mode": 1,
          "face_detect_mode": 0,
          "ois_mode": 1,
          "video_stabilization_mode": 1,
          "capture_intent": 1
        },
        "result_sensor_timestamp_ns": 370635419455019,
        "result_frame_number": 138,
        "manual_phase": "disabled",
        "camera_id": "0",
        "schema_version": 2,
        "options": {
          "capture_template": "still",
          "processing": "default",
          "focus_diopters": null,
          "frame_ms": 0,
          "camera_id": "",
          "dump_characteristics": false
        }
      }
    },
    {
      "frame": 10,
      "variant": "template=still;processing=default;focus=auto;frame_ms=0;camera=default",
      "power": {
        "requested": {
          "frame_duration_ns": 33000000,
          "exposure_ns": 10000000,
          "iso": 100,
          "post_raw_boost": 100,
          "ae_mode": 1,
          "af_mode": 4,
          "nr_mode": 1,
          "edge_mode": 1,
          "focus_diopters": 0,
          "hot_pixel_mode": 1,
          "aberration_mode": 0,
          "shading_mode": 1,
          "tonemap_mode": 1,
          "face_detect_mode": 0,
          "ois_mode": 1,
          "video_stabilization_mode": 1,
          "capture_intent": 1
        },
        "result": {
          "frame_duration_ns": 66668961,
          "exposure_ns": 33578643,
          "iso": 99,
          "post_raw_boost": 100,
          "ae_mode": 1,
          "af_mode": 4,
          "nr_mode": 1,
          "edge_mode": 1,
          "focus_diopters": 1.3648992,
          "hot_pixel_mode": 1,
          "aberration_mode": 0,
          "shading_mode": 1,
          "tonemap_mode": 1,
          "face_detect_mode": 0,
          "ois_mode": 1,
          "video_stabilization_mode": 1,
          "capture_intent": 1
        },
        "result_sensor_timestamp_ns": 370636416846970,
        "result_frame_number": 153,
        "manual_phase": "disabled",
        "camera_id": "0",
        "schema_version": 2,
        "options": {
          "capture_template": "still",
          "processing": "default",
          "focus_diopters": null,
          "frame_ms": 0,
          "camera_id": "",
          "dump_characteristics": false
        }
      }
    },
    {
      "frame": 11,
      "variant": "template=still;processing=default;focus=auto;frame_ms=0;camera=default",
      "power": {
        "requested": {
          "frame_duration_ns": 33000000,
          "exposure_ns": 10000000,
          "iso": 100,
          "post_raw_boost": 100,
          "ae_mode": 1,
          "af_mode": 4,
          "nr_mode": 2,
          "edge_mode": 2,
          "focus_diopters": 0,
          "hot_pixel_mode": 2,
          "aberration_mode": 0,
          "shading_mode": 2,
          "tonemap_mode": 2,
          "face_detect_mode": 0,
          "ois_mode": 1,
          "video_stabilization_mode": 1,
          "capture_intent": 2
        },
        "result": {
          "frame_duration_ns": 66668961,
          "exposure_ns": 10415895,
          "iso": 294,
          "post_raw_boost": 100,
          "ae_mode": 1,
          "af_mode": 4,
          "nr_mode": 2,
          "edge_mode": 2,
          "focus_diopters": 1.3648992,
          "hot_pixel_mode": 2,
          "aberration_mode": 0,
          "shading_mode": 2,
          "tonemap_mode": 2,
          "face_detect_mode": 0,
          "ois_mode": 1,
          "video_stabilization_mode": 1,
          "capture_intent": 2
        },
        "result_sensor_timestamp_ns": 370637371170134,
        "result_frame_number": 167,
        "manual_phase": "disabled",
        "camera_id": "0",
        "schema_version": 2,
        "options": {
          "capture_template": "still",
          "processing": "default",
          "focus_diopters": null,
          "frame_ms": 0,
          "camera_id": "",
          "dump_characteristics": false
        }
      }
    },
    {
      "frame": 12,
      "variant": "template=still;processing=default;focus=auto;frame_ms=0;camera=default",
      "power": {
        "requested": {
          "frame_duration_ns": 33000000,
          "exposure_ns": 10000000,
          "iso": 100,
          "post_raw_boost": 100,
          "ae_mode": 1,
          "af_mode": 4,
          "nr_mode": 1,
          "edge_mode": 1,
          "focus_diopters": 0,
          "hot_pixel_mode": 1,
          "aberration_mode": 0,
          "shading_mode": 1,
          "tonemap_mode": 1,
          "face_detect_mode": 0,
          "ois_mode": 1,
          "video_stabilization_mode": 1,
          "capture_intent": 1
        },
        "result": {
          "frame_duration_ns": 66668961,
          "exposure_ns": 26039737,
          "iso": 119,
          "post_raw_boost": 100,
          "ae_mode": 1,
          "af_mode": 4,
          "nr_mode": 1,
          "edge_mode": 1,
          "focus_diopters": 1.3648992,
          "hot_pixel_mode": 1,
          "aberration_mode": 0,
          "shading_mode": 1,
          "tonemap_mode": 1,
          "face_detect_mode": 0,
          "ois_mode": 1,
          "video_stabilization_mode": 1,
          "capture_intent": 1
        },
        "result_sensor_timestamp_ns": 370638419172993,
        "result_frame_number": 183,
        "manual_phase": "disabled",
        "camera_id": "0",
        "schema_version": 2,
        "options": {
          "capture_template": "still",
          "processing": "default",
          "focus_diopters": null,
          "frame_ms": 0,
          "camera_id": "",
          "dump_characteristics": false
        }
      }
    },
    {
      "frame": 13,
      "variant": "template=still;processing=default;focus=auto;frame_ms=0;camera=default",
      "power": {
        "requested": {
          "frame_duration_ns": 33000000,
          "exposure_ns": 10000000,
          "iso": 100,
          "post_raw_boost": 100,
          "ae_mode": 1,
          "af_mode": 4,
          "nr_mode": 2,
          "edge_mode": 2,
          "focus_diopters": 0,
          "hot_pixel_mode": 2,
          "aberration_mode": 0,
          "shading_mode": 2,
          "tonemap_mode": 2,
          "face_detect_mode": 0,
          "ois_mode": 1,
          "video_stabilization_mode": 1,
          "capture_intent": 2
        },
        "result": {
          "frame_duration_ns": 66668961,
          "exposure_ns": 31247685,
          "iso": 99,
          "post_raw_boost": 101,
          "ae_mode": 1,
          "af_mode": 4,
          "nr_mode": 2,
          "edge_mode": 2,
          "focus_diopters": 1.3648992,
          "hot_pixel_mode": 2,
          "aberration_mode": 0,
          "shading_mode": 2,
          "tonemap_mode": 2,
          "face_detect_mode": 0,
          "ois_mode": 1,
          "video_stabilization_mode": 1,
          "capture_intent": 2
        },
        "result_sensor_timestamp_ns": 370639344860986,
        "result_frame_number": 197,
        "manual_phase": "disabled",
        "camera_id": "0",
        "schema_version": 2,
        "options": {
          "capture_template": "still",
          "processing": "default",
          "focus_diopters": null,
          "frame_ms": 0,
          "camera_id": "",
          "dump_characteristics": false
        }
      }
    },
    {
      "frame": 14,
      "variant": "template=still;processing=default;focus=auto;frame_ms=0;camera=default",
      "power": {
        "requested": {
          "frame_duration_ns": 33000000,
          "exposure_ns": 10000000,
          "iso": 100,
          "post_raw_boost": 100,
          "ae_mode": 1,
          "af_mode": 4,
          "nr_mode": 2,
          "edge_mode": 2,
          "focus_diopters": 0,
          "hot_pixel_mode": 2,
          "aberration_mode": 0,
          "shading_mode": 2,
          "tonemap_mode": 2,
          "face_detect_mode": 0,
          "ois_mode": 1,
          "video_stabilization_mode": 1,
          "capture_intent": 2
        },
        "result": {
          "frame_duration_ns": 66668961,
          "exposure_ns": 33326275,
          "iso": 93,
          "post_raw_boost": 100,
          "ae_mode": 1,
          "af_mode": 4,
          "nr_mode": 2,
          "edge_mode": 2,
          "focus_diopters": 1.3648992,
          "hot_pixel_mode": 2,
          "aberration_mode": 0,
          "shading_mode": 2,
          "tonemap_mode": 2,
          "face_detect_mode": 0,
          "ois_mode": 1,
          "video_stabilization_mode": 1,
          "capture_intent": 2
        },
        "result_sensor_timestamp_ns": 370640340174307,
        "result_frame_number": 212,
        "manual_phase": "disabled",
        "camera_id": "0",
        "schema_version": 2,
        "options": {
          "capture_template": "still",
          "processing": "default",
          "focus_diopters": null,
          "frame_ms": 0,
          "camera_id": "",
          "dump_characteristics": false
        }
      }
    },
    {
      "frame": 16,
      "variant": "template=still;processing=default;focus=auto;frame_ms=0;camera=default",
      "power": {
        "requested": {
          "frame_duration_ns": 33000000,
          "exposure_ns": 10000000,
          "iso": 100,
          "post_raw_boost": 100,
          "ae_mode": 1,
          "af_mode": 4,
          "nr_mode": 1,
          "edge_mode": 1,
          "focus_diopters": 0,
          "hot_pixel_mode": 1,
          "aberration_mode": 0,
          "shading_mode": 1,
          "tonemap_mode": 1,
          "face_detect_mode": 0,
          "ois_mode": 1,
          "video_stabilization_mode": 1,
          "capture_intent": 1
        },
        "result": {
          "frame_duration_ns": 66668961,
          "exposure_ns": 30302454,
          "iso": 102,
          "post_raw_boost": 101,
          "ae_mode": 1,
          "af_mode": 4,
          "nr_mode": 1,
          "edge_mode": 1,
          "focus_diopters": 1.3648992,
          "hot_pixel_mode": 1,
          "aberration_mode": 0,
          "shading_mode": 1,
          "tonemap_mode": 1,
          "face_detect_mode": 0,
          "ois_mode": 1,
          "video_stabilization_mode": 1,
          "capture_intent": 1
        },
        "result_sensor_timestamp_ns": 370642470967630,
        "result_frame_number": 244,
        "manual_phase": "disabled",
        "camera_id": "0",
        "schema_version": 2,
        "options": {
          "capture_template": "still",
          "processing": "default",
          "focus_diopters": null,
          "frame_ms": 0,
          "camera_id": "",
          "dump_characteristics": false
        }
      }
    },
    {
      "frame": 17,
      "variant": "template=still;processing=default;focus=auto;frame_ms=0;camera=default",
      "power": {
        "requested": {
          "frame_duration_ns": 33000000,
          "exposure_ns": 10000000,
          "iso": 100,
          "post_raw_boost": 100,
          "ae_mode": 1,
          "af_mode": 4,
          "nr_mode": 1,
          "edge_mode": 1,
          "focus_diopters": 0,
          "hot_pixel_mode": 1,
          "aberration_mode": 0,
          "shading_mode": 1,
          "tonemap_mode": 1,
          "face_detect_mode": 0,
          "ois_mode": 1,
          "video_stabilization_mode": 1,
          "capture_intent": 1
        },
        "result": {
          "frame_duration_ns": 66668961,
          "exposure_ns": 30302454,
          "iso": 102,
          "post_raw_boost": 101,
          "ae_mode": 1,
          "af_mode": 4,
          "nr_mode": 1,
          "edge_mode": 1,
          "focus_diopters": 1.3648992,
          "hot_pixel_mode": 1,
          "aberration_mode": 0,
          "shading_mode": 1,
          "tonemap_mode": 1,
          "face_detect_mode": 0,
          "ois_mode": 1,
          "video_stabilization_mode": 1,
          "capture_intent": 1
        },
        "result_sensor_timestamp_ns": 370643401866742,
        "result_frame_number": 258,
        "manual_phase": "disabled",
        "camera_id": "0",
        "schema_version": 2,
        "options": {
          "capture_template": "still",
          "processing": "default",
          "focus_diopters": null,
          "frame_ms": 0,
          "camera_id": "",
          "dump_characteristics": false
        }
      }
    },
    {
      "frame": 18,
      "variant": "template=still;processing=default;focus=auto;frame_ms=0;camera=default",
      "power": {
        "requested": {
          "frame_duration_ns": 33000000,
          "exposure_ns": 10000000,
          "iso": 100,
          "post_raw_boost": 100,
          "ae_mode": 1,
          "af_mode": 4,
          "nr_mode": 2,
          "edge_mode": 2,
          "focus_diopters": 0,
          "hot_pixel_mode": 2,
          "aberration_mode": 0,
          "shading_mode": 2,
          "tonemap_mode": 2,
          "face_detect_mode": 0,
          "ois_mode": 1,
          "video_stabilization_mode": 1,
          "capture_intent": 2
        },
        "result": {
          "frame_duration_ns": 66668961,
          "exposure_ns": 33326275,
          "iso": 93,
          "post_raw_boost": 100,
          "ae_mode": 1,
          "af_mode": 4,
          "nr_mode": 2,
          "edge_mode": 2,
          "focus_diopters": 1.3648992,
          "hot_pixel_mode": 2,
          "aberration_mode": 0,
          "shading_mode": 2,
          "tonemap_mode": 2,
          "face_detect_mode": 0,
          "ois_mode": 1,
          "video_stabilization_mode": 1,
          "capture_intent": 2
        },
        "result_sensor_timestamp_ns": 370644329742074,
        "result_frame_number": 272,
        "manual_phase": "disabled",
        "camera_id": "0",
        "schema_version": 2,
        "options": {
          "capture_template": "still",
          "processing": "default",
          "focus_diopters": null,
          "frame_ms": 0,
          "camera_id": "",
          "dump_characteristics": false
        }
      }
    }
  ],
  "skin_slope_c_min": 1.998340611689309,
  "android_status": "0.1s NONE(0)",
  "gate": {
    "at": "2026-10-03T07:35:45Z",
    "z9": 32000,
    "z10": 30000,
    "z11": 31000,
    "skin": 27.6529,
    "status": 0,
    "waited_s": 0,
    "warm_start": false
  },
  "heat_stop": null
}

manual_200 completed
{
  "mean_battery_w": 1.9944394246079895,
  "cpu_seconds": {
    "runner": 3.27,
    "llama_server": 0.0,
    "robotcam_app": 3.28,
    "camera_provider": 7.34
  },
  "start_to_first_fresh_s": 0.8662515869946219,
  "stop": {
    "stop_to_stopped_s": 3.7174571139912587,
    "capture_stopped": true,
    "frames_seen": [],
    "unreadable_reads": 0,
    "check_s": 3.08,
    "force_stop_rc": 0,
    "force_stop_output": "",
    "pids_after_force_stop": []
  },
  "frames_ok": 19,
  "startup_wait_polls": 5,
  "frames_failed": 0,
  "raw_status_counts": {
    "missing": 5,
    "ok": 19,
    "repeat": 135
  },
  "new_frame_gap_max_s": 1.3621607669920195,
  "observed_publish_hz": 0.9941980655567777,
  "unpaired_diagnostics": 4,
  "repeat_polls": 135,
  "age_median_s": 0.4190979080158286,
  "age_p95_s": 0.49212305195396766,
  "luma": {
    "median": 114.36658203125,
    "min": 112.185419921875
  },
  "sharpness": {
    "median": 137.34006487268223,
    "min": 45.31143466394648
  },
  "paired_diagnostics": 15,
  "applied_observations": [
    {
      "frame": 1,
      "variant": "template=still;processing=default;focus=auto;frame_ms=200;camera=default",
      "power": {
        "requested": {
          "frame_duration_ns": 33000000,
          "exposure_ns": 10000000,
          "iso": 100,
          "post_raw_boost": 100,
          "ae_mode": 1,
          "af_mode": 4,
          "nr_mode": 2,
          "edge_mode": 2,
          "focus_diopters": 0,
          "hot_pixel_mode": 2,
          "aberration_mode": 0,
          "shading_mode": 2,
          "tonemap_mode": 2,
          "face_detect_mode": 0,
          "ois_mode": 1,
          "video_stabilization_mode": 1,
          "capture_intent": 2
        },
        "result": {
          "frame_duration_ns": 66668961,
          "exposure_ns": 8328127,
          "iso": 375,
          "post_raw_boost": 100,
          "ae_mode": 1,
          "af_mode": 4,
          "nr_mode": 2,
          "edge_mode": 2,
          "focus_diopters": 3.279387,
          "hot_pixel_mode": 2,
          "aberration_mode": 0,
          "shading_mode": 2,
          "tonemap_mode": 2,
          "face_detect_mode": 0,
          "ois_mode": 1,
          "video_stabilization_mode": 1,
          "capture_intent": 2
        },
        "result_sensor_timestamp_ns": 370650198074475,
        "result_frame_number": 1,
        "manual_phase": "ae_converging",
        "camera_id": "0",
        "schema_version": 2,
        "options": {
          "capture_template": "still",
          "processing": "default",
          "focus_diopters": null,
          "frame_ms": 200,
          "camera_id": "",
          "dump_characteristics": false
        }
      }
    },
    {
      "frame": 2,
      "variant": "template=still;processing=default;focus=auto;frame_ms=200;camera=default",
      "power": {
        "requested": {
          "frame_duration_ns": 33000000,
          "exposure_ns": 10000000,
          "iso": 100,
          "post_raw_boost": 100,
          "ae_mode": 1,
          "af_mode": 4,
          "nr_mode": 2,
          "edge_mode": 2,
          "focus_diopters": 0,
          "hot_pixel_mode": 2,
          "aberration_mode": 0,
          "shading_mode": 2,
          "tonemap_mode": 2,
          "face_detect_mode": 0,
          "ois_mode": 1,
          "video_stabilization_mode": 1,
          "capture_intent": 2
        },
        "result": {
          "frame_duration_ns": 66668961,
          "exposure_ns": 6832276,
          "iso": 456,
          "post_raw_boost": 100,
          "ae_mode": 1,
          "af_mode": 4,
          "nr_mode": 2,
          "edge_mode": 2,
          "focus_diopters": 1.5058547,
          "hot_pixel_mode": 2,
          "aberration_mode": 0,
          "shading_mode": 2,
          "tonemap_mode": 2,
          "face_detect_mode": 0,
          "ois_mode": 1,
          "video_stabilization_mode": 1,
          "capture_intent": 2
        },
        "result_sensor_timestamp_ns": 370650997483920,
        "result_frame_number": 13,
        "manual_phase": "ae_converging",
        "camera_id": "0",
        "schema_version": 2,
        "options": {
          "capture_template": "still",
          "processing": "default",
          "focus_diopters": null,
          "frame_ms": 200,
          "camera_id": "",
          "dump_characteristics": false
        }
      }
    },
    {
      "frame": 3,
      "variant": "template=still;processing=default;focus=auto;frame_ms=200;camera=default",
      "power": {
        "requested": {
          "frame_duration_ns": 200000000,
          "exposure_ns": 6832276,
          "iso": 456,
          "post_raw_boost": 100,
          "ae_mode": 0,
          "af_mode": 4,
          "nr_mode": 2,
          "edge_mode": 2,
          "focus_diopters": 0,
          "hot_pixel_mode": 2,
          "aberration_mode": 0,
          "shading_mode": 2,
          "tonemap_mode": 2,
          "face_detect_mode": 0,
          "ois_mode": 1,
          "video_stabilization_mode": 1,
          "capture_intent": 2
        },
        "result": {
          "frame_duration_ns": 200000000,
          "exposure_ns": 6827688,
          "iso": 455,
          "post_raw_boost": 100,
          "ae_mode": 0,
          "af_mode": 4,
          "nr_mode": 2,
          "edge_mode": 2,
          "focus_diopters": 1.0821662,
          "hot_pixel_mode": 2,
          "aberration_mode": 0,
          "shading_mode": 2,
          "tonemap_mode": 2,
          "face_detect_mode": 0,
          "ois_mode": 1,
          "video_stabilization_mode": 1,
          "capture_intent": 2
        },
        "result_sensor_timestamp_ns": 370652127866018,
        "result_frame_number": 20,
        "manual_phase": "manual",
        "camera_id": "0",
        "schema_version": 2,
        "options": {
          "capture_template": "still",
          "processing": "default",
          "focus_diopters": null,
          "frame_ms": 200,
          "camera_id": "",
          "dump_characteristics": false
        }
      }
    },
    {
      "frame": 5,
      "variant": "template=still;processing=default;focus=auto;frame_ms=200;camera=default",
      "power": {
        "requested": {
          "frame_duration_ns": 200000000,
          "exposure_ns": 6832276,
          "iso": 456,
          "post_raw_boost": 100,
          "ae_mode": 0,
          "af_mode": 4,
          "nr_mode": 2,
          "edge_mode": 2,
          "focus_diopters": 0,
          "hot_pixel_mode": 2,
          "aberration_mode": 0,
          "shading_mode": 2,
          "tonemap_mode": 2,
          "face_detect_mode": 0,
          "ois_mode": 1,
          "video_stabilization_mode": 1,
          "capture_intent": 2
        },
        "result": {
          "frame_duration_ns": 200000000,
          "exposure_ns": 6827688,
          "iso": 455,
          "post_raw_boost": 100,
          "ae_mode": 0,
          "af_mode": 4,
          "nr_mode": 2,
          "edge_mode": 2,
          "focus_diopters": 1.4001637,
          "hot_pixel_mode": 2,
          "aberration_mode": 0,
          "shading_mode": 2,
          "tonemap_mode": 2,
          "face_detect_mode": 0,
          "ois_mode": 1,
          "video_stabilization_mode": 1,
          "capture_intent": 2
        },
        "result_sensor_timestamp_ns": 370654122649922,
        "result_frame_number": 30,
        "manual_phase": "manual",
        "camera_id": "0",
        "schema_version": 2,
        "options": {
          "capture_template": "still",
          "processing": "default",
          "focus_diopters": null,
          "frame_ms": 200,
          "camera_id": "",
          "dump_characteristics": false
        }
      }
    },
    {
      "frame": 6,
      "variant": "template=still;processing=default;focus=auto;frame_ms=200;camera=default",
      "power": {
        "requested": {
          "frame_duration_ns": 200000000,
          "exposure_ns": 6832276,
          "iso": 456,
          "post_raw_boost": 100,
          "ae_mode": 0,
          "af_mode": 4,
          "nr_mode": 2,
          "edge_mode": 2,
          "focus_diopters": 0,
          "hot_pixel_mode": 2,
          "aberration_mode": 0,
          "shading_mode": 2,
          "tonemap_mode": 2,
          "face_detect_mode": 0,
          "ois_mode": 1,
          "video_stabilization_mode": 1,
          "capture_intent": 2
        },
        "result": {
          "frame_duration_ns": 200000000,
          "exposure_ns": 6827688,
          "iso": 455,
          "post_raw_boost": 100,
          "ae_mode": 0,
          "af_mode": 4,
          "nr_mode": 2,
          "edge_mode": 2,
          "focus_diopters": 1.4001637,
          "hot_pixel_mode": 2,
          "aberration_mode": 0,
          "shading_mode": 2,
          "tonemap_mode": 2,
          "face_detect_mode": 0,
          "ois_mode": 1,
          "video_stabilization_mode": 1,
          "capture_intent": 2
        },
        "result_sensor_timestamp_ns": 370655120084629,
        "result_frame_number": 35,
        "manual_phase": "manual",
        "camera_id": "0",
        "schema_version": 2,
        "options": {
          "capture_template": "still",
          "processing": "default",
          "focus_diopters": null,
          "frame_ms": 200,
          "camera_id": "",
          "dump_characteristics": false
        }
      }
    },
    {
      "frame": 7,
      "variant": "template=still;processing=default;focus=auto;frame_ms=200;camera=default",
      "power": {
        "requested": {
          "frame_duration_ns": 200000000,
          "exposure_ns": 6832276,
          "iso": 456,
          "post_raw_boost": 100,
          "ae_mode": 0,
          "af_mode": 4,
          "nr_mode": 2,
          "edge_mode": 2,
          "focus_diopters": 0,
          "hot_pixel_mode": 2,
          "aberration_mode": 0,
          "shading_mode": 2,
          "tonemap_mode": 2,
          "face_detect_mode": 0,
          "ois_mode": 1,
          "video_stabilization_mode": 1,
          "capture_intent": 2
        },
        "result": {
          "frame_duration_ns": 200000000,
          "exposure_ns": 6827688,
          "iso": 455,
          "post_raw_boost": 100,
          "ae_mode": 0,
          "af_mode": 4,
          "nr_mode": 2,
          "edge_mode": 2,
          "focus_diopters": 1.4001637,
          "hot_pixel_mode": 2,
          "aberration_mode": 0,
          "shading_mode": 2,
          "tonemap_mode": 2,
          "face_detect_mode": 0,
          "ois_mode": 1,
          "video_stabilization_mode": 1,
          "capture_intent": 2
        },
        "result_sensor_timestamp_ns": 370656117197895,
        "result_frame_number": 40,
        "manual_phase": "manual",
        "camera_id": "0",
        "schema_version": 2,
        "options": {
          "capture_template": "still",
          "processing": "default",
          "focus_diopters": null,
          "frame_ms": 200,
          "camera_id": "",
          "dump_characteristics": false
        }
      }
    },
    {
      "frame": 8,
      "variant": "template=still;processing=default;focus=auto;frame_ms=200;camera=default",
      "power": {
        "requested": {
          "frame_duration_ns": 200000000,
          "exposure_ns": 6832276,
          "iso": 456,
          "post_raw_boost": 100,
          "ae_mode": 0,
          "af_mode": 4,
          "nr_mode": 2,
          "edge_mode": 2,
          "focus_diopters": 0,
          "hot_pixel_mode": 2,
          "aberration_mode": 0,
          "shading_mode": 2,
          "tonemap_mode": 2,
          "face_detect_mode": 0,
          "ois_mode": 1,
          "video_stabilization_mode": 1,
          "capture_intent": 2
        },
        "result": {
          "frame_duration_ns": 200000000,
          "exposure_ns": 6827688,
          "iso": 455,
          "post_raw_boost": 100,
          "ae_mode": 0,
          "af_mode": 4,
          "nr_mode": 2,
          "edge_mode": 2,
          "focus_diopters": 1.4001637,
          "hot_pixel_mode": 2,
          "aberration_mode": 0,
          "shading_mode": 2,
          "tonemap_mode": 2,
          "face_detect_mode": 0,
          "ois_mode": 1,
          "video_stabilization_mode": 1,
          "capture_intent": 2
        },
        "result_sensor_timestamp_ns": 370657114825737,
        "result_frame_number": 45,
        "manual_phase": "manual",
        "camera_id": "0",
        "schema_version": 2,
        "options": {
          "capture_template": "still",
          "processing": "default",
          "focus_diopters": null,
          "frame_ms": 200,
          "camera_id": "",
          "dump_characteristics": false
        }
      }
    },
    {
      "frame": 9,
      "variant": "template=still;processing=default;focus=auto;frame_ms=200;camera=default",
      "power": {
        "requested": {
          "frame_duration_ns": 200000000,
          "exposure_ns": 6832276,
          "iso": 456,
          "post_raw_boost": 100,
          "ae_mode": 0,
          "af_mode": 4,
          "nr_mode": 2,
          "edge_mode": 2,
          "focus_diopters": 0,
          "hot_pixel_mode": 2,
          "aberration_mode": 0,
          "shading_mode": 2,
          "tonemap_mode": 2,
          "face_detect_mode": 0,
          "ois_mode": 1,
          "video_stabilization_mode": 1,
          "capture_intent": 2
        },
        "result": {
          "frame_duration_ns": 200000000,
          "exposure_ns": 6827688,
          "iso": 455,
          "post_raw_boost": 100,
          "ae_mode": 0,
          "af_mode": 4,
          "nr_mode": 2,
          "edge_mode": 2,
          "focus_diopters": 1.4001637,
          "hot_pixel_mode": 2,
          "aberration_mode": 0,
          "shading_mode": 2,
          "tonemap_mode": 2,
          "face_detect_mode": 0,
          "ois_mode": 1,
          "video_stabilization_mode": 1,
          "capture_intent": 2
        },
        "result_sensor_timestamp_ns": 370658112217689,
        "result_frame_number": 50,
        "manual_phase": "manual",
        "camera_id": "0",
        "schema_version": 2,
        "options": {
          "capture_template": "still",
          "processing": "default",
          "focus_diopters": null,
          "frame_ms": 200,
          "camera_id": "",
          "dump_characteristics": false
        }
      }
    },
    {
      "frame": 12,
      "variant": "template=still;processing=default;focus=auto;frame_ms=200;camera=default",
      "power": {
        "requested": {
          "frame_duration_ns": 200000000,
          "exposure_ns": 6832276,
          "iso": 456,
          "post_raw_boost": 100,
          "ae_mode": 0,
          "af_mode": 4,
          "nr_mode": 2,
          "edge_mode": 2,
          "focus_diopters": 0,
          "hot_pixel_mode": 2,
          "aberration_mode": 0,
          "shading_mode": 2,
          "tonemap_mode": 2,
          "face_detect_mode": 0,
          "ois_mode": 1,
          "video_stabilization_mode": 1,
          "capture_intent": 2
        },
        "result": {
          "frame_duration_ns": 200000000,
          "exposure_ns": 6827688,
          "iso": 455,
          "post_raw_boost": 100,
          "ae_mode": 0,
          "af_mode": 4,
          "nr_mode": 2,
          "edge_mode": 2,
          "focus_diopters": 1.4001637,
          "hot_pixel_mode": 2,
          "aberration_mode": 0,
          "shading_mode": 2,
          "tonemap_mode": 2,
          "face_detect_mode": 0,
          "ois_mode": 1,
          "video_stabilization_mode": 1,
          "capture_intent": 2
        },
        "result_sensor_timestamp_ns": 370661104888689,
        "result_frame_number": 65,
        "manual_phase": "manual",
        "camera_id": "0",
        "schema_version": 2,
        "options": {
          "capture_template": "still",
          "processing": "default",
          "focus_diopters": null,
          "frame_ms": 200,
          "camera_id": "",
          "dump_characteristics": false
        }
      }
    },
    {
      "frame": 13,
      "variant": "template=still;processing=default;focus=auto;frame_ms=200;camera=default",
      "power": {
        "requested": {
          "frame_duration_ns": 200000000,
          "exposure_ns": 6832276,
          "iso": 456,
          "post_raw_boost": 100,
          "ae_mode": 0,
          "af_mode": 4,
          "nr_mode": 2,
          "edge_mode": 2,
          "focus_diopters": 0,
          "hot_pixel_mode": 2,
          "aberration_mode": 0,
          "shading_mode": 2,
          "tonemap_mode": 2,
          "face_detect_mode": 0,
          "ois_mode": 1,
          "video_stabilization_mode": 1,
          "capture_intent": 2
        },
        "result": {
          "frame_duration_ns": 200000000,
          "exposure_ns": 6827688,
          "iso": 455,
          "post_raw_boost": 100,
          "ae_mode": 0,
          "af_mode": 4,
          "nr_mode": 2,
          "edge_mode": 2,
          "focus_diopters": 1.4001637,
          "hot_pixel_mode": 2,
          "aberration_mode": 0,
          "shading_mode": 2,
          "tonemap_mode": 2,
          "face_detect_mode": 0,
          "ois_mode": 1,
          "video_stabilization_mode": 1,
          "capture_intent": 2
        },
        "result_sensor_timestamp_ns": 370662101785456,
        "result_frame_number": 70,
        "manual_phase": "manual",
        "camera_id": "0",
        "schema_version": 2,
        "options": {
          "capture_template": "still",
          "processing": "default",
          "focus_diopters": null,
          "frame_ms": 200,
          "camera_id": "",
          "dump_characteristics": false
        }
      }
    },
    {
      "frame": 14,
      "variant": "template=still;processing=default;focus=auto;frame_ms=200;camera=default",
      "power": {
        "requested": {
          "frame_duration_ns": 200000000,
          "exposure_ns": 6832276,
          "iso": 456,
          "post_raw_boost": 100,
          "ae_mode": 0,
          "af_mode": 4,
          "nr_mode": 2,
          "edge_mode": 2,
          "focus_diopters": 0,
          "hot_pixel_mode": 2,
          "aberration_mode": 0,
          "shading_mode": 2,
          "tonemap_mode": 2,
          "face_detect_mode": 0,
          "ois_mode": 1,
          "video_stabilization_mode": 1,
          "capture_intent": 2
        },
        "result": {
          "frame_duration_ns": 200000000,
          "exposure_ns": 6827688,
          "iso": 455,
          "post_raw_boost": 100,
          "ae_mode": 0,
          "af_mode": 4,
          "nr_mode": 2,
          "edge_mode": 2,
          "focus_diopters": 1.4001637,
          "hot_pixel_mode": 2,
          "aberration_mode": 0,
          "shading_mode": 2,
          "tonemap_mode": 2,
          "face_detect_mode": 0,
          "ois_mode": 1,
          "video_stabilization_mode": 1,
          "capture_intent": 2
        },
        "result_sensor_timestamp_ns": 370663099177409,
        "result_frame_number": 75,
        "manual_phase": "manual",
        "camera_id": "0",
        "schema_version": 2,
        "options": {
          "capture_template": "still",
          "processing": "default",
          "focus_diopters": null,
          "frame_ms": 200,
          "camera_id": "",
          "dump_characteristics": false
        }
      }
    },
    {
      "frame": 15,
      "variant": "template=still;processing=default;focus=auto;frame_ms=200;camera=default",
      "power": {
        "requested": {
          "frame_duration_ns": 200000000,
          "exposure_ns": 6832276,
          "iso": 456,
          "post_raw_boost": 100,
          "ae_mode": 0,
          "af_mode": 4,
          "nr_mode": 2,
          "edge_mode": 2,
          "focus_diopters": 0,
          "hot_pixel_mode": 2,
          "aberration_mode": 0,
          "shading_mode": 2,
          "tonemap_mode": 2,
          "face_detect_mode": 0,
          "ois_mode": 1,
          "video_stabilization_mode": 1,
          "capture_intent": 2
        },
        "result": {
          "frame_duration_ns": 200000000,
          "exposure_ns": 6827688,
          "iso": 455,
          "post_raw_boost": 100,
          "ae_mode": 0,
          "af_mode": 4,
          "nr_mode": 2,
          "edge_mode": 2,
          "focus_diopters": 1.4001637,
          "hot_pixel_mode": 2,
          "aberration_mode": 0,
          "shading_mode": 2,
          "tonemap_mode": 2,
          "face_detect_mode": 0,
          "ois_mode": 1,
          "video_stabilization_mode": 1,
          "capture_intent": 2
        },
        "result_sensor_timestamp_ns": 370664096569320,
        "result_frame_number": 80,
        "manual_phase": "manual",
        "camera_id": "0",
        "schema_version": 2,
        "options": {
          "capture_template": "still",
          "processing": "default",
          "focus_diopters": null,
          "frame_ms": 200,
          "camera_id": "",
          "dump_characteristics": false
        }
      }
    },
    {
      "frame": 16,
      "variant": "template=still;processing=default;focus=auto;frame_ms=200;camera=default",
      "power": {
        "requested": {
          "frame_duration_ns": 200000000,
          "exposure_ns": 6832276,
          "iso": 456,
          "post_raw_boost": 100,
          "ae_mode": 0,
          "af_mode": 4,
          "nr_mode": 2,
          "edge_mode": 2,
          "focus_diopters": 0,
          "hot_pixel_mode": 2,
          "aberration_mode": 0,
          "shading_mode": 2,
          "tonemap_mode": 2,
          "face_detect_mode": 0,
          "ois_mode": 1,
          "video_stabilization_mode": 1,
          "capture_intent": 2
        },
        "result": {
          "frame_duration_ns": 200000000,
          "exposure_ns": 6827688,
          "iso": 455,
          "post_raw_boost": 100,
          "ae_mode": 0,
          "af_mode": 4,
          "nr_mode": 2,
          "edge_mode": 2,
          "focus_diopters": 1.4001637,
          "hot_pixel_mode": 2,
          "aberration_mode": 0,
          "shading_mode": 2,
          "tonemap_mode": 2,
          "face_detect_mode": 0,
          "ois_mode": 1,
          "video_stabilization_mode": 1,
          "capture_intent": 2
        },
        "result_sensor_timestamp_ns": 370665094001423,
        "result_frame_number": 85,
        "manual_phase": "manual",
        "camera_id": "0",
        "schema_version": 2,
        "options": {
          "capture_template": "still",
          "processing": "default",
          "focus_diopters": null,
          "frame_ms": 200,
          "camera_id": "",
          "dump_characteristics": false
        }
      }
    },
    {
      "frame": 17,
      "variant": "template=still;processing=default;focus=auto;frame_ms=200;camera=default",
      "power": {
        "requested": {
          "frame_duration_ns": 200000000,
          "exposure_ns": 6832276,
          "iso": 456,
          "post_raw_boost": 100,
          "ae_mode": 0,
          "af_mode": 4,
          "nr_mode": 2,
          "edge_mode": 2,
          "focus_diopters": 0,
          "hot_pixel_mode": 2,
          "aberration_mode": 0,
          "shading_mode": 2,
          "tonemap_mode": 2,
          "face_detect_mode": 0,
          "ois_mode": 1,
          "video_stabilization_mode": 1,
          "capture_intent": 2
        },
        "result": {
          "frame_duration_ns": 200000000,
          "exposure_ns": 6827688,
          "iso": 455,
          "post_raw_boost": 100,
          "ae_mode": 0,
          "af_mode": 4,
          "nr_mode": 2,
          "edge_mode": 2,
          "focus_diopters": 1.4001637,
          "hot_pixel_mode": 2,
          "aberration_mode": 0,
          "shading_mode": 2,
          "tonemap_mode": 2,
          "face_detect_mode": 0,
          "ois_mode": 1,
          "video_stabilization_mode": 1,
          "capture_intent": 2
        },
        "result_sensor_timestamp_ns": 370666091596703,
        "result_frame_number": 90,
        "manual_phase": "manual",
        "camera_id": "0",
        "schema_version": 2,
        "options": {
          "capture_template": "still",
          "processing": "default",
          "focus_diopters": null,
          "frame_ms": 200,
          "camera_id": "",
          "dump_characteristics": false
        }
      }
    },
    {
      "frame": 18,
      "variant": "template=still;processing=default;focus=auto;frame_ms=200;camera=default",
      "power": {
        "requested": {
          "frame_duration_ns": 200000000,
          "exposure_ns": 6832276,
          "iso": 456,
          "post_raw_boost": 100,
          "ae_mode": 0,
          "af_mode": 4,
          "nr_mode": 2,
          "edge_mode": 2,
          "focus_diopters": 0,
          "hot_pixel_mode": 2,
          "aberration_mode": 0,
          "shading_mode": 2,
          "tonemap_mode": 2,
          "face_detect_mode": 0,
          "ois_mode": 1,
          "video_stabilization_mode": 1,
          "capture_intent": 2
        },
        "result": {
          "frame_duration_ns": 200000000,
          "exposure_ns": 6827688,
          "iso": 455,
          "post_raw_boost": 100,
          "ae_mode": 0,
          "af_mode": 4,
          "nr_mode": 2,
          "edge_mode": 2,
          "focus_diopters": 1.4001637,
          "hot_pixel_mode": 2,
          "aberration_mode": 0,
          "shading_mode": 2,
          "tonemap_mode": 2,
          "face_detect_mode": 0,
          "ois_mode": 1,
          "video_stabilization_mode": 1,
          "capture_intent": 2
        },
        "result_sensor_timestamp_ns": 370667088745176,
        "result_frame_number": 95,
        "manual_phase": "manual",
        "camera_id": "0",
        "schema_version": 2,
        "options": {
          "capture_template": "still",
          "processing": "default",
          "focus_diopters": null,
          "frame_ms": 200,
          "camera_id": "",
          "dump_characteristics": false
        }
      }
    }
  ],
  "skin_slope_c_min": 1.261840471759764,
  "android_status": "0.1s NONE(0)",
  "gate": {
    "at": "2026-10-03T07:36:11Z",
    "z9": 54000,
    "z10": 47000,
    "z11": 48000,
    "skin": 28.541002,
    "status": 0,
    "waited_s": 0,
    "warm_start": false
  },
  "heat_stop": null
}

manual_500 completed
{
  "mean_battery_w": 2.3307361180600776,
  "cpu_seconds": {
    "runner": 3.17,
    "llama_server": 0.0,
    "robotcam_app": 2.67,
    "camera_provider": 4.2
  },
  "start_to_first_fresh_s": 1.0075263269827701,
  "stop": {
    "stop_to_stopped_s": 3.6429222429869696,
    "capture_stopped": true,
    "frames_seen": [],
    "unreadable_reads": 0,
    "check_s": 3.08,
    "force_stop_rc": 0,
    "force_stop_output": "",
    "pids_after_force_stop": []
  },
  "frames_ok": 19,
  "startup_wait_polls": 6,
  "frames_failed": 0,
  "raw_status_counts": {
    "missing": 6,
    "ok": 19,
    "repeat": 136
  },
  "new_frame_gap_max_s": 1.7207065440015867,
  "observed_publish_hz": 0.9784022965538004,
  "unpaired_diagnostics": 5,
  "repeat_polls": 136,
  "age_median_s": 0.71014792798087,
  "age_p95_s": 0.8285287850303575,
  "luma": {
    "median": 115.930693359375,
    "min": 115.837158203125
  },
  "sharpness": {
    "median": 123.05461342957358,
    "min": 49.73032751562325
  },
  "paired_diagnostics": 14,
  "applied_observations": [
    {
      "frame": 1,
      "variant": "template=still;processing=default;focus=auto;frame_ms=500;camera=default",
      "power": {
        "requested": {
          "frame_duration_ns": 33000000,
          "exposure_ns": 10000000,
          "iso": 100,
          "post_raw_boost": 100,
          "ae_mode": 1,
          "af_mode": 4,
          "nr_mode": 2,
          "edge_mode": 2,
          "focus_diopters": 0,
          "hot_pixel_mode": 2,
          "aberration_mode": 0,
          "shading_mode": 2,
          "tonemap_mode": 2,
          "face_detect_mode": 0,
          "ois_mode": 1,
          "video_stabilization_mode": 1,
          "capture_intent": 2
        },
        "result": {
          "frame_duration_ns": 66668961,
          "exposure_ns": 6832276,
          "iso": 456,
          "post_raw_boost": 100,
          "ae_mode": 1,
          "af_mode": 4,
          "nr_mode": 2,
          "edge_mode": 2,
          "focus_diopters": 3.279387,
          "hot_pixel_mode": 2,
          "aberration_mode": 0,
          "shading_mode": 2,
          "tonemap_mode": 2,
          "face_detect_mode": 0,
          "ois_mode": 1,
          "video_stabilization_mode": 1,
          "capture_intent": 2
        },
        "result_sensor_timestamp_ns": 370674305944829,
        "result_frame_number": 1,
        "manual_phase": "ae_converging",
        "camera_id": "0",
        "schema_version": 2,
        "options": {
          "capture_template": "still",
          "processing": "default",
          "focus_diopters": null,
          "frame_ms": 500,
          "camera_id": "",
          "dump_characteristics": false
        }
      }
    },
    {
      "frame": 2,
      "variant": "template=still;processing=default;focus=auto;frame_ms=500;camera=default",
      "power": {
        "requested": {
          "frame_duration_ns": 33000000,
          "exposure_ns": 10000000,
          "iso": 100,
          "post_raw_boost": 100,
          "ae_mode": 1,
          "af_mode": 4,
          "nr_mode": 2,
          "edge_mode": 2,
          "focus_diopters": 0,
          "hot_pixel_mode": 2,
          "aberration_mode": 0,
          "shading_mode": 2,
          "tonemap_mode": 2,
          "face_detect_mode": 0,
          "ois_mode": 1,
          "video_stabilization_mode": 1,
          "capture_intent": 2
        },
        "result": {
          "frame_duration_ns": 66668961,
          "exposure_ns": 12430246,
          "iso": 251,
          "post_raw_boost": 100,
          "ae_mode": 1,
          "af_mode": 4,
          "nr_mode": 2,
          "edge_mode": 2,
          "focus_diopters": 1.541051,
          "hot_pixel_mode": 2,
          "aberration_mode": 0,
          "shading_mode": 2,
          "tonemap_mode": 2,
          "face_detect_mode": 0,
          "ois_mode": 1,
          "video_stabilization_mode": 1,
          "capture_intent": 2
        },
        "result_sensor_timestamp_ns": 370674965274855,
        "result_frame_number": 11,
        "manual_phase": "ae_converging",
        "camera_id": "0",
        "schema_version": 2,
        "options": {
          "capture_template": "still",
          "processing": "default",
          "focus_diopters": null,
          "frame_ms": 500,
          "camera_id": "",
          "dump_characteristics": false
        }
      }
    },
    {
      "frame": 3,
      "variant": "template=still;processing=default;focus=auto;frame_ms=500;camera=default",
      "power": {
        "requested": {
          "frame_duration_ns": 500000000,
          "exposure_ns": 12430246,
          "iso": 251,
          "post_raw_boost": 100,
          "ae_mode": 0,
          "af_mode": 4,
          "nr_mode": 2,
          "edge_mode": 2,
          "focus_diopters": 0,
          "hot_pixel_mode": 2,
          "aberration_mode": 0,
          "shading_mode": 2,
          "tonemap_mode": 2,
          "face_detect_mode": 0,
          "ois_mode": 1,
          "video_stabilization_mode": 1,
          "capture_intent": 2
        },
        "result": {
          "frame_duration_ns": 500000000,
          "exposure_ns": 12425658,
          "iso": 250,
          "post_raw_boost": 100,
          "ae_mode": 0,
          "af_mode": 4,
          "nr_mode": 2,
          "edge_mode": 2,
          "focus_diopters": 1.541051,
          "hot_pixel_mode": 2,
          "aberration_mode": 0,
          "shading_mode": 2,
          "tonemap_mode": 2,
          "face_detect_mode": 0,
          "ois_mode": 1,
          "video_stabilization_mode": 1,
          "capture_intent": 2
        },
        "result_sensor_timestamp_ns": 370676228642552,
        "result_frame_number": 17,
        "manual_phase": "manual",
        "camera_id": "0",
        "schema_version": 2,
        "options": {
          "capture_template": "still",
          "processing": "default",
          "focus_diopters": null,
          "frame_ms": 500,
          "camera_id": "",
          "dump_characteristics": false
        }
      }
    },
    {
      "frame": 4,
      "variant": "template=still;processing=default;focus=auto;frame_ms=500;camera=default",
      "power": {
        "requested": {
          "frame_duration_ns": 500000000,
          "exposure_ns": 12430246,
          "iso": 251,
          "post_raw_boost": 100,
          "ae_mode": 0,
          "af_mode": 4,
          "nr_mode": 2,
          "edge_mode": 2,
          "focus_diopters": 0,
          "hot_pixel_mode": 2,
          "aberration_mode": 0,
          "shading_mode": 2,
          "tonemap_mode": 2,
          "face_detect_mode": 0,
          "ois_mode": 1,
          "video_stabilization_mode": 1,
          "capture_intent": 2
        },
        "result": {
          "frame_duration_ns": 500000000,
          "exposure_ns": 12425658,
          "iso": 250,
          "post_raw_boost": 100,
          "ae_mode": 0,
          "af_mode": 4,
          "nr_mode": 2,
          "edge_mode": 2,
          "focus_diopters": 1.541051,
          "hot_pixel_mode": 2,
          "aberration_mode": 0,
          "shading_mode": 2,
          "tonemap_mode": 2,
          "face_detect_mode": 0,
          "ois_mode": 1,
          "video_stabilization_mode": 1,
          "capture_intent": 2
        },
        "result_sensor_timestamp_ns": 370677226034504,
        "result_frame_number": 19,
        "manual_phase": "manual",
        "camera_id": "0",
        "schema_version": 2,
        "options": {
          "capture_template": "still",
          "processing": "default",
          "focus_diopters": null,
          "frame_ms": 500,
          "camera_id": "",
          "dump_characteristics": false
        }
      }
    },
    {
      "frame": 5,
      "variant": "template=still;processing=default;focus=auto;frame_ms=500;camera=default",
      "power": {
        "requested": {
          "frame_duration_ns": 500000000,
          "exposure_ns": 12430246,
          "iso": 251,
          "post_raw_boost": 100,
          "ae_mode": 0,
          "af_mode": 4,
          "nr_mode": 2,
          "edge_mode": 2,
          "focus_diopters": 0,
          "hot_pixel_mode": 2,
          "aberration_mode": 0,
          "shading_mode": 2,
          "tonemap_mode": 2,
          "face_detect_mode": 0,
          "ois_mode": 1,
          "video_stabilization_mode": 1,
          "capture_intent": 2
        },
        "result": {
          "frame_duration_ns": 500000000,
          "exposure_ns": 12425658,
          "iso": 250,
          "post_raw_boost": 100,
          "ae_mode": 0,
          "af_mode": 4,
          "nr_mode": 2,
          "edge_mode": 2,
          "focus_diopters": 1.541051,
          "hot_pixel_mode": 2,
          "aberration_mode": 0,
          "shading_mode": 2,
          "tonemap_mode": 2,
          "face_detect_mode": 0,
          "ois_mode": 1,
          "video_stabilization_mode": 1,
          "capture_intent": 2
        },
        "result_sensor_timestamp_ns": 370678223426456,
        "result_frame_number": 21,
        "manual_phase": "manual",
        "camera_id": "0",
        "schema_version": 2,
        "options": {
          "capture_template": "still",
          "processing": "default",
          "focus_diopters": null,
          "frame_ms": 500,
          "camera_id": "",
          "dump_characteristics": false
        }
      }
    },
    {
      "frame": 7,
      "variant": "template=still;processing=default;focus=auto;frame_ms=500;camera=default",
      "power": {
        "requested": {
          "frame_duration_ns": 500000000,
          "exposure_ns": 12430246,
          "iso": 251,
          "post_raw_boost": 100,
          "ae_mode": 0,
          "af_mode": 4,
          "nr_mode": 2,
          "edge_mode": 2,
          "focus_diopters": 0,
          "hot_pixel_mode": 2,
          "aberration_mode": 0,
          "shading_mode": 2,
          "tonemap_mode": 2,
          "face_detect_mode": 0,
          "ois_mode": 1,
          "video_stabilization_mode": 1,
          "capture_intent": 2
        },
        "result": {
          "frame_duration_ns": 500000000,
          "exposure_ns": 12425658,
          "iso": 250,
          "post_raw_boost": 100,
          "ae_mode": 0,
          "af_mode": 4,
          "nr_mode": 2,
          "edge_mode": 2,
          "focus_diopters": 1.541051,
          "hot_pixel_mode": 2,
          "aberration_mode": 0,
          "shading_mode": 2,
          "tonemap_mode": 2,
          "face_detect_mode": 0,
          "ois_mode": 1,
          "video_stabilization_mode": 1,
          "capture_intent": 2
        },
        "result_sensor_timestamp_ns": 370680218258825,
        "result_frame_number": 25,
        "manual_phase": "manual",
        "camera_id": "0",
        "schema_version": 2,
        "options": {
          "capture_template": "still",
          "processing": "default",
          "focus_diopters": null,
          "frame_ms": 500,
          "camera_id": "",
          "dump_characteristics": false
        }
      }
    },
    {
      "frame": 8,
      "variant": "template=still;processing=default;focus=auto;frame_ms=500;camera=default",
      "power": {
        "requested": {
          "frame_duration_ns": 500000000,
          "exposure_ns": 12430246,
          "iso": 251,
          "post_raw_boost": 100,
          "ae_mode": 0,
          "af_mode": 4,
          "nr_mode": 2,
          "edge_mode": 2,
          "focus_diopters": 0,
          "hot_pixel_mode": 2,
          "aberration_mode": 0,
          "shading_mode": 2,
          "tonemap_mode": 2,
          "face_detect_mode": 0,
          "ois_mode": 1,
          "video_stabilization_mode": 1,
          "capture_intent": 2
        },
        "result": {
          "frame_duration_ns": 500000000,
          "exposure_ns": 12425658,
          "iso": 250,
          "post_raw_boost": 100,
          "ae_mode": 0,
          "af_mode": 4,
          "nr_mode": 2,
          "edge_mode": 2,
          "focus_diopters": 1.2236699,
          "hot_pixel_mode": 2,
          "aberration_mode": 0,
          "shading_mode": 2,
          "tonemap_mode": 2,
          "face_detect_mode": 0,
          "ois_mode": 1,
          "video_stabilization_mode": 1,
          "capture_intent": 2
        },
        "result_sensor_timestamp_ns": 370681215602272,
        "result_frame_number": 27,
        "manual_phase": "manual",
        "camera_id": "0",
        "schema_version": 2,
        "options": {
          "capture_template": "still",
          "processing": "default",
          "focus_diopters": null,
          "frame_ms": 500,
          "camera_id": "",
          "dump_characteristics": false
        }
      }
    },
    {
      "frame": 9,
      "variant": "template=still;processing=default;focus=auto;frame_ms=500;camera=default",
      "power": {
        "requested": {
          "frame_duration_ns": 500000000,
          "exposure_ns": 12430246,
          "iso": 251,
          "post_raw_boost": 100,
          "ae_mode": 0,
          "af_mode": 4,
          "nr_mode": 2,
          "edge_mode": 2,
          "focus_diopters": 0,
          "hot_pixel_mode": 2,
          "aberration_mode": 0,
          "shading_mode": 2,
          "tonemap_mode": 2,
          "face_detect_mode": 0,
          "ois_mode": 1,
          "video_stabilization_mode": 1,
          "capture_intent": 2
        },
        "result": {
          "frame_duration_ns": 500000000,
          "exposure_ns": 12425658,
          "iso": 250,
          "post_raw_boost": 100,
          "ae_mode": 0,
          "af_mode": 4,
          "nr_mode": 2,
          "edge_mode": 2,
          "focus_diopters": 1.1529524,
          "hot_pixel_mode": 2,
          "aberration_mode": 0,
          "shading_mode": 2,
          "tonemap_mode": 2,
          "face_detect_mode": 0,
          "ois_mode": 1,
          "video_stabilization_mode": 1,
          "capture_intent": 2
        },
        "result_sensor_timestamp_ns": 370682213050364,
        "result_frame_number": 29,
        "manual_phase": "manual",
        "camera_id": "0",
        "schema_version": 2,
        "options": {
          "capture_template": "still",
          "processing": "default",
          "focus_diopters": null,
          "frame_ms": 500,
          "camera_id": "",
          "dump_characteristics": false
        }
      }
    },
    {
      "frame": 10,
      "variant": "template=still;processing=default;focus=auto;frame_ms=500;camera=default",
      "power": {
        "requested": {
          "frame_duration_ns": 500000000,
          "exposure_ns": 12430246,
          "iso": 251,
          "post_raw_boost": 100,
          "ae_mode": 0,
          "af_mode": 4,
          "nr_mode": 2,
          "edge_mode": 2,
          "focus_diopters": 0,
          "hot_pixel_mode": 2,
          "aberration_mode": 0,
          "shading_mode": 2,
          "tonemap_mode": 2,
          "face_detect_mode": 0,
          "ois_mode": 1,
          "video_stabilization_mode": 1,
          "capture_intent": 2
        },
        "result": {
          "frame_duration_ns": 500000000,
          "exposure_ns": 12425658,
          "iso": 250,
          "post_raw_boost": 100,
          "ae_mode": 0,
          "af_mode": 4,
          "nr_mode": 2,
          "edge_mode": 2,
          "focus_diopters": 1.0467472,
          "hot_pixel_mode": 2,
          "aberration_mode": 0,
          "shading_mode": 2,
          "tonemap_mode": 2,
          "face_detect_mode": 0,
          "ois_mode": 1,
          "video_stabilization_mode": 1,
          "capture_intent": 2
        },
        "result_sensor_timestamp_ns": 370682711690200,
        "result_frame_number": 30,
        "manual_phase": "manual",
        "camera_id": "0",
        "schema_version": 2,
        "options": {
          "capture_template": "still",
          "processing": "default",
          "focus_diopters": null,
          "frame_ms": 500,
          "camera_id": "",
          "dump_characteristics": false
        }
      }
    },
    {
      "frame": 11,
      "variant": "template=still;processing=default;focus=auto;frame_ms=500;camera=default",
      "power": {
        "requested": {
          "frame_duration_ns": 500000000,
          "exposure_ns": 12430246,
          "iso": 251,
          "post_raw_boost": 100,
          "ae_mode": 0,
          "af_mode": 4,
          "nr_mode": 2,
          "edge_mode": 2,
          "focus_diopters": 0,
          "hot_pixel_mode": 2,
          "aberration_mode": 0,
          "shading_mode": 2,
          "tonemap_mode": 2,
          "face_detect_mode": 0,
          "ois_mode": 1,
          "video_stabilization_mode": 1,
          "capture_intent": 2
        },
        "result": {
          "frame_duration_ns": 500000000,
          "exposure_ns": 12425658,
          "iso": 250,
          "post_raw_boost": 100,
          "ae_mode": 0,
          "af_mode": 4,
          "nr_mode": 2,
          "edge_mode": 2,
          "focus_diopters": 1.0821662,
          "hot_pixel_mode": 2,
          "aberration_mode": 0,
          "shading_mode": 2,
          "tonemap_mode": 2,
          "face_detect_mode": 0,
          "ois_mode": 1,
          "video_stabilization_mode": 1,
          "capture_intent": 2
        },
        "result_sensor_timestamp_ns": 370684207778127,
        "result_frame_number": 33,
        "manual_phase": "manual",
        "camera_id": "0",
        "schema_version": 2,
        "options": {
          "capture_template": "still",
          "processing": "default",
          "focus_diopters": null,
          "frame_ms": 500,
          "camera_id": "",
          "dump_characteristics": false
        }
      }
    },
    {
      "frame": 13,
      "variant": "template=still;processing=default;focus=auto;frame_ms=500;camera=default",
      "power": {
        "requested": {
          "frame_duration_ns": 500000000,
          "exposure_ns": 12430246,
          "iso": 251,
          "post_raw_boost": 100,
          "ae_mode": 0,
          "af_mode": 4,
          "nr_mode": 2,
          "edge_mode": 2,
          "focus_diopters": 0,
          "hot_pixel_mode": 2,
          "aberration_mode": 0,
          "shading_mode": 2,
          "tonemap_mode": 2,
          "face_detect_mode": 0,
          "ois_mode": 1,
          "video_stabilization_mode": 1,
          "capture_intent": 2
        },
        "result": {
          "frame_duration_ns": 500000000,
          "exposure_ns": 12425658,
          "iso": 250,
          "post_raw_boost": 100,
          "ae_mode": 0,
          "af_mode": 4,
          "nr_mode": 2,
          "edge_mode": 2,
          "focus_diopters": 1.0821662,
          "hot_pixel_mode": 2,
          "aberration_mode": 0,
          "shading_mode": 2,
          "tonemap_mode": 2,
          "face_detect_mode": 0,
          "ois_mode": 1,
          "video_stabilization_mode": 1,
          "capture_intent": 2
        },
        "result_sensor_timestamp_ns": 370686202546382,
        "result_frame_number": 37,
        "manual_phase": "manual",
        "camera_id": "0",
        "schema_version": 2,
        "options": {
          "capture_template": "still",
          "processing": "default",
          "focus_diopters": null,
          "frame_ms": 500,
          "camera_id": "",
          "dump_characteristics": false
        }
      }
    },
    {
      "frame": 15,
      "variant": "template=still;processing=default;focus=auto;frame_ms=500;camera=default",
      "power": {
        "requested": {
          "frame_duration_ns": 500000000,
          "exposure_ns": 12430246,
          "iso": 251,
          "post_raw_boost": 100,
          "ae_mode": 0,
          "af_mode": 4,
          "nr_mode": 2,
          "edge_mode": 2,
          "focus_diopters": 0,
          "hot_pixel_mode": 2,
          "aberration_mode": 0,
          "shading_mode": 2,
          "tonemap_mode": 2,
          "face_detect_mode": 0,
          "ois_mode": 1,
          "video_stabilization_mode": 1,
          "capture_intent": 2
        },
        "result": {
          "frame_duration_ns": 500000000,
          "exposure_ns": 12425658,
          "iso": 250,
          "post_raw_boost": 100,
          "ae_mode": 0,
          "af_mode": 4,
          "nr_mode": 2,
          "edge_mode": 2,
          "focus_diopters": 1.0821662,
          "hot_pixel_mode": 2,
          "aberration_mode": 0,
          "shading_mode": 2,
          "tonemap_mode": 2,
          "face_detect_mode": 0,
          "ois_mode": 1,
          "video_stabilization_mode": 1,
          "capture_intent": 2
        },
        "result_sensor_timestamp_ns": 370688197345895,
        "result_frame_number": 41,
        "manual_phase": "manual",
        "camera_id": "0",
        "schema_version": 2,
        "options": {
          "capture_template": "still",
          "processing": "default",
          "focus_diopters": null,
          "frame_ms": 500,
          "camera_id": "",
          "dump_characteristics": false
        }
      }
    },
    {
      "frame": 17,
      "variant": "template=still;processing=default;focus=auto;frame_ms=500;camera=default",
      "power": {
        "requested": {
          "frame_duration_ns": 500000000,
          "exposure_ns": 12430246,
          "iso": 251,
          "post_raw_boost": 100,
          "ae_mode": 0,
          "af_mode": 4,
          "nr_mode": 2,
          "edge_mode": 2,
          "focus_diopters": 0,
          "hot_pixel_mode": 2,
          "aberration_mode": 0,
          "shading_mode": 2,
          "tonemap_mode": 2,
          "face_detect_mode": 0,
          "ois_mode": 1,
          "video_stabilization_mode": 1,
          "capture_intent": 2
        },
        "result": {
          "frame_duration_ns": 500000000,
          "exposure_ns": 12425658,
          "iso": 250,
          "post_raw_boost": 100,
          "ae_mode": 0,
          "af_mode": 4,
          "nr_mode": 2,
          "edge_mode": 2,
          "focus_diopters": 1.0821662,
          "hot_pixel_mode": 2,
          "aberration_mode": 0,
          "shading_mode": 2,
          "tonemap_mode": 2,
          "face_detect_mode": 0,
          "ois_mode": 1,
          "video_stabilization_mode": 1,
          "capture_intent": 2
        },
        "result_sensor_timestamp_ns": 370690192092515,
        "result_frame_number": 45,
        "manual_phase": "manual",
        "camera_id": "0",
        "schema_version": 2,
        "options": {
          "capture_template": "still",
          "processing": "default",
          "focus_diopters": null,
          "frame_ms": 500,
          "camera_id": "",
          "dump_characteristics": false
        }
      }
    },
    {
      "frame": 18,
      "variant": "template=still;processing=default;focus=auto;frame_ms=500;camera=default",
      "power": {
        "requested": {
          "frame_duration_ns": 500000000,
          "exposure_ns": 12430246,
          "iso": 251,
          "post_raw_boost": 100,
          "ae_mode": 0,
          "af_mode": 4,
          "nr_mode": 2,
          "edge_mode": 2,
          "focus_diopters": 0,
          "hot_pixel_mode": 2,
          "aberration_mode": 0,
          "shading_mode": 2,
          "tonemap_mode": 2,
          "face_detect_mode": 0,
          "ois_mode": 1,
          "video_stabilization_mode": 1,
          "capture_intent": 2
        },
        "result": {
          "frame_duration_ns": 500000000,
          "exposure_ns": 12425658,
          "iso": 250,
          "post_raw_boost": 100,
          "ae_mode": 0,
          "af_mode": 4,
          "nr_mode": 2,
          "edge_mode": 2,
          "focus_diopters": 1.0821662,
          "hot_pixel_mode": 2,
          "aberration_mode": 0,
          "shading_mode": 2,
          "tonemap_mode": 2,
          "face_detect_mode": 0,
          "ois_mode": 1,
          "video_stabilization_mode": 1,
          "capture_intent": 2
        },
        "result_sensor_timestamp_ns": 370691189521710,
        "result_frame_number": 47,
        "manual_phase": "manual",
        "camera_id": "0",
        "schema_version": 2,
        "options": {
          "capture_template": "still",
          "processing": "default",
          "focus_diopters": null,
          "frame_ms": 500,
          "camera_id": "",
          "dump_characteristics": false
        }
      }
    }
  ],
  "skin_slope_c_min": 0.9364477860600114,
  "android_status": "0.1s NONE(0)",
  "gate": {
    "at": "2026-10-03T07:36:37Z",
    "z9": 36000,
    "z10": 36000,
    "z11": 37000,
    "skin": 28.888502,
    "status": 0,
    "waited_s": 0,
    "warm_start": false
  },
  "heat_stop": null
}

manual_1000 INCOMPLETE
{
  "mean_battery_w": 2.0541894825744818,
  "cpu_seconds": {
    "runner": 3.22,
    "llama_server": 0.0,
    "robotcam_app": 2.15,
    "camera_provider": 3.51
  },
  "start_to_first_fresh_s": 0.8723806150082964,
  "stop": {
    "stop_to_stopped_s": 3.6885563980031293,
    "capture_stopped": true,
    "frames_seen": [],
    "unreadable_reads": 0,
    "check_s": 3.08,
    "force_stop_rc": 0,
    "force_stop_output": "",
    "pids_after_force_stop": []
  },
  "frames_ok": 19,
  "startup_wait_polls": 5,
  "frames_failed": 24,
  "raw_status_counts": {
    "missing": 29,
    "ok": 19,
    "repeat": 112
  },
  "new_frame_gap_max_s": 2.5785852060071193,
  "observed_publish_hz": 0.9514333252419239,
  "unpaired_diagnostics": 4,
  "repeat_polls": 112,
  "age_median_s": 1.1824352940311655,
  "age_p95_s": 1.294867421966046,
  "luma": {
    "median": 116.85521484375,
    "min": 113.398994140625
  },
  "sharpness": {
    "median": 97.75794699123328,
    "min": 49.63823357268816
  },
  "paired_diagnostics": 15,
  "applied_observations": [
    {
      "frame": 1,
      "variant": "template=still;processing=default;focus=auto;frame_ms=1000;camera=default",
      "power": {
        "requested": {
          "frame_duration_ns": 33000000,
          "exposure_ns": 10000000,
          "iso": 100,
          "post_raw_boost": 100,
          "ae_mode": 1,
          "af_mode": 4,
          "nr_mode": 2,
          "edge_mode": 2,
          "focus_diopters": 0,
          "hot_pixel_mode": 2,
          "aberration_mode": 0,
          "shading_mode": 2,
          "tonemap_mode": 2,
          "face_detect_mode": 0,
          "ois_mode": 1,
          "video_stabilization_mode": 1,
          "capture_intent": 2
        },
        "result": {
          "frame_duration_ns": 66668961,
          "exposure_ns": 8328127,
          "iso": 375,
          "post_raw_boost": 100,
          "ae_mode": 1,
          "af_mode": 4,
          "nr_mode": 2,
          "edge_mode": 2,
          "focus_diopters": 3.279387,
          "hot_pixel_mode": 2,
          "aberration_mode": 0,
          "shading_mode": 2,
          "tonemap_mode": 2,
          "face_detect_mode": 0,
          "ois_mode": 1,
          "video_stabilization_mode": 1,
          "capture_intent": 2
        },
        "result_sensor_timestamp_ns": 370698115437367,
        "result_frame_number": 0,
        "manual_phase": "ae_converging",
        "camera_id": "0",
        "schema_version": 2,
        "options": {
          "capture_template": "still",
          "processing": "default",
          "focus_diopters": null,
          "frame_ms": 1000,
          "camera_id": "",
          "dump_characteristics": false
        }
      }
    },
    {
      "frame": 2,
      "variant": "template=still;processing=default;focus=auto;frame_ms=1000;camera=default",
      "power": {
        "requested": {
          "frame_duration_ns": 33000000,
          "exposure_ns": 10000000,
          "iso": 100,
          "post_raw_boost": 100,
          "ae_mode": 1,
          "af_mode": 4,
          "nr_mode": 2,
          "edge_mode": 2,
          "focus_diopters": 0,
          "hot_pixel_mode": 2,
          "aberration_mode": 0,
          "shading_mode": 2,
          "tonemap_mode": 2,
          "face_detect_mode": 0,
          "ois_mode": 1,
          "video_stabilization_mode": 1,
          "capture_intent": 2
        },
        "result": {
          "frame_duration_ns": 66668961,
          "exposure_ns": 11329006,
          "iso": 275,
          "post_raw_boost": 100,
          "ae_mode": 1,
          "af_mode": 4,
          "nr_mode": 2,
          "edge_mode": 2,
          "focus_diopters": 1.435411,
          "hot_pixel_mode": 2,
          "aberration_mode": 0,
          "shading_mode": 2,
          "tonemap_mode": 2,
          "face_detect_mode": 0,
          "ois_mode": 1,
          "video_stabilization_mode": 1,
          "capture_intent": 2
        },
        "result_sensor_timestamp_ns": 370698644378884,
        "result_frame_number": 7,
        "manual_phase": "ae_converging",
        "camera_id": "0",
        "schema_version": 2,
        "options": {
          "capture_template": "still",
          "processing": "default",
          "focus_diopters": null,
          "frame_ms": 1000,
          "camera_id": "",
          "dump_characteristics": false
        }
      }
    },
    {
      "frame": 5,
      "variant": "template=still;processing=default;focus=auto;frame_ms=1000;camera=default",
      "power": {
        "requested": {
          "frame_duration_ns": 1000000000,
          "exposure_ns": 14669434,
          "iso": 212,
          "post_raw_boost": 100,
          "ae_mode": 0,
          "af_mode": 4,
          "nr_mode": 2,
          "edge_mode": 2,
          "focus_diopters": 0,
          "hot_pixel_mode": 2,
          "aberration_mode": 0,
          "shading_mode": 2,
          "tonemap_mode": 2,
          "face_detect_mode": 0,
          "ois_mode": 1,
          "video_stabilization_mode": 1,
          "capture_intent": 2
        },
        "result": {
          "frame_duration_ns": 1000000000,
          "exposure_ns": 14646492,
          "iso": 211,
          "post_raw_boost": 100,
          "ae_mode": 0,
          "af_mode": 4,
          "nr_mode": 2,
          "edge_mode": 2,
          "focus_diopters": 1.5058547,
          "hot_pixel_mode": 2,
          "aberration_mode": 0,
          "shading_mode": 2,
          "tonemap_mode": 2,
          "face_detect_mode": 0,
          "ois_mode": 1,
          "video_stabilization_mode": 1,
          "capture_intent": 2
        },
        "result_sensor_timestamp_ns": 370702165179609,
        "result_frame_number": 18,
        "manual_phase": "manual",
        "camera_id": "0",
        "schema_version": 2,
        "options": {
          "capture_template": "still",
          "processing": "default",
          "focus_diopters": null,
          "frame_ms": 1000,
          "camera_id": "",
          "dump_characteristics": false
        }
      }
    },
    {
      "frame": 6,
      "variant": "template=still;processing=default;focus=auto;frame_ms=1000;camera=default",
      "power": {
        "requested": {
          "frame_duration_ns": 1000000000,
          "exposure_ns": 14669434,
          "iso": 212,
          "post_raw_boost": 100,
          "ae_mode": 0,
          "af_mode": 4,
          "nr_mode": 2,
          "edge_mode": 2,
          "focus_diopters": 0,
          "hot_pixel_mode": 2,
          "aberration_mode": 0,
          "shading_mode": 2,
          "tonemap_mode": 2,
          "face_detect_mode": 0,
          "ois_mode": 1,
          "video_stabilization_mode": 1,
          "capture_intent": 2
        },
        "result": {
          "frame_duration_ns": 1000000000,
          "exposure_ns": 14646492,
          "iso": 211,
          "post_raw_boost": 100,
          "ae_mode": 0,
          "af_mode": 4,
          "nr_mode": 2,
          "edge_mode": 2,
          "focus_diopters": 1.5058547,
          "hot_pixel_mode": 2,
          "aberration_mode": 0,
          "shading_mode": 2,
          "tonemap_mode": 2,
          "face_detect_mode": 0,
          "ois_mode": 1,
          "video_stabilization_mode": 1,
          "capture_intent": 2
        },
        "result_sensor_timestamp_ns": 370703162597294,
        "result_frame_number": 19,
        "manual_phase": "manual",
        "camera_id": "0",
        "schema_version": 2,
        "options": {
          "capture_template": "still",
          "processing": "default",
          "focus_diopters": null,
          "frame_ms": 1000,
          "camera_id": "",
          "dump_characteristics": false
        }
      }
    },
    {
      "frame": 7,
      "variant": "template=still;processing=default;focus=auto;frame_ms=1000;camera=default",
      "power": {
        "requested": {
          "frame_duration_ns": 1000000000,
          "exposure_ns": 14669434,
          "iso": 212,
          "post_raw_boost": 100,
          "ae_mode": 0,
          "af_mode": 4,
          "nr_mode": 2,
          "edge_mode": 2,
          "focus_diopters": 0,
          "hot_pixel_mode": 2,
          "aberration_mode": 0,
          "shading_mode": 2,
          "tonemap_mode": 2,
          "face_detect_mode": 0,
          "ois_mode": 1,
          "video_stabilization_mode": 1,
          "capture_intent": 2
        },
        "result": {
          "frame_duration_ns": 1000000000,
          "exposure_ns": 14646492,
          "iso": 211,
          "post_raw_boost": 100,
          "ae_mode": 0,
          "af_mode": 4,
          "nr_mode": 2,
          "edge_mode": 2,
          "focus_diopters": 1.5058547,
          "hot_pixel_mode": 2,
          "aberration_mode": 0,
          "shading_mode": 2,
          "tonemap_mode": 2,
          "face_detect_mode": 0,
          "ois_mode": 1,
          "video_stabilization_mode": 1,
          "capture_intent": 2
        },
        "result_sensor_timestamp_ns": 370704160257817,
        "result_frame_number": 20,
        "manual_phase": "manual",
        "camera_id": "0",
        "schema_version": 2,
        "options": {
          "capture_template": "still",
          "processing": "default",
          "focus_diopters": null,
          "frame_ms": 1000,
          "camera_id": "",
          "dump_characteristics": false
        }
      }
    },
    {
      "frame": 8,
      "variant": "template=still;processing=default;focus=auto;frame_ms=1000;camera=default",
      "power": {
        "requested": {
          "frame_duration_ns": 1000000000,
          "exposure_ns": 14669434,
          "iso": 212,
          "post_raw_boost": 100,
          "ae_mode": 0,
          "af_mode": 4,
          "nr_mode": 2,
          "edge_mode": 2,
          "focus_diopters": 0,
          "hot_pixel_mode": 2,
          "aberration_mode": 0,
          "shading_mode": 2,
          "tonemap_mode": 2,
          "face_detect_mode": 0,
          "ois_mode": 1,
          "video_stabilization_mode": 1,
          "capture_intent": 2
        },
        "result": {
          "frame_duration_ns": 1000000000,
          "exposure_ns": 14646492,
          "iso": 211,
          "post_raw_boost": 100,
          "ae_mode": 0,
          "af_mode": 4,
          "nr_mode": 2,
          "edge_mode": 2,
          "focus_diopters": 1.5058547,
          "hot_pixel_mode": 2,
          "aberration_mode": 0,
          "shading_mode": 2,
          "tonemap_mode": 2,
          "face_detect_mode": 0,
          "ois_mode": 1,
          "video_stabilization_mode": 1,
          "capture_intent": 2
        },
        "result_sensor_timestamp_ns": 370705157355425,
        "result_frame_number": 21,
        "manual_phase": "manual",
        "camera_id": "0",
        "schema_version": 2,
        "options": {
          "capture_template": "still",
          "processing": "default",
          "focus_diopters": null,
          "frame_ms": 1000,
          "camera_id": "",
          "dump_characteristics": false
        }
      }
    },
    {
      "frame": 9,
      "variant": "template=still;processing=default;focus=auto;frame_ms=1000;camera=default",
      "power": {
        "requested": {
          "frame_duration_ns": 1000000000,
          "exposure_ns": 14669434,
          "iso": 212,
          "post_raw_boost": 100,
          "ae_mode": 0,
          "af_mode": 4,
          "nr_mode": 2,
          "edge_mode": 2,
          "focus_diopters": 0,
          "hot_pixel_mode": 2,
          "aberration_mode": 0,
          "shading_mode": 2,
          "tonemap_mode": 2,
          "face_detect_mode": 0,
          "ois_mode": 1,
          "video_stabilization_mode": 1,
          "capture_intent": 2
        },
        "result": {
          "frame_duration_ns": 1000000000,
          "exposure_ns": 14646492,
          "iso": 211,
          "post_raw_boost": 100,
          "ae_mode": 0,
          "af_mode": 4,
          "nr_mode": 2,
          "edge_mode": 2,
          "focus_diopters": 1.5058547,
          "hot_pixel_mode": 2,
          "aberration_mode": 0,
          "shading_mode": 2,
          "tonemap_mode": 2,
          "face_detect_mode": 0,
          "ois_mode": 1,
          "video_stabilization_mode": 1,
          "capture_intent": 2
        },
        "result_sensor_timestamp_ns": 370706154747376,
        "result_frame_number": 22,
        "manual_phase": "manual",
        "camera_id": "0",
        "schema_version": 2,
        "options": {
          "capture_template": "still",
          "processing": "default",
          "focus_diopters": null,
          "frame_ms": 1000,
          "camera_id": "",
          "dump_characteristics": false
        }
      }
    },
    {
      "frame": 10,
      "variant": "template=still;processing=default;focus=auto;frame_ms=1000;camera=default",
      "power": {
        "requested": {
          "frame_duration_ns": 1000000000,
          "exposure_ns": 14669434,
          "iso": 212,
          "post_raw_boost": 100,
          "ae_mode": 0,
          "af_mode": 4,
          "nr_mode": 2,
          "edge_mode": 2,
          "focus_diopters": 0,
          "hot_pixel_mode": 2,
          "aberration_mode": 0,
          "shading_mode": 2,
          "tonemap_mode": 2,
          "face_detect_mode": 0,
          "ois_mode": 1,
          "video_stabilization_mode": 1,
          "capture_intent": 2
        },
        "result": {
          "frame_duration_ns": 1000000000,
          "exposure_ns": 14646492,
          "iso": 211,
          "post_raw_boost": 100,
          "ae_mode": 0,
          "af_mode": 4,
          "nr_mode": 2,
          "edge_mode": 2,
          "focus_diopters": 1.5058547,
          "hot_pixel_mode": 2,
          "aberration_mode": 0,
          "shading_mode": 2,
          "tonemap_mode": 2,
          "face_detect_mode": 0,
          "ois_mode": 1,
          "video_stabilization_mode": 1,
          "capture_intent": 2
        },
        "result_sensor_timestamp_ns": 370707152139329,
        "result_frame_number": 23,
        "manual_phase": "manual",
        "camera_id": "0",
        "schema_version": 2,
        "options": {
          "capture_template": "still",
          "processing": "default",
          "focus_diopters": null,
          "frame_ms": 1000,
          "camera_id": "",
          "dump_characteristics": false
        }
      }
    },
    {
      "frame": 11,
      "variant": "template=still;processing=default;focus=auto;frame_ms=1000;camera=default",
      "power": {
        "requested": {
          "frame_duration_ns": 1000000000,
          "exposure_ns": 14669434,
          "iso": 212,
          "post_raw_boost": 100,
          "ae_mode": 0,
          "af_mode": 4,
          "nr_mode": 2,
          "edge_mode": 2,
          "focus_diopters": 0,
          "hot_pixel_mode": 2,
          "aberration_mode": 0,
          "shading_mode": 2,
          "tonemap_mode": 2,
          "face_detect_mode": 0,
          "ois_mode": 1,
          "video_stabilization_mode": 1,
          "capture_intent": 2
        },
        "result": {
          "frame_duration_ns": 1000000000,
          "exposure_ns": 14646492,
          "iso": 211,
          "post_raw_boost": 100,
          "ae_mode": 0,
          "af_mode": 4,
          "nr_mode": 2,
          "edge_mode": 2,
          "focus_diopters": 1.1529524,
          "hot_pixel_mode": 2,
          "aberration_mode": 0,
          "shading_mode": 2,
          "tonemap_mode": 2,
          "face_detect_mode": 0,
          "ois_mode": 1,
          "video_stabilization_mode": 1,
          "capture_intent": 2
        },
        "result_sensor_timestamp_ns": 370708149963386,
        "result_frame_number": 24,
        "manual_phase": "manual",
        "camera_id": "0",
        "schema_version": 2,
        "options": {
          "capture_template": "still",
          "processing": "default",
          "focus_diopters": null,
          "frame_ms": 1000,
          "camera_id": "",
          "dump_characteristics": false
        }
      }
    },
    {
      "frame": 12,
      "variant": "template=still;processing=default;focus=auto;frame_ms=1000;camera=default",
      "power": {
        "requested": {
          "frame_duration_ns": 1000000000,
          "exposure_ns": 14669434,
          "iso": 212,
          "post_raw_boost": 100,
          "ae_mode": 0,
          "af_mode": 4,
          "nr_mode": 2,
          "edge_mode": 2,
          "focus_diopters": 0,
          "hot_pixel_mode": 2,
          "aberration_mode": 0,
          "shading_mode": 2,
          "tonemap_mode": 2,
          "face_detect_mode": 0,
          "ois_mode": 1,
          "video_stabilization_mode": 1,
          "capture_intent": 2
        },
        "result": {
          "frame_duration_ns": 1000000000,
          "exposure_ns": 14646492,
          "iso": 211,
          "post_raw_boost": 100,
          "ae_mode": 0,
          "af_mode": 4,
          "nr_mode": 2,
          "edge_mode": 2,
          "focus_diopters": 1.2943188,
          "hot_pixel_mode": 2,
          "aberration_mode": 0,
          "shading_mode": 2,
          "tonemap_mode": 2,
          "face_detect_mode": 0,
          "ois_mode": 1,
          "video_stabilization_mode": 1,
          "capture_intent": 2
        },
        "result_sensor_timestamp_ns": 370709146923192,
        "result_frame_number": 25,
        "manual_phase": "manual",
        "camera_id": "0",
        "schema_version": 2,
        "options": {
          "capture_template": "still",
          "processing": "default",
          "focus_diopters": null,
          "frame_ms": 1000,
          "camera_id": "",
          "dump_characteristics": false
        }
      }
    },
    {
      "frame": 13,
      "variant": "template=still;processing=default;focus=auto;frame_ms=1000;camera=default",
      "power": {
        "requested": {
          "frame_duration_ns": 1000000000,
          "exposure_ns": 14669434,
          "iso": 212,
          "post_raw_boost": 100,
          "ae_mode": 0,
          "af_mode": 4,
          "nr_mode": 2,
          "edge_mode": 2,
          "focus_diopters": 0,
          "hot_pixel_mode": 2,
          "aberration_mode": 0,
          "shading_mode": 2,
          "tonemap_mode": 2,
          "face_detect_mode": 0,
          "ois_mode": 1,
          "video_stabilization_mode": 1,
          "capture_intent": 2
        },
        "result": {
          "frame_duration_ns": 1000000000,
          "exposure_ns": 14646492,
          "iso": 211,
          "post_raw_boost": 100,
          "ae_mode": 0,
          "af_mode": 4,
          "nr_mode": 2,
          "edge_mode": 2,
          "focus_diopters": 1.3296175,
          "hot_pixel_mode": 2,
          "aberration_mode": 0,
          "shading_mode": 2,
          "tonemap_mode": 2,
          "face_detect_mode": 0,
          "ois_mode": 1,
          "video_stabilization_mode": 1,
          "capture_intent": 2
        },
        "result_sensor_timestamp_ns": 370710144056412,
        "result_frame_number": 26,
        "manual_phase": "manual",
        "camera_id": "0",
        "schema_version": 2,
        "options": {
          "capture_template": "still",
          "processing": "default",
          "focus_diopters": null,
          "frame_ms": 1000,
          "camera_id": "",
          "dump_characteristics": false
        }
      }
    },
    {
      "frame": 15,
      "variant": "template=still;processing=default;focus=auto;frame_ms=1000;camera=default",
      "power": {
        "requested": {
          "frame_duration_ns": 1000000000,
          "exposure_ns": 14669434,
          "iso": 212,
          "post_raw_boost": 100,
          "ae_mode": 0,
          "af_mode": 4,
          "nr_mode": 2,
          "edge_mode": 2,
          "focus_diopters": 0,
          "hot_pixel_mode": 2,
          "aberration_mode": 0,
          "shading_mode": 2,
          "tonemap_mode": 2,
          "face_detect_mode": 0,
          "ois_mode": 1,
          "video_stabilization_mode": 1,
          "capture_intent": 2
        },
        "result": {
          "frame_duration_ns": 1000000000,
          "exposure_ns": 14646492,
          "iso": 211,
          "post_raw_boost": 100,
          "ae_mode": 0,
          "af_mode": 4,
          "nr_mode": 2,
          "edge_mode": 2,
          "focus_diopters": 1.1883197,
          "hot_pixel_mode": 2,
          "aberration_mode": 0,
          "shading_mode": 2,
          "tonemap_mode": 2,
          "face_detect_mode": 0,
          "ois_mode": 1,
          "video_stabilization_mode": 1,
          "capture_intent": 2
        },
        "result_sensor_timestamp_ns": 370712139099048,
        "result_frame_number": 28,
        "manual_phase": "manual",
        "camera_id": "0",
        "schema_version": 2,
        "options": {
          "capture_template": "still",
          "processing": "default",
          "focus_diopters": null,
          "frame_ms": 1000,
          "camera_id": "",
          "dump_characteristics": false
        }
      }
    },
    {
      "frame": 16,
      "variant": "template=still;processing=default;focus=auto;frame_ms=1000;camera=default",
      "power": {
        "requested": {
          "frame_duration_ns": 1000000000,
          "exposure_ns": 14669434,
          "iso": 212,
          "post_raw_boost": 100,
          "ae_mode": 0,
          "af_mode": 4,
          "nr_mode": 2,
          "edge_mode": 2,
          "focus_diopters": 0,
          "hot_pixel_mode": 2,
          "aberration_mode": 0,
          "shading_mode": 2,
          "tonemap_mode": 2,
          "face_detect_mode": 0,
          "ois_mode": 1,
          "video_stabilization_mode": 1,
          "capture_intent": 2
        },
        "result": {
          "frame_duration_ns": 1000000000,
          "exposure_ns": 14646492,
          "iso": 211,
          "post_raw_boost": 100,
          "ae_mode": 0,
          "af_mode": 4,
          "nr_mode": 2,
          "edge_mode": 2,
          "focus_diopters": 1.0821662,
          "hot_pixel_mode": 2,
          "aberration_mode": 0,
          "shading_mode": 2,
          "tonemap_mode": 2,
          "face_detect_mode": 0,
          "ois_mode": 1,
          "video_stabilization_mode": 1,
          "capture_intent": 2
        },
        "result_sensor_timestamp_ns": 370713136490959,
        "result_frame_number": 29,
        "manual_phase": "manual",
        "camera_id": "0",
        "schema_version": 2,
        "options": {
          "capture_template": "still",
          "processing": "default",
          "focus_diopters": null,
          "frame_ms": 1000,
          "camera_id": "",
          "dump_characteristics": false
        }
      }
    },
    {
      "frame": 17,
      "variant": "template=still;processing=default;focus=auto;frame_ms=1000;camera=default",
      "power": {
        "requested": {
          "frame_duration_ns": 1000000000,
          "exposure_ns": 14669434,
          "iso": 212,
          "post_raw_boost": 100,
          "ae_mode": 0,
          "af_mode": 4,
          "nr_mode": 2,
          "edge_mode": 2,
          "focus_diopters": 0,
          "hot_pixel_mode": 2,
          "aberration_mode": 0,
          "shading_mode": 2,
          "tonemap_mode": 2,
          "face_detect_mode": 0,
          "ois_mode": 1,
          "video_stabilization_mode": 1,
          "capture_intent": 2
        },
        "result": {
          "frame_duration_ns": 1000000000,
          "exposure_ns": 14646492,
          "iso": 211,
          "post_raw_boost": 100,
          "ae_mode": 0,
          "af_mode": 4,
          "nr_mode": 2,
          "edge_mode": 2,
          "focus_diopters": 1.0467472,
          "hot_pixel_mode": 2,
          "aberration_mode": 0,
          "shading_mode": 2,
          "tonemap_mode": 2,
          "face_detect_mode": 0,
          "ois_mode": 1,
          "video_stabilization_mode": 1,
          "capture_intent": 2
        },
        "result_sensor_timestamp_ns": 370714133889682,
        "result_frame_number": 30,
        "manual_phase": "manual",
        "camera_id": "0",
        "schema_version": 2,
        "options": {
          "capture_template": "still",
          "processing": "default",
          "focus_diopters": null,
          "frame_ms": 1000,
          "camera_id": "",
          "dump_characteristics": false
        }
      }
    },
    {
      "frame": 18,
      "variant": "template=still;processing=default;focus=auto;frame_ms=1000;camera=default",
      "power": {
        "requested": {
          "frame_duration_ns": 1000000000,
          "exposure_ns": 14669434,
          "iso": 212,
          "post_raw_boost": 100,
          "ae_mode": 0,
          "af_mode": 4,
          "nr_mode": 2,
          "edge_mode": 2,
          "focus_diopters": 0,
          "hot_pixel_mode": 2,
          "aberration_mode": 0,
          "shading_mode": 2,
          "tonemap_mode": 2,
          "face_detect_mode": 0,
          "ois_mode": 1,
          "video_stabilization_mode": 1,
          "capture_intent": 2
        },
        "result": {
          "frame_duration_ns": 1000000000,
          "exposure_ns": 14646492,
          "iso": 211,
          "post_raw_boost": 100,
          "ae_mode": 0,
          "af_mode": 4,
          "nr_mode": 2,
          "edge_mode": 2,
          "focus_diopters": 1.0467472,
          "hot_pixel_mode": 2,
          "aberration_mode": 0,
          "shading_mode": 2,
          "tonemap_mode": 2,
          "face_detect_mode": 0,
          "ois_mode": 1,
          "video_stabilization_mode": 1,
          "capture_intent": 2
        },
        "result_sensor_timestamp_ns": 370715131274864,
        "result_frame_number": 31,
        "manual_phase": "manual",
        "camera_id": "0",
        "schema_version": 2,
        "options": {
          "capture_template": "still",
          "processing": "default",
          "focus_diopters": null,
          "frame_ms": 1000,
          "camera_id": "",
          "dump_characteristics": false
        }
      }
    }
  ],
  "skin_slope_c_min": 0.7536673406297808,
  "android_status": "0.1s NONE(0)",
  "gate": {
    "at": "2026-10-03T07:37:02Z",
    "z9": 35000,
    "z10": 35000,
    "z11": 35000,
    "skin": 29.202402,
    "status": 0,
    "waited_s": 0,
    "warm_start": false
  },
  "heat_stop": null
}

mode_A_manual_1000 INCOMPLETE
{
  "mean_battery_w": 2.0315269835318808,
  "cpu_seconds": {
    "runner": 3.26,
    "llama_server": 0.0,
    "robotcam_app": 2.28,
    "camera_provider": 3.32
  },
  "start_to_first_fresh_s": 0.9544073079887312,
  "stop": {
    "stop_to_stopped_s": 3.712752077000914,
    "capture_stopped": true,
    "frames_seen": [],
    "unreadable_reads": 0,
    "check_s": 3.08,
    "force_stop_rc": 0,
    "force_stop_output": "",
    "pids_after_force_stop": []
  },
  "frames_ok": 19,
  "startup_wait_polls": 6,
  "frames_failed": 27,
  "raw_status_counts": {
    "missing": 33,
    "ok": 19,
    "repeat": 107
  },
  "new_frame_gap_max_s": 2.5755902109958697,
  "observed_publish_hz": 0.9498622565113154,
  "unpaired_diagnostics": 2,
  "repeat_polls": 107,
  "age_median_s": 1.1988745969720185,
  "age_p95_s": 1.3259298540069722,
  "luma": {
    "median": 138.78591796875,
    "min": 135.459892578125
  },
  "sharpness": {
    "median": 197.1213828311404,
    "min": 56.06331714044718
  },
  "paired_diagnostics": 17,
  "applied_observations": [
    {
      "frame": 1,
      "variant": "template=still;processing=default;focus=auto;frame_ms=1000;camera=default",
      "power": {
        "requested": {
          "frame_duration_ns": 33000000,
          "exposure_ns": 10000000,
          "iso": 100,
          "post_raw_boost": 100,
          "ae_mode": 1,
          "af_mode": 4,
          "nr_mode": 1,
          "edge_mode": 1,
          "focus_diopters": 0,
          "hot_pixel_mode": 1,
          "aberration_mode": 0,
          "shading_mode": 1,
          "tonemap_mode": 1,
          "face_detect_mode": 0,
          "ois_mode": 1,
          "video_stabilization_mode": 1,
          "capture_intent": 1
        },
        "result": {
          "frame_duration_ns": 66668961,
          "exposure_ns": 8328127,
          "iso": 375,
          "post_raw_boost": 100,
          "ae_mode": 1,
          "af_mode": 4,
          "nr_mode": 1,
          "edge_mode": 1,
          "focus_diopters": 3.279387,
          "hot_pixel_mode": 1,
          "aberration_mode": 0,
          "shading_mode": 1,
          "tonemap_mode": 1,
          "face_detect_mode": 0,
          "ois_mode": 1,
          "video_stabilization_mode": 1,
          "capture_intent": 1
        },
        "result_sensor_timestamp_ns": 370722279526025,
        "result_frame_number": 1,
        "manual_phase": "ae_converging",
        "camera_id": "0",
        "schema_version": 2,
        "options": {
          "capture_template": "still",
          "processing": "default",
          "focus_diopters": null,
          "frame_ms": 1000,
          "camera_id": "",
          "dump_characteristics": false
        }
      }
    },
    {
      "frame": 2,
      "variant": "template=still;processing=default;focus=auto;frame_ms=1000;camera=default",
      "power": {
        "requested": {
          "frame_duration_ns": 33000000,
          "exposure_ns": 10000000,
          "iso": 100,
          "post_raw_boost": 100,
          "ae_mode": 1,
          "af_mode": 4,
          "nr_mode": 1,
          "edge_mode": 1,
          "focus_diopters": 0,
          "hot_pixel_mode": 1,
          "aberration_mode": 0,
          "shading_mode": 1,
          "tonemap_mode": 1,
          "face_detect_mode": 0,
          "ois_mode": 1,
          "video_stabilization_mode": 1,
          "capture_intent": 1
        },
        "result": {
          "frame_duration_ns": 66668961,
          "exposure_ns": 15867033,
          "iso": 196,
          "post_raw_boost": 100,
          "ae_mode": 1,
          "af_mode": 4,
          "nr_mode": 1,
          "edge_mode": 1,
          "focus_diopters": 1.6816657,
          "hot_pixel_mode": 1,
          "aberration_mode": 0,
          "shading_mode": 1,
          "tonemap_mode": 1,
          "face_detect_mode": 0,
          "ois_mode": 1,
          "video_stabilization_mode": 1,
          "capture_intent": 1
        },
        "result_sensor_timestamp_ns": 370722670943916,
        "result_frame_number": 7,
        "manual_phase": "ae_converging",
        "camera_id": "0",
        "schema_version": 2,
        "options": {
          "capture_template": "still",
          "processing": "default",
          "focus_diopters": null,
          "frame_ms": 1000,
          "camera_id": "",
          "dump_characteristics": false
        }
      }
    },
    {
      "frame": 3,
      "variant": "template=still;processing=default;focus=auto;frame_ms=1000;camera=default",
      "power": {
        "requested": {
          "frame_duration_ns": 1000000000,
          "exposure_ns": 16325883,
          "iso": 190,
          "post_raw_boost": 100,
          "ae_mode": 0,
          "af_mode": 4,
          "nr_mode": 1,
          "edge_mode": 1,
          "focus_diopters": 0,
          "hot_pixel_mode": 1,
          "aberration_mode": 0,
          "shading_mode": 1,
          "tonemap_mode": 1,
          "face_detect_mode": 0,
          "ois_mode": 1,
          "video_stabilization_mode": 1,
          "capture_intent": 1
        },
        "result": {
          "frame_duration_ns": 1000000000,
          "exposure_ns": 16298352,
          "iso": 189,
          "post_raw_boost": 100,
          "ae_mode": 0,
          "af_mode": 4,
          "nr_mode": 1,
          "edge_mode": 1,
          "focus_diopters": 0.8693941,
          "hot_pixel_mode": 1,
          "aberration_mode": 0,
          "shading_mode": 1,
          "tonemap_mode": 1,
          "face_detect_mode": 0,
          "ois_mode": 1,
          "video_stabilization_mode": 1,
          "capture_intent": 1
        },
        "result_sensor_timestamp_ns": 370724199809037,
        "result_frame_number": 16,
        "manual_phase": "manual",
        "camera_id": "0",
        "schema_version": 2,
        "options": {
          "capture_template": "still",
          "processing": "default",
          "focus_diopters": null,
          "frame_ms": 1000,
          "camera_id": "",
          "dump_characteristics": false
        }
      }
    },
    {
      "frame": 4,
      "variant": "template=still;processing=default;focus=auto;frame_ms=1000;camera=default",
      "power": {
        "requested": {
          "frame_duration_ns": 1000000000,
          "exposure_ns": 16325883,
          "iso": 190,
          "post_raw_boost": 100,
          "ae_mode": 0,
          "af_mode": 4,
          "nr_mode": 1,
          "edge_mode": 1,
          "focus_diopters": 0,
          "hot_pixel_mode": 1,
          "aberration_mode": 0,
          "shading_mode": 1,
          "tonemap_mode": 1,
          "face_detect_mode": 0,
          "ois_mode": 1,
          "video_stabilization_mode": 1,
          "capture_intent": 1
        },
        "result": {
          "frame_duration_ns": 1000000000,
          "exposure_ns": 16298352,
          "iso": 189,
          "post_raw_boost": 100,
          "ae_mode": 0,
          "af_mode": 4,
          "nr_mode": 1,
          "edge_mode": 1,
          "focus_diopters": 0.72720075,
          "hot_pixel_mode": 1,
          "aberration_mode": 0,
          "shading_mode": 1,
          "tonemap_mode": 1,
          "face_detect_mode": 0,
          "ois_mode": 1,
          "video_stabilization_mode": 1,
          "capture_intent": 1
        },
        "result_sensor_timestamp_ns": 370725197238856,
        "result_frame_number": 17,
        "manual_phase": "manual",
        "camera_id": "0",
        "schema_version": 2,
        "options": {
          "capture_template": "still",
          "processing": "default",
          "focus_diopters": null,
          "frame_ms": 1000,
          "camera_id": "",
          "dump_characteristics": false
        }
      }
    },
    {
      "frame": 5,
      "variant": "template=still;processing=default;focus=auto;frame_ms=1000;camera=default",
      "power": {
        "requested": {
          "frame_duration_ns": 1000000000,
          "exposure_ns": 16325883,
          "iso": 190,
          "post_raw_boost": 100,
          "ae_mode": 0,
          "af_mode": 4,
          "nr_mode": 1,
          "edge_mode": 1,
          "focus_diopters": 0,
          "hot_pixel_mode": 1,
          "aberration_mode": 0,
          "shading_mode": 1,
          "tonemap_mode": 1,
          "face_detect_mode": 0,
          "ois_mode": 1,
          "video_stabilization_mode": 1,
          "capture_intent": 1
        },
        "result": {
          "frame_duration_ns": 1000000000,
          "exposure_ns": 16298352,
          "iso": 189,
          "post_raw_boost": 100,
          "ae_mode": 0,
          "af_mode": 4,
          "nr_mode": 1,
          "edge_mode": 1,
          "focus_diopters": 0.8693941,
          "hot_pixel_mode": 1,
          "aberration_mode": 0,
          "shading_mode": 1,
          "tonemap_mode": 1,
          "face_detect_mode": 0,
          "ois_mode": 1,
          "video_stabilization_mode": 1,
          "capture_intent": 1
        },
        "result_sensor_timestamp_ns": 370726194630808,
        "result_frame_number": 18,
        "manual_phase": "manual",
        "camera_id": "0",
        "schema_version": 2,
        "options": {
          "capture_template": "still",
          "processing": "default",
          "focus_diopters": null,
          "frame_ms": 1000,
          "camera_id": "",
          "dump_characteristics": false
        }
      }
    },
    {
      "frame": 6,
      "variant": "template=still;processing=default;focus=auto;frame_ms=1000;camera=default",
      "power": {
        "requested": {
          "frame_duration_ns": 1000000000,
          "exposure_ns": 16325883,
          "iso": 190,
          "post_raw_boost": 100,
          "ae_mode": 0,
          "af_mode": 4,
          "nr_mode": 1,
          "edge_mode": 1,
          "focus_diopters": 0,
          "hot_pixel_mode": 1,
          "aberration_mode": 0,
          "shading_mode": 1,
          "tonemap_mode": 1,
          "face_detect_mode": 0,
          "ois_mode": 1,
          "video_stabilization_mode": 1,
          "capture_intent": 1
        },
        "result": {
          "frame_duration_ns": 1000000000,
          "exposure_ns": 16298352,
          "iso": 189,
          "post_raw_boost": 100,
          "ae_mode": 0,
          "af_mode": 4,
          "nr_mode": 1,
          "edge_mode": 1,
          "focus_diopters": 0.8693941,
          "hot_pixel_mode": 1,
          "aberration_mode": 0,
          "shading_mode": 1,
          "tonemap_mode": 1,
          "face_detect_mode": 0,
          "ois_mode": 1,
          "video_stabilization_mode": 1,
          "capture_intent": 1
        },
        "result_sensor_timestamp_ns": 370727191884186,
        "result_frame_number": 19,
        "manual_phase": "manual",
        "camera_id": "0",
        "schema_version": 2,
        "options": {
          "capture_template": "still",
          "processing": "default",
          "focus_diopters": null,
          "frame_ms": 1000,
          "camera_id": "",
          "dump_characteristics": false
        }
      }
    },
    {
      "frame": 7,
      "variant": "template=still;processing=default;focus=auto;frame_ms=1000;camera=default",
      "power": {
        "requested": {
          "frame_duration_ns": 1000000000,
          "exposure_ns": 16325883,
          "iso": 190,
          "post_raw_boost": 100,
          "ae_mode": 0,
          "af_mode": 4,
          "nr_mode": 1,
          "edge_mode": 1,
          "focus_diopters": 0,
          "hot_pixel_mode": 1,
          "aberration_mode": 0,
          "shading_mode": 1,
          "tonemap_mode": 1,
          "face_detect_mode": 0,
          "ois_mode": 1,
          "video_stabilization_mode": 1,
          "capture_intent": 1
        },
        "result": {
          "frame_duration_ns": 1000000000,
          "exposure_ns": 16298352,
          "iso": 189,
          "post_raw_boost": 100,
          "ae_mode": 0,
          "af_mode": 4,
          "nr_mode": 1,
          "edge_mode": 1,
          "focus_diopters": 0.8693941,
          "hot_pixel_mode": 1,
          "aberration_mode": 0,
          "shading_mode": 1,
          "tonemap_mode": 1,
          "face_detect_mode": 0,
          "ois_mode": 1,
          "video_stabilization_mode": 1,
          "capture_intent": 1
        },
        "result_sensor_timestamp_ns": 370728189270987,
        "result_frame_number": 20,
        "manual_phase": "manual",
        "camera_id": "0",
        "schema_version": 2,
        "options": {
          "capture_template": "still",
          "processing": "default",
          "focus_diopters": null,
          "frame_ms": 1000,
          "camera_id": "",
          "dump_characteristics": false
        }
      }
    },
    {
      "frame": 8,
      "variant": "template=still;processing=default;focus=auto;frame_ms=1000;camera=default",
      "power": {
        "requested": {
          "frame_duration_ns": 1000000000,
          "exposure_ns": 16325883,
          "iso": 190,
          "post_raw_boost": 100,
          "ae_mode": 0,
          "af_mode": 4,
          "nr_mode": 1,
          "edge_mode": 1,
          "focus_diopters": 0,
          "hot_pixel_mode": 1,
          "aberration_mode": 0,
          "shading_mode": 1,
          "tonemap_mode": 1,
          "face_detect_mode": 0,
          "ois_mode": 1,
          "video_stabilization_mode": 1,
          "capture_intent": 1
        },
        "result": {
          "frame_duration_ns": 1000000000,
          "exposure_ns": 16298352,
          "iso": 189,
          "post_raw_boost": 100,
          "ae_mode": 0,
          "af_mode": 4,
          "nr_mode": 1,
          "edge_mode": 1,
          "focus_diopters": 0.8693941,
          "hot_pixel_mode": 1,
          "aberration_mode": 0,
          "shading_mode": 1,
          "tonemap_mode": 1,
          "face_detect_mode": 0,
          "ois_mode": 1,
          "video_stabilization_mode": 1,
          "capture_intent": 1
        },
        "result_sensor_timestamp_ns": 370729186806623,
        "result_frame_number": 21,
        "manual_phase": "manual",
        "camera_id": "0",
        "schema_version": 2,
        "options": {
          "capture_template": "still",
          "processing": "default",
          "focus_diopters": null,
          "frame_ms": 1000,
          "camera_id": "",
          "dump_characteristics": false
        }
      }
    },
    {
      "frame": 9,
      "variant": "template=still;processing=default;focus=auto;frame_ms=1000;camera=default",
      "power": {
        "requested": {
          "frame_duration_ns": 1000000000,
          "exposure_ns": 16325883,
          "iso": 190,
          "post_raw_boost": 100,
          "ae_mode": 0,
          "af_mode": 4,
          "nr_mode": 1,
          "edge_mode": 1,
          "focus_diopters": 0,
          "hot_pixel_mode": 1,
          "aberration_mode": 0,
          "shading_mode": 1,
          "tonemap_mode": 1,
          "face_detect_mode": 0,
          "ois_mode": 1,
          "video_stabilization_mode": 1,
          "capture_intent": 1
        },
        "result": {
          "frame_duration_ns": 1000000000,
          "exposure_ns": 16298352,
          "iso": 189,
          "post_raw_boost": 100,
          "ae_mode": 0,
          "af_mode": 4,
          "nr_mode": 1,
          "edge_mode": 1,
          "focus_diopters": 0.8693941,
          "hot_pixel_mode": 1,
          "aberration_mode": 0,
          "shading_mode": 1,
          "tonemap_mode": 1,
          "face_detect_mode": 0,
          "ois_mode": 1,
          "video_stabilization_mode": 1,
          "capture_intent": 1
        },
        "result_sensor_timestamp_ns": 370730184443790,
        "result_frame_number": 22,
        "manual_phase": "manual",
        "camera_id": "0",
        "schema_version": 2,
        "options": {
          "capture_template": "still",
          "processing": "default",
          "focus_diopters": null,
          "frame_ms": 1000,
          "camera_id": "",
          "dump_characteristics": false
        }
      }
    },
    {
      "frame": 10,
      "variant": "template=still;processing=default;focus=auto;frame_ms=1000;camera=default",
      "power": {
        "requested": {
          "frame_duration_ns": 1000000000,
          "exposure_ns": 16325883,
          "iso": 190,
          "post_raw_boost": 100,
          "ae_mode": 0,
          "af_mode": 4,
          "nr_mode": 1,
          "edge_mode": 1,
          "focus_diopters": 0,
          "hot_pixel_mode": 1,
          "aberration_mode": 0,
          "shading_mode": 1,
          "tonemap_mode": 1,
          "face_detect_mode": 0,
          "ois_mode": 1,
          "video_stabilization_mode": 1,
          "capture_intent": 1
        },
        "result": {
          "frame_duration_ns": 1000000000,
          "exposure_ns": 16298352,
          "iso": 189,
          "post_raw_boost": 100,
          "ae_mode": 0,
          "af_mode": 4,
          "nr_mode": 1,
          "edge_mode": 1,
          "focus_diopters": 1.1529524,
          "hot_pixel_mode": 1,
          "aberration_mode": 0,
          "shading_mode": 1,
          "tonemap_mode": 1,
          "face_detect_mode": 0,
          "ois_mode": 1,
          "video_stabilization_mode": 1,
          "capture_intent": 1
        },
        "result_sensor_timestamp_ns": 370731181590528,
        "result_frame_number": 23,
        "manual_phase": "manual",
        "camera_id": "0",
        "schema_version": 2,
        "options": {
          "capture_template": "still",
          "processing": "default",
          "focus_diopters": null,
          "frame_ms": 1000,
          "camera_id": "",
          "dump_characteristics": false
        }
      }
    },
    {
      "frame": 12,
      "variant": "template=still;processing=default;focus=auto;frame_ms=1000;camera=default",
      "power": {
        "requested": {
          "frame_duration_ns": 1000000000,
          "exposure_ns": 16325883,
          "iso": 190,
          "post_raw_boost": 100,
          "ae_mode": 0,
          "af_mode": 4,
          "nr_mode": 1,
          "edge_mode": 1,
          "focus_diopters": 0,
          "hot_pixel_mode": 1,
          "aberration_mode": 0,
          "shading_mode": 1,
          "tonemap_mode": 1,
          "face_detect_mode": 0,
          "ois_mode": 1,
          "video_stabilization_mode": 1,
          "capture_intent": 1
        },
        "result": {
          "frame_duration_ns": 1000000000,
          "exposure_ns": 16298352,
          "iso": 189,
          "post_raw_boost": 100,
          "ae_mode": 0,
          "af_mode": 4,
          "nr_mode": 1,
          "edge_mode": 1,
          "focus_diopters": 1.0113112,
          "hot_pixel_mode": 1,
          "aberration_mode": 0,
          "shading_mode": 1,
          "tonemap_mode": 1,
          "face_detect_mode": 0,
          "ois_mode": 1,
          "video_stabilization_mode": 1,
          "capture_intent": 1
        },
        "result_sensor_timestamp_ns": 370733176374390,
        "result_frame_number": 25,
        "manual_phase": "manual",
        "camera_id": "0",
        "schema_version": 2,
        "options": {
          "capture_template": "still",
          "processing": "default",
          "focus_diopters": null,
          "frame_ms": 1000,
          "camera_id": "",
          "dump_characteristics": false
        }
      }
    },
    {
      "frame": 13,
      "variant": "template=still;processing=default;focus=auto;frame_ms=1000;camera=default",
      "power": {
        "requested": {
          "frame_duration_ns": 1000000000,
          "exposure_ns": 16325883,
          "iso": 190,
          "post_raw_boost": 100,
          "ae_mode": 0,
          "af_mode": 4,
          "nr_mode": 1,
          "edge_mode": 1,
          "focus_diopters": 0,
          "hot_pixel_mode": 1,
          "aberration_mode": 0,
          "shading_mode": 1,
          "tonemap_mode": 1,
          "face_detect_mode": 0,
          "ois_mode": 1,
          "video_stabilization_mode": 1,
          "capture_intent": 1
        },
        "result": {
          "frame_duration_ns": 1000000000,
          "exposure_ns": 16298352,
          "iso": 189,
          "post_raw_boost": 100,
          "ae_mode": 0,
          "af_mode": 4,
          "nr_mode": 1,
          "edge_mode": 1,
          "focus_diopters": 1.0821662,
          "hot_pixel_mode": 1,
          "aberration_mode": 0,
          "shading_mode": 1,
          "tonemap_mode": 1,
          "face_detect_mode": 0,
          "ois_mode": 1,
          "video_stabilization_mode": 1,
          "capture_intent": 1
        },
        "result_sensor_timestamp_ns": 370734173766342,
        "result_frame_number": 26,
        "manual_phase": "manual",
        "camera_id": "0",
        "schema_version": 2,
        "options": {
          "capture_template": "still",
          "processing": "default",
          "focus_diopters": null,
          "frame_ms": 1000,
          "camera_id": "",
          "dump_characteristics": false
        }
      }
    },
    {
      "frame": 14,
      "variant": "template=still;processing=default;focus=auto;frame_ms=1000;camera=default",
      "power": {
        "requested": {
          "frame_duration_ns": 1000000000,
          "exposure_ns": 16325883,
          "iso": 190,
          "post_raw_boost": 100,
          "ae_mode": 0,
          "af_mode": 4,
          "nr_mode": 1,
          "edge_mode": 1,
          "focus_diopters": 0,
          "hot_pixel_mode": 1,
          "aberration_mode": 0,
          "shading_mode": 1,
          "tonemap_mode": 1,
          "face_detect_mode": 0,
          "ois_mode": 1,
          "video_stabilization_mode": 1,
          "capture_intent": 1
        },
        "result": {
          "frame_duration_ns": 1000000000,
          "exposure_ns": 16298352,
          "iso": 189,
          "post_raw_boost": 100,
          "ae_mode": 0,
          "af_mode": 4,
          "nr_mode": 1,
          "edge_mode": 1,
          "focus_diopters": 1.0821662,
          "hot_pixel_mode": 1,
          "aberration_mode": 0,
          "shading_mode": 1,
          "tonemap_mode": 1,
          "face_detect_mode": 0,
          "ois_mode": 1,
          "video_stabilization_mode": 1,
          "capture_intent": 1
        },
        "result_sensor_timestamp_ns": 370735172163234,
        "result_frame_number": 27,
        "manual_phase": "manual",
        "camera_id": "0",
        "schema_version": 2,
        "options": {
          "capture_template": "still",
          "processing": "default",
          "focus_diopters": null,
          "frame_ms": 1000,
          "camera_id": "",
          "dump_characteristics": false
        }
      }
    },
    {
      "frame": 15,
      "variant": "template=still;processing=default;focus=auto;frame_ms=1000;camera=default",
      "power": {
        "requested": {
          "frame_duration_ns": 1000000000,
          "exposure_ns": 16325883,
          "iso": 190,
          "post_raw_boost": 100,
          "ae_mode": 0,
          "af_mode": 4,
          "nr_mode": 1,
          "edge_mode": 1,
          "focus_diopters": 0,
          "hot_pixel_mode": 1,
          "aberration_mode": 0,
          "shading_mode": 1,
          "tonemap_mode": 1,
          "face_detect_mode": 0,
          "ois_mode": 1,
          "video_stabilization_mode": 1,
          "capture_intent": 1
        },
        "result": {
          "frame_duration_ns": 1000000000,
          "exposure_ns": 16298352,
          "iso": 189,
          "post_raw_boost": 100,
          "ae_mode": 0,
          "af_mode": 4,
          "nr_mode": 1,
          "edge_mode": 1,
          "focus_diopters": 1.0467472,
          "hot_pixel_mode": 1,
          "aberration_mode": 0,
          "shading_mode": 1,
          "tonemap_mode": 1,
          "face_detect_mode": 0,
          "ois_mode": 1,
          "video_stabilization_mode": 1,
          "capture_intent": 1
        },
        "result_sensor_timestamp_ns": 370736168550206,
        "result_frame_number": 28,
        "manual_phase": "manual",
        "camera_id": "0",
        "schema_version": 2,
        "options": {
          "capture_template": "still",
          "processing": "default",
          "focus_diopters": null,
          "frame_ms": 1000,
          "camera_id": "",
          "dump_characteristics": false
        }
      }
    },
    {
      "frame": 17,
      "variant": "template=still;processing=default;focus=auto;frame_ms=1000;camera=default",
      "power": {
        "requested": {
          "frame_duration_ns": 1000000000,
          "exposure_ns": 16325883,
          "iso": 190,
          "post_raw_boost": 100,
          "ae_mode": 0,
          "af_mode": 4,
          "nr_mode": 1,
          "edge_mode": 1,
          "focus_diopters": 0,
          "hot_pixel_mode": 1,
          "aberration_mode": 0,
          "shading_mode": 1,
          "tonemap_mode": 1,
          "face_detect_mode": 0,
          "ois_mode": 1,
          "video_stabilization_mode": 1,
          "capture_intent": 1
        },
        "result": {
          "frame_duration_ns": 1000000000,
          "exposure_ns": 16298352,
          "iso": 189,
          "post_raw_boost": 100,
          "ae_mode": 0,
          "af_mode": 4,
          "nr_mode": 1,
          "edge_mode": 1,
          "focus_diopters": 1.0467472,
          "hot_pixel_mode": 1,
          "aberration_mode": 0,
          "shading_mode": 1,
          "tonemap_mode": 1,
          "face_detect_mode": 0,
          "ois_mode": 1,
          "video_stabilization_mode": 1,
          "capture_intent": 1
        },
        "result_sensor_timestamp_ns": 370738163378642,
        "result_frame_number": 30,
        "manual_phase": "manual",
        "camera_id": "0",
        "schema_version": 2,
        "options": {
          "capture_template": "still",
          "processing": "default",
          "focus_diopters": null,
          "frame_ms": 1000,
          "camera_id": "",
          "dump_characteristics": false
        }
      }
    },
    {
      "frame": 18,
      "variant": "template=still;processing=default;focus=auto;frame_ms=1000;camera=default",
      "power": {
        "requested": {
          "frame_duration_ns": 1000000000,
          "exposure_ns": 16325883,
          "iso": 190,
          "post_raw_boost": 100,
          "ae_mode": 0,
          "af_mode": 4,
          "nr_mode": 1,
          "edge_mode": 1,
          "focus_diopters": 0,
          "hot_pixel_mode": 1,
          "aberration_mode": 0,
          "shading_mode": 1,
          "tonemap_mode": 1,
          "face_detect_mode": 0,
          "ois_mode": 1,
          "video_stabilization_mode": 1,
          "capture_intent": 1
        },
        "result": {
          "frame_duration_ns": 1000000000,
          "exposure_ns": 16298352,
          "iso": 189,
          "post_raw_boost": 100,
          "ae_mode": 0,
          "af_mode": 4,
          "nr_mode": 1,
          "edge_mode": 1,
          "focus_diopters": 1.0467472,
          "hot_pixel_mode": 1,
          "aberration_mode": 0,
          "shading_mode": 1,
          "tonemap_mode": 1,
          "face_detect_mode": 0,
          "ois_mode": 1,
          "video_stabilization_mode": 1,
          "capture_intent": 1
        },
        "result_sensor_timestamp_ns": 370739160726062,
        "result_frame_number": 31,
        "manual_phase": "manual",
        "camera_id": "0",
        "schema_version": 2,
        "options": {
          "capture_template": "still",
          "processing": "default",
          "focus_diopters": null,
          "frame_ms": 1000,
          "camera_id": "",
          "dump_characteristics": false
        }
      }
    },
    {
      "frame": 19,
      "variant": "template=still;processing=default;focus=auto;frame_ms=1000;camera=default",
      "power": {
        "requested": {
          "frame_duration_ns": 1000000000,
          "exposure_ns": 16325883,
          "iso": 190,
          "post_raw_boost": 100,
          "ae_mode": 0,
          "af_mode": 4,
          "nr_mode": 1,
          "edge_mode": 1,
          "focus_diopters": 0,
          "hot_pixel_mode": 1,
          "aberration_mode": 0,
          "shading_mode": 1,
          "tonemap_mode": 1,
          "face_detect_mode": 0,
          "ois_mode": 1,
          "video_stabilization_mode": 1,
          "capture_intent": 1
        },
        "result": {
          "frame_duration_ns": 1000000000,
          "exposure_ns": 16298352,
          "iso": 189,
          "post_raw_boost": 100,
          "ae_mode": 0,
          "af_mode": 4,
          "nr_mode": 1,
          "edge_mode": 1,
          "focus_diopters": 1.0467472,
          "hot_pixel_mode": 1,
          "aberration_mode": 0,
          "shading_mode": 1,
          "tonemap_mode": 1,
          "face_detect_mode": 0,
          "ois_mode": 1,
          "video_stabilization_mode": 1,
          "capture_intent": 1
        },
        "result_sensor_timestamp_ns": 370740157402901,
        "result_frame_number": 32,
        "manual_phase": "manual",
        "camera_id": "0",
        "schema_version": 2,
        "options": {
          "capture_template": "still",
          "processing": "default",
          "focus_diopters": null,
          "frame_ms": 1000,
          "camera_id": "",
          "dump_characteristics": false
        }
      }
    }
  ],
  "skin_slope_c_min": 0.3571616379363342,
  "android_status": "0.1s NONE(0)",
  "gate": {
    "at": "2026-10-03T07:37:23Z",
    "z9": 35000,
    "z10": 36000,
    "z11": 36000,
    "skin": 29.397703,
    "status": 0,
    "waited_s": 0,
    "warm_start": false
  },
  "heat_stop": null
}

mode_A_manual_500 completed
{
  "mean_battery_w": 2.152591965880739,
  "cpu_seconds": {
    "runner": 3.25,
    "llama_server": 0.0,
    "robotcam_app": 2.37,
    "camera_provider": 4.49
  },
  "start_to_first_fresh_s": 0.960079875017982,
  "stop": {
    "stop_to_stopped_s": 3.5828766300110146,
    "capture_stopped": true,
    "frames_seen": [],
    "unreadable_reads": 0,
    "check_s": 3.07,
    "force_stop_rc": 0,
    "force_stop_output": "",
    "pids_after_force_stop": []
  },
  "frames_ok": 19,
  "startup_wait_polls": 6,
  "frames_failed": 0,
  "raw_status_counts": {
    "missing": 6,
    "ok": 19,
    "repeat": 134
  },
  "new_frame_gap_max_s": 1.605207643005997,
  "observed_publish_hz": 0.9754582997285618,
  "unpaired_diagnostics": 2,
  "repeat_polls": 134,
  "age_median_s": 0.6870119390077889,
  "age_p95_s": 0.8313318449654616,
  "luma": {
    "median": 121.69658203125,
    "min": 118.4893359375
  },
  "sharpness": {
    "median": 120.50071114785158,
    "min": 64.03012664020086
  },
  "paired_diagnostics": 17,
  "applied_observations": [
    {
      "frame": 1,
      "variant": "template=still;processing=default;focus=auto;frame_ms=500;camera=default",
      "power": {
        "requested": {
          "frame_duration_ns": 33000000,
          "exposure_ns": 10000000,
          "iso": 100,
          "post_raw_boost": 100,
          "ae_mode": 1,
          "af_mode": 4,
          "nr_mode": 1,
          "edge_mode": 1,
          "focus_diopters": 0,
          "hot_pixel_mode": 1,
          "aberration_mode": 0,
          "shading_mode": 1,
          "tonemap_mode": 1,
          "face_detect_mode": 0,
          "ois_mode": 1,
          "video_stabilization_mode": 1,
          "capture_intent": 1
        },
        "result": {
          "frame_duration_ns": 66668961,
          "exposure_ns": 16325883,
          "iso": 190,
          "post_raw_boost": 100,
          "ae_mode": 1,
          "af_mode": 4,
          "nr_mode": 1,
          "edge_mode": 1,
          "focus_diopters": 3.279387,
          "hot_pixel_mode": 1,
          "aberration_mode": 0,
          "shading_mode": 1,
          "tonemap_mode": 1,
          "face_detect_mode": 0,
          "ois_mode": 1,
          "video_stabilization_mode": 1,
          "capture_intent": 1
        },
        "result_sensor_timestamp_ns": 370746327314636,
        "result_frame_number": 1,
        "manual_phase": "ae_converging",
        "camera_id": "0",
        "schema_version": 2,
        "options": {
          "capture_template": "still",
          "processing": "default",
          "focus_diopters": null,
          "frame_ms": 500,
          "camera_id": "",
          "dump_characteristics": false
        }
      }
    },
    {
      "frame": 2,
      "variant": "template=still;processing=default;focus=auto;frame_ms=500;camera=default",
      "power": {
        "requested": {
          "frame_duration_ns": 33000000,
          "exposure_ns": 10000000,
          "iso": 100,
          "post_raw_boost": 100,
          "ae_mode": 1,
          "af_mode": 4,
          "nr_mode": 1,
          "edge_mode": 1,
          "focus_diopters": 0,
          "hot_pixel_mode": 1,
          "aberration_mode": 0,
          "shading_mode": 1,
          "tonemap_mode": 1,
          "face_detect_mode": 0,
          "ois_mode": 1,
          "video_stabilization_mode": 1,
          "capture_intent": 1
        },
        "result": {
          "frame_duration_ns": 66668961,
          "exposure_ns": 12746853,
          "iso": 260,
          "post_raw_boost": 100,
          "ae_mode": 1,
          "af_mode": 4,
          "nr_mode": 1,
          "edge_mode": 1,
          "focus_diopters": 1.5762302,
          "hot_pixel_mode": 1,
          "aberration_mode": 0,
          "shading_mode": 1,
          "tonemap_mode": 1,
          "face_detect_mode": 0,
          "ois_mode": 1,
          "video_stabilization_mode": 1,
          "capture_intent": 1
        },
        "result_sensor_timestamp_ns": 370746995821620,
        "result_frame_number": 11,
        "manual_phase": "ae_converging",
        "camera_id": "0",
        "schema_version": 2,
        "options": {
          "capture_template": "still",
          "processing": "default",
          "focus_diopters": null,
          "frame_ms": 500,
          "camera_id": "",
          "dump_characteristics": false
        }
      }
    },
    {
      "frame": 4,
      "variant": "template=still;processing=default;focus=auto;frame_ms=500;camera=default",
      "power": {
        "requested": {
          "frame_duration_ns": 500000000,
          "exposure_ns": 12306357,
          "iso": 269,
          "post_raw_boost": 100,
          "ae_mode": 0,
          "af_mode": 4,
          "nr_mode": 1,
          "edge_mode": 1,
          "focus_diopters": 0,
          "hot_pixel_mode": 1,
          "aberration_mode": 0,
          "shading_mode": 1,
          "tonemap_mode": 1,
          "face_detect_mode": 0,
          "ois_mode": 1,
          "video_stabilization_mode": 1,
          "capture_intent": 1
        },
        "result": {
          "frame_duration_ns": 500000000,
          "exposure_ns": 12297180,
          "iso": 269,
          "post_raw_boost": 100,
          "ae_mode": 0,
          "af_mode": 4,
          "nr_mode": 1,
          "edge_mode": 1,
          "focus_diopters": 1.5762302,
          "hot_pixel_mode": 1,
          "aberration_mode": 0,
          "shading_mode": 1,
          "tonemap_mode": 1,
          "face_detect_mode": 0,
          "ois_mode": 1,
          "video_stabilization_mode": 1,
          "capture_intent": 1
        },
        "result_sensor_timestamp_ns": 370749190575726,
        "result_frame_number": 18,
        "manual_phase": "manual",
        "camera_id": "0",
        "schema_version": 2,
        "options": {
          "capture_template": "still",
          "processing": "default",
          "focus_diopters": null,
          "frame_ms": 500,
          "camera_id": "",
          "dump_characteristics": false
        }
      }
    },
    {
      "frame": 5,
      "variant": "template=still;processing=default;focus=auto;frame_ms=500;camera=default",
      "power": {
        "requested": {
          "frame_duration_ns": 500000000,
          "exposure_ns": 12306357,
          "iso": 269,
          "post_raw_boost": 100,
          "ae_mode": 0,
          "af_mode": 4,
          "nr_mode": 1,
          "edge_mode": 1,
          "focus_diopters": 0,
          "hot_pixel_mode": 1,
          "aberration_mode": 0,
          "shading_mode": 1,
          "tonemap_mode": 1,
          "face_detect_mode": 0,
          "ois_mode": 1,
          "video_stabilization_mode": 1,
          "capture_intent": 1
        },
        "result": {
          "frame_duration_ns": 500000000,
          "exposure_ns": 12297180,
          "iso": 269,
          "post_raw_boost": 100,
          "ae_mode": 0,
          "af_mode": 4,
          "nr_mode": 1,
          "edge_mode": 1,
          "focus_diopters": 1.5762302,
          "hot_pixel_mode": 1,
          "aberration_mode": 0,
          "shading_mode": 1,
          "tonemap_mode": 1,
          "face_detect_mode": 0,
          "ois_mode": 1,
          "video_stabilization_mode": 1,
          "capture_intent": 1
        },
        "result_sensor_timestamp_ns": 370749689229572,
        "result_frame_number": 19,
        "manual_phase": "manual",
        "camera_id": "0",
        "schema_version": 2,
        "options": {
          "capture_template": "still",
          "processing": "default",
          "focus_diopters": null,
          "frame_ms": 500,
          "camera_id": "",
          "dump_characteristics": false
        }
      }
    },
    {
      "frame": 6,
      "variant": "template=still;processing=default;focus=auto;frame_ms=500;camera=default",
      "power": {
        "requested": {
          "frame_duration_ns": 500000000,
          "exposure_ns": 12306357,
          "iso": 269,
          "post_raw_boost": 100,
          "ae_mode": 0,
          "af_mode": 4,
          "nr_mode": 1,
          "edge_mode": 1,
          "focus_diopters": 0,
          "hot_pixel_mode": 1,
          "aberration_mode": 0,
          "shading_mode": 1,
          "tonemap_mode": 1,
          "face_detect_mode": 0,
          "ois_mode": 1,
          "video_stabilization_mode": 1,
          "capture_intent": 1
        },
        "result": {
          "frame_duration_ns": 500000000,
          "exposure_ns": 12297180,
          "iso": 269,
          "post_raw_boost": 100,
          "ae_mode": 0,
          "af_mode": 4,
          "nr_mode": 1,
          "edge_mode": 1,
          "focus_diopters": 1.5762302,
          "hot_pixel_mode": 1,
          "aberration_mode": 0,
          "shading_mode": 1,
          "tonemap_mode": 1,
          "face_detect_mode": 0,
          "ois_mode": 1,
          "video_stabilization_mode": 1,
          "capture_intent": 1
        },
        "result_sensor_timestamp_ns": 370751185317501,
        "result_frame_number": 22,
        "manual_phase": "manual",
        "camera_id": "0",
        "schema_version": 2,
        "options": {
          "capture_template": "still",
          "processing": "default",
          "focus_diopters": null,
          "frame_ms": 500,
          "camera_id": "",
          "dump_characteristics": false
        }
      }
    },
    {
      "frame": 7,
      "variant": "template=still;processing=default;focus=auto;frame_ms=500;camera=default",
      "power": {
        "requested": {
          "frame_duration_ns": 500000000,
          "exposure_ns": 12306357,
          "iso": 269,
          "post_raw_boost": 100,
          "ae_mode": 0,
          "af_mode": 4,
          "nr_mode": 1,
          "edge_mode": 1,
          "focus_diopters": 0,
          "hot_pixel_mode": 1,
          "aberration_mode": 0,
          "shading_mode": 1,
          "tonemap_mode": 1,
          "face_detect_mode": 0,
          "ois_mode": 1,
          "video_stabilization_mode": 1,
          "capture_intent": 1
        },
        "result": {
          "frame_duration_ns": 500000000,
          "exposure_ns": 12297180,
          "iso": 269,
          "post_raw_boost": 100,
          "ae_mode": 0,
          "af_mode": 4,
          "nr_mode": 1,
          "edge_mode": 1,
          "focus_diopters": 1.5762302,
          "hot_pixel_mode": 1,
          "aberration_mode": 0,
          "shading_mode": 1,
          "tonemap_mode": 1,
          "face_detect_mode": 0,
          "ois_mode": 1,
          "video_stabilization_mode": 1,
          "capture_intent": 1
        },
        "result_sensor_timestamp_ns": 370752182709412,
        "result_frame_number": 24,
        "manual_phase": "manual",
        "camera_id": "0",
        "schema_version": 2,
        "options": {
          "capture_template": "still",
          "processing": "default",
          "focus_diopters": null,
          "frame_ms": 500,
          "camera_id": "",
          "dump_characteristics": false
        }
      }
    },
    {
      "frame": 8,
      "variant": "template=still;processing=default;focus=auto;frame_ms=500;camera=default",
      "power": {
        "requested": {
          "frame_duration_ns": 500000000,
          "exposure_ns": 12306357,
          "iso": 269,
          "post_raw_boost": 100,
          "ae_mode": 0,
          "af_mode": 4,
          "nr_mode": 1,
          "edge_mode": 1,
          "focus_diopters": 0,
          "hot_pixel_mode": 1,
          "aberration_mode": 0,
          "shading_mode": 1,
          "tonemap_mode": 1,
          "face_detect_mode": 0,
          "ois_mode": 1,
          "video_stabilization_mode": 1,
          "capture_intent": 1
        },
        "result": {
          "frame_duration_ns": 500000000,
          "exposure_ns": 12297180,
          "iso": 269,
          "post_raw_boost": 100,
          "ae_mode": 0,
          "af_mode": 4,
          "nr_mode": 1,
          "edge_mode": 1,
          "focus_diopters": 1.5762302,
          "hot_pixel_mode": 1,
          "aberration_mode": 0,
          "shading_mode": 1,
          "tonemap_mode": 1,
          "face_detect_mode": 0,
          "ois_mode": 1,
          "video_stabilization_mode": 1,
          "capture_intent": 1
        },
        "result_sensor_timestamp_ns": 370753180101364,
        "result_frame_number": 26,
        "manual_phase": "manual",
        "camera_id": "0",
        "schema_version": 2,
        "options": {
          "capture_template": "still",
          "processing": "default",
          "focus_diopters": null,
          "frame_ms": 500,
          "camera_id": "",
          "dump_characteristics": false
        }
      }
    },
    {
      "frame": 9,
      "variant": "template=still;processing=default;focus=auto;frame_ms=500;camera=default",
      "power": {
        "requested": {
          "frame_duration_ns": 500000000,
          "exposure_ns": 12306357,
          "iso": 269,
          "post_raw_boost": 100,
          "ae_mode": 0,
          "af_mode": 4,
          "nr_mode": 1,
          "edge_mode": 1,
          "focus_diopters": 0,
          "hot_pixel_mode": 1,
          "aberration_mode": 0,
          "shading_mode": 1,
          "tonemap_mode": 1,
          "face_detect_mode": 0,
          "ois_mode": 1,
          "video_stabilization_mode": 1,
          "capture_intent": 1
        },
        "result": {
          "frame_duration_ns": 500000000,
          "exposure_ns": 12297180,
          "iso": 269,
          "post_raw_boost": 100,
          "ae_mode": 0,
          "af_mode": 4,
          "nr_mode": 1,
          "edge_mode": 1,
          "focus_diopters": 1.5762302,
          "hot_pixel_mode": 1,
          "aberration_mode": 0,
          "shading_mode": 1,
          "tonemap_mode": 1,
          "face_detect_mode": 0,
          "ois_mode": 1,
          "video_stabilization_mode": 1,
          "capture_intent": 1
        },
        "result_sensor_timestamp_ns": 370754177513149,
        "result_frame_number": 28,
        "manual_phase": "manual",
        "camera_id": "0",
        "schema_version": 2,
        "options": {
          "capture_template": "still",
          "processing": "default",
          "focus_diopters": null,
          "frame_ms": 500,
          "camera_id": "",
          "dump_characteristics": false
        }
      }
    },
    {
      "frame": 10,
      "variant": "template=still;processing=default;focus=auto;frame_ms=500;camera=default",
      "power": {
        "requested": {
          "frame_duration_ns": 500000000,
          "exposure_ns": 12306357,
          "iso": 269,
          "post_raw_boost": 100,
          "ae_mode": 0,
          "af_mode": 4,
          "nr_mode": 1,
          "edge_mode": 1,
          "focus_diopters": 0,
          "hot_pixel_mode": 1,
          "aberration_mode": 0,
          "shading_mode": 1,
          "tonemap_mode": 1,
          "face_detect_mode": 0,
          "ois_mode": 1,
          "video_stabilization_mode": 1,
          "capture_intent": 1
        },
        "result": {
          "frame_duration_ns": 500000000,
          "exposure_ns": 12297180,
          "iso": 269,
          "post_raw_boost": 100,
          "ae_mode": 0,
          "af_mode": 4,
          "nr_mode": 1,
          "edge_mode": 1,
          "focus_diopters": 1.5762302,
          "hot_pixel_mode": 1,
          "aberration_mode": 0,
          "shading_mode": 1,
          "tonemap_mode": 1,
          "face_detect_mode": 0,
          "ois_mode": 1,
          "video_stabilization_mode": 1,
          "capture_intent": 1
        },
        "result_sensor_timestamp_ns": 370755174885268,
        "result_frame_number": 30,
        "manual_phase": "manual",
        "camera_id": "0",
        "schema_version": 2,
        "options": {
          "capture_template": "still",
          "processing": "default",
          "focus_diopters": null,
          "frame_ms": 500,
          "camera_id": "",
          "dump_characteristics": false
        }
      }
    },
    {
      "frame": 11,
      "variant": "template=still;processing=default;focus=auto;frame_ms=500;camera=default",
      "power": {
        "requested": {
          "frame_duration_ns": 500000000,
          "exposure_ns": 12306357,
          "iso": 269,
          "post_raw_boost": 100,
          "ae_mode": 0,
          "af_mode": 4,
          "nr_mode": 1,
          "edge_mode": 1,
          "focus_diopters": 0,
          "hot_pixel_mode": 1,
          "aberration_mode": 0,
          "shading_mode": 1,
          "tonemap_mode": 1,
          "face_detect_mode": 0,
          "ois_mode": 1,
          "video_stabilization_mode": 1,
          "capture_intent": 1
        },
        "result": {
          "frame_duration_ns": 500000000,
          "exposure_ns": 12297180,
          "iso": 269,
          "post_raw_boost": 100,
          "ae_mode": 0,
          "af_mode": 4,
          "nr_mode": 1,
          "edge_mode": 1,
          "focus_diopters": 1.5762302,
          "hot_pixel_mode": 1,
          "aberration_mode": 0,
          "shading_mode": 1,
          "tonemap_mode": 1,
          "face_detect_mode": 0,
          "ois_mode": 1,
          "video_stabilization_mode": 1,
          "capture_intent": 1
        },
        "result_sensor_timestamp_ns": 370756172326239,
        "result_frame_number": 32,
        "manual_phase": "manual",
        "camera_id": "0",
        "schema_version": 2,
        "options": {
          "capture_template": "still",
          "processing": "default",
          "focus_diopters": null,
          "frame_ms": 500,
          "camera_id": "",
          "dump_characteristics": false
        }
      }
    },
    {
      "frame": 12,
      "variant": "template=still;processing=default;focus=auto;frame_ms=500;camera=default",
      "power": {
        "requested": {
          "frame_duration_ns": 500000000,
          "exposure_ns": 12306357,
          "iso": 269,
          "post_raw_boost": 100,
          "ae_mode": 0,
          "af_mode": 4,
          "nr_mode": 1,
          "edge_mode": 1,
          "focus_diopters": 0,
          "hot_pixel_mode": 1,
          "aberration_mode": 0,
          "shading_mode": 1,
          "tonemap_mode": 1,
          "face_detect_mode": 0,
          "ois_mode": 1,
          "video_stabilization_mode": 1,
          "capture_intent": 1
        },
        "result": {
          "frame_duration_ns": 500000000,
          "exposure_ns": 12297180,
          "iso": 269,
          "post_raw_boost": 100,
          "ae_mode": 0,
          "af_mode": 4,
          "nr_mode": 1,
          "edge_mode": 1,
          "focus_diopters": 1.5762302,
          "hot_pixel_mode": 1,
          "aberration_mode": 0,
          "shading_mode": 1,
          "tonemap_mode": 1,
          "face_detect_mode": 0,
          "ois_mode": 1,
          "video_stabilization_mode": 1,
          "capture_intent": 1
        },
        "result_sensor_timestamp_ns": 370757169399385,
        "result_frame_number": 34,
        "manual_phase": "manual",
        "camera_id": "0",
        "schema_version": 2,
        "options": {
          "capture_template": "still",
          "processing": "default",
          "focus_diopters": null,
          "frame_ms": 500,
          "camera_id": "",
          "dump_characteristics": false
        }
      }
    },
    {
      "frame": 13,
      "variant": "template=still;processing=default;focus=auto;frame_ms=500;camera=default",
      "power": {
        "requested": {
          "frame_duration_ns": 500000000,
          "exposure_ns": 12306357,
          "iso": 269,
          "post_raw_boost": 100,
          "ae_mode": 0,
          "af_mode": 4,
          "nr_mode": 1,
          "edge_mode": 1,
          "focus_diopters": 0,
          "hot_pixel_mode": 1,
          "aberration_mode": 0,
          "shading_mode": 1,
          "tonemap_mode": 1,
          "face_detect_mode": 0,
          "ois_mode": 1,
          "video_stabilization_mode": 1,
          "capture_intent": 1
        },
        "result": {
          "frame_duration_ns": 500000000,
          "exposure_ns": 12297180,
          "iso": 269,
          "post_raw_boost": 100,
          "ae_mode": 0,
          "af_mode": 4,
          "nr_mode": 1,
          "edge_mode": 1,
          "focus_diopters": 1.5762302,
          "hot_pixel_mode": 1,
          "aberration_mode": 0,
          "shading_mode": 1,
          "tonemap_mode": 1,
          "face_detect_mode": 0,
          "ois_mode": 1,
          "video_stabilization_mode": 1,
          "capture_intent": 1
        },
        "result_sensor_timestamp_ns": 370758167061083,
        "result_frame_number": 36,
        "manual_phase": "manual",
        "camera_id": "0",
        "schema_version": 2,
        "options": {
          "capture_template": "still",
          "processing": "default",
          "focus_diopters": null,
          "frame_ms": 500,
          "camera_id": "",
          "dump_characteristics": false
        }
      }
    },
    {
      "frame": 14,
      "variant": "template=still;processing=default;focus=auto;frame_ms=500;camera=default",
      "power": {
        "requested": {
          "frame_duration_ns": 500000000,
          "exposure_ns": 12306357,
          "iso": 269,
          "post_raw_boost": 100,
          "ae_mode": 0,
          "af_mode": 4,
          "nr_mode": 1,
          "edge_mode": 1,
          "focus_diopters": 0,
          "hot_pixel_mode": 1,
          "aberration_mode": 0,
          "shading_mode": 1,
          "tonemap_mode": 1,
          "face_detect_mode": 0,
          "ois_mode": 1,
          "video_stabilization_mode": 1,
          "capture_intent": 1
        },
        "result": {
          "frame_duration_ns": 500000000,
          "exposure_ns": 12297180,
          "iso": 269,
          "post_raw_boost": 100,
          "ae_mode": 0,
          "af_mode": 4,
          "nr_mode": 1,
          "edge_mode": 1,
          "focus_diopters": 1.5762302,
          "hot_pixel_mode": 1,
          "aberration_mode": 0,
          "shading_mode": 1,
          "tonemap_mode": 1,
          "face_detect_mode": 0,
          "ois_mode": 1,
          "video_stabilization_mode": 1,
          "capture_intent": 1
        },
        "result_sensor_timestamp_ns": 370759163730435,
        "result_frame_number": 38,
        "manual_phase": "manual",
        "camera_id": "0",
        "schema_version": 2,
        "options": {
          "capture_template": "still",
          "processing": "default",
          "focus_diopters": null,
          "frame_ms": 500,
          "camera_id": "",
          "dump_characteristics": false
        }
      }
    },
    {
      "frame": 15,
      "variant": "template=still;processing=default;focus=auto;frame_ms=500;camera=default",
      "power": {
        "requested": {
          "frame_duration_ns": 500000000,
          "exposure_ns": 12306357,
          "iso": 269,
          "post_raw_boost": 100,
          "ae_mode": 0,
          "af_mode": 4,
          "nr_mode": 1,
          "edge_mode": 1,
          "focus_diopters": 0,
          "hot_pixel_mode": 1,
          "aberration_mode": 0,
          "shading_mode": 1,
          "tonemap_mode": 1,
          "face_detect_mode": 0,
          "ois_mode": 1,
          "video_stabilization_mode": 1,
          "capture_intent": 1
        },
        "result": {
          "frame_duration_ns": 500000000,
          "exposure_ns": 12297180,
          "iso": 269,
          "post_raw_boost": 100,
          "ae_mode": 0,
          "af_mode": 4,
          "nr_mode": 1,
          "edge_mode": 1,
          "focus_diopters": 1.6816657,
          "hot_pixel_mode": 1,
          "aberration_mode": 0,
          "shading_mode": 1,
          "tonemap_mode": 1,
          "face_detect_mode": 0,
          "ois_mode": 1,
          "video_stabilization_mode": 1,
          "capture_intent": 1
        },
        "result_sensor_timestamp_ns": 370759663149011,
        "result_frame_number": 39,
        "manual_phase": "manual",
        "camera_id": "0",
        "schema_version": 2,
        "options": {
          "capture_template": "still",
          "processing": "default",
          "focus_diopters": null,
          "frame_ms": 500,
          "camera_id": "",
          "dump_characteristics": false
        }
      }
    },
    {
      "frame": 16,
      "variant": "template=still;processing=default;focus=auto;frame_ms=500;camera=default",
      "power": {
        "requested": {
          "frame_duration_ns": 500000000,
          "exposure_ns": 12306357,
          "iso": 269,
          "post_raw_boost": 100,
          "ae_mode": 0,
          "af_mode": 4,
          "nr_mode": 1,
          "edge_mode": 1,
          "focus_diopters": 0,
          "hot_pixel_mode": 1,
          "aberration_mode": 0,
          "shading_mode": 1,
          "tonemap_mode": 1,
          "face_detect_mode": 0,
          "ois_mode": 1,
          "video_stabilization_mode": 1,
          "capture_intent": 1
        },
        "result": {
          "frame_duration_ns": 500000000,
          "exposure_ns": 12297180,
          "iso": 269,
          "post_raw_boost": 100,
          "ae_mode": 0,
          "af_mode": 4,
          "nr_mode": 1,
          "edge_mode": 1,
          "focus_diopters": 2.5543776,
          "hot_pixel_mode": 1,
          "aberration_mode": 0,
          "shading_mode": 1,
          "tonemap_mode": 1,
          "face_detect_mode": 0,
          "ois_mode": 1,
          "video_stabilization_mode": 1,
          "capture_intent": 1
        },
        "result_sensor_timestamp_ns": 370761159840320,
        "result_frame_number": 42,
        "manual_phase": "manual",
        "camera_id": "0",
        "schema_version": 2,
        "options": {
          "capture_template": "still",
          "processing": "default",
          "focus_diopters": null,
          "frame_ms": 500,
          "camera_id": "",
          "dump_characteristics": false
        }
      }
    },
    {
      "frame": 17,
      "variant": "template=still;processing=default;focus=auto;frame_ms=500;camera=default",
      "power": {
        "requested": {
          "frame_duration_ns": 500000000,
          "exposure_ns": 12306357,
          "iso": 269,
          "post_raw_boost": 100,
          "ae_mode": 0,
          "af_mode": 4,
          "nr_mode": 1,
          "edge_mode": 1,
          "focus_diopters": 0,
          "hot_pixel_mode": 1,
          "aberration_mode": 0,
          "shading_mode": 1,
          "tonemap_mode": 1,
          "face_detect_mode": 0,
          "ois_mode": 1,
          "video_stabilization_mode": 1,
          "capture_intent": 1
        },
        "result": {
          "frame_duration_ns": 500000000,
          "exposure_ns": 12297180,
          "iso": 269,
          "post_raw_boost": 100,
          "ae_mode": 0,
          "af_mode": 4,
          "nr_mode": 1,
          "edge_mode": 1,
          "focus_diopters": 2.380676,
          "hot_pixel_mode": 1,
          "aberration_mode": 0,
          "shading_mode": 1,
          "tonemap_mode": 1,
          "face_detect_mode": 0,
          "ois_mode": 1,
          "video_stabilization_mode": 1,
          "capture_intent": 1
        },
        "result_sensor_timestamp_ns": 370762156245944,
        "result_frame_number": 44,
        "manual_phase": "manual",
        "camera_id": "0",
        "schema_version": 2,
        "options": {
          "capture_template": "still",
          "processing": "default",
          "focus_diopters": null,
          "frame_ms": 500,
          "camera_id": "",
          "dump_characteristics": false
        }
      }
    },
    {
      "frame": 19,
      "variant": "template=still;processing=default;focus=auto;frame_ms=500;camera=default",
      "power": {
        "requested": {
          "frame_duration_ns": 500000000,
          "exposure_ns": 12306357,
          "iso": 269,
          "post_raw_boost": 100,
          "ae_mode": 0,
          "af_mode": 4,
          "nr_mode": 1,
          "edge_mode": 1,
          "focus_diopters": 0,
          "hot_pixel_mode": 1,
          "aberration_mode": 0,
          "shading_mode": 1,
          "tonemap_mode": 1,
          "face_detect_mode": 0,
          "ois_mode": 1,
          "video_stabilization_mode": 1,
          "capture_intent": 1
        },
        "result": {
          "frame_duration_ns": 500000000,
          "exposure_ns": 12297180,
          "iso": 269,
          "post_raw_boost": 100,
          "ae_mode": 0,
          "af_mode": 4,
          "nr_mode": 1,
          "edge_mode": 1,
          "focus_diopters": 1.9620798,
          "hot_pixel_mode": 1,
          "aberration_mode": 0,
          "shading_mode": 1,
          "tonemap_mode": 1,
          "face_detect_mode": 0,
          "ois_mode": 1,
          "video_stabilization_mode": 1,
          "capture_intent": 1
        },
        "result_sensor_timestamp_ns": 370764151412714,
        "result_frame_number": 48,
        "manual_phase": "manual",
        "camera_id": "0",
        "schema_version": 2,
        "options": {
          "capture_template": "still",
          "processing": "default",
          "focus_diopters": null,
          "frame_ms": 500,
          "camera_id": "",
          "dump_characteristics": false
        }
      }
    }
  ],
  "skin_slope_c_min": 0.2400417160031911,
  "android_status": "0.1s NONE(0)",
  "gate": {
    "at": "2026-10-03T07:37:48Z",
    "z9": 37000,
    "z10": 36000,
    "z11": 36000,
    "skin": 29.537703,
    "status": 0,
    "waited_s": 0,
    "warm_start": false
  },
  "heat_stop": null
}

mode_A completed
{
  "mean_battery_w": 2.6495737011332103,
  "cpu_seconds": {
    "runner": 3.33,
    "llama_server": 0.0,
    "robotcam_app": 4.11,
    "camera_provider": 16.67
  },
  "start_to_first_fresh_s": 0.9146852620178834,
  "stop": {
    "stop_to_stopped_s": 3.736385093012359,
    "capture_stopped": true,
    "frames_seen": [],
    "unreadable_reads": 0,
    "check_s": 3.07,
    "force_stop_rc": 0,
    "force_stop_output": "",
    "pids_after_force_stop": []
  },
  "frames_ok": 19,
  "startup_wait_polls": 6,
  "frames_failed": 0,
  "raw_status_counts": {
    "missing": 6,
    "ok": 19,
    "repeat": 132
  },
  "new_frame_gap_max_s": 1.16502181100077,
  "observed_publish_hz": 0.976805585638469,
  "unpaired_diagnostics": 4,
  "repeat_polls": 132,
  "age_median_s": 0.2713547170278616,
  "age_p95_s": 0.3585239090025425,
  "luma": {
    "median": 160.54619140625,
    "min": 141.8216015625
  },
  "sharpness": {
    "median": 163.88358798647837,
    "min": 49.714133143076275
  },
  "paired_diagnostics": 15,
  "applied_observations": [
    {
      "frame": 1,
      "variant": "template=still;processing=default;focus=auto;frame_ms=0;camera=default",
      "power": {
        "requested": {
          "frame_duration_ns": 33000000,
          "exposure_ns": 10000000,
          "iso": 100,
          "post_raw_boost": 100,
          "ae_mode": 1,
          "af_mode": 4,
          "nr_mode": 1,
          "edge_mode": 1,
          "focus_diopters": 0,
          "hot_pixel_mode": 1,
          "aberration_mode": 0,
          "shading_mode": 1,
          "tonemap_mode": 1,
          "face_detect_mode": 0,
          "ois_mode": 1,
          "video_stabilization_mode": 1,
          "capture_intent": 1
        },
        "result": {
          "frame_duration_ns": 66668961,
          "exposure_ns": 8328127,
          "iso": 398,
          "post_raw_boost": 100,
          "ae_mode": 1,
          "af_mode": 4,
          "nr_mode": 1,
          "edge_mode": 1,
          "focus_diopters": 3.279387,
          "hot_pixel_mode": 1,
          "aberration_mode": 0,
          "shading_mode": 1,
          "tonemap_mode": 1,
          "face_detect_mode": 0,
          "ois_mode": 1,
          "video_stabilization_mode": 1,
          "capture_intent": 1
        },
        "result_sensor_timestamp_ns": 370770070801307,
        "result_frame_number": 0,
        "manual_phase": "disabled",
        "camera_id": "0",
        "schema_version": 2,
        "options": {
          "capture_template": "still",
          "processing": "default",
          "focus_diopters": null,
          "frame_ms": 0,
          "camera_id": "",
          "dump_characteristics": false
        }
      }
    },
    {
      "frame": 2,
      "variant": "template=still;processing=default;focus=auto;frame_ms=0;camera=default",
      "power": {
        "requested": {
          "frame_duration_ns": 33000000,
          "exposure_ns": 10000000,
          "iso": 100,
          "post_raw_boost": 100,
          "ae_mode": 1,
          "af_mode": 4,
          "nr_mode": 1,
          "edge_mode": 1,
          "focus_diopters": 0,
          "hot_pixel_mode": 1,
          "aberration_mode": 0,
          "shading_mode": 1,
          "tonemap_mode": 1,
          "face_detect_mode": 0,
          "ois_mode": 1,
          "video_stabilization_mode": 1,
          "capture_intent": 1
        },
        "result": {
          "frame_duration_ns": 66668961,
          "exposure_ns": 16826029,
          "iso": 173,
          "post_raw_boost": 100,
          "ae_mode": 1,
          "af_mode": 4,
          "nr_mode": 1,
          "edge_mode": 1,
          "focus_diopters": 0.90489936,
          "hot_pixel_mode": 1,
          "aberration_mode": 0,
          "shading_mode": 1,
          "tonemap_mode": 1,
          "face_detect_mode": 0,
          "ois_mode": 1,
          "video_stabilization_mode": 1,
          "capture_intent": 1
        },
        "result_sensor_timestamp_ns": 370771060105308,
        "result_frame_number": 14,
        "manual_phase": "disabled",
        "camera_id": "0",
        "schema_version": 2,
        "options": {
          "capture_template": "still",
          "processing": "default",
          "focus_diopters": null,
          "frame_ms": 0,
          "camera_id": "",
          "dump_characteristics": false
        }
      }
    },
    {
      "frame": 3,
      "variant": "template=still;processing=default;focus=auto;frame_ms=0;camera=default",
      "power": {
        "requested": {
          "frame_duration_ns": 33000000,
          "exposure_ns": 10000000,
          "iso": 100,
          "post_raw_boost": 100,
          "ae_mode": 1,
          "af_mode": 4,
          "nr_mode": 1,
          "edge_mode": 1,
          "focus_diopters": 0,
          "hot_pixel_mode": 1,
          "aberration_mode": 0,
          "shading_mode": 1,
          "tonemap_mode": 1,
          "face_detect_mode": 0,
          "ois_mode": 1,
          "video_stabilization_mode": 1,
          "capture_intent": 1
        },
        "result": {
          "frame_duration_ns": 66668961,
          "exposure_ns": 33326275,
          "iso": 92,
          "post_raw_boost": 100,
          "ae_mode": 1,
          "af_mode": 4,
          "nr_mode": 1,
          "edge_mode": 1,
          "focus_diopters": 0.8338718,
          "hot_pixel_mode": 1,
          "aberration_mode": 0,
          "shading_mode": 1,
          "tonemap_mode": 1,
          "face_detect_mode": 0,
          "ois_mode": 1,
          "video_stabilization_mode": 1,
          "capture_intent": 1
        },
        "result_sensor_timestamp_ns": 370772040587064,
        "result_frame_number": 29,
        "manual_phase": "disabled",
        "camera_id": "0",
        "schema_version": 2,
        "options": {
          "capture_template": "still",
          "processing": "default",
          "focus_diopters": null,
          "frame_ms": 0,
          "camera_id": "",
          "dump_characteristics": false
        }
      }
    },
    {
      "frame": 6,
      "variant": "template=still;processing=default;focus=auto;frame_ms=0;camera=default",
      "power": {
        "requested": {
          "frame_duration_ns": 33000000,
          "exposure_ns": 10000000,
          "iso": 100,
          "post_raw_boost": 100,
          "ae_mode": 1,
          "af_mode": 4,
          "nr_mode": 1,
          "edge_mode": 1,
          "focus_diopters": 0,
          "hot_pixel_mode": 1,
          "aberration_mode": 0,
          "shading_mode": 1,
          "tonemap_mode": 1,
          "face_detect_mode": 0,
          "ois_mode": 1,
          "video_stabilization_mode": 1,
          "capture_intent": 1
        },
        "result": {
          "frame_duration_ns": 66668961,
          "exposure_ns": 33326275,
          "iso": 87,
          "post_raw_boost": 100,
          "ae_mode": 1,
          "af_mode": 4,
          "nr_mode": 1,
          "edge_mode": 1,
          "focus_diopters": 1.1883197,
          "hot_pixel_mode": 1,
          "aberration_mode": 0,
          "shading_mode": 1,
          "tonemap_mode": 1,
          "face_detect_mode": 0,
          "ois_mode": 1,
          "video_stabilization_mode": 1,
          "capture_intent": 1
        },
        "result_sensor_timestamp_ns": 370775099255719,
        "result_frame_number": 75,
        "manual_phase": "disabled",
        "camera_id": "0",
        "schema_version": 2,
        "options": {
          "capture_template": "still",
          "processing": "default",
          "focus_diopters": null,
          "frame_ms": 0,
          "camera_id": "",
          "dump_characteristics": false
        }
      }
    },
    {
      "frame": 7,
      "variant": "template=still;processing=default;focus=auto;frame_ms=0;camera=default",
      "power": {
        "requested": {
          "frame_duration_ns": 33000000,
          "exposure_ns": 10000000,
          "iso": 100,
          "post_raw_boost": 100,
          "ae_mode": 1,
          "af_mode": 4,
          "nr_mode": 1,
          "edge_mode": 1,
          "focus_diopters": 0,
          "hot_pixel_mode": 1,
          "aberration_mode": 0,
          "shading_mode": 1,
          "tonemap_mode": 1,
          "face_detect_mode": 0,
          "ois_mode": 1,
          "video_stabilization_mode": 1,
          "capture_intent": 1
        },
        "result": {
          "frame_duration_ns": 66668961,
          "exposure_ns": 33326275,
          "iso": 87,
          "post_raw_boost": 100,
          "ae_mode": 1,
          "af_mode": 4,
          "nr_mode": 1,
          "edge_mode": 1,
          "focus_diopters": 1.1883197,
          "hot_pixel_mode": 1,
          "aberration_mode": 0,
          "shading_mode": 1,
          "tonemap_mode": 1,
          "face_detect_mode": 0,
          "ois_mode": 1,
          "video_stabilization_mode": 1,
          "capture_intent": 1
        },
        "result_sensor_timestamp_ns": 370776163140430,
        "result_frame_number": 91,
        "manual_phase": "disabled",
        "camera_id": "0",
        "schema_version": 2,
        "options": {
          "capture_template": "still",
          "processing": "default",
          "focus_diopters": null,
          "frame_ms": 0,
          "camera_id": "",
          "dump_characteristics": false
        }
      }
    },
    {
      "frame": 8,
      "variant": "template=still;processing=default;focus=auto;frame_ms=0;camera=default",
      "power": {
        "requested": {
          "frame_duration_ns": 33000000,
          "exposure_ns": 10000000,
          "iso": 100,
          "post_raw_boost": 100,
          "ae_mode": 1,
          "af_mode": 4,
          "nr_mode": 1,
          "edge_mode": 1,
          "focus_diopters": 0,
          "hot_pixel_mode": 1,
          "aberration_mode": 0,
          "shading_mode": 1,
          "tonemap_mode": 1,
          "face_detect_mode": 0,
          "ois_mode": 1,
          "video_stabilization_mode": 1,
          "capture_intent": 1
        },
        "result": {
          "frame_duration_ns": 66668961,
          "exposure_ns": 33326275,
          "iso": 87,
          "post_raw_boost": 100,
          "ae_mode": 1,
          "af_mode": 4,
          "nr_mode": 1,
          "edge_mode": 1,
          "focus_diopters": 1.1883197,
          "hot_pixel_mode": 1,
          "aberration_mode": 0,
          "shading_mode": 1,
          "tonemap_mode": 1,
          "face_detect_mode": 0,
          "ois_mode": 1,
          "video_stabilization_mode": 1,
          "capture_intent": 1
        },
        "result_sensor_timestamp_ns": 370777160224557,
        "result_frame_number": 106,
        "manual_phase": "disabled",
        "camera_id": "0",
        "schema_version": 2,
        "options": {
          "capture_template": "still",
          "processing": "default",
          "focus_diopters": null,
          "frame_ms": 0,
          "camera_id": "",
          "dump_characteristics": false
        }
      }
    },
    {
      "frame": 9,
      "variant": "template=still;processing=default;focus=auto;frame_ms=0;camera=default",
      "power": {
        "requested": {
          "frame_duration_ns": 33000000,
          "exposure_ns": 10000000,
          "iso": 100,
          "post_raw_boost": 100,
          "ae_mode": 1,
          "af_mode": 4,
          "nr_mode": 1,
          "edge_mode": 1,
          "focus_diopters": 0,
          "hot_pixel_mode": 1,
          "aberration_mode": 0,
          "shading_mode": 1,
          "tonemap_mode": 1,
          "face_detect_mode": 0,
          "ois_mode": 1,
          "video_stabilization_mode": 1,
          "capture_intent": 1
        },
        "result": {
          "frame_duration_ns": 66668961,
          "exposure_ns": 33326275,
          "iso": 87,
          "post_raw_boost": 100,
          "ae_mode": 1,
          "af_mode": 4,
          "nr_mode": 1,
          "edge_mode": 1,
          "focus_diopters": 1.1883197,
          "hot_pixel_mode": 1,
          "aberration_mode": 0,
          "shading_mode": 1,
          "tonemap_mode": 1,
          "face_detect_mode": 0,
          "ois_mode": 1,
          "video_stabilization_mode": 1,
          "capture_intent": 1
        },
        "result_sensor_timestamp_ns": 370778290909933,
        "result_frame_number": 123,
        "manual_phase": "disabled",
        "camera_id": "0",
        "schema_version": 2,
        "options": {
          "capture_template": "still",
          "processing": "default",
          "focus_diopters": null,
          "frame_ms": 0,
          "camera_id": "",
          "dump_characteristics": false
        }
      }
    },
    {
      "frame": 10,
      "variant": "template=still;processing=default;focus=auto;frame_ms=0;camera=default",
      "power": {
        "requested": {
          "frame_duration_ns": 33000000,
          "exposure_ns": 10000000,
          "iso": 100,
          "post_raw_boost": 100,
          "ae_mode": 1,
          "af_mode": 4,
          "nr_mode": 1,
          "edge_mode": 1,
          "focus_diopters": 0,
          "hot_pixel_mode": 1,
          "aberration_mode": 0,
          "shading_mode": 1,
          "tonemap_mode": 1,
          "face_detect_mode": 0,
          "ois_mode": 1,
          "video_stabilization_mode": 1,
          "capture_intent": 1
        },
        "result": {
          "frame_duration_ns": 66668961,
          "exposure_ns": 15935860,
          "iso": 183,
          "post_raw_boost": 100,
          "ae_mode": 1,
          "af_mode": 4,
          "nr_mode": 1,
          "edge_mode": 1,
          "focus_diopters": 1.1883197,
          "hot_pixel_mode": 1,
          "aberration_mode": 0,
          "shading_mode": 1,
          "tonemap_mode": 1,
          "face_detect_mode": 0,
          "ois_mode": 1,
          "video_stabilization_mode": 1,
          "capture_intent": 1
        },
        "result_sensor_timestamp_ns": 370779239199501,
        "result_frame_number": 137,
        "manual_phase": "disabled",
        "camera_id": "0",
        "schema_version": 2,
        "options": {
          "capture_template": "still",
          "processing": "default",
          "focus_diopters": null,
          "frame_ms": 0,
          "camera_id": "",
          "dump_characteristics": false
        }
      }
    },
    {
      "frame": 12,
      "variant": "template=still;processing=default;focus=auto;frame_ms=0;camera=default",
      "power": {
        "requested": {
          "frame_duration_ns": 33000000,
          "exposure_ns": 10000000,
          "iso": 100,
          "post_raw_boost": 100,
          "ae_mode": 1,
          "af_mode": 4,
          "nr_mode": 1,
          "edge_mode": 1,
          "focus_diopters": 0,
          "hot_pixel_mode": 1,
          "aberration_mode": 0,
          "shading_mode": 1,
          "tonemap_mode": 1,
          "face_detect_mode": 0,
          "ois_mode": 1,
          "video_stabilization_mode": 1,
          "capture_intent": 1
        },
        "result": {
          "frame_duration_ns": 66668961,
          "exposure_ns": 33326275,
          "iso": 87,
          "post_raw_boost": 100,
          "ae_mode": 1,
          "af_mode": 4,
          "nr_mode": 1,
          "edge_mode": 1,
          "focus_diopters": 1.1883197,
          "hot_pixel_mode": 1,
          "aberration_mode": 0,
          "shading_mode": 1,
          "tonemap_mode": 1,
          "face_detect_mode": 0,
          "ois_mode": 1,
          "video_stabilization_mode": 1,
          "capture_intent": 1
        },
        "result_sensor_timestamp_ns": 370781349860367,
        "result_frame_number": 169,
        "manual_phase": "disabled",
        "camera_id": "0",
        "schema_version": 2,
        "options": {
          "capture_template": "still",
          "processing": "default",
          "focus_diopters": null,
          "frame_ms": 0,
          "camera_id": "",
          "dump_characteristics": false
        }
      }
    },
    {
      "frame": 13,
      "variant": "template=still;processing=default;focus=auto;frame_ms=0;camera=default",
      "power": {
        "requested": {
          "frame_duration_ns": 33000000,
          "exposure_ns": 10000000,
          "iso": 100,
          "post_raw_boost": 100,
          "ae_mode": 1,
          "af_mode": 4,
          "nr_mode": 1,
          "edge_mode": 1,
          "focus_diopters": 0,
          "hot_pixel_mode": 1,
          "aberration_mode": 0,
          "shading_mode": 1,
          "tonemap_mode": 1,
          "face_detect_mode": 0,
          "ois_mode": 1,
          "video_stabilization_mode": 1,
          "capture_intent": 1
        },
        "result": {
          "frame_duration_ns": 66668961,
          "exposure_ns": 35501224,
          "iso": 81,
          "post_raw_boost": 101,
          "ae_mode": 1,
          "af_mode": 4,
          "nr_mode": 1,
          "edge_mode": 1,
          "focus_diopters": 1.1883197,
          "hot_pixel_mode": 1,
          "aberration_mode": 0,
          "shading_mode": 1,
          "tonemap_mode": 1,
          "face_detect_mode": 0,
          "ois_mode": 1,
          "video_stabilization_mode": 1,
          "capture_intent": 1
        },
        "result_sensor_timestamp_ns": 370782344795551,
        "result_frame_number": 184,
        "manual_phase": "disabled",
        "camera_id": "0",
        "schema_version": 2,
        "options": {
          "capture_template": "still",
          "processing": "default",
          "focus_diopters": null,
          "frame_ms": 0,
          "camera_id": "",
          "dump_characteristics": false
        }
      }
    },
    {
      "frame": 14,
      "variant": "template=still;processing=default;focus=auto;frame_ms=0;camera=default",
      "power": {
        "requested": {
          "frame_duration_ns": 33000000,
          "exposure_ns": 10000000,
          "iso": 100,
          "post_raw_boost": 100,
          "ae_mode": 1,
          "af_mode": 4,
          "nr_mode": 1,
          "edge_mode": 1,
          "focus_diopters": 0,
          "hot_pixel_mode": 1,
          "aberration_mode": 0,
          "shading_mode": 1,
          "tonemap_mode": 1,
          "face_detect_mode": 0,
          "ois_mode": 1,
          "video_stabilization_mode": 1,
          "capture_intent": 1
        },
        "result": {
          "frame_duration_ns": 66668961,
          "exposure_ns": 35501224,
          "iso": 81,
          "post_raw_boost": 101,
          "ae_mode": 1,
          "af_mode": 4,
          "nr_mode": 1,
          "edge_mode": 1,
          "focus_diopters": 1.1883197,
          "hot_pixel_mode": 1,
          "aberration_mode": 0,
          "shading_mode": 1,
          "tonemap_mode": 1,
          "face_detect_mode": 0,
          "ois_mode": 1,
          "video_stabilization_mode": 1,
          "capture_intent": 1
        },
        "result_sensor_timestamp_ns": 370783408765670,
        "result_frame_number": 200,
        "manual_phase": "disabled",
        "camera_id": "0",
        "schema_version": 2,
        "options": {
          "capture_template": "still",
          "processing": "default",
          "focus_diopters": null,
          "frame_ms": 0,
          "camera_id": "",
          "dump_characteristics": false
        }
      }
    },
    {
      "frame": 15,
      "variant": "template=still;processing=default;focus=auto;frame_ms=0;camera=default",
      "power": {
        "requested": {
          "frame_duration_ns": 33000000,
          "exposure_ns": 10000000,
          "iso": 100,
          "post_raw_boost": 100,
          "ae_mode": 1,
          "af_mode": 4,
          "nr_mode": 1,
          "edge_mode": 1,
          "focus_diopters": 0,
          "hot_pixel_mode": 1,
          "aberration_mode": 0,
          "shading_mode": 1,
          "tonemap_mode": 1,
          "face_detect_mode": 0,
          "ois_mode": 1,
          "video_stabilization_mode": 1,
          "capture_intent": 1
        },
        "result": {
          "frame_duration_ns": 66668961,
          "exposure_ns": 33326275,
          "iso": 87,
          "post_raw_boost": 100,
          "ae_mode": 1,
          "af_mode": 4,
          "nr_mode": 1,
          "edge_mode": 1,
          "focus_diopters": 1.1883197,
          "hot_pixel_mode": 1,
          "aberration_mode": 0,
          "shading_mode": 1,
          "tonemap_mode": 1,
          "face_detect_mode": 0,
          "ois_mode": 1,
          "video_stabilization_mode": 1,
          "capture_intent": 1
        },
        "result_sensor_timestamp_ns": 370784474739963,
        "result_frame_number": 216,
        "manual_phase": "disabled",
        "camera_id": "0",
        "schema_version": 2,
        "options": {
          "capture_template": "still",
          "processing": "default",
          "focus_diopters": null,
          "frame_ms": 0,
          "camera_id": "",
          "dump_characteristics": false
        }
      }
    },
    {
      "frame": 16,
      "variant": "template=still;processing=default;focus=auto;frame_ms=0;camera=default",
      "power": {
        "requested": {
          "frame_duration_ns": 33000000,
          "exposure_ns": 10000000,
          "iso": 100,
          "post_raw_boost": 100,
          "ae_mode": 1,
          "af_mode": 4,
          "nr_mode": 1,
          "edge_mode": 1,
          "focus_diopters": 0,
          "hot_pixel_mode": 1,
          "aberration_mode": 0,
          "shading_mode": 1,
          "tonemap_mode": 1,
          "face_detect_mode": 0,
          "ois_mode": 1,
          "video_stabilization_mode": 1,
          "capture_intent": 1
        },
        "result": {
          "frame_duration_ns": 66668961,
          "exposure_ns": 32463637,
          "iso": 90,
          "post_raw_boost": 100,
          "ae_mode": 1,
          "af_mode": 4,
          "nr_mode": 1,
          "edge_mode": 1,
          "focus_diopters": 1.1883197,
          "hot_pixel_mode": 1,
          "aberration_mode": 0,
          "shading_mode": 1,
          "tonemap_mode": 1,
          "face_detect_mode": 0,
          "ois_mode": 1,
          "video_stabilization_mode": 1,
          "capture_intent": 1
        },
        "result_sensor_timestamp_ns": 370785472994553,
        "result_frame_number": 231,
        "manual_phase": "disabled",
        "camera_id": "0",
        "schema_version": 2,
        "options": {
          "capture_template": "still",
          "processing": "default",
          "focus_diopters": null,
          "frame_ms": 0,
          "camera_id": "",
          "dump_characteristics": false
        }
      }
    },
    {
      "frame": 17,
      "variant": "template=still;processing=default;focus=auto;frame_ms=0;camera=default",
      "power": {
        "requested": {
          "frame_duration_ns": 33000000,
          "exposure_ns": 10000000,
          "iso": 100,
          "post_raw_boost": 100,
          "ae_mode": 1,
          "af_mode": 4,
          "nr_mode": 1,
          "edge_mode": 1,
          "focus_diopters": 0,
          "hot_pixel_mode": 1,
          "aberration_mode": 0,
          "shading_mode": 1,
          "tonemap_mode": 1,
          "face_detect_mode": 0,
          "ois_mode": 1,
          "video_stabilization_mode": 1,
          "capture_intent": 1
        },
        "result": {
          "frame_duration_ns": 66668961,
          "exposure_ns": 32463637,
          "iso": 90,
          "post_raw_boost": 100,
          "ae_mode": 1,
          "af_mode": 4,
          "nr_mode": 1,
          "edge_mode": 1,
          "focus_diopters": 1.1883197,
          "hot_pixel_mode": 1,
          "aberration_mode": 0,
          "shading_mode": 1,
          "tonemap_mode": 1,
          "face_detect_mode": 0,
          "ois_mode": 1,
          "video_stabilization_mode": 1,
          "capture_intent": 1
        },
        "result_sensor_timestamp_ns": 370786470487292,
        "result_frame_number": 246,
        "manual_phase": "disabled",
        "camera_id": "0",
        "schema_version": 2,
        "options": {
          "capture_template": "still",
          "processing": "default",
          "focus_diopters": null,
          "frame_ms": 0,
          "camera_id": "",
          "dump_characteristics": false
        }
      }
    },
    {
      "frame": 18,
      "variant": "template=still;processing=default;focus=auto;frame_ms=0;camera=default",
      "power": {
        "requested": {
          "frame_duration_ns": 33000000,
          "exposure_ns": 10000000,
          "iso": 100,
          "post_raw_boost": 100,
          "ae_mode": 1,
          "af_mode": 4,
          "nr_mode": 1,
          "edge_mode": 1,
          "focus_diopters": 0,
          "hot_pixel_mode": 1,
          "aberration_mode": 0,
          "shading_mode": 1,
          "tonemap_mode": 1,
          "face_detect_mode": 0,
          "ois_mode": 1,
          "video_stabilization_mode": 1,
          "capture_intent": 1
        },
        "result": {
          "frame_duration_ns": 66668961,
          "exposure_ns": 38460807,
          "iso": 76,
          "post_raw_boost": 100,
          "ae_mode": 1,
          "af_mode": 4,
          "nr_mode": 1,
          "edge_mode": 1,
          "focus_diopters": 1.1883197,
          "hot_pixel_mode": 1,
          "aberration_mode": 0,
          "shading_mode": 1,
          "tonemap_mode": 1,
          "face_detect_mode": 0,
          "ois_mode": 1,
          "video_stabilization_mode": 1,
          "capture_intent": 1
        },
        "result_sensor_timestamp_ns": 370787462431390,
        "result_frame_number": 261,
        "manual_phase": "disabled",
        "camera_id": "0",
        "schema_version": 2,
        "options": {
          "capture_template": "still",
          "processing": "default",
          "focus_diopters": null,
          "frame_ms": 0,
          "camera_id": "",
          "dump_characteristics": false
        }
      }
    }
  ],
  "skin_slope_c_min": 0.790451079004308,
  "android_status": "0.1s NONE(0)",
  "gate": {
    "at": "2026-10-03T07:38:14Z",
    "z9": 35000,
    "z10": 35000,
    "z11": 36000,
    "skin": 29.6651,
    "status": 0,
    "waited_s": 0,
    "warm_start": false
  },
  "heat_stop": null
}

baseline_last completed
{
  "mean_battery_w": 2.3727085016306884,
  "cpu_seconds": {
    "runner": 3.48,
    "llama_server": 0.0,
    "robotcam_app": 4.13,
    "camera_provider": 17.24
  },
  "start_to_first_fresh_s": 2.05353763900348,
  "stop": {
    "stop_to_stopped_s": 3.7024157729756553,
    "capture_stopped": true,
    "frames_seen": [],
    "unreadable_reads": 0,
    "check_s": 3.08,
    "force_stop_rc": 0,
    "force_stop_output": "",
    "pids_after_force_stop": []
  },
  "frames_ok": 19,
  "startup_wait_polls": 17,
  "frames_failed": 0,
  "raw_status_counts": {
    "missing": 17,
    "ok": 19,
    "repeat": 121
  },
  "new_frame_gap_max_s": 1.1855466720007826,
  "observed_publish_hz": 1.0035027314683398,
  "unpaired_diagnostics": 2,
  "repeat_polls": 121,
  "age_median_s": 0.273125849023927,
  "age_p95_s": 0.46040400996571407,
  "luma": {
    "median": 155.35490234375,
    "min": 151.799599609375
  },
  "sharpness": {
    "median": 153.72659052724416,
    "min": 140.08248488210816
  },
  "paired_diagnostics": 17,
  "applied_observations": [
    {
      "frame": 1,
      "variant": "template=still;processing=default;focus=auto;frame_ms=0;camera=default",
      "power": {
        "requested": {
          "frame_duration_ns": 33000000,
          "exposure_ns": 10000000,
          "iso": 100,
          "post_raw_boost": 100,
          "ae_mode": 1,
          "af_mode": 4,
          "nr_mode": 1,
          "edge_mode": 1,
          "focus_diopters": 0,
          "hot_pixel_mode": 1,
          "aberration_mode": 0,
          "shading_mode": 1,
          "tonemap_mode": 1,
          "face_detect_mode": 0,
          "ois_mode": 1,
          "video_stabilization_mode": 1,
          "capture_intent": 1
        },
        "result": {
          "frame_duration_ns": 66668961,
          "exposure_ns": 15756909,
          "iso": 189,
          "post_raw_boost": 100,
          "ae_mode": 1,
          "af_mode": 4,
          "nr_mode": 1,
          "edge_mode": 1,
          "focus_diopters": 1.1883197,
          "hot_pixel_mode": 1,
          "aberration_mode": 0,
          "shading_mode": 1,
          "tonemap_mode": 1,
          "face_detect_mode": 0,
          "ois_mode": 1,
          "video_stabilization_mode": 1,
          "capture_intent": 1
        },
        "result_sensor_timestamp_ns": 370795382427928,
        "result_frame_number": 18,
        "manual_phase": "disabled",
        "camera_id": "0",
        "schema_version": 2,
        "options": {
          "capture_template": "still",
          "processing": "default",
          "focus_diopters": null,
          "frame_ms": 0,
          "camera_id": "",
          "dump_characteristics": false
        }
      }
    },
    {
      "frame": 2,
      "variant": "template=still;processing=default;focus=auto;frame_ms=0;camera=default",
      "power": {
        "requested": {
          "frame_duration_ns": 33000000,
          "exposure_ns": 10000000,
          "iso": 100,
          "post_raw_boost": 100,
          "ae_mode": 1,
          "af_mode": 4,
          "nr_mode": 2,
          "edge_mode": 2,
          "focus_diopters": 0,
          "hot_pixel_mode": 2,
          "aberration_mode": 0,
          "shading_mode": 2,
          "tonemap_mode": 2,
          "face_detect_mode": 0,
          "ois_mode": 1,
          "video_stabilization_mode": 1,
          "capture_intent": 2
        },
        "result": {
          "frame_duration_ns": 66668961,
          "exposure_ns": 25204630,
          "iso": 118,
          "post_raw_boost": 100,
          "ae_mode": 1,
          "af_mode": 4,
          "nr_mode": 2,
          "edge_mode": 2,
          "focus_diopters": 1.1883197,
          "hot_pixel_mode": 2,
          "aberration_mode": 0,
          "shading_mode": 2,
          "tonemap_mode": 2,
          "face_detect_mode": 0,
          "ois_mode": 1,
          "video_stabilization_mode": 1,
          "capture_intent": 2
        },
        "result_sensor_timestamp_ns": 370796237248535,
        "result_frame_number": 31,
        "manual_phase": "disabled",
        "camera_id": "0",
        "schema_version": 2,
        "options": {
          "capture_template": "still",
          "processing": "default",
          "focus_diopters": null,
          "frame_ms": 0,
          "camera_id": "",
          "dump_characteristics": false
        }
      }
    },
    {
      "frame": 3,
      "variant": "template=still;processing=default;focus=auto;frame_ms=0;camera=default",
      "power": {
        "requested": {
          "frame_duration_ns": 33000000,
          "exposure_ns": 10000000,
          "iso": 100,
          "post_raw_boost": 100,
          "ae_mode": 1,
          "af_mode": 4,
          "nr_mode": 2,
          "edge_mode": 2,
          "focus_diopters": 0,
          "hot_pixel_mode": 2,
          "aberration_mode": 0,
          "shading_mode": 2,
          "tonemap_mode": 2,
          "face_detect_mode": 0,
          "ois_mode": 1,
          "video_stabilization_mode": 1,
          "capture_intent": 2
        },
        "result": {
          "frame_duration_ns": 66668961,
          "exposure_ns": 33326275,
          "iso": 89,
          "post_raw_boost": 101,
          "ae_mode": 1,
          "af_mode": 4,
          "nr_mode": 2,
          "edge_mode": 2,
          "focus_diopters": 1.1883197,
          "hot_pixel_mode": 2,
          "aberration_mode": 0,
          "shading_mode": 2,
          "tonemap_mode": 2,
          "face_detect_mode": 0,
          "ois_mode": 1,
          "video_stabilization_mode": 1,
          "capture_intent": 2
        },
        "result_sensor_timestamp_ns": 370797226406414,
        "result_frame_number": 46,
        "manual_phase": "disabled",
        "camera_id": "0",
        "schema_version": 2,
        "options": {
          "capture_template": "still",
          "processing": "default",
          "focus_diopters": null,
          "frame_ms": 0,
          "camera_id": "",
          "dump_characteristics": false
        }
      }
    },
    {
      "frame": 4,
      "variant": "template=still;processing=default;focus=auto;frame_ms=0;camera=default",
      "power": {
        "requested": {
          "frame_duration_ns": 33000000,
          "exposure_ns": 10000000,
          "iso": 100,
          "post_raw_boost": 100,
          "ae_mode": 1,
          "af_mode": 4,
          "nr_mode": 2,
          "edge_mode": 2,
          "focus_diopters": 0,
          "hot_pixel_mode": 2,
          "aberration_mode": 0,
          "shading_mode": 2,
          "tonemap_mode": 2,
          "face_detect_mode": 0,
          "ois_mode": 1,
          "video_stabilization_mode": 1,
          "capture_intent": 2
        },
        "result": {
          "frame_duration_ns": 66668961,
          "exposure_ns": 33326275,
          "iso": 89,
          "post_raw_boost": 101,
          "ae_mode": 1,
          "af_mode": 4,
          "nr_mode": 2,
          "edge_mode": 2,
          "focus_diopters": 1.1883197,
          "hot_pixel_mode": 2,
          "aberration_mode": 0,
          "shading_mode": 2,
          "tonemap_mode": 2,
          "face_detect_mode": 0,
          "ois_mode": 1,
          "video_stabilization_mode": 1,
          "capture_intent": 2
        },
        "result_sensor_timestamp_ns": 370798224048778,
        "result_frame_number": 61,
        "manual_phase": "disabled",
        "camera_id": "0",
        "schema_version": 2,
        "options": {
          "capture_template": "still",
          "processing": "default",
          "focus_diopters": null,
          "frame_ms": 0,
          "camera_id": "",
          "dump_characteristics": false
        }
      }
    },
    {
      "frame": 5,
      "variant": "template=still;processing=default;focus=auto;frame_ms=0;camera=default",
      "power": {
        "requested": {
          "frame_duration_ns": 33000000,
          "exposure_ns": 10000000,
          "iso": 100,
          "post_raw_boost": 100,
          "ae_mode": 1,
          "af_mode": 4,
          "nr_mode": 2,
          "edge_mode": 2,
          "focus_diopters": 0,
          "hot_pixel_mode": 2,
          "aberration_mode": 0,
          "shading_mode": 2,
          "tonemap_mode": 2,
          "face_detect_mode": 0,
          "ois_mode": 1,
          "video_stabilization_mode": 1,
          "capture_intent": 2
        },
        "result": {
          "frame_duration_ns": 66668961,
          "exposure_ns": 33326275,
          "iso": 89,
          "post_raw_boost": 101,
          "ae_mode": 1,
          "af_mode": 4,
          "nr_mode": 2,
          "edge_mode": 2,
          "focus_diopters": 1.1883197,
          "hot_pixel_mode": 2,
          "aberration_mode": 0,
          "shading_mode": 2,
          "tonemap_mode": 2,
          "face_detect_mode": 0,
          "ois_mode": 1,
          "video_stabilization_mode": 1,
          "capture_intent": 2
        },
        "result_sensor_timestamp_ns": 370799221470632,
        "result_frame_number": 76,
        "manual_phase": "disabled",
        "camera_id": "0",
        "schema_version": 2,
        "options": {
          "capture_template": "still",
          "processing": "default",
          "focus_diopters": null,
          "frame_ms": 0,
          "camera_id": "",
          "dump_characteristics": false
        }
      }
    },
    {
      "frame": 6,
      "variant": "template=still;processing=default;focus=auto;frame_ms=0;camera=default",
      "power": {
        "requested": {
          "frame_duration_ns": 33000000,
          "exposure_ns": 10000000,
          "iso": 100,
          "post_raw_boost": 100,
          "ae_mode": 1,
          "af_mode": 4,
          "nr_mode": 2,
          "edge_mode": 2,
          "focus_diopters": 0,
          "hot_pixel_mode": 2,
          "aberration_mode": 0,
          "shading_mode": 2,
          "tonemap_mode": 2,
          "face_detect_mode": 0,
          "ois_mode": 1,
          "video_stabilization_mode": 1,
          "capture_intent": 2
        },
        "result": {
          "frame_duration_ns": 66668961,
          "exposure_ns": 33326275,
          "iso": 89,
          "post_raw_boost": 101,
          "ae_mode": 1,
          "af_mode": 4,
          "nr_mode": 2,
          "edge_mode": 2,
          "focus_diopters": 1.1883197,
          "hot_pixel_mode": 2,
          "aberration_mode": 0,
          "shading_mode": 2,
          "tonemap_mode": 2,
          "face_detect_mode": 0,
          "ois_mode": 1,
          "video_stabilization_mode": 1,
          "capture_intent": 2
        },
        "result_sensor_timestamp_ns": 370800218940222,
        "result_frame_number": 91,
        "manual_phase": "disabled",
        "camera_id": "0",
        "schema_version": 2,
        "options": {
          "capture_template": "still",
          "processing": "default",
          "focus_diopters": null,
          "frame_ms": 0,
          "camera_id": "",
          "dump_characteristics": false
        }
      }
    },
    {
      "frame": 7,
      "variant": "template=still;processing=default;focus=auto;frame_ms=0;camera=default",
      "power": {
        "requested": {
          "frame_duration_ns": 33000000,
          "exposure_ns": 10000000,
          "iso": 100,
          "post_raw_boost": 100,
          "ae_mode": 1,
          "af_mode": 4,
          "nr_mode": 2,
          "edge_mode": 2,
          "focus_diopters": 0,
          "hot_pixel_mode": 2,
          "aberration_mode": 0,
          "shading_mode": 2,
          "tonemap_mode": 2,
          "face_detect_mode": 0,
          "ois_mode": 1,
          "video_stabilization_mode": 1,
          "capture_intent": 2
        },
        "result": {
          "frame_duration_ns": 66668961,
          "exposure_ns": 35083671,
          "iso": 84,
          "post_raw_boost": 101,
          "ae_mode": 1,
          "af_mode": 4,
          "nr_mode": 2,
          "edge_mode": 2,
          "focus_diopters": 1.1883197,
          "hot_pixel_mode": 2,
          "aberration_mode": 0,
          "shading_mode": 2,
          "tonemap_mode": 2,
          "face_detect_mode": 0,
          "ois_mode": 1,
          "video_stabilization_mode": 1,
          "capture_intent": 2
        },
        "result_sensor_timestamp_ns": 370801214467197,
        "result_frame_number": 106,
        "manual_phase": "disabled",
        "camera_id": "0",
        "schema_version": 2,
        "options": {
          "capture_template": "still",
          "processing": "default",
          "focus_diopters": null,
          "frame_ms": 0,
          "camera_id": "",
          "dump_characteristics": false
        }
      }
    },
    {
      "frame": 8,
      "variant": "template=still;processing=default;focus=auto;frame_ms=0;camera=default",
      "power": {
        "requested": {
          "frame_duration_ns": 33000000,
          "exposure_ns": 10000000,
          "iso": 100,
          "post_raw_boost": 100,
          "ae_mode": 1,
          "af_mode": 4,
          "nr_mode": 2,
          "edge_mode": 2,
          "focus_diopters": 0,
          "hot_pixel_mode": 2,
          "aberration_mode": 0,
          "shading_mode": 2,
          "tonemap_mode": 2,
          "face_detect_mode": 0,
          "ois_mode": 1,
          "video_stabilization_mode": 1,
          "capture_intent": 2
        },
        "result": {
          "frame_duration_ns": 66668961,
          "exposure_ns": 35083671,
          "iso": 84,
          "post_raw_boost": 101,
          "ae_mode": 1,
          "af_mode": 4,
          "nr_mode": 2,
          "edge_mode": 2,
          "focus_diopters": 1.1883197,
          "hot_pixel_mode": 2,
          "aberration_mode": 0,
          "shading_mode": 2,
          "tonemap_mode": 2,
          "face_detect_mode": 0,
          "ois_mode": 1,
          "video_stabilization_mode": 1,
          "capture_intent": 2
        },
        "result_sensor_timestamp_ns": 370802211718399,
        "result_frame_number": 121,
        "manual_phase": "disabled",
        "camera_id": "0",
        "schema_version": 2,
        "options": {
          "capture_template": "still",
          "processing": "default",
          "focus_diopters": null,
          "frame_ms": 0,
          "camera_id": "",
          "dump_characteristics": false
        }
      }
    },
    {
      "frame": 10,
      "variant": "template=still;processing=default;focus=auto;frame_ms=0;camera=default",
      "power": {
        "requested": {
          "frame_duration_ns": 33000000,
          "exposure_ns": 10000000,
          "iso": 100,
          "post_raw_boost": 100,
          "ae_mode": 1,
          "af_mode": 4,
          "nr_mode": 2,
          "edge_mode": 2,
          "focus_diopters": 0,
          "hot_pixel_mode": 2,
          "aberration_mode": 0,
          "shading_mode": 2,
          "tonemap_mode": 2,
          "face_detect_mode": 0,
          "ois_mode": 1,
          "video_stabilization_mode": 1,
          "capture_intent": 2
        },
        "result": {
          "frame_duration_ns": 66668961,
          "exposure_ns": 33326275,
          "iso": 89,
          "post_raw_boost": 101,
          "ae_mode": 1,
          "af_mode": 4,
          "nr_mode": 2,
          "edge_mode": 2,
          "focus_diopters": 1.1883197,
          "hot_pixel_mode": 2,
          "aberration_mode": 0,
          "shading_mode": 2,
          "tonemap_mode": 2,
          "face_detect_mode": 0,
          "ois_mode": 1,
          "video_stabilization_mode": 1,
          "capture_intent": 2
        },
        "result_sensor_timestamp_ns": 370804208400449,
        "result_frame_number": 151,
        "manual_phase": "disabled",
        "camera_id": "0",
        "schema_version": 2,
        "options": {
          "capture_template": "still",
          "processing": "default",
          "focus_diopters": null,
          "frame_ms": 0,
          "camera_id": "",
          "dump_characteristics": false
        }
      }
    },
    {
      "frame": 11,
      "variant": "template=still;processing=default;focus=auto;frame_ms=0;camera=default",
      "power": {
        "requested": {
          "frame_duration_ns": 33000000,
          "exposure_ns": 10000000,
          "iso": 100,
          "post_raw_boost": 100,
          "ae_mode": 1,
          "af_mode": 4,
          "nr_mode": 2,
          "edge_mode": 2,
          "focus_diopters": 0,
          "hot_pixel_mode": 2,
          "aberration_mode": 0,
          "shading_mode": 2,
          "tonemap_mode": 2,
          "face_detect_mode": 0,
          "ois_mode": 1,
          "video_stabilization_mode": 1,
          "capture_intent": 2
        },
        "result": {
          "frame_duration_ns": 66668961,
          "exposure_ns": 33326275,
          "iso": 89,
          "post_raw_boost": 101,
          "ae_mode": 1,
          "af_mode": 4,
          "nr_mode": 2,
          "edge_mode": 2,
          "focus_diopters": 1.1883197,
          "hot_pixel_mode": 2,
          "aberration_mode": 0,
          "shading_mode": 2,
          "tonemap_mode": 2,
          "face_detect_mode": 0,
          "ois_mode": 1,
          "video_stabilization_mode": 1,
          "capture_intent": 2
        },
        "result_sensor_timestamp_ns": 370805272285160,
        "result_frame_number": 167,
        "manual_phase": "disabled",
        "camera_id": "0",
        "schema_version": 2,
        "options": {
          "capture_template": "still",
          "processing": "default",
          "focus_diopters": null,
          "frame_ms": 0,
          "camera_id": "",
          "dump_characteristics": false
        }
      }
    },
    {
      "frame": 12,
      "variant": "template=still;processing=default;focus=auto;frame_ms=0;camera=default",
      "power": {
        "requested": {
          "frame_duration_ns": 33000000,
          "exposure_ns": 10000000,
          "iso": 100,
          "post_raw_boost": 100,
          "ae_mode": 1,
          "af_mode": 4,
          "nr_mode": 1,
          "edge_mode": 1,
          "focus_diopters": 0,
          "hot_pixel_mode": 1,
          "aberration_mode": 0,
          "shading_mode": 1,
          "tonemap_mode": 1,
          "face_detect_mode": 0,
          "ois_mode": 1,
          "video_stabilization_mode": 1,
          "capture_intent": 1
        },
        "result": {
          "frame_duration_ns": 66668961,
          "exposure_ns": 33326275,
          "iso": 89,
          "post_raw_boost": 101,
          "ae_mode": 1,
          "af_mode": 4,
          "nr_mode": 1,
          "edge_mode": 1,
          "focus_diopters": 1.1883197,
          "hot_pixel_mode": 1,
          "aberration_mode": 0,
          "shading_mode": 1,
          "tonemap_mode": 1,
          "face_detect_mode": 0,
          "ois_mode": 1,
          "video_stabilization_mode": 1,
          "capture_intent": 1
        },
        "result_sensor_timestamp_ns": 370806336169911,
        "result_frame_number": 183,
        "manual_phase": "disabled",
        "camera_id": "0",
        "schema_version": 2,
        "options": {
          "capture_template": "still",
          "processing": "default",
          "focus_diopters": null,
          "frame_ms": 0,
          "camera_id": "",
          "dump_characteristics": false
        }
      }
    },
    {
      "frame": 13,
      "variant": "template=still;processing=default;focus=auto;frame_ms=0;camera=default",
      "power": {
        "requested": {
          "frame_duration_ns": 33000000,
          "exposure_ns": 10000000,
          "iso": 100,
          "post_raw_boost": 100,
          "ae_mode": 1,
          "af_mode": 4,
          "nr_mode": 2,
          "edge_mode": 2,
          "focus_diopters": 0,
          "hot_pixel_mode": 2,
          "aberration_mode": 0,
          "shading_mode": 2,
          "tonemap_mode": 2,
          "face_detect_mode": 0,
          "ois_mode": 1,
          "video_stabilization_mode": 1,
          "capture_intent": 2
        },
        "result": {
          "frame_duration_ns": 66668961,
          "exposure_ns": 22754371,
          "iso": 131,
          "post_raw_boost": 100,
          "ae_mode": 1,
          "af_mode": 4,
          "nr_mode": 2,
          "edge_mode": 2,
          "focus_diopters": 1.1883197,
          "hot_pixel_mode": 2,
          "aberration_mode": 0,
          "shading_mode": 2,
          "tonemap_mode": 2,
          "face_detect_mode": 0,
          "ois_mode": 1,
          "video_stabilization_mode": 1,
          "capture_intent": 2
        },
        "result_sensor_timestamp_ns": 370807277640968,
        "result_frame_number": 197,
        "manual_phase": "disabled",
        "camera_id": "0",
        "schema_version": 2,
        "options": {
          "capture_template": "still",
          "processing": "default",
          "focus_diopters": null,
          "frame_ms": 0,
          "camera_id": "",
          "dump_characteristics": false
        }
      }
    },
    {
      "frame": 14,
      "variant": "template=still;processing=default;focus=auto;frame_ms=0;camera=default",
      "power": {
        "requested": {
          "frame_duration_ns": 33000000,
          "exposure_ns": 10000000,
          "iso": 100,
          "post_raw_boost": 100,
          "ae_mode": 1,
          "af_mode": 4,
          "nr_mode": 1,
          "edge_mode": 1,
          "focus_diopters": 0,
          "hot_pixel_mode": 1,
          "aberration_mode": 0,
          "shading_mode": 1,
          "tonemap_mode": 1,
          "face_detect_mode": 0,
          "ois_mode": 1,
          "video_stabilization_mode": 1,
          "capture_intent": 1
        },
        "result": {
          "frame_duration_ns": 66668961,
          "exposure_ns": 33326275,
          "iso": 89,
          "post_raw_boost": 101,
          "ae_mode": 1,
          "af_mode": 4,
          "nr_mode": 1,
          "edge_mode": 1,
          "focus_diopters": 1.1883197,
          "hot_pixel_mode": 1,
          "aberration_mode": 0,
          "shading_mode": 1,
          "tonemap_mode": 1,
          "face_detect_mode": 0,
          "ois_mode": 1,
          "video_stabilization_mode": 1,
          "capture_intent": 1
        },
        "result_sensor_timestamp_ns": 370808397446574,
        "result_frame_number": 214,
        "manual_phase": "disabled",
        "camera_id": "0",
        "schema_version": 2,
        "options": {
          "capture_template": "still",
          "processing": "default",
          "focus_diopters": null,
          "frame_ms": 0,
          "camera_id": "",
          "dump_characteristics": false
        }
      }
    },
    {
      "frame": 15,
      "variant": "template=still;processing=default;focus=auto;frame_ms=0;camera=default",
      "power": {
        "requested": {
          "frame_duration_ns": 33000000,
          "exposure_ns": 10000000,
          "iso": 100,
          "post_raw_boost": 100,
          "ae_mode": 1,
          "af_mode": 4,
          "nr_mode": 2,
          "edge_mode": 2,
          "focus_diopters": 0,
          "hot_pixel_mode": 2,
          "aberration_mode": 0,
          "shading_mode": 2,
          "tonemap_mode": 2,
          "face_detect_mode": 0,
          "ois_mode": 1,
          "video_stabilization_mode": 1,
          "capture_intent": 2
        },
        "result": {
          "frame_duration_ns": 66668961,
          "exposure_ns": 33326275,
          "iso": 86,
          "post_raw_boost": 100,
          "ae_mode": 1,
          "af_mode": 4,
          "nr_mode": 2,
          "edge_mode": 2,
          "focus_diopters": 1.1883197,
          "hot_pixel_mode": 2,
          "aberration_mode": 0,
          "shading_mode": 2,
          "tonemap_mode": 2,
          "face_detect_mode": 0,
          "ois_mode": 1,
          "video_stabilization_mode": 1,
          "capture_intent": 2
        },
        "result_sensor_timestamp_ns": 370809261852928,
        "result_frame_number": 227,
        "manual_phase": "disabled",
        "camera_id": "0",
        "schema_version": 2,
        "options": {
          "capture_template": "still",
          "processing": "default",
          "focus_diopters": null,
          "frame_ms": 0,
          "camera_id": "",
          "dump_characteristics": false
        }
      }
    },
    {
      "frame": 16,
      "variant": "template=still;processing=default;focus=auto;frame_ms=0;camera=default",
      "power": {
        "requested": {
          "frame_duration_ns": 33000000,
          "exposure_ns": 10000000,
          "iso": 100,
          "post_raw_boost": 100,
          "ae_mode": 1,
          "af_mode": 4,
          "nr_mode": 2,
          "edge_mode": 2,
          "focus_diopters": 0,
          "hot_pixel_mode": 2,
          "aberration_mode": 0,
          "shading_mode": 2,
          "tonemap_mode": 2,
          "face_detect_mode": 0,
          "ois_mode": 1,
          "video_stabilization_mode": 1,
          "capture_intent": 2
        },
        "result": {
          "frame_duration_ns": 66668961,
          "exposure_ns": 33326275,
          "iso": 86,
          "post_raw_boost": 100,
          "ae_mode": 1,
          "af_mode": 4,
          "nr_mode": 2,
          "edge_mode": 2,
          "focus_diopters": 1.1883197,
          "hot_pixel_mode": 2,
          "aberration_mode": 0,
          "shading_mode": 2,
          "tonemap_mode": 2,
          "face_detect_mode": 0,
          "ois_mode": 1,
          "video_stabilization_mode": 1,
          "capture_intent": 2
        },
        "result_sensor_timestamp_ns": 370810259244879,
        "result_frame_number": 242,
        "manual_phase": "disabled",
        "camera_id": "0",
        "schema_version": 2,
        "options": {
          "capture_template": "still",
          "processing": "default",
          "focus_diopters": null,
          "frame_ms": 0,
          "camera_id": "",
          "dump_characteristics": false
        }
      }
    },
    {
      "frame": 18,
      "variant": "template=still;processing=default;focus=auto;frame_ms=0;camera=default",
      "power": {
        "requested": {
          "frame_duration_ns": 33000000,
          "exposure_ns": 10000000,
          "iso": 100,
          "post_raw_boost": 100,
          "ae_mode": 1,
          "af_mode": 4,
          "nr_mode": 1,
          "edge_mode": 1,
          "focus_diopters": 0,
          "hot_pixel_mode": 1,
          "aberration_mode": 0,
          "shading_mode": 1,
          "tonemap_mode": 1,
          "face_detect_mode": 0,
          "ois_mode": 1,
          "video_stabilization_mode": 1,
          "capture_intent": 1
        },
        "result": {
          "frame_duration_ns": 66668961,
          "exposure_ns": 33326275,
          "iso": 86,
          "post_raw_boost": 100,
          "ae_mode": 1,
          "af_mode": 4,
          "nr_mode": 1,
          "edge_mode": 1,
          "focus_diopters": 1.1883197,
          "hot_pixel_mode": 1,
          "aberration_mode": 0,
          "shading_mode": 1,
          "tonemap_mode": 1,
          "face_detect_mode": 0,
          "ois_mode": 1,
          "video_stabilization_mode": 1,
          "capture_intent": 1
        },
        "result_sensor_timestamp_ns": 370812320521583,
        "result_frame_number": 273,
        "manual_phase": "disabled",
        "camera_id": "0",
        "schema_version": 2,
        "options": {
          "capture_template": "still",
          "processing": "default",
          "focus_diopters": null,
          "frame_ms": 0,
          "camera_id": "",
          "dump_characteristics": false
        }
      }
    },
    {
      "frame": 19,
      "variant": "template=still;processing=default;focus=auto;frame_ms=0;camera=default",
      "power": {
        "requested": {
          "frame_duration_ns": 33000000,
          "exposure_ns": 10000000,
          "iso": 100,
          "post_raw_boost": 100,
          "ae_mode": 1,
          "af_mode": 4,
          "nr_mode": 1,
          "edge_mode": 1,
          "focus_diopters": 0,
          "hot_pixel_mode": 1,
          "aberration_mode": 0,
          "shading_mode": 1,
          "tonemap_mode": 1,
          "face_detect_mode": 0,
          "ois_mode": 1,
          "video_stabilization_mode": 1,
          "capture_intent": 1
        },
        "result": {
          "frame_duration_ns": 66668961,
          "exposure_ns": 33326275,
          "iso": 86,
          "post_raw_boost": 100,
          "ae_mode": 1,
          "af_mode": 4,
          "nr_mode": 1,
          "edge_mode": 1,
          "focus_diopters": 1.1883197,
          "hot_pixel_mode": 1,
          "aberration_mode": 0,
          "shading_mode": 1,
          "tonemap_mode": 1,
          "face_detect_mode": 0,
          "ois_mode": 1,
          "video_stabilization_mode": 1,
          "capture_intent": 1
        },
        "result_sensor_timestamp_ns": 370813317910722,
        "result_frame_number": 288,
        "manual_phase": "disabled",
        "camera_id": "0",
        "schema_version": 2,
        "options": {
          "capture_template": "still",
          "processing": "default",
          "focus_diopters": null,
          "frame_ms": 0,
          "camera_id": "",
          "dump_characteristics": false
        }
      }
    }
  ],
  "skin_slope_c_min": 0.9642387621709211,
  "android_status": "0.1s NONE(0)",
  "gate": {
    "at": "2026-10-03T07:38:34Z",
    "z9": 38000,
    "z10": 37000,
    "z11": 38000,
    "skin": 29.9097,
    "status": 0,
    "waited_s": 0,
    "warm_start": false
  },
  "heat_stop": null
}

INCOMPLETE: manual_1000: camera frames failed/missing or no paired diagnostics
INCOMPLETE: manual_1000: publication gap exceeds rate/frame-duration tolerance
INCOMPLETE: mode_A_manual_1000: camera frames failed/missing or no paired diagnostics
INCOMPLETE: mode_A_manual_1000: publication gap exceeds rate/frame-duration tolerance
RUN INCOMPLETE: see report.txt
[oneshot] RUNNER FAILED (exit 1); console log: /data/data/com.termux/files/home/camera_power/oneshot_console_20261003T073038Z.log
[oneshot] screen timeout restored to 1800000 ms; read back: 1800000
[oneshot] stopped logger
