[oneshot] screen timeout was 1800000 ms; set to 2147483647 for the run (read back)
[oneshot] CPU-core reading, not a heat state: 2026-10-03T00:39:16Z z9=34000 z10=34000 z11=34000 CPU-core_reading,_not_a_heat_state=1
[oneshot] idling 5 minutes; keep Termux in front
[oneshot] CPU-core reading, not a heat state after idle: 2026-10-03T00:44:17Z z9=29000 z10=29000 z11=29000 CPU-core_reading,_not_a_heat_state=1
/data/data/com.termux/files/usr/lib/python3.13/site-packages/onnxruntime/capi/onnxruntime_validation.py:66: UserWarning: Unsupported platform (android). ONNX Runtime supports Linux, macOS, AIX and Windows platforms, only.
  warnings.warn(
Blocks: 11, 3.7 min. Wall estimate including idle: 8.7–8.7 min + startup/stop checks.
SMOKE: not a measurement
CAMPOWER1 — SMOKE: not a measurement
Camera-only, no detector/model/selector calls. Helper imports load modules only.
Power includes camera startup; STOP/check/force-stop outside block. CPU boundary-query overhead uncorrected.
Image metrics: upright image stretched to 320x320 bilinear grayscale; saved images re-encoded quality 95.
Sharpness may rise with noise; inspect saved images. Latest result may describe preview/previous frame.
Battery 0.5 s; fuel-gauge averaging unverified; gaps >1.5 s give n/a. Zone9/10/11 are fault sensors.

baseline_first completed
{
  "mean_battery_w": 2.3254366127249155,
  "cpu_seconds": {
    "runner": 3.07,
    "llama_server": 0.0,
    "robotcam_app": 4.18,
    "camera_provider": 17.13
  },
  "start_to_first_fresh_s": 2.07684228598373,
  "stop": {
    "stop_to_stopped_s": 3.669577761000255,
    "capture_stopped": true,
    "frames_seen": [],
    "unreadable_reads": 0,
    "check_s": 3.08,
    "force_stop_rc": 0,
    "force_stop_output": "",
    "pids_after_force_stop": []
  },
  "frames_ok": 18,
  "frames_failed": 17,
  "repeat_polls": 124,
  "age_median_s": 0.3142273059929721,
  "age_p95_s": 0.42870702099753544,
  "luma": {
    "median": 4.0587939453125,
    "min": 3.908203125
  },
  "sharpness": {
    "median": 1.0091761542589524,
    "min": 0.7636956041489725
  },
  "paired_diagnostics": 14,
  "applied_observations": [
    {
      "frame": 1,
      "variant": "template=still;processing=default;focus=auto;frame_ms=0;camera=default",
      "power": {
        "requested": {
          "frame_duration_ns": 33000000,
          "exposure_ns": 10000000,
          "iso": 100,
          "ae_mode": 1,
          "af_mode": 4,
          "nr_mode": 1,
          "edge_mode": 1,
          "focus_diopters": 0,
          "hot_pixel_mode": 1,
          "aberration_mode": 0,
          "shading_mode": 1,
          "tonemap_mode": 1,
          "face_detect_mode": 0,
          "ois_mode": 1,
          "video_stabilization_mode": 1,
          "capture_intent": 1
        },
        "result": {
          "frame_duration_ns": 66703377,
          "exposure_ns": 66666316,
          "iso": 744,
          "ae_mode": 1,
          "af_mode": 4,
          "nr_mode": 1,
          "edge_mode": 1,
          "focus_diopters": 9.207224,
          "hot_pixel_mode": 1,
          "aberration_mode": 0,
          "shading_mode": 1,
          "tonemap_mode": 1,
          "face_detect_mode": 0,
          "ois_mode": 1,
          "video_stabilization_mode": 1,
          "capture_intent": 1
        },
        "result_sensor_timestamp_ns": 345938907780364,
        "result_frame_number": 17,
        "manual_phase": "disabled",
        "camera_id": "0",
        "options": {
          "capture_template": "still",
          "processing": "default",
          "focus_diopters": null,
          "frame_ms": 0,
          "camera_id": "",
          "dump_characteristics": false
        }
      }
    },
    {
      "frame": 2,
      "variant": "template=still;processing=default;focus=auto;frame_ms=0;camera=default",
      "power": {
        "requested": {
          "frame_duration_ns": 33000000,
          "exposure_ns": 10000000,
          "iso": 100,
          "ae_mode": 1,
          "af_mode": 4,
          "nr_mode": 2,
          "edge_mode": 2,
          "focus_diopters": 0,
          "hot_pixel_mode": 2,
          "aberration_mode": 0,
          "shading_mode": 2,
          "tonemap_mode": 2,
          "face_detect_mode": 0,
          "ois_mode": 1,
          "video_stabilization_mode": 1,
          "capture_intent": 2
        },
        "result": {
          "frame_duration_ns": 66703377,
          "exposure_ns": 66666316,
          "iso": 744,
          "ae_mode": 1,
          "af_mode": 4,
          "nr_mode": 2,
          "edge_mode": 2,
          "focus_diopters": 9.207224,
          "hot_pixel_mode": 2,
          "aberration_mode": 0,
          "shading_mode": 2,
          "tonemap_mode": 2,
          "face_detect_mode": 0,
          "ois_mode": 1,
          "video_stabilization_mode": 1,
          "capture_intent": 2
        },
        "result_sensor_timestamp_ns": 345939772662624,
        "result_frame_number": 30,
        "manual_phase": "disabled",
        "camera_id": "0",
        "options": {
          "capture_template": "still",
          "processing": "default",
          "focus_diopters": null,
          "frame_ms": 0,
          "camera_id": "",
          "dump_characteristics": false
        }
      }
    },
    {
      "frame": 3,
      "variant": "template=still;processing=default;focus=auto;frame_ms=0;camera=default",
      "power": {
        "requested": {
          "frame_duration_ns": 33000000,
          "exposure_ns": 10000000,
          "iso": 100,
          "ae_mode": 1,
          "af_mode": 4,
          "nr_mode": 2,
          "edge_mode": 2,
          "focus_diopters": 0,
          "hot_pixel_mode": 2,
          "aberration_mode": 0,
          "shading_mode": 2,
          "tonemap_mode": 2,
          "face_detect_mode": 0,
          "ois_mode": 1,
          "video_stabilization_mode": 1,
          "capture_intent": 2
        },
        "result": {
          "frame_duration_ns": 66703377,
          "exposure_ns": 66666316,
          "iso": 744,
          "ae_mode": 1,
          "af_mode": 4,
          "nr_mode": 2,
          "edge_mode": 2,
          "focus_diopters": 9.207224,
          "hot_pixel_mode": 2,
          "aberration_mode": 0,
          "shading_mode": 2,
          "tonemap_mode": 2,
          "face_detect_mode": 0,
          "ois_mode": 1,
          "video_stabilization_mode": 1,
          "capture_intent": 2
        },
        "result_sensor_timestamp_ns": 345940770603671,
        "result_frame_number": 45,
        "manual_phase": "disabled",
        "camera_id": "0",
        "options": {
          "capture_template": "still",
          "processing": "default",
          "focus_diopters": null,
          "frame_ms": 0,
          "camera_id": "",
          "dump_characteristics": false
        }
      }
    },
    {
      "frame": 4,
      "variant": "template=still;processing=default;focus=auto;frame_ms=0;camera=default",
      "power": {
        "requested": {
          "frame_duration_ns": 33000000,
          "exposure_ns": 10000000,
          "iso": 100,
          "ae_mode": 1,
          "af_mode": 4,
          "nr_mode": 2,
          "edge_mode": 2,
          "focus_diopters": 0,
          "hot_pixel_mode": 2,
          "aberration_mode": 0,
          "shading_mode": 2,
          "tonemap_mode": 2,
          "face_detect_mode": 0,
          "ois_mode": 1,
          "video_stabilization_mode": 1,
          "capture_intent": 2
        },
        "result": {
          "frame_duration_ns": 66703377,
          "exposure_ns": 66666316,
          "iso": 744,
          "ae_mode": 1,
          "af_mode": 4,
          "nr_mode": 2,
          "edge_mode": 2,
          "focus_diopters": 9.207224,
          "hot_pixel_mode": 2,
          "aberration_mode": 0,
          "shading_mode": 2,
          "tonemap_mode": 2,
          "face_detect_mode": 0,
          "ois_mode": 1,
          "video_stabilization_mode": 1,
          "capture_intent": 2
        },
        "result_sensor_timestamp_ns": 345941768129764,
        "result_frame_number": 60,
        "manual_phase": "disabled",
        "camera_id": "0",
        "options": {
          "capture_template": "still",
          "processing": "default",
          "focus_diopters": null,
          "frame_ms": 0,
          "camera_id": "",
          "dump_characteristics": false
        }
      }
    },
    {
      "frame": 5,
      "variant": "template=still;processing=default;focus=auto;frame_ms=0;camera=default",
      "power": {
        "requested": {
          "frame_duration_ns": 33000000,
          "exposure_ns": 10000000,
          "iso": 100,
          "ae_mode": 1,
          "af_mode": 4,
          "nr_mode": 2,
          "edge_mode": 2,
          "focus_diopters": 0,
          "hot_pixel_mode": 2,
          "aberration_mode": 0,
          "shading_mode": 2,
          "tonemap_mode": 2,
          "face_detect_mode": 0,
          "ois_mode": 1,
          "video_stabilization_mode": 1,
          "capture_intent": 2
        },
        "result": {
          "frame_duration_ns": 66703377,
          "exposure_ns": 66666316,
          "iso": 744,
          "ae_mode": 1,
          "af_mode": 4,
          "nr_mode": 2,
          "edge_mode": 2,
          "focus_diopters": 9.207224,
          "hot_pixel_mode": 2,
          "aberration_mode": 0,
          "shading_mode": 2,
          "tonemap_mode": 2,
          "face_detect_mode": 0,
          "ois_mode": 1,
          "video_stabilization_mode": 1,
          "capture_intent": 2
        },
        "result_sensor_timestamp_ns": 345942766449433,
        "result_frame_number": 75,
        "manual_phase": "disabled",
        "camera_id": "0",
        "options": {
          "capture_template": "still",
          "processing": "default",
          "focus_diopters": null,
          "frame_ms": 0,
          "camera_id": "",
          "dump_characteristics": false
        }
      }
    },
    {
      "frame": 6,
      "variant": "template=still;processing=default;focus=auto;frame_ms=0;camera=default",
      "power": {
        "requested": {
          "frame_duration_ns": 33000000,
          "exposure_ns": 10000000,
          "iso": 100,
          "ae_mode": 1,
          "af_mode": 4,
          "nr_mode": 2,
          "edge_mode": 2,
          "focus_diopters": 0,
          "hot_pixel_mode": 2,
          "aberration_mode": 0,
          "shading_mode": 2,
          "tonemap_mode": 2,
          "face_detect_mode": 0,
          "ois_mode": 1,
          "video_stabilization_mode": 1,
          "capture_intent": 2
        },
        "result": {
          "frame_duration_ns": 66703377,
          "exposure_ns": 66666316,
          "iso": 744,
          "ae_mode": 1,
          "af_mode": 4,
          "nr_mode": 2,
          "edge_mode": 2,
          "focus_diopters": 9.207224,
          "hot_pixel_mode": 2,
          "aberration_mode": 0,
          "shading_mode": 2,
          "tonemap_mode": 2,
          "face_detect_mode": 0,
          "ois_mode": 1,
          "video_stabilization_mode": 1,
          "capture_intent": 2
        },
        "result_sensor_timestamp_ns": 345943764426892,
        "result_frame_number": 90,
        "manual_phase": "disabled",
        "camera_id": "0",
        "options": {
          "capture_template": "still",
          "processing": "default",
          "focus_diopters": null,
          "frame_ms": 0,
          "camera_id": "",
          "dump_characteristics": false
        }
      }
    },
    {
      "frame": 7,
      "variant": "template=still;processing=default;focus=auto;frame_ms=0;camera=default",
      "power": {
        "requested": {
          "frame_duration_ns": 33000000,
          "exposure_ns": 10000000,
          "iso": 100,
          "ae_mode": 1,
          "af_mode": 4,
          "nr_mode": 2,
          "edge_mode": 2,
          "focus_diopters": 0,
          "hot_pixel_mode": 2,
          "aberration_mode": 0,
          "shading_mode": 2,
          "tonemap_mode": 2,
          "face_detect_mode": 0,
          "ois_mode": 1,
          "video_stabilization_mode": 1,
          "capture_intent": 2
        },
        "result": {
          "frame_duration_ns": 66703377,
          "exposure_ns": 66666316,
          "iso": 744,
          "ae_mode": 1,
          "af_mode": 4,
          "nr_mode": 2,
          "edge_mode": 2,
          "focus_diopters": 9.207224,
          "hot_pixel_mode": 2,
          "aberration_mode": 0,
          "shading_mode": 2,
          "tonemap_mode": 2,
          "face_detect_mode": 0,
          "ois_mode": 1,
          "video_stabilization_mode": 1,
          "capture_intent": 2
        },
        "result_sensor_timestamp_ns": 345944762367938,
        "result_frame_number": 105,
        "manual_phase": "disabled",
        "camera_id": "0",
        "options": {
          "capture_template": "still",
          "processing": "default",
          "focus_diopters": null,
          "frame_ms": 0,
          "camera_id": "",
          "dump_characteristics": false
        }
      }
    },
    {
      "frame": 8,
      "variant": "template=still;processing=default;focus=auto;frame_ms=0;camera=default",
      "power": {
        "requested": {
          "frame_duration_ns": 33000000,
          "exposure_ns": 10000000,
          "iso": 100,
          "ae_mode": 1,
          "af_mode": 4,
          "nr_mode": 1,
          "edge_mode": 1,
          "focus_diopters": 0,
          "hot_pixel_mode": 1,
          "aberration_mode": 0,
          "shading_mode": 1,
          "tonemap_mode": 1,
          "face_detect_mode": 0,
          "ois_mode": 1,
          "video_stabilization_mode": 1,
          "capture_intent": 1
        },
        "result": {
          "frame_duration_ns": 66703377,
          "exposure_ns": 66666316,
          "iso": 744,
          "ae_mode": 1,
          "af_mode": 4,
          "nr_mode": 1,
          "edge_mode": 1,
          "focus_diopters": 9.207224,
          "hot_pixel_mode": 1,
          "aberration_mode": 0,
          "shading_mode": 1,
          "tonemap_mode": 1,
          "face_detect_mode": 0,
          "ois_mode": 1,
          "video_stabilization_mode": 1,
          "capture_intent": 1
        },
        "result_sensor_timestamp_ns": 345945826838439,
        "result_frame_number": 121,
        "manual_phase": "disabled",
        "camera_id": "0",
        "options": {
          "capture_template": "still",
          "processing": "default",
          "focus_diopters": null,
          "frame_ms": 0,
          "camera_id": "",
          "dump_characteristics": false
        }
      }
    },
    {
      "frame": 9,
      "variant": "template=still;processing=default;focus=auto;frame_ms=0;camera=default",
      "power": {
        "requested": {
          "frame_duration_ns": 33000000,
          "exposure_ns": 10000000,
          "iso": 100,
          "ae_mode": 1,
          "af_mode": 4,
          "nr_mode": 2,
          "edge_mode": 2,
          "focus_diopters": 0,
          "hot_pixel_mode": 2,
          "aberration_mode": 0,
          "shading_mode": 2,
          "tonemap_mode": 2,
          "face_detect_mode": 0,
          "ois_mode": 1,
          "video_stabilization_mode": 1,
          "capture_intent": 2
        },
        "result": {
          "frame_duration_ns": 66703377,
          "exposure_ns": 66666316,
          "iso": 744,
          "ae_mode": 1,
          "af_mode": 4,
          "nr_mode": 2,
          "edge_mode": 2,
          "focus_diopters": 9.207224,
          "hot_pixel_mode": 2,
          "aberration_mode": 0,
          "shading_mode": 2,
          "tonemap_mode": 2,
          "face_detect_mode": 0,
          "ois_mode": 1,
          "video_stabilization_mode": 1,
          "capture_intent": 2
        },
        "result_sensor_timestamp_ns": 345946758197708,
        "result_frame_number": 135,
        "manual_phase": "disabled",
        "camera_id": "0",
        "options": {
          "capture_template": "still",
          "processing": "default",
          "focus_diopters": null,
          "frame_ms": 0,
          "camera_id": "",
          "dump_characteristics": false
        }
      }
    },
    {
      "frame": 11,
      "variant": "template=still;processing=default;focus=auto;frame_ms=0;camera=default",
      "power": {
        "requested": {
          "frame_duration_ns": 33000000,
          "exposure_ns": 10000000,
          "iso": 100,
          "ae_mode": 1,
          "af_mode": 4,
          "nr_mode": 2,
          "edge_mode": 2,
          "focus_diopters": 0,
          "hot_pixel_mode": 2,
          "aberration_mode": 0,
          "shading_mode": 2,
          "tonemap_mode": 2,
          "face_detect_mode": 0,
          "ois_mode": 1,
          "video_stabilization_mode": 1,
          "capture_intent": 2
        },
        "result": {
          "frame_duration_ns": 66703377,
          "exposure_ns": 66666316,
          "iso": 744,
          "ae_mode": 1,
          "af_mode": 4,
          "nr_mode": 2,
          "edge_mode": 2,
          "focus_diopters": 9.207224,
          "hot_pixel_mode": 2,
          "aberration_mode": 0,
          "shading_mode": 2,
          "tonemap_mode": 2,
          "face_detect_mode": 0,
          "ois_mode": 1,
          "video_stabilization_mode": 1,
          "capture_intent": 2
        },
        "result_sensor_timestamp_ns": 345948820505375,
        "result_frame_number": 166,
        "manual_phase": "disabled",
        "camera_id": "0",
        "options": {
          "capture_template": "still",
          "processing": "default",
          "focus_diopters": null,
          "frame_ms": 0,
          "camera_id": "",
          "dump_characteristics": false
        }
      }
    },
    {
      "frame": 12,
      "variant": "template=still;processing=default;focus=auto;frame_ms=0;camera=default",
      "power": {
        "requested": {
          "frame_duration_ns": 33000000,
          "exposure_ns": 10000000,
          "iso": 100,
          "ae_mode": 1,
          "af_mode": 4,
          "nr_mode": 1,
          "edge_mode": 1,
          "focus_diopters": 0,
          "hot_pixel_mode": 1,
          "aberration_mode": 0,
          "shading_mode": 1,
          "tonemap_mode": 1,
          "face_detect_mode": 0,
          "ois_mode": 1,
          "video_stabilization_mode": 1,
          "capture_intent": 1
        },
        "result": {
          "frame_duration_ns": 66703377,
          "exposure_ns": 66666316,
          "iso": 744,
          "ae_mode": 1,
          "af_mode": 4,
          "nr_mode": 1,
          "edge_mode": 1,
          "focus_diopters": 9.207224,
          "hot_pixel_mode": 1,
          "aberration_mode": 0,
          "shading_mode": 1,
          "tonemap_mode": 1,
          "face_detect_mode": 0,
          "ois_mode": 1,
          "video_stabilization_mode": 1,
          "capture_intent": 1
        },
        "result_sensor_timestamp_ns": 345949886648442,
        "result_frame_number": 182,
        "manual_phase": "disabled",
        "camera_id": "0",
        "options": {
          "capture_template": "still",
          "processing": "default",
          "focus_diopters": null,
          "frame_ms": 0,
          "camera_id": "",
          "dump_characteristics": false
        }
      }
    },
    {
      "frame": 13,
      "variant": "template=still;processing=default;focus=auto;frame_ms=0;camera=default",
      "power": {
        "requested": {
          "frame_duration_ns": 33000000,
          "exposure_ns": 10000000,
          "iso": 100,
          "ae_mode": 1,
          "af_mode": 4,
          "nr_mode": 2,
          "edge_mode": 2,
          "focus_diopters": 0,
          "hot_pixel_mode": 2,
          "aberration_mode": 0,
          "shading_mode": 2,
          "tonemap_mode": 2,
          "face_detect_mode": 0,
          "ois_mode": 1,
          "video_stabilization_mode": 1,
          "capture_intent": 2
        },
        "result": {
          "frame_duration_ns": 66703377,
          "exposure_ns": 66666316,
          "iso": 744,
          "ae_mode": 1,
          "af_mode": 4,
          "nr_mode": 2,
          "edge_mode": 2,
          "focus_diopters": 9.207224,
          "hot_pixel_mode": 2,
          "aberration_mode": 0,
          "shading_mode": 2,
          "tonemap_mode": 2,
          "face_detect_mode": 0,
          "ois_mode": 1,
          "video_stabilization_mode": 1,
          "capture_intent": 2
        },
        "result_sensor_timestamp_ns": 345950816547308,
        "result_frame_number": 196,
        "manual_phase": "disabled",
        "camera_id": "0",
        "options": {
          "capture_template": "still",
          "processing": "default",
          "focus_diopters": null,
          "frame_ms": 0,
          "camera_id": "",
          "dump_characteristics": false
        }
      }
    },
    {
      "frame": 14,
      "variant": "template=still;processing=default;focus=auto;frame_ms=0;camera=default",
      "power": {
        "requested": {
          "frame_duration_ns": 33000000,
          "exposure_ns": 10000000,
          "iso": 100,
          "ae_mode": 1,
          "af_mode": 4,
          "nr_mode": 2,
          "edge_mode": 2,
          "focus_diopters": 0,
          "hot_pixel_mode": 2,
          "aberration_mode": 0,
          "shading_mode": 2,
          "tonemap_mode": 2,
          "face_detect_mode": 0,
          "ois_mode": 1,
          "video_stabilization_mode": 1,
          "capture_intent": 2
        },
        "result": {
          "frame_duration_ns": 66703377,
          "exposure_ns": 66666316,
          "iso": 744,
          "ae_mode": 1,
          "af_mode": 4,
          "nr_mode": 2,
          "edge_mode": 2,
          "focus_diopters": 9.207224,
          "hot_pixel_mode": 2,
          "aberration_mode": 0,
          "shading_mode": 2,
          "tonemap_mode": 2,
          "face_detect_mode": 0,
          "ois_mode": 1,
          "video_stabilization_mode": 1,
          "capture_intent": 2
        },
        "result_sensor_timestamp_ns": 345951814484841,
        "result_frame_number": 211,
        "manual_phase": "disabled",
        "camera_id": "0",
        "options": {
          "capture_template": "still",
          "processing": "default",
          "focus_diopters": null,
          "frame_ms": 0,
          "camera_id": "",
          "dump_characteristics": false
        }
      }
    },
    {
      "frame": 17,
      "variant": "template=still;processing=default;focus=auto;frame_ms=0;camera=default",
      "power": {
        "requested": {
          "frame_duration_ns": 33000000,
          "exposure_ns": 10000000,
          "iso": 100,
          "ae_mode": 1,
          "af_mode": 4,
          "nr_mode": 2,
          "edge_mode": 2,
          "focus_diopters": 0,
          "hot_pixel_mode": 2,
          "aberration_mode": 0,
          "shading_mode": 2,
          "tonemap_mode": 2,
          "face_detect_mode": 0,
          "ois_mode": 1,
          "video_stabilization_mode": 1,
          "capture_intent": 2
        },
        "result": {
          "frame_duration_ns": 66703377,
          "exposure_ns": 66666316,
          "iso": 744,
          "ae_mode": 1,
          "af_mode": 4,
          "nr_mode": 2,
          "edge_mode": 2,
          "focus_diopters": 9.207224,
          "hot_pixel_mode": 2,
          "aberration_mode": 0,
          "shading_mode": 2,
          "tonemap_mode": 2,
          "face_detect_mode": 0,
          "ois_mode": 1,
          "video_stabilization_mode": 1,
          "capture_intent": 2
        },
        "result_sensor_timestamp_ns": 345954808308021,
        "result_frame_number": 256,
        "manual_phase": "disabled",
        "camera_id": "0",
        "options": {
          "capture_template": "still",
          "processing": "default",
          "focus_diopters": null,
          "frame_ms": 0,
          "camera_id": "",
          "dump_characteristics": false
        }
      }
    }
  ],
  "skin_slope_c_min": 1.5623176202053568,
  "android_status": "0.1s NONE(0)",
  "gate": {
    "at": "2026-10-03T00:44:22Z",
    "z9": 31000,
    "z10": 34000,
    "z11": 35000,
    "skin": 27.09966,
    "status": 0,
    "waited_s": 0,
    "warm_start": false
  },
  "heat_stop": null
}

preview completed
{
  "mean_battery_w": 2.2884725145135083,
  "cpu_seconds": {
    "runner": 3.15,
    "llama_server": 0.0,
    "robotcam_app": 4.23,
    "camera_provider": 17.18
  },
  "start_to_first_fresh_s": 2.1287492279952858,
  "stop": {
    "stop_to_stopped_s": 3.6921107190137263,
    "capture_stopped": true,
    "frames_seen": [],
    "unreadable_reads": 0,
    "check_s": 3.09,
    "force_stop_rc": 0,
    "force_stop_output": "",
    "pids_after_force_stop": []
  },
  "frames_ok": 18,
  "frames_failed": 17,
  "repeat_polls": 124,
  "age_median_s": 0.3237696965225041,
  "age_p95_s": 0.4335147709934972,
  "luma": {
    "median": 4.4326904296875,
    "min": 4.224541015625
  },
  "sharpness": {
    "median": 1.393664606504195,
    "min": 1.128672345908606
  },
  "paired_diagnostics": 12,
  "applied_observations": [
    {
      "frame": 1,
      "variant": "template=preview;processing=default;focus=auto;frame_ms=0;camera=default",
      "power": {
        "requested": {
          "frame_duration_ns": 33000000,
          "exposure_ns": 10000000,
          "iso": 100,
          "ae_mode": 1,
          "af_mode": 4,
          "nr_mode": 1,
          "edge_mode": 1,
          "focus_diopters": 0,
          "hot_pixel_mode": 1,
          "aberration_mode": 0,
          "shading_mode": 1,
          "tonemap_mode": 1,
          "face_detect_mode": 0,
          "ois_mode": 1,
          "video_stabilization_mode": 1,
          "capture_intent": 1
        },
        "result": {
          "frame_duration_ns": 66703377,
          "exposure_ns": 66666316,
          "iso": 744,
          "ae_mode": 1,
          "af_mode": 4,
          "nr_mode": 1,
          "edge_mode": 1,
          "focus_diopters": 9.522227,
          "hot_pixel_mode": 1,
          "aberration_mode": 0,
          "shading_mode": 1,
          "tonemap_mode": 1,
          "face_detect_mode": 0,
          "ois_mode": 1,
          "video_stabilization_mode": 1,
          "capture_intent": 1
        },
        "result_sensor_timestamp_ns": 345962914605591,
        "result_frame_number": 17,
        "manual_phase": "disabled",
        "camera_id": "0",
        "options": {
          "capture_template": "preview",
          "processing": "default",
          "focus_diopters": null,
          "frame_ms": 0,
          "camera_id": "",
          "dump_characteristics": false
        }
      }
    },
    {
      "frame": 2,
      "variant": "template=preview;processing=default;focus=auto;frame_ms=0;camera=default",
      "power": {
        "requested": {
          "frame_duration_ns": 33000000,
          "exposure_ns": 10000000,
          "iso": 100,
          "ae_mode": 1,
          "af_mode": 4,
          "nr_mode": 1,
          "edge_mode": 1,
          "focus_diopters": 0,
          "hot_pixel_mode": 1,
          "aberration_mode": 0,
          "shading_mode": 1,
          "tonemap_mode": 1,
          "face_detect_mode": 0,
          "ois_mode": 1,
          "video_stabilization_mode": 1,
          "capture_intent": 1
        },
        "result": {
          "frame_duration_ns": 66703377,
          "exposure_ns": 66666316,
          "iso": 744,
          "ae_mode": 1,
          "af_mode": 4,
          "nr_mode": 1,
          "edge_mode": 1,
          "focus_diopters": 9.522227,
          "hot_pixel_mode": 1,
          "aberration_mode": 0,
          "shading_mode": 1,
          "tonemap_mode": 1,
          "face_detect_mode": 0,
          "ois_mode": 1,
          "video_stabilization_mode": 1,
          "capture_intent": 1
        },
        "result_sensor_timestamp_ns": 345963779487850,
        "result_frame_number": 30,
        "manual_phase": "disabled",
        "camera_id": "0",
        "options": {
          "capture_template": "preview",
          "processing": "default",
          "focus_diopters": null,
          "frame_ms": 0,
          "camera_id": "",
          "dump_characteristics": false
        }
      }
    },
    {
      "frame": 3,
      "variant": "template=preview;processing=default;focus=auto;frame_ms=0;camera=default",
      "power": {
        "requested": {
          "frame_duration_ns": 33000000,
          "exposure_ns": 10000000,
          "iso": 100,
          "ae_mode": 1,
          "af_mode": 4,
          "nr_mode": 1,
          "edge_mode": 1,
          "focus_diopters": 0,
          "hot_pixel_mode": 1,
          "aberration_mode": 0,
          "shading_mode": 1,
          "tonemap_mode": 1,
          "face_detect_mode": 0,
          "ois_mode": 1,
          "video_stabilization_mode": 1,
          "capture_intent": 1
        },
        "result": {
          "frame_duration_ns": 66703377,
          "exposure_ns": 66666316,
          "iso": 744,
          "ae_mode": 1,
          "af_mode": 4,
          "nr_mode": 1,
          "edge_mode": 1,
          "focus_diopters": 9.522227,
          "hot_pixel_mode": 1,
          "aberration_mode": 0,
          "shading_mode": 1,
          "tonemap_mode": 1,
          "face_detect_mode": 0,
          "ois_mode": 1,
          "video_stabilization_mode": 1,
          "capture_intent": 1
        },
        "result_sensor_timestamp_ns": 345964778511421,
        "result_frame_number": 45,
        "manual_phase": "disabled",
        "camera_id": "0",
        "options": {
          "capture_template": "preview",
          "processing": "default",
          "focus_diopters": null,
          "frame_ms": 0,
          "camera_id": "",
          "dump_characteristics": false
        }
      }
    },
    {
      "frame": 4,
      "variant": "template=preview;processing=default;focus=auto;frame_ms=0;camera=default",
      "power": {
        "requested": {
          "frame_duration_ns": 33000000,
          "exposure_ns": 10000000,
          "iso": 100,
          "ae_mode": 1,
          "af_mode": 4,
          "nr_mode": 1,
          "edge_mode": 1,
          "focus_diopters": 0,
          "hot_pixel_mode": 1,
          "aberration_mode": 0,
          "shading_mode": 1,
          "tonemap_mode": 1,
          "face_detect_mode": 0,
          "ois_mode": 1,
          "video_stabilization_mode": 1,
          "capture_intent": 1
        },
        "result": {
          "frame_duration_ns": 66703377,
          "exposure_ns": 66666316,
          "iso": 744,
          "ae_mode": 1,
          "af_mode": 4,
          "nr_mode": 1,
          "edge_mode": 1,
          "focus_diopters": 9.522227,
          "hot_pixel_mode": 1,
          "aberration_mode": 0,
          "shading_mode": 1,
          "tonemap_mode": 1,
          "face_detect_mode": 0,
          "ois_mode": 1,
          "video_stabilization_mode": 1,
          "capture_intent": 1
        },
        "result_sensor_timestamp_ns": 345965775369984,
        "result_frame_number": 60,
        "manual_phase": "disabled",
        "camera_id": "0",
        "options": {
          "capture_template": "preview",
          "processing": "default",
          "focus_diopters": null,
          "frame_ms": 0,
          "camera_id": "",
          "dump_characteristics": false
        }
      }
    },
    {
      "frame": 5,
      "variant": "template=preview;processing=default;focus=auto;frame_ms=0;camera=default",
      "power": {
        "requested": {
          "frame_duration_ns": 33000000,
          "exposure_ns": 10000000,
          "iso": 100,
          "ae_mode": 1,
          "af_mode": 4,
          "nr_mode": 1,
          "edge_mode": 1,
          "focus_diopters": 0,
          "hot_pixel_mode": 1,
          "aberration_mode": 0,
          "shading_mode": 1,
          "tonemap_mode": 1,
          "face_detect_mode": 0,
          "ois_mode": 1,
          "video_stabilization_mode": 1,
          "capture_intent": 1
        },
        "result": {
          "frame_duration_ns": 66703377,
          "exposure_ns": 66666316,
          "iso": 744,
          "ae_mode": 1,
          "af_mode": 4,
          "nr_mode": 1,
          "edge_mode": 1,
          "focus_diopters": 9.522227,
          "hot_pixel_mode": 1,
          "aberration_mode": 0,
          "shading_mode": 1,
          "tonemap_mode": 1,
          "face_detect_mode": 0,
          "ois_mode": 1,
          "video_stabilization_mode": 1,
          "capture_intent": 1
        },
        "result_sensor_timestamp_ns": 345966773405080,
        "result_frame_number": 75,
        "manual_phase": "disabled",
        "camera_id": "0",
        "options": {
          "capture_template": "preview",
          "processing": "default",
          "focus_diopters": null,
          "frame_ms": 0,
          "camera_id": "",
          "dump_characteristics": false
        }
      }
    },
    {
      "frame": 6,
      "variant": "template=preview;processing=default;focus=auto;frame_ms=0;camera=default",
      "power": {
        "requested": {
          "frame_duration_ns": 33000000,
          "exposure_ns": 10000000,
          "iso": 100,
          "ae_mode": 1,
          "af_mode": 4,
          "nr_mode": 1,
          "edge_mode": 1,
          "focus_diopters": 0,
          "hot_pixel_mode": 1,
          "aberration_mode": 0,
          "shading_mode": 1,
          "tonemap_mode": 1,
          "face_detect_mode": 0,
          "ois_mode": 1,
          "video_stabilization_mode": 1,
          "capture_intent": 1
        },
        "result": {
          "frame_duration_ns": 66703377,
          "exposure_ns": 66666316,
          "iso": 744,
          "ae_mode": 1,
          "af_mode": 4,
          "nr_mode": 1,
          "edge_mode": 1,
          "focus_diopters": 9.522227,
          "hot_pixel_mode": 1,
          "aberration_mode": 0,
          "shading_mode": 1,
          "tonemap_mode": 1,
          "face_detect_mode": 0,
          "ois_mode": 1,
          "video_stabilization_mode": 1,
          "capture_intent": 1
        },
        "result_sensor_timestamp_ns": 345967837781531,
        "result_frame_number": 91,
        "manual_phase": "disabled",
        "camera_id": "0",
        "options": {
          "capture_template": "preview",
          "processing": "default",
          "focus_diopters": null,
          "frame_ms": 0,
          "camera_id": "",
          "dump_characteristics": false
        }
      }
    },
    {
      "frame": 11,
      "variant": "template=preview;processing=default;focus=auto;frame_ms=0;camera=default",
      "power": {
        "requested": {
          "frame_duration_ns": 33000000,
          "exposure_ns": 10000000,
          "iso": 100,
          "ae_mode": 1,
          "af_mode": 4,
          "nr_mode": 1,
          "edge_mode": 1,
          "focus_diopters": 0,
          "hot_pixel_mode": 1,
          "aberration_mode": 0,
          "shading_mode": 1,
          "tonemap_mode": 1,
          "face_detect_mode": 0,
          "ois_mode": 1,
          "video_stabilization_mode": 1,
          "capture_intent": 1
        },
        "result": {
          "frame_duration_ns": 66703377,
          "exposure_ns": 66666316,
          "iso": 744,
          "ae_mode": 1,
          "af_mode": 4,
          "nr_mode": 1,
          "edge_mode": 1,
          "focus_diopters": 9.522227,
          "hot_pixel_mode": 1,
          "aberration_mode": 0,
          "shading_mode": 1,
          "tonemap_mode": 1,
          "face_detect_mode": 0,
          "ois_mode": 1,
          "video_stabilization_mode": 1,
          "capture_intent": 1
        },
        "result_sensor_timestamp_ns": 345972894021763,
        "result_frame_number": 167,
        "manual_phase": "disabled",
        "camera_id": "0",
        "options": {
          "capture_template": "preview",
          "processing": "default",
          "focus_diopters": null,
          "frame_ms": 0,
          "camera_id": "",
          "dump_characteristics": false
        }
      }
    },
    {
      "frame": 13,
      "variant": "template=preview;processing=default;focus=auto;frame_ms=0;camera=default",
      "power": {
        "requested": {
          "frame_duration_ns": 33000000,
          "exposure_ns": 10000000,
          "iso": 100,
          "ae_mode": 1,
          "af_mode": 4,
          "nr_mode": 1,
          "edge_mode": 1,
          "focus_diopters": 0,
          "hot_pixel_mode": 1,
          "aberration_mode": 0,
          "shading_mode": 1,
          "tonemap_mode": 1,
          "face_detect_mode": 0,
          "ois_mode": 1,
          "video_stabilization_mode": 1,
          "capture_intent": 1
        },
        "result": {
          "frame_duration_ns": 66703377,
          "exposure_ns": 66666316,
          "iso": 744,
          "ae_mode": 1,
          "af_mode": 4,
          "nr_mode": 1,
          "edge_mode": 1,
          "focus_diopters": 9.522227,
          "hot_pixel_mode": 1,
          "aberration_mode": 0,
          "shading_mode": 1,
          "tonemap_mode": 1,
          "face_detect_mode": 0,
          "ois_mode": 1,
          "video_stabilization_mode": 1,
          "capture_intent": 1
        },
        "result_sensor_timestamp_ns": 345974889312582,
        "result_frame_number": 197,
        "manual_phase": "disabled",
        "camera_id": "0",
        "options": {
          "capture_template": "preview",
          "processing": "default",
          "focus_diopters": null,
          "frame_ms": 0,
          "camera_id": "",
          "dump_characteristics": false
        }
      }
    },
    {
      "frame": 14,
      "variant": "template=preview;processing=default;focus=auto;frame_ms=0;camera=default",
      "power": {
        "requested": {
          "frame_duration_ns": 33000000,
          "exposure_ns": 10000000,
          "iso": 100,
          "ae_mode": 1,
          "af_mode": 4,
          "nr_mode": 1,
          "edge_mode": 1,
          "focus_diopters": 0,
          "hot_pixel_mode": 1,
          "aberration_mode": 0,
          "shading_mode": 1,
          "tonemap_mode": 1,
          "face_detect_mode": 0,
          "ois_mode": 1,
          "video_stabilization_mode": 1,
          "capture_intent": 1
        },
        "result": {
          "frame_duration_ns": 66703377,
          "exposure_ns": 66666316,
          "iso": 744,
          "ae_mode": 1,
          "af_mode": 4,
          "nr_mode": 1,
          "edge_mode": 1,
          "focus_diopters": 9.522227,
          "hot_pixel_mode": 1,
          "aberration_mode": 0,
          "shading_mode": 1,
          "tonemap_mode": 1,
          "face_detect_mode": 0,
          "ois_mode": 1,
          "video_stabilization_mode": 1,
          "capture_intent": 1
        },
        "result_sensor_timestamp_ns": 345975888095670,
        "result_frame_number": 212,
        "manual_phase": "disabled",
        "camera_id": "0",
        "options": {
          "capture_template": "preview",
          "processing": "default",
          "focus_diopters": null,
          "frame_ms": 0,
          "camera_id": "",
          "dump_characteristics": false
        }
      }
    },
    {
      "frame": 15,
      "variant": "template=preview;processing=default;focus=auto;frame_ms=0;camera=default",
      "power": {
        "requested": {
          "frame_duration_ns": 33000000,
          "exposure_ns": 10000000,
          "iso": 100,
          "ae_mode": 1,
          "af_mode": 4,
          "nr_mode": 1,
          "edge_mode": 1,
          "focus_diopters": 0,
          "hot_pixel_mode": 1,
          "aberration_mode": 0,
          "shading_mode": 1,
          "tonemap_mode": 1,
          "face_detect_mode": 0,
          "ois_mode": 1,
          "video_stabilization_mode": 1,
          "capture_intent": 1
        },
        "result": {
          "frame_duration_ns": 66703377,
          "exposure_ns": 66666316,
          "iso": 744,
          "ae_mode": 1,
          "af_mode": 4,
          "nr_mode": 1,
          "edge_mode": 1,
          "focus_diopters": 9.522227,
          "hot_pixel_mode": 1,
          "aberration_mode": 0,
          "shading_mode": 1,
          "tonemap_mode": 1,
          "face_detect_mode": 0,
          "ois_mode": 1,
          "video_stabilization_mode": 1,
          "capture_intent": 1
        },
        "result_sensor_timestamp_ns": 345976885780528,
        "result_frame_number": 227,
        "manual_phase": "disabled",
        "camera_id": "0",
        "options": {
          "capture_template": "preview",
          "processing": "default",
          "focus_diopters": null,
          "frame_ms": 0,
          "camera_id": "",
          "dump_characteristics": false
        }
      }
    },
    {
      "frame": 17,
      "variant": "template=preview;processing=default;focus=auto;frame_ms=0;camera=default",
      "power": {
        "requested": {
          "frame_duration_ns": 33000000,
          "exposure_ns": 10000000,
          "iso": 100,
          "ae_mode": 1,
          "af_mode": 4,
          "nr_mode": 1,
          "edge_mode": 1,
          "focus_diopters": 0,
          "hot_pixel_mode": 1,
          "aberration_mode": 0,
          "shading_mode": 1,
          "tonemap_mode": 1,
          "face_detect_mode": 0,
          "ois_mode": 1,
          "video_stabilization_mode": 1,
          "capture_intent": 1
        },
        "result": {
          "frame_duration_ns": 66703377,
          "exposure_ns": 66666316,
          "iso": 744,
          "ae_mode": 1,
          "af_mode": 4,
          "nr_mode": 1,
          "edge_mode": 1,
          "focus_diopters": 9.522227,
          "hot_pixel_mode": 1,
          "aberration_mode": 0,
          "shading_mode": 1,
          "tonemap_mode": 1,
          "face_detect_mode": 0,
          "ois_mode": 1,
          "video_stabilization_mode": 1,
          "capture_intent": 1
        },
        "result_sensor_timestamp_ns": 345978881662661,
        "result_frame_number": 257,
        "manual_phase": "disabled",
        "camera_id": "0",
        "options": {
          "capture_template": "preview",
          "processing": "default",
          "focus_diopters": null,
          "frame_ms": 0,
          "camera_id": "",
          "dump_characteristics": false
        }
      }
    },
    {
      "frame": 18,
      "variant": "template=preview;processing=default;focus=auto;frame_ms=0;camera=default",
      "power": {
        "requested": {
          "frame_duration_ns": 33000000,
          "exposure_ns": 10000000,
          "iso": 100,
          "ae_mode": 1,
          "af_mode": 4,
          "nr_mode": 1,
          "edge_mode": 1,
          "focus_diopters": 0,
          "hot_pixel_mode": 1,
          "aberration_mode": 0,
          "shading_mode": 1,
          "tonemap_mode": 1,
          "face_detect_mode": 0,
          "ois_mode": 1,
          "video_stabilization_mode": 1,
          "capture_intent": 1
        },
        "result": {
          "frame_duration_ns": 66703377,
          "exposure_ns": 66666316,
          "iso": 744,
          "ae_mode": 1,
          "af_mode": 4,
          "nr_mode": 1,
          "edge_mode": 1,
          "focus_diopters": 9.522227,
          "hot_pixel_mode": 1,
          "aberration_mode": 0,
          "shading_mode": 1,
          "tonemap_mode": 1,
          "face_detect_mode": 0,
          "ois_mode": 1,
          "video_stabilization_mode": 1,
          "capture_intent": 1
        },
        "result_sensor_timestamp_ns": 345979813074334,
        "result_frame_number": 271,
        "manual_phase": "disabled",
        "camera_id": "0",
        "options": {
          "capture_template": "preview",
          "processing": "default",
          "focus_diopters": null,
          "frame_ms": 0,
          "camera_id": "",
          "dump_characteristics": false
        }
      }
    }
  ],
  "skin_slope_c_min": 1.9074482174480143,
  "android_status": "0.1s NONE(0)",
  "gate": {
    "at": "2026-10-03T00:44:42Z",
    "z9": 38000,
    "z10": 37000,
    "z11": 40000,
    "skin": 27.699501,
    "status": 0,
    "waited_s": 0,
    "warm_start": false
  },
  "heat_stop": null
}

record completed
{
  "mean_battery_w": 2.5614914598500333,
  "cpu_seconds": {
    "runner": 3.23,
    "llama_server": 0.0,
    "robotcam_app": 4.34,
    "camera_provider": 17.61
  },
  "start_to_first_fresh_s": 2.038298097002553,
  "stop": {
    "stop_to_stopped_s": 3.7351693130040076,
    "capture_stopped": true,
    "frames_seen": [],
    "unreadable_reads": 0,
    "check_s": 3.07,
    "force_stop_rc": 0,
    "force_stop_output": "",
    "pids_after_force_stop": []
  },
  "frames_ok": 19,
  "frames_failed": 17,
  "repeat_polls": 123,
  "age_median_s": 0.31222324003465474,
  "age_p95_s": 0.45646904699970037,
  "luma": {
    "median": 4.407431640625,
    "min": 4.13439453125
  },
  "sharpness": {
    "median": 1.4064811087280709,
    "min": 1.0766382302929314
  },
  "paired_diagnostics": 17,
  "applied_observations": [
    {
      "frame": 1,
      "variant": "template=record;processing=default;focus=auto;frame_ms=0;camera=default",
      "power": {
        "requested": {
          "frame_duration_ns": 33000000,
          "exposure_ns": 10000000,
          "iso": 100,
          "ae_mode": 1,
          "af_mode": 4,
          "nr_mode": 1,
          "edge_mode": 1,
          "focus_diopters": 0,
          "hot_pixel_mode": 1,
          "aberration_mode": 0,
          "shading_mode": 1,
          "tonemap_mode": 1,
          "face_detect_mode": 0,
          "ois_mode": 1,
          "video_stabilization_mode": 1,
          "capture_intent": 1
        },
        "result": {
          "frame_duration_ns": 66703377,
          "exposure_ns": 66666316,
          "iso": 744,
          "ae_mode": 1,
          "af_mode": 4,
          "nr_mode": 1,
          "edge_mode": 1,
          "focus_diopters": 9.490791,
          "hot_pixel_mode": 1,
          "aberration_mode": 0,
          "shading_mode": 1,
          "tonemap_mode": 1,
          "face_detect_mode": 0,
          "ois_mode": 1,
          "video_stabilization_mode": 1,
          "capture_intent": 1
        },
        "result_sensor_timestamp_ns": 345986849889399,
        "result_frame_number": 17,
        "manual_phase": "disabled",
        "camera_id": "0",
        "options": {
          "capture_template": "record",
          "processing": "default",
          "focus_diopters": null,
          "frame_ms": 0,
          "camera_id": "",
          "dump_characteristics": false
        }
      }
    },
    {
      "frame": 2,
      "variant": "template=record;processing=default;focus=auto;frame_ms=0;camera=default",
      "power": {
        "requested": {
          "frame_duration_ns": 33000000,
          "exposure_ns": 10000000,
          "iso": 100,
          "ae_mode": 1,
          "af_mode": 3,
          "nr_mode": 1,
          "edge_mode": 1,
          "focus_diopters": 0,
          "hot_pixel_mode": 1,
          "aberration_mode": 0,
          "shading_mode": 1,
          "tonemap_mode": 1,
          "face_detect_mode": 0,
          "ois_mode": 1,
          "video_stabilization_mode": 0,
          "capture_intent": 3
        },
        "result": {
          "frame_duration_ns": 66703377,
          "exposure_ns": 66666316,
          "iso": 744,
          "ae_mode": 1,
          "af_mode": 3,
          "nr_mode": 1,
          "edge_mode": 1,
          "focus_diopters": 9.490791,
          "hot_pixel_mode": 1,
          "aberration_mode": 0,
          "shading_mode": 1,
          "tonemap_mode": 1,
          "face_detect_mode": 0,
          "ois_mode": 1,
          "video_stabilization_mode": 0,
          "capture_intent": 3
        },
        "result_sensor_timestamp_ns": 345987714606303,
        "result_frame_number": 30,
        "manual_phase": "disabled",
        "camera_id": "0",
        "options": {
          "capture_template": "record",
          "processing": "default",
          "focus_diopters": null,
          "frame_ms": 0,
          "camera_id": "",
          "dump_characteristics": false
        }
      }
    },
    {
      "frame": 3,
      "variant": "template=record;processing=default;focus=auto;frame_ms=0;camera=default",
      "power": {
        "requested": {
          "frame_duration_ns": 33000000,
          "exposure_ns": 10000000,
          "iso": 100,
          "ae_mode": 1,
          "af_mode": 4,
          "nr_mode": 1,
          "edge_mode": 1,
          "focus_diopters": 0,
          "hot_pixel_mode": 1,
          "aberration_mode": 0,
          "shading_mode": 1,
          "tonemap_mode": 1,
          "face_detect_mode": 0,
          "ois_mode": 1,
          "video_stabilization_mode": 1,
          "capture_intent": 1
        },
        "result": {
          "frame_duration_ns": 66703377,
          "exposure_ns": 66666316,
          "iso": 744,
          "ae_mode": 1,
          "af_mode": 4,
          "nr_mode": 1,
          "edge_mode": 1,
          "focus_diopters": 9.490791,
          "hot_pixel_mode": 1,
          "aberration_mode": 0,
          "shading_mode": 1,
          "tonemap_mode": 1,
          "face_detect_mode": 0,
          "ois_mode": 1,
          "video_stabilization_mode": 1,
          "capture_intent": 1
        },
        "result_sensor_timestamp_ns": 345988779242119,
        "result_frame_number": 46,
        "manual_phase": "disabled",
        "camera_id": "0",
        "options": {
          "capture_template": "record",
          "processing": "default",
          "focus_diopters": null,
          "frame_ms": 0,
          "camera_id": "",
          "dump_characteristics": false
        }
      }
    },
    {
      "frame": 4,
      "variant": "template=record;processing=default;focus=auto;frame_ms=0;camera=default",
      "power": {
        "requested": {
          "frame_duration_ns": 33000000,
          "exposure_ns": 10000000,
          "iso": 100,
          "ae_mode": 1,
          "af_mode": 3,
          "nr_mode": 1,
          "edge_mode": 1,
          "focus_diopters": 0,
          "hot_pixel_mode": 1,
          "aberration_mode": 0,
          "shading_mode": 1,
          "tonemap_mode": 1,
          "face_detect_mode": 0,
          "ois_mode": 1,
          "video_stabilization_mode": 0,
          "capture_intent": 3
        },
        "result": {
          "frame_duration_ns": 66703377,
          "exposure_ns": 66666316,
          "iso": 744,
          "ae_mode": 1,
          "af_mode": 3,
          "nr_mode": 1,
          "edge_mode": 1,
          "focus_diopters": 9.490791,
          "hot_pixel_mode": 1,
          "aberration_mode": 0,
          "shading_mode": 1,
          "tonemap_mode": 1,
          "face_detect_mode": 0,
          "ois_mode": 1,
          "video_stabilization_mode": 0,
          "capture_intent": 3
        },
        "result_sensor_timestamp_ns": 345989710916138,
        "result_frame_number": 60,
        "manual_phase": "disabled",
        "camera_id": "0",
        "options": {
          "capture_template": "record",
          "processing": "default",
          "focus_diopters": null,
          "frame_ms": 0,
          "camera_id": "",
          "dump_characteristics": false
        }
      }
    },
    {
      "frame": 5,
      "variant": "template=record;processing=default;focus=auto;frame_ms=0;camera=default",
      "power": {
        "requested": {
          "frame_duration_ns": 33000000,
          "exposure_ns": 10000000,
          "iso": 100,
          "ae_mode": 1,
          "af_mode": 3,
          "nr_mode": 1,
          "edge_mode": 1,
          "focus_diopters": 0,
          "hot_pixel_mode": 1,
          "aberration_mode": 0,
          "shading_mode": 1,
          "tonemap_mode": 1,
          "face_detect_mode": 0,
          "ois_mode": 1,
          "video_stabilization_mode": 0,
          "capture_intent": 3
        },
        "result": {
          "frame_duration_ns": 66703377,
          "exposure_ns": 66666316,
          "iso": 744,
          "ae_mode": 1,
          "af_mode": 3,
          "nr_mode": 1,
          "edge_mode": 1,
          "focus_diopters": 9.490791,
          "hot_pixel_mode": 1,
          "aberration_mode": 0,
          "shading_mode": 1,
          "tonemap_mode": 1,
          "face_detect_mode": 0,
          "ois_mode": 1,
          "video_stabilization_mode": 0,
          "capture_intent": 3
        },
        "result_sensor_timestamp_ns": 345990708594879,
        "result_frame_number": 75,
        "manual_phase": "disabled",
        "camera_id": "0",
        "options": {
          "capture_template": "record",
          "processing": "default",
          "focus_diopters": null,
          "frame_ms": 0,
          "camera_id": "",
          "dump_characteristics": false
        }
      }
    },
    {
      "frame": 6,
      "variant": "template=record;processing=default;focus=auto;frame_ms=0;camera=default",
      "power": {
        "requested": {
          "frame_duration_ns": 33000000,
          "exposure_ns": 10000000,
          "iso": 100,
          "ae_mode": 1,
          "af_mode": 4,
          "nr_mode": 1,
          "edge_mode": 1,
          "focus_diopters": 0,
          "hot_pixel_mode": 1,
          "aberration_mode": 0,
          "shading_mode": 1,
          "tonemap_mode": 1,
          "face_detect_mode": 0,
          "ois_mode": 1,
          "video_stabilization_mode": 1,
          "capture_intent": 1
        },
        "result": {
          "frame_duration_ns": 66703377,
          "exposure_ns": 66666316,
          "iso": 744,
          "ae_mode": 1,
          "af_mode": 4,
          "nr_mode": 1,
          "edge_mode": 1,
          "focus_diopters": 9.490791,
          "hot_pixel_mode": 1,
          "aberration_mode": 0,
          "shading_mode": 1,
          "tonemap_mode": 1,
          "face_detect_mode": 0,
          "ois_mode": 1,
          "video_stabilization_mode": 1,
          "capture_intent": 1
        },
        "result_sensor_timestamp_ns": 345991772770341,
        "result_frame_number": 91,
        "manual_phase": "disabled",
        "camera_id": "0",
        "options": {
          "capture_template": "record",
          "processing": "default",
          "focus_diopters": null,
          "frame_ms": 0,
          "camera_id": "",
          "dump_characteristics": false
        }
      }
    },
    {
      "frame": 7,
      "variant": "template=record;processing=default;focus=auto;frame_ms=0;camera=default",
      "power": {
        "requested": {
          "frame_duration_ns": 33000000,
          "exposure_ns": 10000000,
          "iso": 100,
          "ae_mode": 1,
          "af_mode": 4,
          "nr_mode": 1,
          "edge_mode": 1,
          "focus_diopters": 0,
          "hot_pixel_mode": 1,
          "aberration_mode": 0,
          "shading_mode": 1,
          "tonemap_mode": 1,
          "face_detect_mode": 0,
          "ois_mode": 1,
          "video_stabilization_mode": 1,
          "capture_intent": 1
        },
        "result": {
          "frame_duration_ns": 66703377,
          "exposure_ns": 66666316,
          "iso": 744,
          "ae_mode": 1,
          "af_mode": 4,
          "nr_mode": 1,
          "edge_mode": 1,
          "focus_diopters": 9.490791,
          "hot_pixel_mode": 1,
          "aberration_mode": 0,
          "shading_mode": 1,
          "tonemap_mode": 1,
          "face_detect_mode": 0,
          "ois_mode": 1,
          "video_stabilization_mode": 1,
          "capture_intent": 1
        },
        "result_sensor_timestamp_ns": 345992770988773,
        "result_frame_number": 106,
        "manual_phase": "disabled",
        "camera_id": "0",
        "options": {
          "capture_template": "record",
          "processing": "default",
          "focus_diopters": null,
          "frame_ms": 0,
          "camera_id": "",
          "dump_characteristics": false
        }
      }
    },
    {
      "frame": 8,
      "variant": "template=record;processing=default;focus=auto;frame_ms=0;camera=default",
      "power": {
        "requested": {
          "frame_duration_ns": 33000000,
          "exposure_ns": 10000000,
          "iso": 100,
          "ae_mode": 1,
          "af_mode": 3,
          "nr_mode": 1,
          "edge_mode": 1,
          "focus_diopters": 0,
          "hot_pixel_mode": 1,
          "aberration_mode": 0,
          "shading_mode": 1,
          "tonemap_mode": 1,
          "face_detect_mode": 0,
          "ois_mode": 1,
          "video_stabilization_mode": 0,
          "capture_intent": 3
        },
        "result": {
          "frame_duration_ns": 66703377,
          "exposure_ns": 66666316,
          "iso": 744,
          "ae_mode": 1,
          "af_mode": 3,
          "nr_mode": 1,
          "edge_mode": 1,
          "focus_diopters": 9.490791,
          "hot_pixel_mode": 1,
          "aberration_mode": 0,
          "shading_mode": 1,
          "tonemap_mode": 1,
          "face_detect_mode": 0,
          "ois_mode": 1,
          "video_stabilization_mode": 0,
          "capture_intent": 3
        },
        "result_sensor_timestamp_ns": 345993702442845,
        "result_frame_number": 120,
        "manual_phase": "disabled",
        "camera_id": "0",
        "options": {
          "capture_template": "record",
          "processing": "default",
          "focus_diopters": null,
          "frame_ms": 0,
          "camera_id": "",
          "dump_characteristics": false
        }
      }
    },
    {
      "frame": 9,
      "variant": "template=record;processing=default;focus=auto;frame_ms=0;camera=default",
      "power": {
        "requested": {
          "frame_duration_ns": 33000000,
          "exposure_ns": 10000000,
          "iso": 100,
          "ae_mode": 1,
          "af_mode": 4,
          "nr_mode": 1,
          "edge_mode": 1,
          "focus_diopters": 0,
          "hot_pixel_mode": 1,
          "aberration_mode": 0,
          "shading_mode": 1,
          "tonemap_mode": 1,
          "face_detect_mode": 0,
          "ois_mode": 1,
          "video_stabilization_mode": 1,
          "capture_intent": 1
        },
        "result": {
          "frame_duration_ns": 66703377,
          "exposure_ns": 66666316,
          "iso": 744,
          "ae_mode": 1,
          "af_mode": 4,
          "nr_mode": 1,
          "edge_mode": 1,
          "focus_diopters": 9.490791,
          "hot_pixel_mode": 1,
          "aberration_mode": 0,
          "shading_mode": 1,
          "tonemap_mode": 1,
          "face_detect_mode": 0,
          "ois_mode": 1,
          "video_stabilization_mode": 1,
          "capture_intent": 1
        },
        "result_sensor_timestamp_ns": 345994766888520,
        "result_frame_number": 136,
        "manual_phase": "disabled",
        "camera_id": "0",
        "options": {
          "capture_template": "record",
          "processing": "default",
          "focus_diopters": null,
          "frame_ms": 0,
          "camera_id": "",
          "dump_characteristics": false
        }
      }
    },
    {
      "frame": 10,
      "variant": "template=record;processing=default;focus=auto;frame_ms=0;camera=default",
      "power": {
        "requested": {
          "frame_duration_ns": 33000000,
          "exposure_ns": 10000000,
          "iso": 100,
          "ae_mode": 1,
          "af_mode": 4,
          "nr_mode": 1,
          "edge_mode": 1,
          "focus_diopters": 0,
          "hot_pixel_mode": 1,
          "aberration_mode": 0,
          "shading_mode": 1,
          "tonemap_mode": 1,
          "face_detect_mode": 0,
          "ois_mode": 1,
          "video_stabilization_mode": 1,
          "capture_intent": 1
        },
        "result": {
          "frame_duration_ns": 66703377,
          "exposure_ns": 66666316,
          "iso": 744,
          "ae_mode": 1,
          "af_mode": 4,
          "nr_mode": 1,
          "edge_mode": 1,
          "focus_diopters": 9.490791,
          "hot_pixel_mode": 1,
          "aberration_mode": 0,
          "shading_mode": 1,
          "tonemap_mode": 1,
          "face_detect_mode": 0,
          "ois_mode": 1,
          "video_stabilization_mode": 1,
          "capture_intent": 1
        },
        "result_sensor_timestamp_ns": 345995831776760,
        "result_frame_number": 152,
        "manual_phase": "disabled",
        "camera_id": "0",
        "options": {
          "capture_template": "record",
          "processing": "default",
          "focus_diopters": null,
          "frame_ms": 0,
          "camera_id": "",
          "dump_characteristics": false
        }
      }
    },
    {
      "frame": 11,
      "variant": "template=record;processing=default;focus=auto;frame_ms=0;camera=default",
      "power": {
        "requested": {
          "frame_duration_ns": 33000000,
          "exposure_ns": 10000000,
          "iso": 100,
          "ae_mode": 1,
          "af_mode": 3,
          "nr_mode": 1,
          "edge_mode": 1,
          "focus_diopters": 0,
          "hot_pixel_mode": 1,
          "aberration_mode": 0,
          "shading_mode": 1,
          "tonemap_mode": 1,
          "face_detect_mode": 0,
          "ois_mode": 1,
          "video_stabilization_mode": 0,
          "capture_intent": 3
        },
        "result": {
          "frame_duration_ns": 66703377,
          "exposure_ns": 66666316,
          "iso": 744,
          "ae_mode": 1,
          "af_mode": 3,
          "nr_mode": 1,
          "edge_mode": 1,
          "focus_diopters": 9.490791,
          "hot_pixel_mode": 1,
          "aberration_mode": 0,
          "shading_mode": 1,
          "tonemap_mode": 1,
          "face_detect_mode": 0,
          "ois_mode": 1,
          "video_stabilization_mode": 0,
          "capture_intent": 3
        },
        "result_sensor_timestamp_ns": 345996762770654,
        "result_frame_number": 166,
        "manual_phase": "disabled",
        "camera_id": "0",
        "options": {
          "capture_template": "record",
          "processing": "default",
          "focus_diopters": null,
          "frame_ms": 0,
          "camera_id": "",
          "dump_characteristics": false
        }
      }
    },
    {
      "frame": 12,
      "variant": "template=record;processing=default;focus=auto;frame_ms=0;camera=default",
      "power": {
        "requested": {
          "frame_duration_ns": 33000000,
          "exposure_ns": 10000000,
          "iso": 100,
          "ae_mode": 1,
          "af_mode": 3,
          "nr_mode": 1,
          "edge_mode": 1,
          "focus_diopters": 0,
          "hot_pixel_mode": 1,
          "aberration_mode": 0,
          "shading_mode": 1,
          "tonemap_mode": 1,
          "face_detect_mode": 0,
          "ois_mode": 1,
          "video_stabilization_mode": 0,
          "capture_intent": 3
        },
        "result": {
          "frame_duration_ns": 66703377,
          "exposure_ns": 66666316,
          "iso": 744,
          "ae_mode": 1,
          "af_mode": 3,
          "nr_mode": 1,
          "edge_mode": 1,
          "focus_diopters": 9.490791,
          "hot_pixel_mode": 1,
          "aberration_mode": 0,
          "shading_mode": 1,
          "tonemap_mode": 1,
          "face_detect_mode": 0,
          "ois_mode": 1,
          "video_stabilization_mode": 0,
          "capture_intent": 3
        },
        "result_sensor_timestamp_ns": 345997761339768,
        "result_frame_number": 181,
        "manual_phase": "disabled",
        "camera_id": "0",
        "options": {
          "capture_template": "record",
          "processing": "default",
          "focus_diopters": null,
          "frame_ms": 0,
          "camera_id": "",
          "dump_characteristics": false
        }
      }
    },
    {
      "frame": 13,
      "variant": "template=record;processing=default;focus=auto;frame_ms=0;camera=default",
      "power": {
        "requested": {
          "frame_duration_ns": 33000000,
          "exposure_ns": 10000000,
          "iso": 100,
          "ae_mode": 1,
          "af_mode": 4,
          "nr_mode": 1,
          "edge_mode": 1,
          "focus_diopters": 0,
          "hot_pixel_mode": 1,
          "aberration_mode": 0,
          "shading_mode": 1,
          "tonemap_mode": 1,
          "face_detect_mode": 0,
          "ois_mode": 1,
          "video_stabilization_mode": 1,
          "capture_intent": 1
        },
        "result": {
          "frame_duration_ns": 66703377,
          "exposure_ns": 66666316,
          "iso": 744,
          "ae_mode": 1,
          "af_mode": 4,
          "nr_mode": 1,
          "edge_mode": 1,
          "focus_diopters": 9.490791,
          "hot_pixel_mode": 1,
          "aberration_mode": 0,
          "shading_mode": 1,
          "tonemap_mode": 1,
          "face_detect_mode": 0,
          "ois_mode": 1,
          "video_stabilization_mode": 1,
          "capture_intent": 1
        },
        "result_sensor_timestamp_ns": 345998825182202,
        "result_frame_number": 197,
        "manual_phase": "disabled",
        "camera_id": "0",
        "options": {
          "capture_template": "record",
          "processing": "default",
          "focus_diopters": null,
          "frame_ms": 0,
          "camera_id": "",
          "dump_characteristics": false
        }
      }
    },
    {
      "frame": 15,
      "variant": "template=record;processing=default;focus=auto;frame_ms=0;camera=default",
      "power": {
        "requested": {
          "frame_duration_ns": 33000000,
          "exposure_ns": 10000000,
          "iso": 100,
          "ae_mode": 1,
          "af_mode": 4,
          "nr_mode": 1,
          "edge_mode": 1,
          "focus_diopters": 0,
          "hot_pixel_mode": 1,
          "aberration_mode": 0,
          "shading_mode": 1,
          "tonemap_mode": 1,
          "face_detect_mode": 0,
          "ois_mode": 1,
          "video_stabilization_mode": 1,
          "capture_intent": 1
        },
        "result": {
          "frame_duration_ns": 66703377,
          "exposure_ns": 66666316,
          "iso": 744,
          "ae_mode": 1,
          "af_mode": 4,
          "nr_mode": 1,
          "edge_mode": 1,
          "focus_diopters": 9.490791,
          "hot_pixel_mode": 1,
          "aberration_mode": 0,
          "shading_mode": 1,
          "tonemap_mode": 1,
          "face_detect_mode": 0,
          "ois_mode": 1,
          "video_stabilization_mode": 1,
          "capture_intent": 1
        },
        "result_sensor_timestamp_ns": 346000688005549,
        "result_frame_number": 225,
        "manual_phase": "disabled",
        "camera_id": "0",
        "options": {
          "capture_template": "record",
          "processing": "default",
          "focus_diopters": null,
          "frame_ms": 0,
          "camera_id": "",
          "dump_characteristics": false
        }
      }
    },
    {
      "frame": 16,
      "variant": "template=record;processing=default;focus=auto;frame_ms=0;camera=default",
      "power": {
        "requested": {
          "frame_duration_ns": 33000000,
          "exposure_ns": 10000000,
          "iso": 100,
          "ae_mode": 1,
          "af_mode": 3,
          "nr_mode": 1,
          "edge_mode": 1,
          "focus_diopters": 0,
          "hot_pixel_mode": 1,
          "aberration_mode": 0,
          "shading_mode": 1,
          "tonemap_mode": 1,
          "face_detect_mode": 0,
          "ois_mode": 1,
          "video_stabilization_mode": 0,
          "capture_intent": 3
        },
        "result": {
          "frame_duration_ns": 66703377,
          "exposure_ns": 66666316,
          "iso": 744,
          "ae_mode": 1,
          "af_mode": 3,
          "nr_mode": 1,
          "edge_mode": 1,
          "focus_diopters": 9.490791,
          "hot_pixel_mode": 1,
          "aberration_mode": 0,
          "shading_mode": 1,
          "tonemap_mode": 1,
          "face_detect_mode": 0,
          "ois_mode": 1,
          "video_stabilization_mode": 0,
          "capture_intent": 3
        },
        "result_sensor_timestamp_ns": 346001752476009,
        "result_frame_number": 241,
        "manual_phase": "disabled",
        "camera_id": "0",
        "options": {
          "capture_template": "record",
          "processing": "default",
          "focus_diopters": null,
          "frame_ms": 0,
          "camera_id": "",
          "dump_characteristics": false
        }
      }
    },
    {
      "frame": 18,
      "variant": "template=record;processing=default;focus=auto;frame_ms=0;camera=default",
      "power": {
        "requested": {
          "frame_duration_ns": 33000000,
          "exposure_ns": 10000000,
          "iso": 100,
          "ae_mode": 1,
          "af_mode": 3,
          "nr_mode": 1,
          "edge_mode": 1,
          "focus_diopters": 0,
          "hot_pixel_mode": 1,
          "aberration_mode": 0,
          "shading_mode": 1,
          "tonemap_mode": 1,
          "face_detect_mode": 0,
          "ois_mode": 1,
          "video_stabilization_mode": 0,
          "capture_intent": 3
        },
        "result": {
          "frame_duration_ns": 66703377,
          "exposure_ns": 66666316,
          "iso": 744,
          "ae_mode": 1,
          "af_mode": 3,
          "nr_mode": 1,
          "edge_mode": 1,
          "focus_diopters": 9.490791,
          "hot_pixel_mode": 1,
          "aberration_mode": 0,
          "shading_mode": 1,
          "tonemap_mode": 1,
          "face_detect_mode": 0,
          "ois_mode": 1,
          "video_stabilization_mode": 0,
          "capture_intent": 3
        },
        "result_sensor_timestamp_ns": 346003748358143,
        "result_frame_number": 271,
        "manual_phase": "disabled",
        "camera_id": "0",
        "options": {
          "capture_template": "record",
          "processing": "default",
          "focus_diopters": null,
          "frame_ms": 0,
          "camera_id": "",
          "dump_characteristics": false
        }
      }
    },
    {
      "frame": 19,
      "variant": "template=record;processing=default;focus=auto;frame_ms=0;camera=default",
      "power": {
        "requested": {
          "frame_duration_ns": 33000000,
          "exposure_ns": 10000000,
          "iso": 100,
          "ae_mode": 1,
          "af_mode": 3,
          "nr_mode": 1,
          "edge_mode": 1,
          "focus_diopters": 0,
          "hot_pixel_mode": 1,
          "aberration_mode": 0,
          "shading_mode": 1,
          "tonemap_mode": 1,
          "face_detect_mode": 0,
          "ois_mode": 1,
          "video_stabilization_mode": 0,
          "capture_intent": 3
        },
        "result": {
          "frame_duration_ns": 66703377,
          "exposure_ns": 66666316,
          "iso": 744,
          "ae_mode": 1,
          "af_mode": 3,
          "nr_mode": 1,
          "edge_mode": 1,
          "focus_diopters": 9.490791,
          "hot_pixel_mode": 1,
          "aberration_mode": 0,
          "shading_mode": 1,
          "tonemap_mode": 1,
          "face_detect_mode": 0,
          "ois_mode": 1,
          "video_stabilization_mode": 0,
          "capture_intent": 3
        },
        "result_sensor_timestamp_ns": 346004746290863,
        "result_frame_number": 286,
        "manual_phase": "disabled",
        "camera_id": "0",
        "options": {
          "capture_template": "record",
          "processing": "default",
          "focus_diopters": null,
          "frame_ms": 0,
          "camera_id": "",
          "dump_characteristics": false
        }
      }
    }
  ],
  "skin_slope_c_min": 1.4058264215054987,
  "android_status": "0.1s NONE(0)",
  "gate": {
    "at": "2026-10-03T00:45:08Z",
    "z9": 36000,
    "z10": 37000,
    "z11": 37000,
    "skin": 28.3451,
    "status": 0,
    "waited_s": 0,
    "warm_start": false
  },
  "heat_stop": null
}

fast completed
{
  "mean_battery_w": 2.4024844712090556,
  "cpu_seconds": {
    "runner": 3.11,
    "llama_server": 0.0,
    "robotcam_app": 4.32,
    "camera_provider": 16.65
  },
  "start_to_first_fresh_s": 2.068310547998408,
  "stop": {
    "stop_to_stopped_s": 3.6808154720056336,
    "capture_stopped": true,
    "frames_seen": [],
    "unreadable_reads": 0,
    "check_s": 3.07,
    "force_stop_rc": 0,
    "force_stop_output": "",
    "pids_after_force_stop": []
  },
  "frames_ok": 19,
  "frames_failed": 17,
  "repeat_polls": 124,
  "age_median_s": 0.3179571820073761,
  "age_p95_s": 0.43972740101162344,
  "luma": {
    "median": 4.376650390625,
    "min": 4.0498828125
  },
  "sharpness": {
    "median": 1.185079704125628,
    "min": 0.7975254460226222
  },
  "paired_diagnostics": 15,
  "applied_observations": [
    {
      "frame": 1,
      "variant": "template=still;processing=fast;focus=auto;frame_ms=0;camera=default",
      "power": {
        "requested": {
          "frame_duration_ns": 33000000,
          "exposure_ns": 10000000,
          "iso": 100,
          "ae_mode": 1,
          "af_mode": 4,
          "nr_mode": 1,
          "edge_mode": 1,
          "focus_diopters": 0,
          "hot_pixel_mode": 1,
          "aberration_mode": 0,
          "shading_mode": 1,
          "tonemap_mode": 1,
          "face_detect_mode": 0,
          "ois_mode": 0,
          "video_stabilization_mode": 0,
          "capture_intent": 1
        },
        "result": {
          "frame_duration_ns": 66703377,
          "exposure_ns": 66666316,
          "iso": 744,
          "ae_mode": 1,
          "af_mode": 4,
          "nr_mode": 1,
          "edge_mode": 1,
          "focus_diopters": 9.835792,
          "hot_pixel_mode": 1,
          "aberration_mode": 0,
          "shading_mode": 1,
          "tonemap_mode": 1,
          "face_detect_mode": 0,
          "ois_mode": 0,
          "video_stabilization_mode": 0,
          "capture_intent": 1
        },
        "result_sensor_timestamp_ns": 346010990098323,
        "result_frame_number": 17,
        "manual_phase": "disabled",
        "camera_id": "0",
        "options": {
          "capture_template": "still",
          "processing": "fast",
          "focus_diopters": null,
          "frame_ms": 0,
          "camera_id": "",
          "dump_characteristics": false
        }
      }
    },
    {
      "frame": 2,
      "variant": "template=still;processing=fast;focus=auto;frame_ms=0;camera=default",
      "power": {
        "requested": {
          "frame_duration_ns": 33000000,
          "exposure_ns": 10000000,
          "iso": 100,
          "ae_mode": 1,
          "af_mode": 4,
          "nr_mode": 1,
          "edge_mode": 1,
          "focus_diopters": 0,
          "hot_pixel_mode": 1,
          "aberration_mode": 0,
          "shading_mode": 1,
          "tonemap_mode": 1,
          "face_detect_mode": 0,
          "ois_mode": 0,
          "video_stabilization_mode": 0,
          "capture_intent": 1
        },
        "result": {
          "frame_duration_ns": 66703377,
          "exposure_ns": 66666316,
          "iso": 744,
          "ae_mode": 1,
          "af_mode": 4,
          "nr_mode": 1,
          "edge_mode": 1,
          "focus_diopters": 9.835792,
          "hot_pixel_mode": 1,
          "aberration_mode": 0,
          "shading_mode": 1,
          "tonemap_mode": 1,
          "face_detect_mode": 0,
          "ois_mode": 0,
          "video_stabilization_mode": 0,
          "capture_intent": 1
        },
        "result_sensor_timestamp_ns": 346011921780672,
        "result_frame_number": 31,
        "manual_phase": "disabled",
        "camera_id": "0",
        "options": {
          "capture_template": "still",
          "processing": "fast",
          "focus_diopters": null,
          "frame_ms": 0,
          "camera_id": "",
          "dump_characteristics": false
        }
      }
    },
    {
      "frame": 3,
      "variant": "template=still;processing=fast;focus=auto;frame_ms=0;camera=default",
      "power": {
        "requested": {
          "frame_duration_ns": 33000000,
          "exposure_ns": 10000000,
          "iso": 100,
          "ae_mode": 1,
          "af_mode": 4,
          "nr_mode": 1,
          "edge_mode": 1,
          "focus_diopters": 0,
          "hot_pixel_mode": 1,
          "aberration_mode": 0,
          "shading_mode": 1,
          "tonemap_mode": 1,
          "face_detect_mode": 0,
          "ois_mode": 0,
          "video_stabilization_mode": 0,
          "capture_intent": 2
        },
        "result": {
          "frame_duration_ns": 66703377,
          "exposure_ns": 66666316,
          "iso": 744,
          "ae_mode": 1,
          "af_mode": 4,
          "nr_mode": 1,
          "edge_mode": 1,
          "focus_diopters": 9.835792,
          "hot_pixel_mode": 1,
          "aberration_mode": 0,
          "shading_mode": 1,
          "tonemap_mode": 1,
          "face_detect_mode": 0,
          "ois_mode": 0,
          "video_stabilization_mode": 0,
          "capture_intent": 2
        },
        "result_sensor_timestamp_ns": 346012852921628,
        "result_frame_number": 45,
        "manual_phase": "disabled",
        "camera_id": "0",
        "options": {
          "capture_template": "still",
          "processing": "fast",
          "focus_diopters": null,
          "frame_ms": 0,
          "camera_id": "",
          "dump_characteristics": false
        }
      }
    },
    {
      "frame": 4,
      "variant": "template=still;processing=fast;focus=auto;frame_ms=0;camera=default",
      "power": {
        "requested": {
          "frame_duration_ns": 33000000,
          "exposure_ns": 10000000,
          "iso": 100,
          "ae_mode": 1,
          "af_mode": 4,
          "nr_mode": 1,
          "edge_mode": 1,
          "focus_diopters": 0,
          "hot_pixel_mode": 1,
          "aberration_mode": 0,
          "shading_mode": 1,
          "tonemap_mode": 1,
          "face_detect_mode": 0,
          "ois_mode": 0,
          "video_stabilization_mode": 0,
          "capture_intent": 2
        },
        "result": {
          "frame_duration_ns": 66703377,
          "exposure_ns": 66666316,
          "iso": 744,
          "ae_mode": 1,
          "af_mode": 4,
          "nr_mode": 1,
          "edge_mode": 1,
          "focus_diopters": 9.835792,
          "hot_pixel_mode": 1,
          "aberration_mode": 0,
          "shading_mode": 1,
          "tonemap_mode": 1,
          "face_detect_mode": 0,
          "ois_mode": 0,
          "video_stabilization_mode": 0,
          "capture_intent": 2
        },
        "result_sensor_timestamp_ns": 346013850862716,
        "result_frame_number": 60,
        "manual_phase": "disabled",
        "camera_id": "0",
        "options": {
          "capture_template": "still",
          "processing": "fast",
          "focus_diopters": null,
          "frame_ms": 0,
          "camera_id": "",
          "dump_characteristics": false
        }
      }
    },
    {
      "frame": 6,
      "variant": "template=still;processing=fast;focus=auto;frame_ms=0;camera=default",
      "power": {
        "requested": {
          "frame_duration_ns": 33000000,
          "exposure_ns": 10000000,
          "iso": 100,
          "ae_mode": 1,
          "af_mode": 4,
          "nr_mode": 1,
          "edge_mode": 1,
          "focus_diopters": 0,
          "hot_pixel_mode": 1,
          "aberration_mode": 0,
          "shading_mode": 1,
          "tonemap_mode": 1,
          "face_detect_mode": 0,
          "ois_mode": 0,
          "video_stabilization_mode": 0,
          "capture_intent": 2
        },
        "result": {
          "frame_duration_ns": 66703377,
          "exposure_ns": 66666316,
          "iso": 744,
          "ae_mode": 1,
          "af_mode": 4,
          "nr_mode": 1,
          "edge_mode": 1,
          "focus_diopters": 9.835792,
          "hot_pixel_mode": 1,
          "aberration_mode": 0,
          "shading_mode": 1,
          "tonemap_mode": 1,
          "face_detect_mode": 0,
          "ois_mode": 0,
          "video_stabilization_mode": 0,
          "capture_intent": 2
        },
        "result_sensor_timestamp_ns": 346015845495465,
        "result_frame_number": 90,
        "manual_phase": "disabled",
        "camera_id": "0",
        "options": {
          "capture_template": "still",
          "processing": "fast",
          "focus_diopters": null,
          "frame_ms": 0,
          "camera_id": "",
          "dump_characteristics": false
        }
      }
    },
    {
      "frame": 8,
      "variant": "template=still;processing=fast;focus=auto;frame_ms=0;camera=default",
      "power": {
        "requested": {
          "frame_duration_ns": 33000000,
          "exposure_ns": 10000000,
          "iso": 100,
          "ae_mode": 1,
          "af_mode": 4,
          "nr_mode": 1,
          "edge_mode": 1,
          "focus_diopters": 0,
          "hot_pixel_mode": 1,
          "aberration_mode": 0,
          "shading_mode": 1,
          "tonemap_mode": 1,
          "face_detect_mode": 0,
          "ois_mode": 0,
          "video_stabilization_mode": 0,
          "capture_intent": 1
        },
        "result": {
          "frame_duration_ns": 66703377,
          "exposure_ns": 66666316,
          "iso": 744,
          "ae_mode": 1,
          "af_mode": 4,
          "nr_mode": 1,
          "edge_mode": 1,
          "focus_diopters": 9.835792,
          "hot_pixel_mode": 1,
          "aberration_mode": 0,
          "shading_mode": 1,
          "tonemap_mode": 1,
          "face_detect_mode": 0,
          "ois_mode": 0,
          "video_stabilization_mode": 0,
          "capture_intent": 1
        },
        "result_sensor_timestamp_ns": 346017909156357,
        "result_frame_number": 121,
        "manual_phase": "disabled",
        "camera_id": "0",
        "options": {
          "capture_template": "still",
          "processing": "fast",
          "focus_diopters": null,
          "frame_ms": 0,
          "camera_id": "",
          "dump_characteristics": false
        }
      }
    },
    {
      "frame": 9,
      "variant": "template=still;processing=fast;focus=auto;frame_ms=0;camera=default",
      "power": {
        "requested": {
          "frame_duration_ns": 33000000,
          "exposure_ns": 10000000,
          "iso": 100,
          "ae_mode": 1,
          "af_mode": 4,
          "nr_mode": 1,
          "edge_mode": 1,
          "focus_diopters": 0,
          "hot_pixel_mode": 1,
          "aberration_mode": 0,
          "shading_mode": 1,
          "tonemap_mode": 1,
          "face_detect_mode": 0,
          "ois_mode": 0,
          "video_stabilization_mode": 0,
          "capture_intent": 2
        },
        "result": {
          "frame_duration_ns": 66703377,
          "exposure_ns": 66666316,
          "iso": 744,
          "ae_mode": 1,
          "af_mode": 4,
          "nr_mode": 1,
          "edge_mode": 1,
          "focus_diopters": 9.835792,
          "hot_pixel_mode": 1,
          "aberration_mode": 0,
          "shading_mode": 1,
          "tonemap_mode": 1,
          "face_detect_mode": 0,
          "ois_mode": 0,
          "video_stabilization_mode": 0,
          "capture_intent": 2
        },
        "result_sensor_timestamp_ns": 346018840568030,
        "result_frame_number": 135,
        "manual_phase": "disabled",
        "camera_id": "0",
        "options": {
          "capture_template": "still",
          "processing": "fast",
          "focus_diopters": null,
          "frame_ms": 0,
          "camera_id": "",
          "dump_characteristics": false
        }
      }
    },
    {
      "frame": 10,
      "variant": "template=still;processing=fast;focus=auto;frame_ms=0;camera=default",
      "power": {
        "requested": {
          "frame_duration_ns": 33000000,
          "exposure_ns": 10000000,
          "iso": 100,
          "ae_mode": 1,
          "af_mode": 4,
          "nr_mode": 1,
          "edge_mode": 1,
          "focus_diopters": 0,
          "hot_pixel_mode": 1,
          "aberration_mode": 0,
          "shading_mode": 1,
          "tonemap_mode": 1,
          "face_detect_mode": 0,
          "ois_mode": 0,
          "video_stabilization_mode": 0,
          "capture_intent": 1
        },
        "result": {
          "frame_duration_ns": 66703377,
          "exposure_ns": 66666316,
          "iso": 744,
          "ae_mode": 1,
          "af_mode": 4,
          "nr_mode": 1,
          "edge_mode": 1,
          "focus_diopters": 9.835792,
          "hot_pixel_mode": 1,
          "aberration_mode": 0,
          "shading_mode": 1,
          "tonemap_mode": 1,
          "face_detect_mode": 0,
          "ois_mode": 0,
          "video_stabilization_mode": 0,
          "capture_intent": 1
        },
        "result_sensor_timestamp_ns": 346019905038491,
        "result_frame_number": 151,
        "manual_phase": "disabled",
        "camera_id": "0",
        "options": {
          "capture_template": "still",
          "processing": "fast",
          "focus_diopters": null,
          "frame_ms": 0,
          "camera_id": "",
          "dump_characteristics": false
        }
      }
    },
    {
      "frame": 11,
      "variant": "template=still;processing=fast;focus=auto;frame_ms=0;camera=default",
      "power": {
        "requested": {
          "frame_duration_ns": 33000000,
          "exposure_ns": 10000000,
          "iso": 100,
          "ae_mode": 1,
          "af_mode": 4,
          "nr_mode": 1,
          "edge_mode": 1,
          "focus_diopters": 0,
          "hot_pixel_mode": 1,
          "aberration_mode": 0,
          "shading_mode": 1,
          "tonemap_mode": 1,
          "face_detect_mode": 0,
          "ois_mode": 0,
          "video_stabilization_mode": 0,
          "capture_intent": 2
        },
        "result": {
          "frame_duration_ns": 66703377,
          "exposure_ns": 66666316,
          "iso": 744,
          "ae_mode": 1,
          "af_mode": 4,
          "nr_mode": 1,
          "edge_mode": 1,
          "focus_diopters": 9.835792,
          "hot_pixel_mode": 1,
          "aberration_mode": 0,
          "shading_mode": 1,
          "tonemap_mode": 1,
          "face_detect_mode": 0,
          "ois_mode": 0,
          "video_stabilization_mode": 0,
          "capture_intent": 2
        },
        "result_sensor_timestamp_ns": 346020902979578,
        "result_frame_number": 166,
        "manual_phase": "disabled",
        "camera_id": "0",
        "options": {
          "capture_template": "still",
          "processing": "fast",
          "focus_diopters": null,
          "frame_ms": 0,
          "camera_id": "",
          "dump_characteristics": false
        }
      }
    },
    {
      "frame": 12,
      "variant": "template=still;processing=fast;focus=auto;frame_ms=0;camera=default",
      "power": {
        "requested": {
          "frame_duration_ns": 33000000,
          "exposure_ns": 10000000,
          "iso": 100,
          "ae_mode": 1,
          "af_mode": 4,
          "nr_mode": 1,
          "edge_mode": 1,
          "focus_diopters": 0,
          "hot_pixel_mode": 1,
          "aberration_mode": 0,
          "shading_mode": 1,
          "tonemap_mode": 1,
          "face_detect_mode": 0,
          "ois_mode": 0,
          "video_stabilization_mode": 0,
          "capture_intent": 1
        },
        "result": {
          "frame_duration_ns": 66703377,
          "exposure_ns": 66666316,
          "iso": 744,
          "ae_mode": 1,
          "af_mode": 4,
          "nr_mode": 1,
          "edge_mode": 1,
          "focus_diopters": 9.835792,
          "hot_pixel_mode": 1,
          "aberration_mode": 0,
          "shading_mode": 1,
          "tonemap_mode": 1,
          "face_detect_mode": 0,
          "ois_mode": 0,
          "video_stabilization_mode": 0,
          "capture_intent": 1
        },
        "result_sensor_timestamp_ns": 346021967450038,
        "result_frame_number": 182,
        "manual_phase": "disabled",
        "camera_id": "0",
        "options": {
          "capture_template": "still",
          "processing": "fast",
          "focus_diopters": null,
          "frame_ms": 0,
          "camera_id": "",
          "dump_characteristics": false
        }
      }
    },
    {
      "frame": 13,
      "variant": "template=still;processing=fast;focus=auto;frame_ms=0;camera=default",
      "power": {
        "requested": {
          "frame_duration_ns": 33000000,
          "exposure_ns": 10000000,
          "iso": 100,
          "ae_mode": 1,
          "af_mode": 4,
          "nr_mode": 1,
          "edge_mode": 1,
          "focus_diopters": 0,
          "hot_pixel_mode": 1,
          "aberration_mode": 0,
          "shading_mode": 1,
          "tonemap_mode": 1,
          "face_detect_mode": 0,
          "ois_mode": 0,
          "video_stabilization_mode": 0,
          "capture_intent": 2
        },
        "result": {
          "frame_duration_ns": 66703377,
          "exposure_ns": 66666316,
          "iso": 744,
          "ae_mode": 1,
          "af_mode": 4,
          "nr_mode": 1,
          "edge_mode": 1,
          "focus_diopters": 9.835792,
          "hot_pixel_mode": 1,
          "aberration_mode": 0,
          "shading_mode": 1,
          "tonemap_mode": 1,
          "face_detect_mode": 0,
          "ois_mode": 0,
          "video_stabilization_mode": 0,
          "capture_intent": 2
        },
        "result_sensor_timestamp_ns": 346022898567669,
        "result_frame_number": 196,
        "manual_phase": "disabled",
        "camera_id": "0",
        "options": {
          "capture_template": "still",
          "processing": "fast",
          "focus_diopters": null,
          "frame_ms": 0,
          "camera_id": "",
          "dump_characteristics": false
        }
      }
    },
    {
      "frame": 14,
      "variant": "template=still;processing=fast;focus=auto;frame_ms=0;camera=default",
      "power": {
        "requested": {
          "frame_duration_ns": 33000000,
          "exposure_ns": 10000000,
          "iso": 100,
          "ae_mode": 1,
          "af_mode": 4,
          "nr_mode": 1,
          "edge_mode": 1,
          "focus_diopters": 0,
          "hot_pixel_mode": 1,
          "aberration_mode": 0,
          "shading_mode": 1,
          "tonemap_mode": 1,
          "face_detect_mode": 0,
          "ois_mode": 0,
          "video_stabilization_mode": 0,
          "capture_intent": 2
        },
        "result": {
          "frame_duration_ns": 66703377,
          "exposure_ns": 66666316,
          "iso": 744,
          "ae_mode": 1,
          "af_mode": 4,
          "nr_mode": 1,
          "edge_mode": 1,
          "focus_diopters": 9.835792,
          "hot_pixel_mode": 1,
          "aberration_mode": 0,
          "shading_mode": 1,
          "tonemap_mode": 1,
          "face_detect_mode": 0,
          "ois_mode": 0,
          "video_stabilization_mode": 0,
          "capture_intent": 2
        },
        "result_sensor_timestamp_ns": 346023896828490,
        "result_frame_number": 211,
        "manual_phase": "disabled",
        "camera_id": "0",
        "options": {
          "capture_template": "still",
          "processing": "fast",
          "focus_diopters": null,
          "frame_ms": 0,
          "camera_id": "",
          "dump_characteristics": false
        }
      }
    },
    {
      "frame": 15,
      "variant": "template=still;processing=fast;focus=auto;frame_ms=0;camera=default",
      "power": {
        "requested": {
          "frame_duration_ns": 33000000,
          "exposure_ns": 10000000,
          "iso": 100,
          "ae_mode": 1,
          "af_mode": 4,
          "nr_mode": 1,
          "edge_mode": 1,
          "focus_diopters": 0,
          "hot_pixel_mode": 1,
          "aberration_mode": 0,
          "shading_mode": 1,
          "tonemap_mode": 1,
          "face_detect_mode": 0,
          "ois_mode": 0,
          "video_stabilization_mode": 0,
          "capture_intent": 1
        },
        "result": {
          "frame_duration_ns": 66703377,
          "exposure_ns": 66666316,
          "iso": 744,
          "ae_mode": 1,
          "af_mode": 4,
          "nr_mode": 1,
          "edge_mode": 1,
          "focus_diopters": 9.835792,
          "hot_pixel_mode": 1,
          "aberration_mode": 0,
          "shading_mode": 1,
          "tonemap_mode": 1,
          "face_detect_mode": 0,
          "ois_mode": 0,
          "video_stabilization_mode": 0,
          "capture_intent": 1
        },
        "result_sensor_timestamp_ns": 346024961273259,
        "result_frame_number": 227,
        "manual_phase": "disabled",
        "camera_id": "0",
        "options": {
          "capture_template": "still",
          "processing": "fast",
          "focus_diopters": null,
          "frame_ms": 0,
          "camera_id": "",
          "dump_characteristics": false
        }
      }
    },
    {
      "frame": 17,
      "variant": "template=still;processing=fast;focus=auto;frame_ms=0;camera=default",
      "power": {
        "requested": {
          "frame_duration_ns": 33000000,
          "exposure_ns": 10000000,
          "iso": 100,
          "ae_mode": 1,
          "af_mode": 4,
          "nr_mode": 1,
          "edge_mode": 1,
          "focus_diopters": 0,
          "hot_pixel_mode": 1,
          "aberration_mode": 0,
          "shading_mode": 1,
          "tonemap_mode": 1,
          "face_detect_mode": 0,
          "ois_mode": 0,
          "video_stabilization_mode": 0,
          "capture_intent": 2
        },
        "result": {
          "frame_duration_ns": 66703377,
          "exposure_ns": 66666316,
          "iso": 744,
          "ae_mode": 1,
          "af_mode": 4,
          "nr_mode": 1,
          "edge_mode": 1,
          "focus_diopters": 9.835792,
          "hot_pixel_mode": 1,
          "aberration_mode": 0,
          "shading_mode": 1,
          "tonemap_mode": 1,
          "face_detect_mode": 0,
          "ois_mode": 0,
          "video_stabilization_mode": 0,
          "capture_intent": 2
        },
        "result_sensor_timestamp_ns": 346026890625980,
        "result_frame_number": 256,
        "manual_phase": "disabled",
        "camera_id": "0",
        "options": {
          "capture_template": "still",
          "processing": "fast",
          "focus_diopters": null,
          "frame_ms": 0,
          "camera_id": "",
          "dump_characteristics": false
        }
      }
    },
    {
      "frame": 18,
      "variant": "template=still;processing=fast;focus=auto;frame_ms=0;camera=default",
      "power": {
        "requested": {
          "frame_duration_ns": 33000000,
          "exposure_ns": 10000000,
          "iso": 100,
          "ae_mode": 1,
          "af_mode": 4,
          "nr_mode": 1,
          "edge_mode": 1,
          "focus_diopters": 0,
          "hot_pixel_mode": 1,
          "aberration_mode": 0,
          "shading_mode": 1,
          "tonemap_mode": 1,
          "face_detect_mode": 0,
          "ois_mode": 0,
          "video_stabilization_mode": 0,
          "capture_intent": 2
        },
        "result": {
          "frame_duration_ns": 66703377,
          "exposure_ns": 66666316,
          "iso": 744,
          "ae_mode": 1,
          "af_mode": 4,
          "nr_mode": 1,
          "edge_mode": 1,
          "focus_diopters": 9.835792,
          "hot_pixel_mode": 1,
          "aberration_mode": 0,
          "shading_mode": 1,
          "tonemap_mode": 1,
          "face_detect_mode": 0,
          "ois_mode": 0,
          "video_stabilization_mode": 0,
          "capture_intent": 2
        },
        "result_sensor_timestamp_ns": 346027888098490,
        "result_frame_number": 271,
        "manual_phase": "disabled",
        "camera_id": "0",
        "options": {
          "capture_template": "still",
          "processing": "fast",
          "focus_diopters": null,
          "frame_ms": 0,
          "camera_id": "",
          "dump_characteristics": false
        }
      }
    }
  ],
  "skin_slope_c_min": 0.7436061704477873,
  "android_status": "0.1s NONE(0)",
  "gate": {
    "at": "2026-10-03T00:45:34Z",
    "z9": 37000,
    "z10": 36000,
    "z11": 36000,
    "skin": 28.750103,
    "status": 0,
    "waited_s": 0,
    "warm_start": false
  },
  "heat_stop": null
}

off completed
{
  "mean_battery_w": 2.1415028351282865,
  "cpu_seconds": {
    "runner": 3.11,
    "llama_server": 0.0,
    "robotcam_app": 4.24,
    "camera_provider": 16.86
  },
  "start_to_first_fresh_s": 2.0608159189869184,
  "stop": {
    "stop_to_stopped_s": 3.6213779310055543,
    "capture_stopped": true,
    "frames_seen": [],
    "unreadable_reads": 0,
    "check_s": 3.07,
    "force_stop_rc": 0,
    "force_stop_output": "",
    "pids_after_force_stop": []
  },
  "frames_ok": 18,
  "frames_failed": 16,
  "repeat_polls": 125,
  "age_median_s": 0.31633979847538285,
  "age_p95_s": 0.45323282899335027,
  "luma": {
    "median": 7.0580078125,
    "min": 6.387255859375
  },
  "sharpness": {
    "median": 3.32238999312652,
    "min": 2.365431560376435
  },
  "paired_diagnostics": 13,
  "applied_observations": [
    {
      "frame": 1,
      "variant": "template=still;processing=off;focus=auto;frame_ms=0;camera=default",
      "power": {
        "requested": {
          "frame_duration_ns": 33000000,
          "exposure_ns": 10000000,
          "iso": 100,
          "ae_mode": 1,
          "af_mode": 4,
          "nr_mode": 0,
          "edge_mode": 0,
          "focus_diopters": 0,
          "hot_pixel_mode": 0,
          "aberration_mode": 0,
          "shading_mode": 0,
          "tonemap_mode": 1,
          "face_detect_mode": 0,
          "ois_mode": 0,
          "video_stabilization_mode": 0,
          "capture_intent": 1
        },
        "result": {
          "frame_duration_ns": 66703377,
          "exposure_ns": 66666316,
          "iso": 744,
          "ae_mode": 1,
          "af_mode": 4,
          "nr_mode": 0,
          "edge_mode": 0,
          "focus_diopters": 9.835792,
          "hot_pixel_mode": 0,
          "aberration_mode": 0,
          "shading_mode": 0,
          "tonemap_mode": 1,
          "face_detect_mode": 0,
          "ois_mode": 0,
          "video_stabilization_mode": 0,
          "capture_intent": 1
        },
        "result_sensor_timestamp_ns": 346035178197989,
        "result_frame_number": 17,
        "manual_phase": "disabled",
        "camera_id": "0",
        "options": {
          "capture_template": "still",
          "processing": "off",
          "focus_diopters": null,
          "frame_ms": 0,
          "camera_id": "",
          "dump_characteristics": false
        }
      }
    },
    {
      "frame": 5,
      "variant": "template=still;processing=off;focus=auto;frame_ms=0;camera=default",
      "power": {
        "requested": {
          "frame_duration_ns": 33000000,
          "exposure_ns": 10000000,
          "iso": 100,
          "ae_mode": 1,
          "af_mode": 4,
          "nr_mode": 0,
          "edge_mode": 0,
          "focus_diopters": 0,
          "hot_pixel_mode": 0,
          "aberration_mode": 0,
          "shading_mode": 0,
          "tonemap_mode": 1,
          "face_detect_mode": 0,
          "ois_mode": 0,
          "video_stabilization_mode": 0,
          "capture_intent": 2
        },
        "result": {
          "frame_duration_ns": 66703377,
          "exposure_ns": 66666316,
          "iso": 744,
          "ae_mode": 1,
          "af_mode": 4,
          "nr_mode": 0,
          "edge_mode": 0,
          "focus_diopters": 9.835792,
          "hot_pixel_mode": 0,
          "aberration_mode": 0,
          "shading_mode": 0,
          "tonemap_mode": 1,
          "face_detect_mode": 0,
          "ois_mode": 0,
          "video_stabilization_mode": 0,
          "capture_intent": 2
        },
        "result_sensor_timestamp_ns": 346039036903470,
        "result_frame_number": 75,
        "manual_phase": "disabled",
        "camera_id": "0",
        "options": {
          "capture_template": "still",
          "processing": "off",
          "focus_diopters": null,
          "frame_ms": 0,
          "camera_id": "",
          "dump_characteristics": false
        }
      }
    },
    {
      "frame": 6,
      "variant": "template=still;processing=off;focus=auto;frame_ms=0;camera=default",
      "power": {
        "requested": {
          "frame_duration_ns": 33000000,
          "exposure_ns": 10000000,
          "iso": 100,
          "ae_mode": 1,
          "af_mode": 4,
          "nr_mode": 0,
          "edge_mode": 0,
          "focus_diopters": 0,
          "hot_pixel_mode": 0,
          "aberration_mode": 0,
          "shading_mode": 0,
          "tonemap_mode": 1,
          "face_detect_mode": 0,
          "ois_mode": 0,
          "video_stabilization_mode": 0,
          "capture_intent": 2
        },
        "result": {
          "frame_duration_ns": 66703377,
          "exposure_ns": 66666316,
          "iso": 744,
          "ae_mode": 1,
          "af_mode": 4,
          "nr_mode": 0,
          "edge_mode": 0,
          "focus_diopters": 9.835792,
          "hot_pixel_mode": 0,
          "aberration_mode": 0,
          "shading_mode": 0,
          "tonemap_mode": 1,
          "face_detect_mode": 0,
          "ois_mode": 0,
          "video_stabilization_mode": 0,
          "capture_intent": 2
        },
        "result_sensor_timestamp_ns": 346040034846922,
        "result_frame_number": 90,
        "manual_phase": "disabled",
        "camera_id": "0",
        "options": {
          "capture_template": "still",
          "processing": "off",
          "focus_diopters": null,
          "frame_ms": 0,
          "camera_id": "",
          "dump_characteristics": false
        }
      }
    },
    {
      "frame": 7,
      "variant": "template=still;processing=off;focus=auto;frame_ms=0;camera=default",
      "power": {
        "requested": {
          "frame_duration_ns": 33000000,
          "exposure_ns": 10000000,
          "iso": 100,
          "ae_mode": 1,
          "af_mode": 4,
          "nr_mode": 0,
          "edge_mode": 0,
          "focus_diopters": 0,
          "hot_pixel_mode": 0,
          "aberration_mode": 0,
          "shading_mode": 0,
          "tonemap_mode": 1,
          "face_detect_mode": 0,
          "ois_mode": 0,
          "video_stabilization_mode": 0,
          "capture_intent": 2
        },
        "result": {
          "frame_duration_ns": 66703377,
          "exposure_ns": 66666316,
          "iso": 744,
          "ae_mode": 1,
          "af_mode": 4,
          "nr_mode": 0,
          "edge_mode": 0,
          "focus_diopters": 9.835792,
          "hot_pixel_mode": 0,
          "aberration_mode": 0,
          "shading_mode": 0,
          "tonemap_mode": 1,
          "face_detect_mode": 0,
          "ois_mode": 0,
          "video_stabilization_mode": 0,
          "capture_intent": 2
        },
        "result_sensor_timestamp_ns": 346041032804865,
        "result_frame_number": 105,
        "manual_phase": "disabled",
        "camera_id": "0",
        "options": {
          "capture_template": "still",
          "processing": "off",
          "focus_diopters": null,
          "frame_ms": 0,
          "camera_id": "",
          "dump_characteristics": false
        }
      }
    },
    {
      "frame": 9,
      "variant": "template=still;processing=off;focus=auto;frame_ms=0;camera=default",
      "power": {
        "requested": {
          "frame_duration_ns": 33000000,
          "exposure_ns": 10000000,
          "iso": 100,
          "ae_mode": 1,
          "af_mode": 4,
          "nr_mode": 0,
          "edge_mode": 0,
          "focus_diopters": 0,
          "hot_pixel_mode": 0,
          "aberration_mode": 0,
          "shading_mode": 0,
          "tonemap_mode": 1,
          "face_detect_mode": 0,
          "ois_mode": 0,
          "video_stabilization_mode": 0,
          "capture_intent": 1
        },
        "result": {
          "frame_duration_ns": 66703377,
          "exposure_ns": 66666316,
          "iso": 744,
          "ae_mode": 1,
          "af_mode": 4,
          "nr_mode": 0,
          "edge_mode": 0,
          "focus_diopters": 9.835792,
          "hot_pixel_mode": 0,
          "aberration_mode": 0,
          "shading_mode": 0,
          "tonemap_mode": 1,
          "face_detect_mode": 0,
          "ois_mode": 0,
          "video_stabilization_mode": 0,
          "capture_intent": 1
        },
        "result_sensor_timestamp_ns": 346043095197152,
        "result_frame_number": 136,
        "manual_phase": "disabled",
        "camera_id": "0",
        "options": {
          "capture_template": "still",
          "processing": "off",
          "focus_diopters": null,
          "frame_ms": 0,
          "camera_id": "",
          "dump_characteristics": false
        }
      }
    },
    {
      "frame": 10,
      "variant": "template=still;processing=off;focus=auto;frame_ms=0;camera=default",
      "power": {
        "requested": {
          "frame_duration_ns": 33000000,
          "exposure_ns": 10000000,
          "iso": 100,
          "ae_mode": 1,
          "af_mode": 4,
          "nr_mode": 0,
          "edge_mode": 0,
          "focus_diopters": 0,
          "hot_pixel_mode": 0,
          "aberration_mode": 0,
          "shading_mode": 0,
          "tonemap_mode": 1,
          "face_detect_mode": 0,
          "ois_mode": 0,
          "video_stabilization_mode": 0,
          "capture_intent": 2
        },
        "result": {
          "frame_duration_ns": 66703377,
          "exposure_ns": 66666316,
          "iso": 744,
          "ae_mode": 1,
          "af_mode": 4,
          "nr_mode": 0,
          "edge_mode": 0,
          "focus_diopters": 9.835792,
          "hot_pixel_mode": 0,
          "aberration_mode": 0,
          "shading_mode": 0,
          "tonemap_mode": 1,
          "face_detect_mode": 0,
          "ois_mode": 0,
          "video_stabilization_mode": 0,
          "capture_intent": 2
        },
        "result_sensor_timestamp_ns": 346044093307637,
        "result_frame_number": 151,
        "manual_phase": "disabled",
        "camera_id": "0",
        "options": {
          "capture_template": "still",
          "processing": "off",
          "focus_diopters": null,
          "frame_ms": 0,
          "camera_id": "",
          "dump_characteristics": false
        }
      }
    },
    {
      "frame": 11,
      "variant": "template=still;processing=off;focus=auto;frame_ms=0;camera=default",
      "power": {
        "requested": {
          "frame_duration_ns": 33000000,
          "exposure_ns": 10000000,
          "iso": 100,
          "ae_mode": 1,
          "af_mode": 4,
          "nr_mode": 0,
          "edge_mode": 0,
          "focus_diopters": 0,
          "hot_pixel_mode": 0,
          "aberration_mode": 0,
          "shading_mode": 0,
          "tonemap_mode": 1,
          "face_detect_mode": 0,
          "ois_mode": 0,
          "video_stabilization_mode": 0,
          "capture_intent": 1
        },
        "result": {
          "frame_duration_ns": 66703377,
          "exposure_ns": 66666316,
          "iso": 744,
          "ae_mode": 1,
          "af_mode": 4,
          "nr_mode": 0,
          "edge_mode": 0,
          "focus_diopters": 9.835792,
          "hot_pixel_mode": 0,
          "aberration_mode": 0,
          "shading_mode": 0,
          "tonemap_mode": 1,
          "face_detect_mode": 0,
          "ois_mode": 0,
          "video_stabilization_mode": 0,
          "capture_intent": 1
        },
        "result_sensor_timestamp_ns": 346045157834427,
        "result_frame_number": 167,
        "manual_phase": "disabled",
        "camera_id": "0",
        "options": {
          "capture_template": "still",
          "processing": "off",
          "focus_diopters": null,
          "frame_ms": 0,
          "camera_id": "",
          "dump_characteristics": false
        }
      }
    },
    {
      "frame": 12,
      "variant": "template=still;processing=off;focus=auto;frame_ms=0;camera=default",
      "power": {
        "requested": {
          "frame_duration_ns": 33000000,
          "exposure_ns": 10000000,
          "iso": 100,
          "ae_mode": 1,
          "af_mode": 4,
          "nr_mode": 0,
          "edge_mode": 0,
          "focus_diopters": 0,
          "hot_pixel_mode": 0,
          "aberration_mode": 0,
          "shading_mode": 0,
          "tonemap_mode": 1,
          "face_detect_mode": 0,
          "ois_mode": 0,
          "video_stabilization_mode": 0,
          "capture_intent": 2
        },
        "result": {
          "frame_duration_ns": 66703377,
          "exposure_ns": 66666316,
          "iso": 744,
          "ae_mode": 1,
          "af_mode": 4,
          "nr_mode": 0,
          "edge_mode": 0,
          "focus_diopters": 9.835792,
          "hot_pixel_mode": 0,
          "aberration_mode": 0,
          "shading_mode": 0,
          "tonemap_mode": 1,
          "face_detect_mode": 0,
          "ois_mode": 0,
          "video_stabilization_mode": 0,
          "capture_intent": 2
        },
        "result_sensor_timestamp_ns": 346046089020332,
        "result_frame_number": 181,
        "manual_phase": "disabled",
        "camera_id": "0",
        "options": {
          "capture_template": "still",
          "processing": "off",
          "focus_diopters": null,
          "frame_ms": 0,
          "camera_id": "",
          "dump_characteristics": false
        }
      }
    },
    {
      "frame": 13,
      "variant": "template=still;processing=off;focus=auto;frame_ms=0;camera=default",
      "power": {
        "requested": {
          "frame_duration_ns": 33000000,
          "exposure_ns": 10000000,
          "iso": 100,
          "ae_mode": 1,
          "af_mode": 4,
          "nr_mode": 0,
          "edge_mode": 0,
          "focus_diopters": 0,
          "hot_pixel_mode": 0,
          "aberration_mode": 0,
          "shading_mode": 0,
          "tonemap_mode": 1,
          "face_detect_mode": 0,
          "ois_mode": 0,
          "video_stabilization_mode": 0,
          "capture_intent": 2
        },
        "result": {
          "frame_duration_ns": 66703377,
          "exposure_ns": 66666316,
          "iso": 744,
          "ae_mode": 1,
          "af_mode": 4,
          "nr_mode": 0,
          "edge_mode": 0,
          "focus_diopters": 9.835792,
          "hot_pixel_mode": 0,
          "aberration_mode": 0,
          "shading_mode": 0,
          "tonemap_mode": 1,
          "face_detect_mode": 0,
          "ois_mode": 0,
          "video_stabilization_mode": 0,
          "capture_intent": 2
        },
        "result_sensor_timestamp_ns": 346047087426298,
        "result_frame_number": 196,
        "manual_phase": "disabled",
        "camera_id": "0",
        "options": {
          "capture_template": "still",
          "processing": "off",
          "focus_diopters": null,
          "frame_ms": 0,
          "camera_id": "",
          "dump_characteristics": false
        }
      }
    },
    {
      "frame": 15,
      "variant": "template=still;processing=off;focus=auto;frame_ms=0;camera=default",
      "power": {
        "requested": {
          "frame_duration_ns": 33000000,
          "exposure_ns": 10000000,
          "iso": 100,
          "ae_mode": 1,
          "af_mode": 4,
          "nr_mode": 0,
          "edge_mode": 0,
          "focus_diopters": 0,
          "hot_pixel_mode": 0,
          "aberration_mode": 0,
          "shading_mode": 0,
          "tonemap_mode": 1,
          "face_detect_mode": 0,
          "ois_mode": 0,
          "video_stabilization_mode": 0,
          "capture_intent": 2
        },
        "result": {
          "frame_duration_ns": 66703377,
          "exposure_ns": 66666316,
          "iso": 744,
          "ae_mode": 1,
          "af_mode": 4,
          "nr_mode": 0,
          "edge_mode": 0,
          "focus_diopters": 9.835792,
          "hot_pixel_mode": 0,
          "aberration_mode": 0,
          "shading_mode": 0,
          "tonemap_mode": 1,
          "face_detect_mode": 0,
          "ois_mode": 0,
          "video_stabilization_mode": 0,
          "capture_intent": 2
        },
        "result_sensor_timestamp_ns": 346049082843553,
        "result_frame_number": 226,
        "manual_phase": "disabled",
        "camera_id": "0",
        "options": {
          "capture_template": "still",
          "processing": "off",
          "focus_diopters": null,
          "frame_ms": 0,
          "camera_id": "",
          "dump_characteristics": false
        }
      }
    },
    {
      "frame": 16,
      "variant": "template=still;processing=off;focus=auto;frame_ms=0;camera=default",
      "power": {
        "requested": {
          "frame_duration_ns": 33000000,
          "exposure_ns": 10000000,
          "iso": 100,
          "ae_mode": 1,
          "af_mode": 4,
          "nr_mode": 0,
          "edge_mode": 0,
          "focus_diopters": 0,
          "hot_pixel_mode": 0,
          "aberration_mode": 0,
          "shading_mode": 0,
          "tonemap_mode": 1,
          "face_detect_mode": 0,
          "ois_mode": 0,
          "video_stabilization_mode": 0,
          "capture_intent": 2
        },
        "result": {
          "frame_duration_ns": 66703377,
          "exposure_ns": 66666316,
          "iso": 744,
          "ae_mode": 1,
          "af_mode": 4,
          "nr_mode": 0,
          "edge_mode": 0,
          "focus_diopters": 9.835792,
          "hot_pixel_mode": 0,
          "aberration_mode": 0,
          "shading_mode": 0,
          "tonemap_mode": 1,
          "face_detect_mode": 0,
          "ois_mode": 0,
          "video_stabilization_mode": 0,
          "capture_intent": 2
        },
        "result_sensor_timestamp_ns": 346050081154975,
        "result_frame_number": 241,
        "manual_phase": "disabled",
        "camera_id": "0",
        "options": {
          "capture_template": "still",
          "processing": "off",
          "focus_diopters": null,
          "frame_ms": 0,
          "camera_id": "",
          "dump_characteristics": false
        }
      }
    },
    {
      "frame": 17,
      "variant": "template=still;processing=off;focus=auto;frame_ms=0;camera=default",
      "power": {
        "requested": {
          "frame_duration_ns": 33000000,
          "exposure_ns": 10000000,
          "iso": 100,
          "ae_mode": 1,
          "af_mode": 4,
          "nr_mode": 0,
          "edge_mode": 0,
          "focus_diopters": 0,
          "hot_pixel_mode": 0,
          "aberration_mode": 0,
          "shading_mode": 0,
          "tonemap_mode": 1,
          "face_detect_mode": 0,
          "ois_mode": 0,
          "video_stabilization_mode": 0,
          "capture_intent": 1
        },
        "result": {
          "frame_duration_ns": 66703377,
          "exposure_ns": 66666316,
          "iso": 744,
          "ae_mode": 1,
          "af_mode": 4,
          "nr_mode": 0,
          "edge_mode": 0,
          "focus_diopters": 9.835792,
          "hot_pixel_mode": 0,
          "aberration_mode": 0,
          "shading_mode": 0,
          "tonemap_mode": 1,
          "face_detect_mode": 0,
          "ois_mode": 0,
          "video_stabilization_mode": 0,
          "capture_intent": 1
        },
        "result_sensor_timestamp_ns": 346051145462264,
        "result_frame_number": 257,
        "manual_phase": "disabled",
        "camera_id": "0",
        "options": {
          "capture_template": "still",
          "processing": "off",
          "focus_diopters": null,
          "frame_ms": 0,
          "camera_id": "",
          "dump_characteristics": false
        }
      }
    },
    {
      "frame": 18,
      "variant": "template=still;processing=off;focus=auto;frame_ms=0;camera=default",
      "power": {
        "requested": {
          "frame_duration_ns": 33000000,
          "exposure_ns": 10000000,
          "iso": 100,
          "ae_mode": 1,
          "af_mode": 4,
          "nr_mode": 0,
          "edge_mode": 0,
          "focus_diopters": 0,
          "hot_pixel_mode": 0,
          "aberration_mode": 0,
          "shading_mode": 0,
          "tonemap_mode": 1,
          "face_detect_mode": 0,
          "ois_mode": 0,
          "video_stabilization_mode": 0,
          "capture_intent": 1
        },
        "result": {
          "frame_duration_ns": 66703377,
          "exposure_ns": 66666316,
          "iso": 744,
          "ae_mode": 1,
          "af_mode": 4,
          "nr_mode": 0,
          "edge_mode": 0,
          "focus_diopters": 9.835792,
          "hot_pixel_mode": 0,
          "aberration_mode": 0,
          "shading_mode": 0,
          "tonemap_mode": 1,
          "face_detect_mode": 0,
          "ois_mode": 0,
          "video_stabilization_mode": 0,
          "capture_intent": 1
        },
        "result_sensor_timestamp_ns": 346052144228012,
        "result_frame_number": 272,
        "manual_phase": "disabled",
        "camera_id": "0",
        "options": {
          "capture_template": "still",
          "processing": "off",
          "focus_diopters": null,
          "frame_ms": 0,
          "camera_id": "",
          "dump_characteristics": false
        }
      }
    }
  ],
  "skin_slope_c_min": 0.5217783434011304,
  "android_status": "0.1s NONE(0)",
  "gate": {
    "at": "2026-10-03T00:45:54Z",
    "z9": 37000,
    "z10": 37000,
    "z11": 37000,
    "skin": 29.092602,
    "status": 0,
    "waited_s": 0,
    "warm_start": false
  },
  "heat_stop": null
}

focus_1m completed
{
  "mean_battery_w": 2.2831478096060667,
  "cpu_seconds": {
    "runner": 3.18,
    "llama_server": 0.0,
    "robotcam_app": 4.32,
    "camera_provider": 17.69
  },
  "start_to_first_fresh_s": 2.033404134999728,
  "stop": {
    "stop_to_stopped_s": 3.6633194589812774,
    "capture_stopped": true,
    "frames_seen": [],
    "unreadable_reads": 0,
    "check_s": 3.07,
    "force_stop_rc": 0,
    "force_stop_output": "",
    "pids_after_force_stop": []
  },
  "frames_ok": 18,
  "frames_failed": 16,
  "repeat_polls": 125,
  "age_median_s": 0.35011196698178537,
  "age_p95_s": 0.43782503705006093,
  "luma": {
    "median": 4.190576171875,
    "min": 4.009912109375
  },
  "sharpness": {
    "median": 1.251527429952826,
    "min": 0.8788314079973291
  },
  "paired_diagnostics": 16,
  "applied_observations": [
    {
      "frame": 1,
      "variant": "template=still;processing=default;focus=1.0;frame_ms=0;camera=default",
      "power": {
        "requested": {
          "frame_duration_ns": 33000000,
          "exposure_ns": 10000000,
          "iso": 100,
          "ae_mode": 1,
          "af_mode": 0,
          "nr_mode": 1,
          "edge_mode": 1,
          "focus_diopters": 1,
          "hot_pixel_mode": 1,
          "aberration_mode": 0,
          "shading_mode": 1,
          "tonemap_mode": 1,
          "face_detect_mode": 0,
          "ois_mode": 1,
          "video_stabilization_mode": 1,
          "capture_intent": 1
        },
        "result": {
          "frame_duration_ns": 66703377,
          "exposure_ns": 66666316,
          "iso": 744,
          "ae_mode": 1,
          "af_mode": 0,
          "nr_mode": 1,
          "edge_mode": 1,
          "focus_diopters": 1.0113112,
          "hot_pixel_mode": 1,
          "aberration_mode": 0,
          "shading_mode": 1,
          "tonemap_mode": 1,
          "face_detect_mode": 0,
          "ois_mode": 1,
          "video_stabilization_mode": 1,
          "capture_intent": 1
        },
        "result_sensor_timestamp_ns": 346059087873320,
        "result_frame_number": 16,
        "manual_phase": "disabled",
        "camera_id": "0",
        "options": {
          "capture_template": "still",
          "processing": "default",
          "focus_diopters": 1,
          "frame_ms": 0,
          "camera_id": "",
          "dump_characteristics": false
        }
      }
    },
    {
      "frame": 2,
      "variant": "template=still;processing=default;focus=1.0;frame_ms=0;camera=default",
      "power": {
        "requested": {
          "frame_duration_ns": 33000000,
          "exposure_ns": 10000000,
          "iso": 100,
          "ae_mode": 1,
          "af_mode": 0,
          "nr_mode": 1,
          "edge_mode": 1,
          "focus_diopters": 1,
          "hot_pixel_mode": 1,
          "aberration_mode": 0,
          "shading_mode": 1,
          "tonemap_mode": 1,
          "face_detect_mode": 0,
          "ois_mode": 1,
          "video_stabilization_mode": 1,
          "capture_intent": 1
        },
        "result": {
          "frame_duration_ns": 66703377,
          "exposure_ns": 66666316,
          "iso": 744,
          "ae_mode": 1,
          "af_mode": 0,
          "nr_mode": 1,
          "edge_mode": 1,
          "focus_diopters": 1.0113112,
          "hot_pixel_mode": 1,
          "aberration_mode": 0,
          "shading_mode": 1,
          "tonemap_mode": 1,
          "face_detect_mode": 0,
          "ois_mode": 1,
          "video_stabilization_mode": 1,
          "capture_intent": 1
        },
        "result_sensor_timestamp_ns": 346060086031535,
        "result_frame_number": 31,
        "manual_phase": "disabled",
        "camera_id": "0",
        "options": {
          "capture_template": "still",
          "processing": "default",
          "focus_diopters": 1,
          "frame_ms": 0,
          "camera_id": "",
          "dump_characteristics": false
        }
      }
    },
    {
      "frame": 3,
      "variant": "template=still;processing=default;focus=1.0;frame_ms=0;camera=default",
      "power": {
        "requested": {
          "frame_duration_ns": 33000000,
          "exposure_ns": 10000000,
          "iso": 100,
          "ae_mode": 1,
          "af_mode": 0,
          "nr_mode": 1,
          "edge_mode": 1,
          "focus_diopters": 1,
          "hot_pixel_mode": 1,
          "aberration_mode": 0,
          "shading_mode": 1,
          "tonemap_mode": 1,
          "face_detect_mode": 0,
          "ois_mode": 1,
          "video_stabilization_mode": 1,
          "capture_intent": 1
        },
        "result": {
          "frame_duration_ns": 66703377,
          "exposure_ns": 66666316,
          "iso": 744,
          "ae_mode": 1,
          "af_mode": 0,
          "nr_mode": 1,
          "edge_mode": 1,
          "focus_diopters": 1.0113112,
          "hot_pixel_mode": 1,
          "aberration_mode": 0,
          "shading_mode": 1,
          "tonemap_mode": 1,
          "face_detect_mode": 0,
          "ois_mode": 1,
          "video_stabilization_mode": 1,
          "capture_intent": 1
        },
        "result_sensor_timestamp_ns": 346061083755454,
        "result_frame_number": 46,
        "manual_phase": "disabled",
        "camera_id": "0",
        "options": {
          "capture_template": "still",
          "processing": "default",
          "focus_diopters": 1,
          "frame_ms": 0,
          "camera_id": "",
          "dump_characteristics": false
        }
      }
    },
    {
      "frame": 5,
      "variant": "template=still;processing=default;focus=1.0;frame_ms=0;camera=default",
      "power": {
        "requested": {
          "frame_duration_ns": 33000000,
          "exposure_ns": 10000000,
          "iso": 100,
          "ae_mode": 1,
          "af_mode": 0,
          "nr_mode": 2,
          "edge_mode": 2,
          "focus_diopters": 1,
          "hot_pixel_mode": 2,
          "aberration_mode": 0,
          "shading_mode": 2,
          "tonemap_mode": 2,
          "face_detect_mode": 0,
          "ois_mode": 1,
          "video_stabilization_mode": 1,
          "capture_intent": 2
        },
        "result": {
          "frame_duration_ns": 66703377,
          "exposure_ns": 66666316,
          "iso": 744,
          "ae_mode": 1,
          "af_mode": 0,
          "nr_mode": 2,
          "edge_mode": 2,
          "focus_diopters": 1.0113112,
          "hot_pixel_mode": 2,
          "aberration_mode": 0,
          "shading_mode": 2,
          "tonemap_mode": 2,
          "face_detect_mode": 0,
          "ois_mode": 1,
          "video_stabilization_mode": 1,
          "capture_intent": 2
        },
        "result_sensor_timestamp_ns": 346063012853784,
        "result_frame_number": 75,
        "manual_phase": "disabled",
        "camera_id": "0",
        "options": {
          "capture_template": "still",
          "processing": "default",
          "focus_diopters": 1,
          "frame_ms": 0,
          "camera_id": "",
          "dump_characteristics": false
        }
      }
    },
    {
      "frame": 6,
      "variant": "template=still;processing=default;focus=1.0;frame_ms=0;camera=default",
      "power": {
        "requested": {
          "frame_duration_ns": 33000000,
          "exposure_ns": 10000000,
          "iso": 100,
          "ae_mode": 1,
          "af_mode": 0,
          "nr_mode": 2,
          "edge_mode": 2,
          "focus_diopters": 1,
          "hot_pixel_mode": 2,
          "aberration_mode": 0,
          "shading_mode": 2,
          "tonemap_mode": 2,
          "face_detect_mode": 0,
          "ois_mode": 1,
          "video_stabilization_mode": 1,
          "capture_intent": 2
        },
        "result": {
          "frame_duration_ns": 66703377,
          "exposure_ns": 66666316,
          "iso": 744,
          "ae_mode": 1,
          "af_mode": 0,
          "nr_mode": 2,
          "edge_mode": 2,
          "focus_diopters": 1.0113112,
          "hot_pixel_mode": 2,
          "aberration_mode": 0,
          "shading_mode": 2,
          "tonemap_mode": 2,
          "face_detect_mode": 0,
          "ois_mode": 1,
          "video_stabilization_mode": 1,
          "capture_intent": 2
        },
        "result_sensor_timestamp_ns": 346064010989940,
        "result_frame_number": 90,
        "manual_phase": "disabled",
        "camera_id": "0",
        "options": {
          "capture_template": "still",
          "processing": "default",
          "focus_diopters": 1,
          "frame_ms": 0,
          "camera_id": "",
          "dump_characteristics": false
        }
      }
    },
    {
      "frame": 7,
      "variant": "template=still;processing=default;focus=1.0;frame_ms=0;camera=default",
      "power": {
        "requested": {
          "frame_duration_ns": 33000000,
          "exposure_ns": 10000000,
          "iso": 100,
          "ae_mode": 1,
          "af_mode": 0,
          "nr_mode": 2,
          "edge_mode": 2,
          "focus_diopters": 1,
          "hot_pixel_mode": 2,
          "aberration_mode": 0,
          "shading_mode": 2,
          "tonemap_mode": 2,
          "face_detect_mode": 0,
          "ois_mode": 1,
          "video_stabilization_mode": 1,
          "capture_intent": 2
        },
        "result": {
          "frame_duration_ns": 66703377,
          "exposure_ns": 66666316,
          "iso": 744,
          "ae_mode": 1,
          "af_mode": 0,
          "nr_mode": 2,
          "edge_mode": 2,
          "focus_diopters": 1.0113112,
          "hot_pixel_mode": 2,
          "aberration_mode": 0,
          "shading_mode": 2,
          "tonemap_mode": 2,
          "face_detect_mode": 0,
          "ois_mode": 1,
          "video_stabilization_mode": 1,
          "capture_intent": 2
        },
        "result_sensor_timestamp_ns": 346065009160408,
        "result_frame_number": 105,
        "manual_phase": "disabled",
        "camera_id": "0",
        "options": {
          "capture_template": "still",
          "processing": "default",
          "focus_diopters": 1,
          "frame_ms": 0,
          "camera_id": "",
          "dump_characteristics": false
        }
      }
    },
    {
      "frame": 8,
      "variant": "template=still;processing=default;focus=1.0;frame_ms=0;camera=default",
      "power": {
        "requested": {
          "frame_duration_ns": 33000000,
          "exposure_ns": 10000000,
          "iso": 100,
          "ae_mode": 1,
          "af_mode": 0,
          "nr_mode": 2,
          "edge_mode": 2,
          "focus_diopters": 1,
          "hot_pixel_mode": 2,
          "aberration_mode": 0,
          "shading_mode": 2,
          "tonemap_mode": 2,
          "face_detect_mode": 0,
          "ois_mode": 1,
          "video_stabilization_mode": 1,
          "capture_intent": 2
        },
        "result": {
          "frame_duration_ns": 66703377,
          "exposure_ns": 66666316,
          "iso": 744,
          "ae_mode": 1,
          "af_mode": 0,
          "nr_mode": 2,
          "edge_mode": 2,
          "focus_diopters": 1.0113112,
          "hot_pixel_mode": 2,
          "aberration_mode": 0,
          "shading_mode": 2,
          "tonemap_mode": 2,
          "face_detect_mode": 0,
          "ois_mode": 1,
          "video_stabilization_mode": 1,
          "capture_intent": 2
        },
        "result_sensor_timestamp_ns": 346066007019261,
        "result_frame_number": 120,
        "manual_phase": "disabled",
        "camera_id": "0",
        "options": {
          "capture_template": "still",
          "processing": "default",
          "focus_diopters": 1,
          "frame_ms": 0,
          "camera_id": "",
          "dump_characteristics": false
        }
      }
    },
    {
      "frame": 9,
      "variant": "template=still;processing=default;focus=1.0;frame_ms=0;camera=default",
      "power": {
        "requested": {
          "frame_duration_ns": 33000000,
          "exposure_ns": 10000000,
          "iso": 100,
          "ae_mode": 1,
          "af_mode": 0,
          "nr_mode": 2,
          "edge_mode": 2,
          "focus_diopters": 1,
          "hot_pixel_mode": 2,
          "aberration_mode": 0,
          "shading_mode": 2,
          "tonemap_mode": 2,
          "face_detect_mode": 0,
          "ois_mode": 1,
          "video_stabilization_mode": 1,
          "capture_intent": 2
        },
        "result": {
          "frame_duration_ns": 66703377,
          "exposure_ns": 66666316,
          "iso": 744,
          "ae_mode": 1,
          "af_mode": 0,
          "nr_mode": 2,
          "edge_mode": 2,
          "focus_diopters": 1.0113112,
          "hot_pixel_mode": 2,
          "aberration_mode": 0,
          "shading_mode": 2,
          "tonemap_mode": 2,
          "face_detect_mode": 0,
          "ois_mode": 1,
          "video_stabilization_mode": 1,
          "capture_intent": 2
        },
        "result_sensor_timestamp_ns": 346067071894781,
        "result_frame_number": 136,
        "manual_phase": "disabled",
        "camera_id": "0",
        "options": {
          "capture_template": "still",
          "processing": "default",
          "focus_diopters": 1,
          "frame_ms": 0,
          "camera_id": "",
          "dump_characteristics": false
        }
      }
    },
    {
      "frame": 10,
      "variant": "template=still;processing=default;focus=1.0;frame_ms=0;camera=default",
      "power": {
        "requested": {
          "frame_duration_ns": 33000000,
          "exposure_ns": 10000000,
          "iso": 100,
          "ae_mode": 1,
          "af_mode": 0,
          "nr_mode": 2,
          "edge_mode": 2,
          "focus_diopters": 1,
          "hot_pixel_mode": 2,
          "aberration_mode": 0,
          "shading_mode": 2,
          "tonemap_mode": 2,
          "face_detect_mode": 0,
          "ois_mode": 1,
          "video_stabilization_mode": 1,
          "capture_intent": 2
        },
        "result": {
          "frame_duration_ns": 66703377,
          "exposure_ns": 66666316,
          "iso": 744,
          "ae_mode": 1,
          "af_mode": 0,
          "nr_mode": 2,
          "edge_mode": 2,
          "focus_diopters": 1.0113112,
          "hot_pixel_mode": 2,
          "aberration_mode": 0,
          "shading_mode": 2,
          "tonemap_mode": 2,
          "face_detect_mode": 0,
          "ois_mode": 1,
          "video_stabilization_mode": 1,
          "capture_intent": 2
        },
        "result_sensor_timestamp_ns": 346068069342943,
        "result_frame_number": 151,
        "manual_phase": "disabled",
        "camera_id": "0",
        "options": {
          "capture_template": "still",
          "processing": "default",
          "focus_diopters": 1,
          "frame_ms": 0,
          "camera_id": "",
          "dump_characteristics": false
        }
      }
    },
    {
      "frame": 11,
      "variant": "template=still;processing=default;focus=1.0;frame_ms=0;camera=default",
      "power": {
        "requested": {
          "frame_duration_ns": 33000000,
          "exposure_ns": 10000000,
          "iso": 100,
          "ae_mode": 1,
          "af_mode": 0,
          "nr_mode": 2,
          "edge_mode": 2,
          "focus_diopters": 1,
          "hot_pixel_mode": 2,
          "aberration_mode": 0,
          "shading_mode": 2,
          "tonemap_mode": 2,
          "face_detect_mode": 0,
          "ois_mode": 1,
          "video_stabilization_mode": 1,
          "capture_intent": 2
        },
        "result": {
          "frame_duration_ns": 66703377,
          "exposure_ns": 66666316,
          "iso": 744,
          "ae_mode": 1,
          "af_mode": 0,
          "nr_mode": 2,
          "edge_mode": 2,
          "focus_diopters": 1.0113112,
          "hot_pixel_mode": 2,
          "aberration_mode": 0,
          "shading_mode": 2,
          "tonemap_mode": 2,
          "face_detect_mode": 0,
          "ois_mode": 1,
          "video_stabilization_mode": 1,
          "capture_intent": 2
        },
        "result_sensor_timestamp_ns": 346069067314813,
        "result_frame_number": 166,
        "manual_phase": "disabled",
        "camera_id": "0",
        "options": {
          "capture_template": "still",
          "processing": "default",
          "focus_diopters": 1,
          "frame_ms": 0,
          "camera_id": "",
          "dump_characteristics": false
        }
      }
    },
    {
      "frame": 12,
      "variant": "template=still;processing=default;focus=1.0;frame_ms=0;camera=default",
      "power": {
        "requested": {
          "frame_duration_ns": 33000000,
          "exposure_ns": 10000000,
          "iso": 100,
          "ae_mode": 1,
          "af_mode": 0,
          "nr_mode": 2,
          "edge_mode": 2,
          "focus_diopters": 1,
          "hot_pixel_mode": 2,
          "aberration_mode": 0,
          "shading_mode": 2,
          "tonemap_mode": 2,
          "face_detect_mode": 0,
          "ois_mode": 1,
          "video_stabilization_mode": 1,
          "capture_intent": 2
        },
        "result": {
          "frame_duration_ns": 66703377,
          "exposure_ns": 66666316,
          "iso": 744,
          "ae_mode": 1,
          "af_mode": 0,
          "nr_mode": 2,
          "edge_mode": 2,
          "focus_diopters": 1.0113112,
          "hot_pixel_mode": 2,
          "aberration_mode": 0,
          "shading_mode": 2,
          "tonemap_mode": 2,
          "face_detect_mode": 0,
          "ois_mode": 1,
          "video_stabilization_mode": 1,
          "capture_intent": 2
        },
        "result_sensor_timestamp_ns": 346070064973093,
        "result_frame_number": 181,
        "manual_phase": "disabled",
        "camera_id": "0",
        "options": {
          "capture_template": "still",
          "processing": "default",
          "focus_diopters": 1,
          "frame_ms": 0,
          "camera_id": "",
          "dump_characteristics": false
        }
      }
    },
    {
      "frame": 13,
      "variant": "template=still;processing=default;focus=1.0;frame_ms=0;camera=default",
      "power": {
        "requested": {
          "frame_duration_ns": 33000000,
          "exposure_ns": 10000000,
          "iso": 100,
          "ae_mode": 1,
          "af_mode": 0,
          "nr_mode": 2,
          "edge_mode": 2,
          "focus_diopters": 1,
          "hot_pixel_mode": 2,
          "aberration_mode": 0,
          "shading_mode": 2,
          "tonemap_mode": 2,
          "face_detect_mode": 0,
          "ois_mode": 1,
          "video_stabilization_mode": 1,
          "capture_intent": 2
        },
        "result": {
          "frame_duration_ns": 66703377,
          "exposure_ns": 66666316,
          "iso": 744,
          "ae_mode": 1,
          "af_mode": 0,
          "nr_mode": 2,
          "edge_mode": 2,
          "focus_diopters": 1.0113112,
          "hot_pixel_mode": 2,
          "aberration_mode": 0,
          "shading_mode": 2,
          "tonemap_mode": 2,
          "face_detect_mode": 0,
          "ois_mode": 1,
          "video_stabilization_mode": 1,
          "capture_intent": 2
        },
        "result_sensor_timestamp_ns": 346071063397533,
        "result_frame_number": 196,
        "manual_phase": "disabled",
        "camera_id": "0",
        "options": {
          "capture_template": "still",
          "processing": "default",
          "focus_diopters": 1,
          "frame_ms": 0,
          "camera_id": "",
          "dump_characteristics": false
        }
      }
    },
    {
      "frame": 14,
      "variant": "template=still;processing=default;focus=1.0;frame_ms=0;camera=default",
      "power": {
        "requested": {
          "frame_duration_ns": 33000000,
          "exposure_ns": 10000000,
          "iso": 100,
          "ae_mode": 1,
          "af_mode": 0,
          "nr_mode": 2,
          "edge_mode": 2,
          "focus_diopters": 1,
          "hot_pixel_mode": 2,
          "aberration_mode": 0,
          "shading_mode": 2,
          "tonemap_mode": 2,
          "face_detect_mode": 0,
          "ois_mode": 1,
          "video_stabilization_mode": 1,
          "capture_intent": 2
        },
        "result": {
          "frame_duration_ns": 66703377,
          "exposure_ns": 66666316,
          "iso": 744,
          "ae_mode": 1,
          "af_mode": 0,
          "nr_mode": 2,
          "edge_mode": 2,
          "focus_diopters": 1.0113112,
          "hot_pixel_mode": 2,
          "aberration_mode": 0,
          "shading_mode": 2,
          "tonemap_mode": 2,
          "face_detect_mode": 0,
          "ois_mode": 1,
          "video_stabilization_mode": 1,
          "capture_intent": 2
        },
        "result_sensor_timestamp_ns": 346072061107211,
        "result_frame_number": 211,
        "manual_phase": "disabled",
        "camera_id": "0",
        "options": {
          "capture_template": "still",
          "processing": "default",
          "focus_diopters": 1,
          "frame_ms": 0,
          "camera_id": "",
          "dump_characteristics": false
        }
      }
    },
    {
      "frame": 16,
      "variant": "template=still;processing=default;focus=1.0;frame_ms=0;camera=default",
      "power": {
        "requested": {
          "frame_duration_ns": 33000000,
          "exposure_ns": 10000000,
          "iso": 100,
          "ae_mode": 1,
          "af_mode": 0,
          "nr_mode": 2,
          "edge_mode": 2,
          "focus_diopters": 1,
          "hot_pixel_mode": 2,
          "aberration_mode": 0,
          "shading_mode": 2,
          "tonemap_mode": 2,
          "face_detect_mode": 0,
          "ois_mode": 1,
          "video_stabilization_mode": 1,
          "capture_intent": 2
        },
        "result": {
          "frame_duration_ns": 66703377,
          "exposure_ns": 66666316,
          "iso": 744,
          "ae_mode": 1,
          "af_mode": 0,
          "nr_mode": 2,
          "edge_mode": 2,
          "focus_diopters": 1.0113112,
          "hot_pixel_mode": 2,
          "aberration_mode": 0,
          "shading_mode": 2,
          "tonemap_mode": 2,
          "face_detect_mode": 0,
          "ois_mode": 1,
          "video_stabilization_mode": 1,
          "capture_intent": 2
        },
        "result_sensor_timestamp_ns": 346074057447403,
        "result_frame_number": 241,
        "manual_phase": "disabled",
        "camera_id": "0",
        "options": {
          "capture_template": "still",
          "processing": "default",
          "focus_diopters": 1,
          "frame_ms": 0,
          "camera_id": "",
          "dump_characteristics": false
        }
      }
    },
    {
      "frame": 17,
      "variant": "template=still;processing=default;focus=1.0;frame_ms=0;camera=default",
      "power": {
        "requested": {
          "frame_duration_ns": 33000000,
          "exposure_ns": 10000000,
          "iso": 100,
          "ae_mode": 1,
          "af_mode": 0,
          "nr_mode": 1,
          "edge_mode": 1,
          "focus_diopters": 1,
          "hot_pixel_mode": 1,
          "aberration_mode": 0,
          "shading_mode": 1,
          "tonemap_mode": 1,
          "face_detect_mode": 0,
          "ois_mode": 1,
          "video_stabilization_mode": 1,
          "capture_intent": 1
        },
        "result": {
          "frame_duration_ns": 66703377,
          "exposure_ns": 66666316,
          "iso": 744,
          "ae_mode": 1,
          "af_mode": 0,
          "nr_mode": 1,
          "edge_mode": 1,
          "focus_diopters": 1.0113112,
          "hot_pixel_mode": 1,
          "aberration_mode": 0,
          "shading_mode": 1,
          "tonemap_mode": 1,
          "face_detect_mode": 0,
          "ois_mode": 1,
          "video_stabilization_mode": 1,
          "capture_intent": 1
        },
        "result_sensor_timestamp_ns": 346075121459805,
        "result_frame_number": 257,
        "manual_phase": "disabled",
        "camera_id": "0",
        "options": {
          "capture_template": "still",
          "processing": "default",
          "focus_diopters": 1,
          "frame_ms": 0,
          "camera_id": "",
          "dump_characteristics": false
        }
      }
    },
    {
      "frame": 18,
      "variant": "template=still;processing=default;focus=1.0;frame_ms=0;camera=default",
      "power": {
        "requested": {
          "frame_duration_ns": 33000000,
          "exposure_ns": 10000000,
          "iso": 100,
          "ae_mode": 1,
          "af_mode": 0,
          "nr_mode": 1,
          "edge_mode": 1,
          "focus_diopters": 1,
          "hot_pixel_mode": 1,
          "aberration_mode": 0,
          "shading_mode": 1,
          "tonemap_mode": 1,
          "face_detect_mode": 0,
          "ois_mode": 1,
          "video_stabilization_mode": 1,
          "capture_intent": 1
        },
        "result": {
          "frame_duration_ns": 66703377,
          "exposure_ns": 66666316,
          "iso": 744,
          "ae_mode": 1,
          "af_mode": 0,
          "nr_mode": 1,
          "edge_mode": 1,
          "focus_diopters": 1.0113112,
          "hot_pixel_mode": 1,
          "aberration_mode": 0,
          "shading_mode": 1,
          "tonemap_mode": 1,
          "face_detect_mode": 0,
          "ois_mode": 1,
          "video_stabilization_mode": 1,
          "capture_intent": 1
        },
        "result_sensor_timestamp_ns": 346076117756295,
        "result_frame_number": 272,
        "manual_phase": "disabled",
        "camera_id": "0",
        "options": {
          "capture_template": "still",
          "processing": "default",
          "focus_diopters": 1,
          "frame_ms": 0,
          "camera_id": "",
          "dump_characteristics": false
        }
      }
    }
  ],
  "skin_slope_c_min": 0.7394752566553202,
  "android_status": "0.1s NONE(0)",
  "gate": {
    "at": "2026-10-03T00:46:20Z",
    "z9": 38000,
    "z10": 39000,
    "z11": 39000,
    "skin": 29.300201,
    "status": 0,
    "waited_s": 0,
    "warm_start": false
  },
  "heat_stop": null
}

manual_200 completed
{
  "mean_battery_w": 1.9880693642033835,
  "cpu_seconds": {
    "runner": 2.85,
    "llama_server": 0.0,
    "robotcam_app": 2.77,
    "camera_provider": 7.61
  },
  "start_to_first_fresh_s": 2.3819086109870113,
  "stop": {
    "stop_to_stopped_s": 3.661882529995637,
    "capture_stopped": true,
    "frames_seen": [],
    "unreadable_reads": 0,
    "check_s": 3.08,
    "force_stop_rc": 0,
    "force_stop_output": "",
    "pids_after_force_stop": []
  },
  "frames_ok": 18,
  "frames_failed": 19,
  "repeat_polls": 126,
  "age_median_s": 0.45602565398439765,
  "age_p95_s": 0.5464025709661655,
  "luma": {
    "median": 0.0049902343749999994,
    "min": 0.000224609375
  },
  "sharpness": {
    "median": 0.01188639689885685,
    "min": 0.0009295518373482062
  },
  "paired_diagnostics": 15,
  "applied_observations": [
    {
      "frame": 1,
      "variant": "template=still;processing=default;focus=auto;frame_ms=200;camera=default",
      "power": {
        "requested": {
          "frame_duration_ns": 200000000,
          "exposure_ns": 66666316,
          "iso": 744,
          "ae_mode": 0,
          "af_mode": 4,
          "nr_mode": 2,
          "edge_mode": 2,
          "focus_diopters": 0,
          "hot_pixel_mode": 2,
          "aberration_mode": 0,
          "shading_mode": 2,
          "tonemap_mode": 2,
          "face_detect_mode": 0,
          "ois_mode": 1,
          "video_stabilization_mode": 1,
          "capture_intent": 2
        },
        "result": {
          "frame_duration_ns": 200000000,
          "exposure_ns": 66661728,
          "iso": 743,
          "ae_mode": 0,
          "af_mode": 4,
          "nr_mode": 2,
          "edge_mode": 2,
          "focus_diopters": 9.835792,
          "hot_pixel_mode": 2,
          "aberration_mode": 0,
          "shading_mode": 2,
          "tonemap_mode": 2,
          "face_detect_mode": 0,
          "ois_mode": 1,
          "video_stabilization_mode": 1,
          "capture_intent": 2
        },
        "result_sensor_timestamp_ns": 346083247888954,
        "result_frame_number": 15,
        "manual_phase": "manual",
        "camera_id": "0",
        "options": {
          "capture_template": "still",
          "processing": "default",
          "focus_diopters": null,
          "frame_ms": 200,
          "camera_id": "",
          "dump_characteristics": false
        }
      }
    },
    {
      "frame": 2,
      "variant": "template=still;processing=default;focus=auto;frame_ms=200;camera=default",
      "power": {
        "requested": {
          "frame_duration_ns": 200000000,
          "exposure_ns": 66666316,
          "iso": 744,
          "ae_mode": 0,
          "af_mode": 4,
          "nr_mode": 2,
          "edge_mode": 2,
          "focus_diopters": 0,
          "hot_pixel_mode": 2,
          "aberration_mode": 0,
          "shading_mode": 2,
          "tonemap_mode": 2,
          "face_detect_mode": 0,
          "ois_mode": 1,
          "video_stabilization_mode": 1,
          "capture_intent": 2
        },
        "result": {
          "frame_duration_ns": 200000000,
          "exposure_ns": 66661728,
          "iso": 743,
          "ae_mode": 0,
          "af_mode": 4,
          "nr_mode": 2,
          "edge_mode": 2,
          "focus_diopters": 9.835792,
          "hot_pixel_mode": 2,
          "aberration_mode": 0,
          "shading_mode": 2,
          "tonemap_mode": 2,
          "face_detect_mode": 0,
          "ois_mode": 1,
          "video_stabilization_mode": 1,
          "capture_intent": 2
        },
        "result_sensor_timestamp_ns": 346084643626388,
        "result_frame_number": 22,
        "manual_phase": "manual",
        "camera_id": "0",
        "options": {
          "capture_template": "still",
          "processing": "default",
          "focus_diopters": null,
          "frame_ms": 200,
          "camera_id": "",
          "dump_characteristics": false
        }
      }
    },
    {
      "frame": 3,
      "variant": "template=still;processing=default;focus=auto;frame_ms=200;camera=default",
      "power": {
        "requested": {
          "frame_duration_ns": 200000000,
          "exposure_ns": 66666316,
          "iso": 744,
          "ae_mode": 0,
          "af_mode": 4,
          "nr_mode": 2,
          "edge_mode": 2,
          "focus_diopters": 0,
          "hot_pixel_mode": 2,
          "aberration_mode": 0,
          "shading_mode": 2,
          "tonemap_mode": 2,
          "face_detect_mode": 0,
          "ois_mode": 1,
          "video_stabilization_mode": 1,
          "capture_intent": 2
        },
        "result": {
          "frame_duration_ns": 200000000,
          "exposure_ns": 66661728,
          "iso": 743,
          "ae_mode": 0,
          "af_mode": 4,
          "nr_mode": 2,
          "edge_mode": 2,
          "focus_diopters": 9.835792,
          "hot_pixel_mode": 2,
          "aberration_mode": 0,
          "shading_mode": 2,
          "tonemap_mode": 2,
          "face_detect_mode": 0,
          "ois_mode": 1,
          "video_stabilization_mode": 1,
          "capture_intent": 2
        },
        "result_sensor_timestamp_ns": 346085641599661,
        "result_frame_number": 27,
        "manual_phase": "manual",
        "camera_id": "0",
        "options": {
          "capture_template": "still",
          "processing": "default",
          "focus_diopters": null,
          "frame_ms": 200,
          "camera_id": "",
          "dump_characteristics": false
        }
      }
    },
    {
      "frame": 5,
      "variant": "template=still;processing=default;focus=auto;frame_ms=200;camera=default",
      "power": {
        "requested": {
          "frame_duration_ns": 200000000,
          "exposure_ns": 66666316,
          "iso": 744,
          "ae_mode": 0,
          "af_mode": 4,
          "nr_mode": 2,
          "edge_mode": 2,
          "focus_diopters": 0,
          "hot_pixel_mode": 2,
          "aberration_mode": 0,
          "shading_mode": 2,
          "tonemap_mode": 2,
          "face_detect_mode": 0,
          "ois_mode": 1,
          "video_stabilization_mode": 1,
          "capture_intent": 2
        },
        "result": {
          "frame_duration_ns": 200000000,
          "exposure_ns": 66661728,
          "iso": 743,
          "ae_mode": 0,
          "af_mode": 4,
          "nr_mode": 2,
          "edge_mode": 2,
          "focus_diopters": 9.835792,
          "hot_pixel_mode": 2,
          "aberration_mode": 0,
          "shading_mode": 2,
          "tonemap_mode": 2,
          "face_detect_mode": 0,
          "ois_mode": 1,
          "video_stabilization_mode": 1,
          "capture_intent": 2
        },
        "result_sensor_timestamp_ns": 346087636413039,
        "result_frame_number": 37,
        "manual_phase": "manual",
        "camera_id": "0",
        "options": {
          "capture_template": "still",
          "processing": "default",
          "focus_diopters": null,
          "frame_ms": 200,
          "camera_id": "",
          "dump_characteristics": false
        }
      }
    },
    {
      "frame": 6,
      "variant": "template=still;processing=default;focus=auto;frame_ms=200;camera=default",
      "power": {
        "requested": {
          "frame_duration_ns": 200000000,
          "exposure_ns": 66666316,
          "iso": 744,
          "ae_mode": 0,
          "af_mode": 4,
          "nr_mode": 2,
          "edge_mode": 2,
          "focus_diopters": 0,
          "hot_pixel_mode": 2,
          "aberration_mode": 0,
          "shading_mode": 2,
          "tonemap_mode": 2,
          "face_detect_mode": 0,
          "ois_mode": 1,
          "video_stabilization_mode": 1,
          "capture_intent": 2
        },
        "result": {
          "frame_duration_ns": 200000000,
          "exposure_ns": 66661728,
          "iso": 743,
          "ae_mode": 0,
          "af_mode": 4,
          "nr_mode": 2,
          "edge_mode": 2,
          "focus_diopters": 9.835792,
          "hot_pixel_mode": 2,
          "aberration_mode": 0,
          "shading_mode": 2,
          "tonemap_mode": 2,
          "face_detect_mode": 0,
          "ois_mode": 1,
          "video_stabilization_mode": 1,
          "capture_intent": 2
        },
        "result_sensor_timestamp_ns": 346088633804892,
        "result_frame_number": 42,
        "manual_phase": "manual",
        "camera_id": "0",
        "options": {
          "capture_template": "still",
          "processing": "default",
          "focus_diopters": null,
          "frame_ms": 200,
          "camera_id": "",
          "dump_characteristics": false
        }
      }
    },
    {
      "frame": 7,
      "variant": "template=still;processing=default;focus=auto;frame_ms=200;camera=default",
      "power": {
        "requested": {
          "frame_duration_ns": 200000000,
          "exposure_ns": 66666316,
          "iso": 744,
          "ae_mode": 0,
          "af_mode": 4,
          "nr_mode": 2,
          "edge_mode": 2,
          "focus_diopters": 0,
          "hot_pixel_mode": 2,
          "aberration_mode": 0,
          "shading_mode": 2,
          "tonemap_mode": 2,
          "face_detect_mode": 0,
          "ois_mode": 1,
          "video_stabilization_mode": 1,
          "capture_intent": 2
        },
        "result": {
          "frame_duration_ns": 200000000,
          "exposure_ns": 66661728,
          "iso": 743,
          "ae_mode": 0,
          "af_mode": 4,
          "nr_mode": 2,
          "edge_mode": 2,
          "focus_diopters": 9.835792,
          "hot_pixel_mode": 2,
          "aberration_mode": 0,
          "shading_mode": 2,
          "tonemap_mode": 2,
          "face_detect_mode": 0,
          "ois_mode": 1,
          "video_stabilization_mode": 1,
          "capture_intent": 2
        },
        "result_sensor_timestamp_ns": 346089631196743,
        "result_frame_number": 47,
        "manual_phase": "manual",
        "camera_id": "0",
        "options": {
          "capture_template": "still",
          "processing": "default",
          "focus_diopters": null,
          "frame_ms": 200,
          "camera_id": "",
          "dump_characteristics": false
        }
      }
    },
    {
      "frame": 8,
      "variant": "template=still;processing=default;focus=auto;frame_ms=200;camera=default",
      "power": {
        "requested": {
          "frame_duration_ns": 200000000,
          "exposure_ns": 66666316,
          "iso": 744,
          "ae_mode": 0,
          "af_mode": 4,
          "nr_mode": 2,
          "edge_mode": 2,
          "focus_diopters": 0,
          "hot_pixel_mode": 2,
          "aberration_mode": 0,
          "shading_mode": 2,
          "tonemap_mode": 2,
          "face_detect_mode": 0,
          "ois_mode": 1,
          "video_stabilization_mode": 1,
          "capture_intent": 2
        },
        "result": {
          "frame_duration_ns": 200000000,
          "exposure_ns": 66661728,
          "iso": 743,
          "ae_mode": 0,
          "af_mode": 4,
          "nr_mode": 2,
          "edge_mode": 2,
          "focus_diopters": 9.835792,
          "hot_pixel_mode": 2,
          "aberration_mode": 0,
          "shading_mode": 2,
          "tonemap_mode": 2,
          "face_detect_mode": 0,
          "ois_mode": 1,
          "video_stabilization_mode": 1,
          "capture_intent": 2
        },
        "result_sensor_timestamp_ns": 346090628588556,
        "result_frame_number": 52,
        "manual_phase": "manual",
        "camera_id": "0",
        "options": {
          "capture_template": "still",
          "processing": "default",
          "focus_diopters": null,
          "frame_ms": 200,
          "camera_id": "",
          "dump_characteristics": false
        }
      }
    },
    {
      "frame": 10,
      "variant": "template=still;processing=default;focus=auto;frame_ms=200;camera=default",
      "power": {
        "requested": {
          "frame_duration_ns": 200000000,
          "exposure_ns": 66666316,
          "iso": 744,
          "ae_mode": 0,
          "af_mode": 4,
          "nr_mode": 2,
          "edge_mode": 2,
          "focus_diopters": 0,
          "hot_pixel_mode": 2,
          "aberration_mode": 0,
          "shading_mode": 2,
          "tonemap_mode": 2,
          "face_detect_mode": 0,
          "ois_mode": 1,
          "video_stabilization_mode": 1,
          "capture_intent": 2
        },
        "result": {
          "frame_duration_ns": 200000000,
          "exposure_ns": 66661728,
          "iso": 743,
          "ae_mode": 0,
          "af_mode": 4,
          "nr_mode": 2,
          "edge_mode": 2,
          "focus_diopters": 9.835792,
          "hot_pixel_mode": 2,
          "aberration_mode": 0,
          "shading_mode": 2,
          "tonemap_mode": 2,
          "face_detect_mode": 0,
          "ois_mode": 1,
          "video_stabilization_mode": 1,
          "capture_intent": 2
        },
        "result_sensor_timestamp_ns": 346092623716188,
        "result_frame_number": 62,
        "manual_phase": "manual",
        "camera_id": "0",
        "options": {
          "capture_template": "still",
          "processing": "default",
          "focus_diopters": null,
          "frame_ms": 200,
          "camera_id": "",
          "dump_characteristics": false
        }
      }
    },
    {
      "frame": 11,
      "variant": "template=still;processing=default;focus=auto;frame_ms=200;camera=default",
      "power": {
        "requested": {
          "frame_duration_ns": 200000000,
          "exposure_ns": 66666316,
          "iso": 744,
          "ae_mode": 0,
          "af_mode": 4,
          "nr_mode": 2,
          "edge_mode": 2,
          "focus_diopters": 0,
          "hot_pixel_mode": 2,
          "aberration_mode": 0,
          "shading_mode": 2,
          "tonemap_mode": 2,
          "face_detect_mode": 0,
          "ois_mode": 1,
          "video_stabilization_mode": 1,
          "capture_intent": 2
        },
        "result": {
          "frame_duration_ns": 200000000,
          "exposure_ns": 66661728,
          "iso": 743,
          "ae_mode": 0,
          "af_mode": 4,
          "nr_mode": 2,
          "edge_mode": 2,
          "focus_diopters": 9.835792,
          "hot_pixel_mode": 2,
          "aberration_mode": 0,
          "shading_mode": 2,
          "tonemap_mode": 2,
          "face_detect_mode": 0,
          "ois_mode": 1,
          "video_stabilization_mode": 1,
          "capture_intent": 2
        },
        "result_sensor_timestamp_ns": 346093620764113,
        "result_frame_number": 67,
        "manual_phase": "manual",
        "camera_id": "0",
        "options": {
          "capture_template": "still",
          "processing": "default",
          "focus_diopters": null,
          "frame_ms": 200,
          "camera_id": "",
          "dump_characteristics": false
        }
      }
    },
    {
      "frame": 12,
      "variant": "template=still;processing=default;focus=auto;frame_ms=200;camera=default",
      "power": {
        "requested": {
          "frame_duration_ns": 200000000,
          "exposure_ns": 66666316,
          "iso": 744,
          "ae_mode": 0,
          "af_mode": 4,
          "nr_mode": 2,
          "edge_mode": 2,
          "focus_diopters": 0,
          "hot_pixel_mode": 2,
          "aberration_mode": 0,
          "shading_mode": 2,
          "tonemap_mode": 2,
          "face_detect_mode": 0,
          "ois_mode": 1,
          "video_stabilization_mode": 1,
          "capture_intent": 2
        },
        "result": {
          "frame_duration_ns": 200000000,
          "exposure_ns": 66661728,
          "iso": 743,
          "ae_mode": 0,
          "af_mode": 4,
          "nr_mode": 2,
          "edge_mode": 2,
          "focus_diopters": 9.835792,
          "hot_pixel_mode": 2,
          "aberration_mode": 0,
          "shading_mode": 2,
          "tonemap_mode": 2,
          "face_detect_mode": 0,
          "ois_mode": 1,
          "video_stabilization_mode": 1,
          "capture_intent": 2
        },
        "result_sensor_timestamp_ns": 346094618155924,
        "result_frame_number": 72,
        "manual_phase": "manual",
        "camera_id": "0",
        "options": {
          "capture_template": "still",
          "processing": "default",
          "focus_diopters": null,
          "frame_ms": 200,
          "camera_id": "",
          "dump_characteristics": false
        }
      }
    },
    {
      "frame": 13,
      "variant": "template=still;processing=default;focus=auto;frame_ms=200;camera=default",
      "power": {
        "requested": {
          "frame_duration_ns": 200000000,
          "exposure_ns": 66666316,
          "iso": 744,
          "ae_mode": 0,
          "af_mode": 4,
          "nr_mode": 2,
          "edge_mode": 2,
          "focus_diopters": 0,
          "hot_pixel_mode": 2,
          "aberration_mode": 0,
          "shading_mode": 2,
          "tonemap_mode": 2,
          "face_detect_mode": 0,
          "ois_mode": 1,
          "video_stabilization_mode": 1,
          "capture_intent": 2
        },
        "result": {
          "frame_duration_ns": 200000000,
          "exposure_ns": 66661728,
          "iso": 743,
          "ae_mode": 0,
          "af_mode": 4,
          "nr_mode": 2,
          "edge_mode": 2,
          "focus_diopters": 9.835792,
          "hot_pixel_mode": 2,
          "aberration_mode": 0,
          "shading_mode": 2,
          "tonemap_mode": 2,
          "face_detect_mode": 0,
          "ois_mode": 1,
          "video_stabilization_mode": 1,
          "capture_intent": 2
        },
        "result_sensor_timestamp_ns": 346095615421438,
        "result_frame_number": 77,
        "manual_phase": "manual",
        "camera_id": "0",
        "options": {
          "capture_template": "still",
          "processing": "default",
          "focus_diopters": null,
          "frame_ms": 200,
          "camera_id": "",
          "dump_characteristics": false
        }
      }
    },
    {
      "frame": 14,
      "variant": "template=still;processing=default;focus=auto;frame_ms=200;camera=default",
      "power": {
        "requested": {
          "frame_duration_ns": 200000000,
          "exposure_ns": 66666316,
          "iso": 744,
          "ae_mode": 0,
          "af_mode": 4,
          "nr_mode": 2,
          "edge_mode": 2,
          "focus_diopters": 0,
          "hot_pixel_mode": 2,
          "aberration_mode": 0,
          "shading_mode": 2,
          "tonemap_mode": 2,
          "face_detect_mode": 0,
          "ois_mode": 1,
          "video_stabilization_mode": 1,
          "capture_intent": 2
        },
        "result": {
          "frame_duration_ns": 200000000,
          "exposure_ns": 66661728,
          "iso": 743,
          "ae_mode": 0,
          "af_mode": 4,
          "nr_mode": 2,
          "edge_mode": 2,
          "focus_diopters": 9.835792,
          "hot_pixel_mode": 2,
          "aberration_mode": 0,
          "shading_mode": 2,
          "tonemap_mode": 2,
          "face_detect_mode": 0,
          "ois_mode": 1,
          "video_stabilization_mode": 1,
          "capture_intent": 2
        },
        "result_sensor_timestamp_ns": 346096612939588,
        "result_frame_number": 82,
        "manual_phase": "manual",
        "camera_id": "0",
        "options": {
          "capture_template": "still",
          "processing": "default",
          "focus_diopters": null,
          "frame_ms": 200,
          "camera_id": "",
          "dump_characteristics": false
        }
      }
    },
    {
      "frame": 15,
      "variant": "template=still;processing=default;focus=auto;frame_ms=200;camera=default",
      "power": {
        "requested": {
          "frame_duration_ns": 200000000,
          "exposure_ns": 66666316,
          "iso": 744,
          "ae_mode": 0,
          "af_mode": 4,
          "nr_mode": 2,
          "edge_mode": 2,
          "focus_diopters": 0,
          "hot_pixel_mode": 2,
          "aberration_mode": 0,
          "shading_mode": 2,
          "tonemap_mode": 2,
          "face_detect_mode": 0,
          "ois_mode": 1,
          "video_stabilization_mode": 1,
          "capture_intent": 2
        },
        "result": {
          "frame_duration_ns": 200000000,
          "exposure_ns": 66661728,
          "iso": 743,
          "ae_mode": 0,
          "af_mode": 4,
          "nr_mode": 2,
          "edge_mode": 2,
          "focus_diopters": 9.835792,
          "hot_pixel_mode": 2,
          "aberration_mode": 0,
          "shading_mode": 2,
          "tonemap_mode": 2,
          "face_detect_mode": 0,
          "ois_mode": 1,
          "video_stabilization_mode": 1,
          "capture_intent": 2
        },
        "result_sensor_timestamp_ns": 346097610331481,
        "result_frame_number": 87,
        "manual_phase": "manual",
        "camera_id": "0",
        "options": {
          "capture_template": "still",
          "processing": "default",
          "focus_diopters": null,
          "frame_ms": 200,
          "camera_id": "",
          "dump_characteristics": false
        }
      }
    },
    {
      "frame": 16,
      "variant": "template=still;processing=default;focus=auto;frame_ms=200;camera=default",
      "power": {
        "requested": {
          "frame_duration_ns": 200000000,
          "exposure_ns": 66666316,
          "iso": 744,
          "ae_mode": 0,
          "af_mode": 4,
          "nr_mode": 2,
          "edge_mode": 2,
          "focus_diopters": 0,
          "hot_pixel_mode": 2,
          "aberration_mode": 0,
          "shading_mode": 2,
          "tonemap_mode": 2,
          "face_detect_mode": 0,
          "ois_mode": 1,
          "video_stabilization_mode": 1,
          "capture_intent": 2
        },
        "result": {
          "frame_duration_ns": 200000000,
          "exposure_ns": 66661728,
          "iso": 743,
          "ae_mode": 0,
          "af_mode": 4,
          "nr_mode": 2,
          "edge_mode": 2,
          "focus_diopters": 9.835792,
          "hot_pixel_mode": 2,
          "aberration_mode": 0,
          "shading_mode": 2,
          "tonemap_mode": 2,
          "face_detect_mode": 0,
          "ois_mode": 1,
          "video_stabilization_mode": 1,
          "capture_intent": 2
        },
        "result_sensor_timestamp_ns": 346098607723292,
        "result_frame_number": 92,
        "manual_phase": "manual",
        "camera_id": "0",
        "options": {
          "capture_template": "still",
          "processing": "default",
          "focus_diopters": null,
          "frame_ms": 200,
          "camera_id": "",
          "dump_characteristics": false
        }
      }
    },
    {
      "frame": 17,
      "variant": "template=still;processing=default;focus=auto;frame_ms=200;camera=default",
      "power": {
        "requested": {
          "frame_duration_ns": 200000000,
          "exposure_ns": 66666316,
          "iso": 744,
          "ae_mode": 0,
          "af_mode": 4,
          "nr_mode": 2,
          "edge_mode": 2,
          "focus_diopters": 0,
          "hot_pixel_mode": 2,
          "aberration_mode": 0,
          "shading_mode": 2,
          "tonemap_mode": 2,
          "face_detect_mode": 0,
          "ois_mode": 1,
          "video_stabilization_mode": 1,
          "capture_intent": 2
        },
        "result": {
          "frame_duration_ns": 200000000,
          "exposure_ns": 66661728,
          "iso": 743,
          "ae_mode": 0,
          "af_mode": 4,
          "nr_mode": 2,
          "edge_mode": 2,
          "focus_diopters": 9.835792,
          "hot_pixel_mode": 2,
          "aberration_mode": 0,
          "shading_mode": 2,
          "tonemap_mode": 2,
          "face_detect_mode": 0,
          "ois_mode": 1,
          "video_stabilization_mode": 1,
          "capture_intent": 2
        },
        "result_sensor_timestamp_ns": 346099606504319,
        "result_frame_number": 97,
        "manual_phase": "manual",
        "camera_id": "0",
        "options": {
          "capture_template": "still",
          "processing": "default",
          "focus_diopters": null,
          "frame_ms": 200,
          "camera_id": "",
          "dump_characteristics": false
        }
      }
    }
  ],
  "skin_slope_c_min": 0.6582912186925002,
  "android_status": "0.1s NONE(0)",
  "gate": {
    "at": "2026-10-03T00:46:45Z",
    "z9": 38000,
    "z10": 37000,
    "z11": 38000,
    "skin": 29.5251,
    "status": 0,
    "waited_s": 0,
    "warm_start": false
  },
  "heat_stop": null
}

manual_500 INCOMPLETE
{
  "mean_battery_w": 1.852951998094579,
  "cpu_seconds": {
    "runner": 2.65,
    "llama_server": 0.0,
    "robotcam_app": 1.65,
    "camera_provider": 4.27
  },
  "start_to_first_fresh_s": 3.3445697040006053,
  "stop": {
    "stop_to_stopped_s": 3.7254843359987717,
    "capture_stopped": true,
    "frames_seen": [],
    "unreadable_reads": 0,
    "check_s": 3.09,
    "force_stop_rc": 0,
    "force_stop_output": "",
    "pids_after_force_stop": []
  },
  "frames_ok": 6,
  "frames_failed": 105,
  "repeat_polls": 56,
  "age_median_s": 0.790085579501465,
  "age_p95_s": 0.8677934079896659,
  "luma": {
    "median": 0.001357421875,
    "min": 0.000576171875
  },
  "sharpness": {
    "median": 0.0035451520460046872,
    "min": 0.0018887693425928165
  },
  "paired_diagnostics": 5,
  "applied_observations": [
    {
      "frame": 1,
      "variant": "template=still;processing=default;focus=auto;frame_ms=500;camera=default",
      "power": {
        "requested": {
          "frame_duration_ns": 500000000,
          "exposure_ns": 66666316,
          "iso": 744,
          "ae_mode": 0,
          "af_mode": 4,
          "nr_mode": 2,
          "edge_mode": 2,
          "focus_diopters": 0,
          "hot_pixel_mode": 2,
          "aberration_mode": 0,
          "shading_mode": 2,
          "tonemap_mode": 2,
          "face_detect_mode": 0,
          "ois_mode": 1,
          "video_stabilization_mode": 1,
          "capture_intent": 2
        },
        "result": {
          "frame_duration_ns": 500000000,
          "exposure_ns": 66661728,
          "iso": 743,
          "ae_mode": 0,
          "af_mode": 4,
          "nr_mode": 2,
          "edge_mode": 2,
          "focus_diopters": 9.14405,
          "hot_pixel_mode": 2,
          "aberration_mode": 0,
          "shading_mode": 2,
          "tonemap_mode": 2,
          "face_detect_mode": 0,
          "ois_mode": 1,
          "video_stabilization_mode": 1,
          "capture_intent": 2
        },
        "result_sensor_timestamp_ns": 346107873107607,
        "result_frame_number": 15,
        "manual_phase": "manual",
        "camera_id": "0",
        "options": {
          "capture_template": "still",
          "processing": "default",
          "focus_diopters": null,
          "frame_ms": 500,
          "camera_id": "",
          "dump_characteristics": false
        }
      }
    },
    {
      "frame": 2,
      "variant": "template=still;processing=default;focus=auto;frame_ms=500;camera=default",
      "power": {
        "requested": {
          "frame_duration_ns": 500000000,
          "exposure_ns": 66666316,
          "iso": 744,
          "ae_mode": 0,
          "af_mode": 4,
          "nr_mode": 2,
          "edge_mode": 2,
          "focus_diopters": 0,
          "hot_pixel_mode": 2,
          "aberration_mode": 0,
          "shading_mode": 2,
          "tonemap_mode": 2,
          "face_detect_mode": 0,
          "ois_mode": 1,
          "video_stabilization_mode": 1,
          "capture_intent": 2
        },
        "result": {
          "frame_duration_ns": 500000000,
          "exposure_ns": 66661728,
          "iso": 743,
          "ae_mode": 0,
          "af_mode": 4,
          "nr_mode": 2,
          "edge_mode": 2,
          "focus_diopters": 9.835792,
          "hot_pixel_mode": 2,
          "aberration_mode": 0,
          "shading_mode": 2,
          "tonemap_mode": 2,
          "face_detect_mode": 0,
          "ois_mode": 1,
          "video_stabilization_mode": 1,
          "capture_intent": 2
        },
        "result_sensor_timestamp_ns": 346110366587197,
        "result_frame_number": 20,
        "manual_phase": "manual",
        "camera_id": "0",
        "options": {
          "capture_template": "still",
          "processing": "default",
          "focus_diopters": null,
          "frame_ms": 500,
          "camera_id": "",
          "dump_characteristics": false
        }
      }
    },
    {
      "frame": 3,
      "variant": "template=still;processing=default;focus=auto;frame_ms=500;camera=default",
      "power": {
        "requested": {
          "frame_duration_ns": 500000000,
          "exposure_ns": 66666316,
          "iso": 744,
          "ae_mode": 0,
          "af_mode": 4,
          "nr_mode": 2,
          "edge_mode": 2,
          "focus_diopters": 0,
          "hot_pixel_mode": 2,
          "aberration_mode": 0,
          "shading_mode": 2,
          "tonemap_mode": 2,
          "face_detect_mode": 0,
          "ois_mode": 1,
          "video_stabilization_mode": 1,
          "capture_intent": 2
        },
        "result": {
          "frame_duration_ns": 500000000,
          "exposure_ns": 66661728,
          "iso": 743,
          "ae_mode": 0,
          "af_mode": 4,
          "nr_mode": 2,
          "edge_mode": 2,
          "focus_diopters": 9.835792,
          "hot_pixel_mode": 2,
          "aberration_mode": 0,
          "shading_mode": 2,
          "tonemap_mode": 2,
          "face_detect_mode": 0,
          "ois_mode": 1,
          "video_stabilization_mode": 1,
          "capture_intent": 2
        },
        "result_sensor_timestamp_ns": 346113358762754,
        "result_frame_number": 26,
        "manual_phase": "manual",
        "camera_id": "0",
        "options": {
          "capture_template": "still",
          "processing": "default",
          "focus_diopters": null,
          "frame_ms": 500,
          "camera_id": "",
          "dump_characteristics": false
        }
      }
    },
    {
      "frame": 4,
      "variant": "template=still;processing=default;focus=auto;frame_ms=500;camera=default",
      "power": {
        "requested": {
          "frame_duration_ns": 500000000,
          "exposure_ns": 66666316,
          "iso": 744,
          "ae_mode": 0,
          "af_mode": 4,
          "nr_mode": 2,
          "edge_mode": 2,
          "focus_diopters": 0,
          "hot_pixel_mode": 2,
          "aberration_mode": 0,
          "shading_mode": 2,
          "tonemap_mode": 2,
          "face_detect_mode": 0,
          "ois_mode": 1,
          "video_stabilization_mode": 1,
          "capture_intent": 2
        },
        "result": {
          "frame_duration_ns": 500000000,
          "exposure_ns": 66661728,
          "iso": 743,
          "ae_mode": 0,
          "af_mode": 4,
          "nr_mode": 2,
          "edge_mode": 2,
          "focus_diopters": 9.835792,
          "hot_pixel_mode": 2,
          "aberration_mode": 0,
          "shading_mode": 2,
          "tonemap_mode": 2,
          "face_detect_mode": 0,
          "ois_mode": 1,
          "video_stabilization_mode": 1,
          "capture_intent": 2
        },
        "result_sensor_timestamp_ns": 346116351197332,
        "result_frame_number": 32,
        "manual_phase": "manual",
        "camera_id": "0",
        "options": {
          "capture_template": "still",
          "processing": "default",
          "focus_diopters": null,
          "frame_ms": 500,
          "camera_id": "",
          "dump_characteristics": false
        }
      }
    },
    {
      "frame": 6,
      "variant": "template=still;processing=default;focus=auto;frame_ms=500;camera=default",
      "power": {
        "requested": {
          "frame_duration_ns": 500000000,
          "exposure_ns": 66666316,
          "iso": 744,
          "ae_mode": 0,
          "af_mode": 4,
          "nr_mode": 2,
          "edge_mode": 2,
          "focus_diopters": 0,
          "hot_pixel_mode": 2,
          "aberration_mode": 0,
          "shading_mode": 2,
          "tonemap_mode": 2,
          "face_detect_mode": 0,
          "ois_mode": 1,
          "video_stabilization_mode": 1,
          "capture_intent": 2
        },
        "result": {
          "frame_duration_ns": 500000000,
          "exposure_ns": 66661728,
          "iso": 743,
          "ae_mode": 0,
          "af_mode": 4,
          "nr_mode": 2,
          "edge_mode": 2,
          "focus_diopters": 9.835792,
          "hot_pixel_mode": 2,
          "aberration_mode": 0,
          "shading_mode": 2,
          "tonemap_mode": 2,
          "face_detect_mode": 0,
          "ois_mode": 1,
          "video_stabilization_mode": 1,
          "capture_intent": 2
        },
        "result_sensor_timestamp_ns": 346122335310616,
        "result_frame_number": 44,
        "manual_phase": "manual",
        "camera_id": "0",
        "options": {
          "capture_template": "still",
          "processing": "default",
          "focus_diopters": null,
          "frame_ms": 500,
          "camera_id": "",
          "dump_characteristics": false
        }
      }
    }
  ],
  "skin_slope_c_min": 0.2785348340201737,
  "android_status": "0.1s NONE(0)",
  "gate": {
    "at": "2026-10-03T00:47:06Z",
    "z9": 36000,
    "z10": 36000,
    "z11": 36000,
    "skin": 29.675802,
    "status": 0,
    "waited_s": 0,
    "warm_start": false
  },
  "heat_stop": null
}

mode_A completed
{
  "mean_battery_w": 2.5458694278465956,
  "cpu_seconds": {
    "runner": 3.2,
    "llama_server": 0.0,
    "robotcam_app": 4.07,
    "camera_provider": 17.17
  },
  "start_to_first_fresh_s": 0.9640748290112242,
  "stop": {
    "stop_to_stopped_s": 3.667152142006671,
    "capture_stopped": true,
    "frames_seen": [],
    "unreadable_reads": 0,
    "check_s": 3.08,
    "force_stop_rc": 0,
    "force_stop_output": "",
    "pids_after_force_stop": []
  },
  "frames_ok": 19,
  "frames_failed": 6,
  "repeat_polls": 133,
  "age_median_s": 0.3144349430222064,
  "age_p95_s": 0.42272912501357496,
  "luma": {
    "median": 4.342919921875,
    "min": 2.1103515625
  },
  "sharpness": {
    "median": 1.2487439092124006,
    "min": 0.9993462371829527
  },
  "paired_diagnostics": 16,
  "applied_observations": [
    {
      "frame": 1,
      "variant": "template=still;processing=default;focus=auto;frame_ms=0;camera=default",
      "power": {
        "requested": {
          "frame_duration_ns": 33000000,
          "exposure_ns": 10000000,
          "iso": 100,
          "ae_mode": 1,
          "af_mode": 4,
          "nr_mode": 1,
          "edge_mode": 1,
          "focus_diopters": 0,
          "hot_pixel_mode": 1,
          "aberration_mode": 0,
          "shading_mode": 1,
          "tonemap_mode": 1,
          "face_detect_mode": 0,
          "ois_mode": 1,
          "video_stabilization_mode": 1,
          "capture_intent": 1
        },
        "result": {
          "frame_duration_ns": 66671255,
          "exposure_ns": 66634197,
          "iso": 744,
          "ae_mode": 1,
          "af_mode": 4,
          "nr_mode": 1,
          "edge_mode": 1,
          "focus_diopters": 3.279387,
          "hot_pixel_mode": 1,
          "aberration_mode": 0,
          "shading_mode": 1,
          "tonemap_mode": 1,
          "face_detect_mode": 0,
          "ois_mode": 1,
          "video_stabilization_mode": 1,
          "capture_intent": 1
        },
        "result_sensor_timestamp_ns": 346130138746953,
        "result_frame_number": 1,
        "manual_phase": "disabled",
        "camera_id": "0",
        "options": {
          "capture_template": "still",
          "processing": "default",
          "focus_diopters": null,
          "frame_ms": 0,
          "camera_id": "",
          "dump_characteristics": false
        }
      }
    },
    {
      "frame": 2,
      "variant": "template=still;processing=default;focus=auto;frame_ms=0;camera=default",
      "power": {
        "requested": {
          "frame_duration_ns": 33000000,
          "exposure_ns": 10000000,
          "iso": 100,
          "ae_mode": 1,
          "af_mode": 4,
          "nr_mode": 1,
          "edge_mode": 1,
          "focus_diopters": 0,
          "hot_pixel_mode": 1,
          "aberration_mode": 0,
          "shading_mode": 1,
          "tonemap_mode": 1,
          "face_detect_mode": 0,
          "ois_mode": 1,
          "video_stabilization_mode": 1,
          "capture_intent": 1
        },
        "result": {
          "frame_duration_ns": 66703377,
          "exposure_ns": 66666316,
          "iso": 744,
          "ae_mode": 1,
          "af_mode": 4,
          "nr_mode": 1,
          "edge_mode": 1,
          "focus_diopters": 9.175643,
          "hot_pixel_mode": 1,
          "aberration_mode": 0,
          "shading_mode": 1,
          "tonemap_mode": 1,
          "face_detect_mode": 0,
          "ois_mode": 1,
          "video_stabilization_mode": 1,
          "capture_intent": 1
        },
        "result_sensor_timestamp_ns": 346131003560513,
        "result_frame_number": 14,
        "manual_phase": "disabled",
        "camera_id": "0",
        "options": {
          "capture_template": "still",
          "processing": "default",
          "focus_diopters": null,
          "frame_ms": 0,
          "camera_id": "",
          "dump_characteristics": false
        }
      }
    },
    {
      "frame": 3,
      "variant": "template=still;processing=default;focus=auto;frame_ms=0;camera=default",
      "power": {
        "requested": {
          "frame_duration_ns": 33000000,
          "exposure_ns": 10000000,
          "iso": 100,
          "ae_mode": 1,
          "af_mode": 4,
          "nr_mode": 1,
          "edge_mode": 1,
          "focus_diopters": 0,
          "hot_pixel_mode": 1,
          "aberration_mode": 0,
          "shading_mode": 1,
          "tonemap_mode": 1,
          "face_detect_mode": 0,
          "ois_mode": 1,
          "video_stabilization_mode": 1,
          "capture_intent": 1
        },
        "result": {
          "frame_duration_ns": 66703377,
          "exposure_ns": 66666316,
          "iso": 744,
          "ae_mode": 1,
          "af_mode": 4,
          "nr_mode": 1,
          "edge_mode": 1,
          "focus_diopters": 9.175643,
          "hot_pixel_mode": 1,
          "aberration_mode": 0,
          "shading_mode": 1,
          "tonemap_mode": 1,
          "face_detect_mode": 0,
          "ois_mode": 1,
          "video_stabilization_mode": 1,
          "capture_intent": 1
        },
        "result_sensor_timestamp_ns": 346132068042422,
        "result_frame_number": 30,
        "manual_phase": "disabled",
        "camera_id": "0",
        "options": {
          "capture_template": "still",
          "processing": "default",
          "focus_diopters": null,
          "frame_ms": 0,
          "camera_id": "",
          "dump_characteristics": false
        }
      }
    },
    {
      "frame": 4,
      "variant": "template=still;processing=default;focus=auto;frame_ms=0;camera=default",
      "power": {
        "requested": {
          "frame_duration_ns": 33000000,
          "exposure_ns": 10000000,
          "iso": 100,
          "ae_mode": 1,
          "af_mode": 4,
          "nr_mode": 1,
          "edge_mode": 1,
          "focus_diopters": 0,
          "hot_pixel_mode": 1,
          "aberration_mode": 0,
          "shading_mode": 1,
          "tonemap_mode": 1,
          "face_detect_mode": 0,
          "ois_mode": 1,
          "video_stabilization_mode": 1,
          "capture_intent": 1
        },
        "result": {
          "frame_duration_ns": 66703377,
          "exposure_ns": 66666316,
          "iso": 744,
          "ae_mode": 1,
          "af_mode": 4,
          "nr_mode": 1,
          "edge_mode": 1,
          "focus_diopters": 9.175643,
          "hot_pixel_mode": 1,
          "aberration_mode": 0,
          "shading_mode": 1,
          "tonemap_mode": 1,
          "face_detect_mode": 0,
          "ois_mode": 1,
          "video_stabilization_mode": 1,
          "capture_intent": 1
        },
        "result_sensor_timestamp_ns": 346132999442647,
        "result_frame_number": 44,
        "manual_phase": "disabled",
        "camera_id": "0",
        "options": {
          "capture_template": "still",
          "processing": "default",
          "focus_diopters": null,
          "frame_ms": 0,
          "camera_id": "",
          "dump_characteristics": false
        }
      }
    },
    {
      "frame": 6,
      "variant": "template=still;processing=default;focus=auto;frame_ms=0;camera=default",
      "power": {
        "requested": {
          "frame_duration_ns": 33000000,
          "exposure_ns": 10000000,
          "iso": 100,
          "ae_mode": 1,
          "af_mode": 4,
          "nr_mode": 1,
          "edge_mode": 1,
          "focus_diopters": 0,
          "hot_pixel_mode": 1,
          "aberration_mode": 0,
          "shading_mode": 1,
          "tonemap_mode": 1,
          "face_detect_mode": 0,
          "ois_mode": 1,
          "video_stabilization_mode": 1,
          "capture_intent": 1
        },
        "result": {
          "frame_duration_ns": 66703377,
          "exposure_ns": 66666316,
          "iso": 744,
          "ae_mode": 1,
          "af_mode": 4,
          "nr_mode": 1,
          "edge_mode": 1,
          "focus_diopters": 9.175643,
          "hot_pixel_mode": 1,
          "aberration_mode": 0,
          "shading_mode": 1,
          "tonemap_mode": 1,
          "face_detect_mode": 0,
          "ois_mode": 1,
          "video_stabilization_mode": 1,
          "capture_intent": 1
        },
        "result_sensor_timestamp_ns": 346135128435345,
        "result_frame_number": 76,
        "manual_phase": "disabled",
        "camera_id": "0",
        "options": {
          "capture_template": "still",
          "processing": "default",
          "focus_diopters": null,
          "frame_ms": 0,
          "camera_id": "",
          "dump_characteristics": false
        }
      }
    },
    {
      "frame": 7,
      "variant": "template=still;processing=default;focus=auto;frame_ms=0;camera=default",
      "power": {
        "requested": {
          "frame_duration_ns": 33000000,
          "exposure_ns": 10000000,
          "iso": 100,
          "ae_mode": 1,
          "af_mode": 4,
          "nr_mode": 1,
          "edge_mode": 1,
          "focus_diopters": 0,
          "hot_pixel_mode": 1,
          "aberration_mode": 0,
          "shading_mode": 1,
          "tonemap_mode": 1,
          "face_detect_mode": 0,
          "ois_mode": 1,
          "video_stabilization_mode": 1,
          "capture_intent": 1
        },
        "result": {
          "frame_duration_ns": 66703377,
          "exposure_ns": 66666316,
          "iso": 744,
          "ae_mode": 1,
          "af_mode": 4,
          "nr_mode": 1,
          "edge_mode": 1,
          "focus_diopters": 9.175643,
          "hot_pixel_mode": 1,
          "aberration_mode": 0,
          "shading_mode": 1,
          "tonemap_mode": 1,
          "face_detect_mode": 0,
          "ois_mode": 1,
          "video_stabilization_mode": 1,
          "capture_intent": 1
        },
        "result_sensor_timestamp_ns": 346136192697443,
        "result_frame_number": 92,
        "manual_phase": "disabled",
        "camera_id": "0",
        "options": {
          "capture_template": "still",
          "processing": "default",
          "focus_diopters": null,
          "frame_ms": 0,
          "camera_id": "",
          "dump_characteristics": false
        }
      }
    },
    {
      "frame": 8,
      "variant": "template=still;processing=default;focus=auto;frame_ms=0;camera=default",
      "power": {
        "requested": {
          "frame_duration_ns": 33000000,
          "exposure_ns": 10000000,
          "iso": 100,
          "ae_mode": 1,
          "af_mode": 4,
          "nr_mode": 1,
          "edge_mode": 1,
          "focus_diopters": 0,
          "hot_pixel_mode": 1,
          "aberration_mode": 0,
          "shading_mode": 1,
          "tonemap_mode": 1,
          "face_detect_mode": 0,
          "ois_mode": 1,
          "video_stabilization_mode": 1,
          "capture_intent": 1
        },
        "result": {
          "frame_duration_ns": 66703377,
          "exposure_ns": 66666316,
          "iso": 744,
          "ae_mode": 1,
          "af_mode": 4,
          "nr_mode": 1,
          "edge_mode": 1,
          "focus_diopters": 9.175643,
          "hot_pixel_mode": 1,
          "aberration_mode": 0,
          "shading_mode": 1,
          "tonemap_mode": 1,
          "face_detect_mode": 0,
          "ois_mode": 1,
          "video_stabilization_mode": 1,
          "capture_intent": 1
        },
        "result_sensor_timestamp_ns": 346137191304295,
        "result_frame_number": 107,
        "manual_phase": "disabled",
        "camera_id": "0",
        "options": {
          "capture_template": "still",
          "processing": "default",
          "focus_diopters": null,
          "frame_ms": 0,
          "camera_id": "",
          "dump_characteristics": false
        }
      }
    },
    {
      "frame": 9,
      "variant": "template=still;processing=default;focus=auto;frame_ms=0;camera=default",
      "power": {
        "requested": {
          "frame_duration_ns": 33000000,
          "exposure_ns": 10000000,
          "iso": 100,
          "ae_mode": 1,
          "af_mode": 4,
          "nr_mode": 1,
          "edge_mode": 1,
          "focus_diopters": 0,
          "hot_pixel_mode": 1,
          "aberration_mode": 0,
          "shading_mode": 1,
          "tonemap_mode": 1,
          "face_detect_mode": 0,
          "ois_mode": 1,
          "video_stabilization_mode": 1,
          "capture_intent": 1
        },
        "result": {
          "frame_duration_ns": 66703377,
          "exposure_ns": 66666316,
          "iso": 744,
          "ae_mode": 1,
          "af_mode": 4,
          "nr_mode": 1,
          "edge_mode": 1,
          "focus_diopters": 9.175643,
          "hot_pixel_mode": 1,
          "aberration_mode": 0,
          "shading_mode": 1,
          "tonemap_mode": 1,
          "face_detect_mode": 0,
          "ois_mode": 1,
          "video_stabilization_mode": 1,
          "capture_intent": 1
        },
        "result_sensor_timestamp_ns": 346138255291867,
        "result_frame_number": 123,
        "manual_phase": "disabled",
        "camera_id": "0",
        "options": {
          "capture_template": "still",
          "processing": "default",
          "focus_diopters": null,
          "frame_ms": 0,
          "camera_id": "",
          "dump_characteristics": false
        }
      }
    },
    {
      "frame": 10,
      "variant": "template=still;processing=default;focus=auto;frame_ms=0;camera=default",
      "power": {
        "requested": {
          "frame_duration_ns": 33000000,
          "exposure_ns": 10000000,
          "iso": 100,
          "ae_mode": 1,
          "af_mode": 4,
          "nr_mode": 1,
          "edge_mode": 1,
          "focus_diopters": 0,
          "hot_pixel_mode": 1,
          "aberration_mode": 0,
          "shading_mode": 1,
          "tonemap_mode": 1,
          "face_detect_mode": 0,
          "ois_mode": 1,
          "video_stabilization_mode": 1,
          "capture_intent": 1
        },
        "result": {
          "frame_duration_ns": 66703377,
          "exposure_ns": 66666316,
          "iso": 744,
          "ae_mode": 1,
          "af_mode": 4,
          "nr_mode": 1,
          "edge_mode": 1,
          "focus_diopters": 9.175643,
          "hot_pixel_mode": 1,
          "aberration_mode": 0,
          "shading_mode": 1,
          "tonemap_mode": 1,
          "face_detect_mode": 0,
          "ois_mode": 1,
          "video_stabilization_mode": 1,
          "capture_intent": 1
        },
        "result_sensor_timestamp_ns": 346139319500853,
        "result_frame_number": 139,
        "manual_phase": "disabled",
        "camera_id": "0",
        "options": {
          "capture_template": "still",
          "processing": "default",
          "focus_diopters": null,
          "frame_ms": 0,
          "camera_id": "",
          "dump_characteristics": false
        }
      }
    },
    {
      "frame": 12,
      "variant": "template=still;processing=default;focus=auto;frame_ms=0;camera=default",
      "power": {
        "requested": {
          "frame_duration_ns": 33000000,
          "exposure_ns": 10000000,
          "iso": 100,
          "ae_mode": 1,
          "af_mode": 4,
          "nr_mode": 1,
          "edge_mode": 1,
          "focus_diopters": 0,
          "hot_pixel_mode": 1,
          "aberration_mode": 0,
          "shading_mode": 1,
          "tonemap_mode": 1,
          "face_detect_mode": 0,
          "ois_mode": 1,
          "video_stabilization_mode": 1,
          "capture_intent": 1
        },
        "result": {
          "frame_duration_ns": 66703377,
          "exposure_ns": 66666316,
          "iso": 744,
          "ae_mode": 1,
          "af_mode": 4,
          "nr_mode": 1,
          "edge_mode": 1,
          "focus_diopters": 9.175643,
          "hot_pixel_mode": 1,
          "aberration_mode": 0,
          "shading_mode": 1,
          "tonemap_mode": 1,
          "face_detect_mode": 0,
          "ois_mode": 1,
          "video_stabilization_mode": 1,
          "capture_intent": 1
        },
        "result_sensor_timestamp_ns": 346141448676998,
        "result_frame_number": 171,
        "manual_phase": "disabled",
        "camera_id": "0",
        "options": {
          "capture_template": "still",
          "processing": "default",
          "focus_diopters": null,
          "frame_ms": 0,
          "camera_id": "",
          "dump_characteristics": false
        }
      }
    },
    {
      "frame": 13,
      "variant": "template=still;processing=default;focus=auto;frame_ms=0;camera=default",
      "power": {
        "requested": {
          "frame_duration_ns": 33000000,
          "exposure_ns": 10000000,
          "iso": 100,
          "ae_mode": 1,
          "af_mode": 4,
          "nr_mode": 1,
          "edge_mode": 1,
          "focus_diopters": 0,
          "hot_pixel_mode": 1,
          "aberration_mode": 0,
          "shading_mode": 1,
          "tonemap_mode": 1,
          "face_detect_mode": 0,
          "ois_mode": 1,
          "video_stabilization_mode": 1,
          "capture_intent": 1
        },
        "result": {
          "frame_duration_ns": 66703377,
          "exposure_ns": 66666316,
          "iso": 744,
          "ae_mode": 1,
          "af_mode": 4,
          "nr_mode": 1,
          "edge_mode": 1,
          "focus_diopters": 9.175643,
          "hot_pixel_mode": 1,
          "aberration_mode": 0,
          "shading_mode": 1,
          "tonemap_mode": 1,
          "face_detect_mode": 0,
          "ois_mode": 1,
          "video_stabilization_mode": 1,
          "capture_intent": 1
        },
        "result_sensor_timestamp_ns": 346142380088672,
        "result_frame_number": 185,
        "manual_phase": "disabled",
        "camera_id": "0",
        "options": {
          "capture_template": "still",
          "processing": "default",
          "focus_diopters": null,
          "frame_ms": 0,
          "camera_id": "",
          "dump_characteristics": false
        }
      }
    },
    {
      "frame": 14,
      "variant": "template=still;processing=default;focus=auto;frame_ms=0;camera=default",
      "power": {
        "requested": {
          "frame_duration_ns": 33000000,
          "exposure_ns": 10000000,
          "iso": 100,
          "ae_mode": 1,
          "af_mode": 4,
          "nr_mode": 1,
          "edge_mode": 1,
          "focus_diopters": 0,
          "hot_pixel_mode": 1,
          "aberration_mode": 0,
          "shading_mode": 1,
          "tonemap_mode": 1,
          "face_detect_mode": 0,
          "ois_mode": 1,
          "video_stabilization_mode": 1,
          "capture_intent": 1
        },
        "result": {
          "frame_duration_ns": 66703377,
          "exposure_ns": 66666316,
          "iso": 744,
          "ae_mode": 1,
          "af_mode": 4,
          "nr_mode": 1,
          "edge_mode": 1,
          "focus_diopters": 9.175643,
          "hot_pixel_mode": 1,
          "aberration_mode": 0,
          "shading_mode": 1,
          "tonemap_mode": 1,
          "face_detect_mode": 0,
          "ois_mode": 1,
          "video_stabilization_mode": 1,
          "capture_intent": 1
        },
        "result_sensor_timestamp_ns": 346143444554010,
        "result_frame_number": 201,
        "manual_phase": "disabled",
        "camera_id": "0",
        "options": {
          "capture_template": "still",
          "processing": "default",
          "focus_diopters": null,
          "frame_ms": 0,
          "camera_id": "",
          "dump_characteristics": false
        }
      }
    },
    {
      "frame": 15,
      "variant": "template=still;processing=default;focus=auto;frame_ms=0;camera=default",
      "power": {
        "requested": {
          "frame_duration_ns": 33000000,
          "exposure_ns": 10000000,
          "iso": 100,
          "ae_mode": 1,
          "af_mode": 4,
          "nr_mode": 1,
          "edge_mode": 1,
          "focus_diopters": 0,
          "hot_pixel_mode": 1,
          "aberration_mode": 0,
          "shading_mode": 1,
          "tonemap_mode": 1,
          "face_detect_mode": 0,
          "ois_mode": 1,
          "video_stabilization_mode": 1,
          "capture_intent": 1
        },
        "result": {
          "frame_duration_ns": 66703377,
          "exposure_ns": 66666316,
          "iso": 744,
          "ae_mode": 1,
          "af_mode": 4,
          "nr_mode": 1,
          "edge_mode": 1,
          "focus_diopters": 9.175643,
          "hot_pixel_mode": 1,
          "aberration_mode": 0,
          "shading_mode": 1,
          "tonemap_mode": 1,
          "face_detect_mode": 0,
          "ois_mode": 1,
          "video_stabilization_mode": 1,
          "capture_intent": 1
        },
        "result_sensor_timestamp_ns": 346144509029593,
        "result_frame_number": 217,
        "manual_phase": "disabled",
        "camera_id": "0",
        "options": {
          "capture_template": "still",
          "processing": "default",
          "focus_diopters": null,
          "frame_ms": 0,
          "camera_id": "",
          "dump_characteristics": false
        }
      }
    },
    {
      "frame": 16,
      "variant": "template=still;processing=default;focus=auto;frame_ms=0;camera=default",
      "power": {
        "requested": {
          "frame_duration_ns": 33000000,
          "exposure_ns": 10000000,
          "iso": 100,
          "ae_mode": 1,
          "af_mode": 4,
          "nr_mode": 1,
          "edge_mode": 1,
          "focus_diopters": 0,
          "hot_pixel_mode": 1,
          "aberration_mode": 0,
          "shading_mode": 1,
          "tonemap_mode": 1,
          "face_detect_mode": 0,
          "ois_mode": 1,
          "video_stabilization_mode": 1,
          "capture_intent": 1
        },
        "result": {
          "frame_duration_ns": 66703377,
          "exposure_ns": 66666316,
          "iso": 744,
          "ae_mode": 1,
          "af_mode": 4,
          "nr_mode": 1,
          "edge_mode": 1,
          "focus_diopters": 9.175643,
          "hot_pixel_mode": 1,
          "aberration_mode": 0,
          "shading_mode": 1,
          "tonemap_mode": 1,
          "face_detect_mode": 0,
          "ois_mode": 1,
          "video_stabilization_mode": 1,
          "capture_intent": 1
        },
        "result_sensor_timestamp_ns": 346145507065264,
        "result_frame_number": 232,
        "manual_phase": "disabled",
        "camera_id": "0",
        "options": {
          "capture_template": "still",
          "processing": "default",
          "focus_diopters": null,
          "frame_ms": 0,
          "camera_id": "",
          "dump_characteristics": false
        }
      }
    },
    {
      "frame": 17,
      "variant": "template=still;processing=default;focus=auto;frame_ms=0;camera=default",
      "power": {
        "requested": {
          "frame_duration_ns": 33000000,
          "exposure_ns": 10000000,
          "iso": 100,
          "ae_mode": 1,
          "af_mode": 4,
          "nr_mode": 1,
          "edge_mode": 1,
          "focus_diopters": 0,
          "hot_pixel_mode": 1,
          "aberration_mode": 0,
          "shading_mode": 1,
          "tonemap_mode": 1,
          "face_detect_mode": 0,
          "ois_mode": 1,
          "video_stabilization_mode": 1,
          "capture_intent": 1
        },
        "result": {
          "frame_duration_ns": 66703377,
          "exposure_ns": 66666316,
          "iso": 744,
          "ae_mode": 1,
          "af_mode": 4,
          "nr_mode": 1,
          "edge_mode": 1,
          "focus_diopters": 9.175643,
          "hot_pixel_mode": 1,
          "aberration_mode": 0,
          "shading_mode": 1,
          "tonemap_mode": 1,
          "face_detect_mode": 0,
          "ois_mode": 1,
          "video_stabilization_mode": 1,
          "capture_intent": 1
        },
        "result_sensor_timestamp_ns": 346146571441140,
        "result_frame_number": 248,
        "manual_phase": "disabled",
        "camera_id": "0",
        "options": {
          "capture_template": "still",
          "processing": "default",
          "focus_diopters": null,
          "frame_ms": 0,
          "camera_id": "",
          "dump_characteristics": false
        }
      }
    },
    {
      "frame": 19,
      "variant": "template=still;processing=default;focus=auto;frame_ms=0;camera=default",
      "power": {
        "requested": {
          "frame_duration_ns": 33000000,
          "exposure_ns": 10000000,
          "iso": 100,
          "ae_mode": 1,
          "af_mode": 4,
          "nr_mode": 1,
          "edge_mode": 1,
          "focus_diopters": 0,
          "hot_pixel_mode": 1,
          "aberration_mode": 0,
          "shading_mode": 1,
          "tonemap_mode": 1,
          "face_detect_mode": 0,
          "ois_mode": 1,
          "video_stabilization_mode": 1,
          "capture_intent": 1
        },
        "result": {
          "frame_duration_ns": 66703377,
          "exposure_ns": 66666316,
          "iso": 744,
          "ae_mode": 1,
          "af_mode": 4,
          "nr_mode": 1,
          "edge_mode": 1,
          "focus_diopters": 9.175643,
          "hot_pixel_mode": 1,
          "aberration_mode": 0,
          "shading_mode": 1,
          "tonemap_mode": 1,
          "face_detect_mode": 0,
          "ois_mode": 1,
          "video_stabilization_mode": 1,
          "capture_intent": 1
        },
        "result_sensor_timestamp_ns": 346148633852688,
        "result_frame_number": 279,
        "manual_phase": "disabled",
        "camera_id": "0",
        "options": {
          "capture_template": "still",
          "processing": "default",
          "focus_diopters": null,
          "frame_ms": 0,
          "camera_id": "",
          "dump_characteristics": false
        }
      }
    }
  ],
  "skin_slope_c_min": 0.39086643807195864,
  "android_status": "0.1s NONE(0)",
  "gate": {
    "at": "2026-10-03T00:47:31Z",
    "z9": 39000,
    "z10": 38000,
    "z11": 39000,
    "skin": 29.761202,
    "status": 0,
    "waited_s": 0,
    "warm_start": false
  },
  "heat_stop": null
}

dump completed
{
  "mean_battery_w": 2.412118370599633,
  "cpu_seconds": {
    "runner": 3.19,
    "llama_server": 0.0,
    "robotcam_app": 4.47,
    "camera_provider": 17.6
  },
  "start_to_first_fresh_s": 2.072997153009055,
  "stop": {
    "stop_to_stopped_s": 3.768293011991773,
    "capture_stopped": true,
    "frames_seen": [],
    "unreadable_reads": 0,
    "check_s": 3.08,
    "force_stop_rc": 0,
    "force_stop_output": "",
    "pids_after_force_stop": []
  },
  "frames_ok": 18,
  "frames_failed": 17,
  "repeat_polls": 124,
  "age_median_s": 0.3565948255418334,
  "age_p95_s": 0.43477955600246787,
  "luma": {
    "median": 4.2782568359374995,
    "min": 3.994091796875
  },
  "sharpness": {
    "median": 1.2858008183637137,
    "min": 0.8803544480399474
  },
  "paired_diagnostics": 15,
  "applied_observations": [
    {
      "frame": 1,
      "variant": "template=still;processing=default;focus=auto;frame_ms=0;camera=default",
      "power": {
        "requested": {
          "frame_duration_ns": 33000000,
          "exposure_ns": 10000000,
          "iso": 100,
          "ae_mode": 1,
          "af_mode": 4,
          "nr_mode": 1,
          "edge_mode": 1,
          "focus_diopters": 0,
          "hot_pixel_mode": 1,
          "aberration_mode": 0,
          "shading_mode": 1,
          "tonemap_mode": 1,
          "face_detect_mode": 0,
          "ois_mode": 1,
          "video_stabilization_mode": 1,
          "capture_intent": 1
        },
        "result": {
          "frame_duration_ns": 66703377,
          "exposure_ns": 66666316,
          "iso": 744,
          "ae_mode": 1,
          "af_mode": 4,
          "nr_mode": 1,
          "edge_mode": 1,
          "focus_diopters": 9.773194,
          "hot_pixel_mode": 1,
          "aberration_mode": 0,
          "shading_mode": 1,
          "tonemap_mode": 1,
          "face_detect_mode": 0,
          "ois_mode": 1,
          "video_stabilization_mode": 1,
          "capture_intent": 1
        },
        "result_sensor_timestamp_ns": 346155117843942,
        "result_frame_number": 16,
        "manual_phase": "disabled",
        "camera_id": "0",
        "options": {
          "capture_template": "still",
          "processing": "default",
          "focus_diopters": null,
          "frame_ms": 0,
          "camera_id": "",
          "dump_characteristics": true
        }
      }
    },
    {
      "frame": 3,
      "variant": "template=still;processing=default;focus=auto;frame_ms=0;camera=default",
      "power": {
        "requested": {
          "frame_duration_ns": 33000000,
          "exposure_ns": 10000000,
          "iso": 100,
          "ae_mode": 1,
          "af_mode": 4,
          "nr_mode": 2,
          "edge_mode": 2,
          "focus_diopters": 0,
          "hot_pixel_mode": 2,
          "aberration_mode": 0,
          "shading_mode": 2,
          "tonemap_mode": 2,
          "face_detect_mode": 0,
          "ois_mode": 1,
          "video_stabilization_mode": 1,
          "capture_intent": 2
        },
        "result": {
          "frame_duration_ns": 66703377,
          "exposure_ns": 66666316,
          "iso": 744,
          "ae_mode": 1,
          "af_mode": 4,
          "nr_mode": 2,
          "edge_mode": 2,
          "focus_diopters": 9.773194,
          "hot_pixel_mode": 2,
          "aberration_mode": 0,
          "shading_mode": 2,
          "tonemap_mode": 2,
          "face_detect_mode": 0,
          "ois_mode": 1,
          "video_stabilization_mode": 1,
          "capture_intent": 2
        },
        "result_sensor_timestamp_ns": 346157047196662,
        "result_frame_number": 45,
        "manual_phase": "disabled",
        "camera_id": "0",
        "options": {
          "capture_template": "still",
          "processing": "default",
          "focus_diopters": null,
          "frame_ms": 0,
          "camera_id": "",
          "dump_characteristics": true
        }
      }
    },
    {
      "frame": 5,
      "variant": "template=still;processing=default;focus=auto;frame_ms=0;camera=default",
      "power": {
        "requested": {
          "frame_duration_ns": 33000000,
          "exposure_ns": 10000000,
          "iso": 100,
          "ae_mode": 1,
          "af_mode": 4,
          "nr_mode": 1,
          "edge_mode": 1,
          "focus_diopters": 0,
          "hot_pixel_mode": 1,
          "aberration_mode": 0,
          "shading_mode": 1,
          "tonemap_mode": 1,
          "face_detect_mode": 0,
          "ois_mode": 1,
          "video_stabilization_mode": 1,
          "capture_intent": 1
        },
        "result": {
          "frame_duration_ns": 66703377,
          "exposure_ns": 66666316,
          "iso": 744,
          "ae_mode": 1,
          "af_mode": 4,
          "nr_mode": 1,
          "edge_mode": 1,
          "focus_diopters": 9.773194,
          "hot_pixel_mode": 1,
          "aberration_mode": 0,
          "shading_mode": 1,
          "tonemap_mode": 1,
          "face_detect_mode": 0,
          "ois_mode": 1,
          "video_stabilization_mode": 1,
          "capture_intent": 1
        },
        "result_sensor_timestamp_ns": 346159109279083,
        "result_frame_number": 76,
        "manual_phase": "disabled",
        "camera_id": "0",
        "options": {
          "capture_template": "still",
          "processing": "default",
          "focus_diopters": null,
          "frame_ms": 0,
          "camera_id": "",
          "dump_characteristics": true
        }
      }
    },
    {
      "frame": 6,
      "variant": "template=still;processing=default;focus=auto;frame_ms=0;camera=default",
      "power": {
        "requested": {
          "frame_duration_ns": 33000000,
          "exposure_ns": 10000000,
          "iso": 100,
          "ae_mode": 1,
          "af_mode": 4,
          "nr_mode": 1,
          "edge_mode": 1,
          "focus_diopters": 0,
          "hot_pixel_mode": 1,
          "aberration_mode": 0,
          "shading_mode": 1,
          "tonemap_mode": 1,
          "face_detect_mode": 0,
          "ois_mode": 1,
          "video_stabilization_mode": 1,
          "capture_intent": 1
        },
        "result": {
          "frame_duration_ns": 66703377,
          "exposure_ns": 66666316,
          "iso": 744,
          "ae_mode": 1,
          "af_mode": 4,
          "nr_mode": 1,
          "edge_mode": 1,
          "focus_diopters": 9.773194,
          "hot_pixel_mode": 1,
          "aberration_mode": 0,
          "shading_mode": 1,
          "tonemap_mode": 1,
          "face_detect_mode": 0,
          "ois_mode": 1,
          "video_stabilization_mode": 1,
          "capture_intent": 1
        },
        "result_sensor_timestamp_ns": 346160107267197,
        "result_frame_number": 91,
        "manual_phase": "disabled",
        "camera_id": "0",
        "options": {
          "capture_template": "still",
          "processing": "default",
          "focus_diopters": null,
          "frame_ms": 0,
          "camera_id": "",
          "dump_characteristics": true
        }
      }
    },
    {
      "frame": 7,
      "variant": "template=still;processing=default;focus=auto;frame_ms=0;camera=default",
      "power": {
        "requested": {
          "frame_duration_ns": 33000000,
          "exposure_ns": 10000000,
          "iso": 100,
          "ae_mode": 1,
          "af_mode": 4,
          "nr_mode": 2,
          "edge_mode": 2,
          "focus_diopters": 0,
          "hot_pixel_mode": 2,
          "aberration_mode": 0,
          "shading_mode": 2,
          "tonemap_mode": 2,
          "face_detect_mode": 0,
          "ois_mode": 1,
          "video_stabilization_mode": 1,
          "capture_intent": 2
        },
        "result": {
          "frame_duration_ns": 66703377,
          "exposure_ns": 66666316,
          "iso": 744,
          "ae_mode": 1,
          "af_mode": 4,
          "nr_mode": 2,
          "edge_mode": 2,
          "focus_diopters": 9.773194,
          "hot_pixel_mode": 2,
          "aberration_mode": 0,
          "shading_mode": 2,
          "tonemap_mode": 2,
          "face_detect_mode": 0,
          "ois_mode": 1,
          "video_stabilization_mode": 1,
          "capture_intent": 2
        },
        "result_sensor_timestamp_ns": 346161038960930,
        "result_frame_number": 105,
        "manual_phase": "disabled",
        "camera_id": "0",
        "options": {
          "capture_template": "still",
          "processing": "default",
          "focus_diopters": null,
          "frame_ms": 0,
          "camera_id": "",
          "dump_characteristics": true
        }
      }
    },
    {
      "frame": 8,
      "variant": "template=still;processing=default;focus=auto;frame_ms=0;camera=default",
      "power": {
        "requested": {
          "frame_duration_ns": 33000000,
          "exposure_ns": 10000000,
          "iso": 100,
          "ae_mode": 1,
          "af_mode": 4,
          "nr_mode": 2,
          "edge_mode": 2,
          "focus_diopters": 0,
          "hot_pixel_mode": 2,
          "aberration_mode": 0,
          "shading_mode": 2,
          "tonemap_mode": 2,
          "face_detect_mode": 0,
          "ois_mode": 1,
          "video_stabilization_mode": 1,
          "capture_intent": 2
        },
        "result": {
          "frame_duration_ns": 66703377,
          "exposure_ns": 66666316,
          "iso": 744,
          "ae_mode": 1,
          "af_mode": 4,
          "nr_mode": 2,
          "edge_mode": 2,
          "focus_diopters": 9.773194,
          "hot_pixel_mode": 2,
          "aberration_mode": 0,
          "shading_mode": 2,
          "tonemap_mode": 2,
          "face_detect_mode": 0,
          "ois_mode": 1,
          "video_stabilization_mode": 1,
          "capture_intent": 2
        },
        "result_sensor_timestamp_ns": 346162036902016,
        "result_frame_number": 120,
        "manual_phase": "disabled",
        "camera_id": "0",
        "options": {
          "capture_template": "still",
          "processing": "default",
          "focus_diopters": null,
          "frame_ms": 0,
          "camera_id": "",
          "dump_characteristics": true
        }
      }
    },
    {
      "frame": 9,
      "variant": "template=still;processing=default;focus=auto;frame_ms=0;camera=default",
      "power": {
        "requested": {
          "frame_duration_ns": 33000000,
          "exposure_ns": 10000000,
          "iso": 100,
          "ae_mode": 1,
          "af_mode": 4,
          "nr_mode": 1,
          "edge_mode": 1,
          "focus_diopters": 0,
          "hot_pixel_mode": 1,
          "aberration_mode": 0,
          "shading_mode": 1,
          "tonemap_mode": 1,
          "face_detect_mode": 0,
          "ois_mode": 1,
          "video_stabilization_mode": 1,
          "capture_intent": 1
        },
        "result": {
          "frame_duration_ns": 66703377,
          "exposure_ns": 66666316,
          "iso": 744,
          "ae_mode": 1,
          "af_mode": 4,
          "nr_mode": 1,
          "edge_mode": 1,
          "focus_diopters": 9.773194,
          "hot_pixel_mode": 1,
          "aberration_mode": 0,
          "shading_mode": 1,
          "tonemap_mode": 1,
          "face_detect_mode": 0,
          "ois_mode": 1,
          "video_stabilization_mode": 1,
          "capture_intent": 1
        },
        "result_sensor_timestamp_ns": 346163101372477,
        "result_frame_number": 136,
        "manual_phase": "disabled",
        "camera_id": "0",
        "options": {
          "capture_template": "still",
          "processing": "default",
          "focus_diopters": null,
          "frame_ms": 0,
          "camera_id": "",
          "dump_characteristics": true
        }
      }
    },
    {
      "frame": 11,
      "variant": "template=still;processing=default;focus=auto;frame_ms=0;camera=default",
      "power": {
        "requested": {
          "frame_duration_ns": 33000000,
          "exposure_ns": 10000000,
          "iso": 100,
          "ae_mode": 1,
          "af_mode": 4,
          "nr_mode": 1,
          "edge_mode": 1,
          "focus_diopters": 0,
          "hot_pixel_mode": 1,
          "aberration_mode": 0,
          "shading_mode": 1,
          "tonemap_mode": 1,
          "face_detect_mode": 0,
          "ois_mode": 1,
          "video_stabilization_mode": 1,
          "capture_intent": 1
        },
        "result": {
          "frame_duration_ns": 66703377,
          "exposure_ns": 66666316,
          "iso": 744,
          "ae_mode": 1,
          "af_mode": 4,
          "nr_mode": 1,
          "edge_mode": 1,
          "focus_diopters": 9.773194,
          "hot_pixel_mode": 1,
          "aberration_mode": 0,
          "shading_mode": 1,
          "tonemap_mode": 1,
          "face_detect_mode": 0,
          "ois_mode": 1,
          "video_stabilization_mode": 1,
          "capture_intent": 1
        },
        "result_sensor_timestamp_ns": 346165163784025,
        "result_frame_number": 167,
        "manual_phase": "disabled",
        "camera_id": "0",
        "options": {
          "capture_template": "still",
          "processing": "default",
          "focus_diopters": null,
          "frame_ms": 0,
          "camera_id": "",
          "dump_characteristics": true
        }
      }
    },
    {
      "frame": 12,
      "variant": "template=still;processing=default;focus=auto;frame_ms=0;camera=default",
      "power": {
        "requested": {
          "frame_duration_ns": 33000000,
          "exposure_ns": 10000000,
          "iso": 100,
          "ae_mode": 1,
          "af_mode": 4,
          "nr_mode": 2,
          "edge_mode": 2,
          "focus_diopters": 0,
          "hot_pixel_mode": 2,
          "aberration_mode": 0,
          "shading_mode": 2,
          "tonemap_mode": 2,
          "face_detect_mode": 0,
          "ois_mode": 1,
          "video_stabilization_mode": 1,
          "capture_intent": 2
        },
        "result": {
          "frame_duration_ns": 66703377,
          "exposure_ns": 66666316,
          "iso": 744,
          "ae_mode": 1,
          "af_mode": 4,
          "nr_mode": 2,
          "edge_mode": 2,
          "focus_diopters": 9.773194,
          "hot_pixel_mode": 2,
          "aberration_mode": 0,
          "shading_mode": 2,
          "tonemap_mode": 2,
          "face_detect_mode": 0,
          "ois_mode": 1,
          "video_stabilization_mode": 1,
          "capture_intent": 2
        },
        "result_sensor_timestamp_ns": 346166095192897,
        "result_frame_number": 181,
        "manual_phase": "disabled",
        "camera_id": "0",
        "options": {
          "capture_template": "still",
          "processing": "default",
          "focus_diopters": null,
          "frame_ms": 0,
          "camera_id": "",
          "dump_characteristics": true
        }
      }
    },
    {
      "frame": 13,
      "variant": "template=still;processing=default;focus=auto;frame_ms=0;camera=default",
      "power": {
        "requested": {
          "frame_duration_ns": 33000000,
          "exposure_ns": 10000000,
          "iso": 100,
          "ae_mode": 1,
          "af_mode": 4,
          "nr_mode": 2,
          "edge_mode": 2,
          "focus_diopters": 0,
          "hot_pixel_mode": 2,
          "aberration_mode": 0,
          "shading_mode": 2,
          "tonemap_mode": 2,
          "face_detect_mode": 0,
          "ois_mode": 1,
          "video_stabilization_mode": 1,
          "capture_intent": 2
        },
        "result": {
          "frame_duration_ns": 66703377,
          "exposure_ns": 66666316,
          "iso": 744,
          "ae_mode": 1,
          "af_mode": 4,
          "nr_mode": 2,
          "edge_mode": 2,
          "focus_diopters": 9.773194,
          "hot_pixel_mode": 2,
          "aberration_mode": 0,
          "shading_mode": 2,
          "tonemap_mode": 2,
          "face_detect_mode": 0,
          "ois_mode": 1,
          "video_stabilization_mode": 1,
          "capture_intent": 2
        },
        "result_sensor_timestamp_ns": 346167092654903,
        "result_frame_number": 196,
        "manual_phase": "disabled",
        "camera_id": "0",
        "options": {
          "capture_template": "still",
          "processing": "default",
          "focus_diopters": null,
          "frame_ms": 0,
          "camera_id": "",
          "dump_characteristics": true
        }
      }
    },
    {
      "frame": 14,
      "variant": "template=still;processing=default;focus=auto;frame_ms=0;camera=default",
      "power": {
        "requested": {
          "frame_duration_ns": 33000000,
          "exposure_ns": 10000000,
          "iso": 100,
          "ae_mode": 1,
          "af_mode": 4,
          "nr_mode": 2,
          "edge_mode": 2,
          "focus_diopters": 0,
          "hot_pixel_mode": 2,
          "aberration_mode": 0,
          "shading_mode": 2,
          "tonemap_mode": 2,
          "face_detect_mode": 0,
          "ois_mode": 1,
          "video_stabilization_mode": 1,
          "capture_intent": 2
        },
        "result": {
          "frame_duration_ns": 66703377,
          "exposure_ns": 66666316,
          "iso": 744,
          "ae_mode": 1,
          "af_mode": 4,
          "nr_mode": 2,
          "edge_mode": 2,
          "focus_diopters": 9.773194,
          "hot_pixel_mode": 2,
          "aberration_mode": 0,
          "shading_mode": 2,
          "tonemap_mode": 2,
          "face_detect_mode": 0,
          "ois_mode": 1,
          "video_stabilization_mode": 1,
          "capture_intent": 2
        },
        "result_sensor_timestamp_ns": 346168091077833,
        "result_frame_number": 211,
        "manual_phase": "disabled",
        "camera_id": "0",
        "options": {
          "capture_template": "still",
          "processing": "default",
          "focus_diopters": null,
          "frame_ms": 0,
          "camera_id": "",
          "dump_characteristics": true
        }
      }
    },
    {
      "frame": 15,
      "variant": "template=still;processing=default;focus=auto;frame_ms=0;camera=default",
      "power": {
        "requested": {
          "frame_duration_ns": 33000000,
          "exposure_ns": 10000000,
          "iso": 100,
          "ae_mode": 1,
          "af_mode": 4,
          "nr_mode": 1,
          "edge_mode": 1,
          "focus_diopters": 0,
          "hot_pixel_mode": 1,
          "aberration_mode": 0,
          "shading_mode": 1,
          "tonemap_mode": 1,
          "face_detect_mode": 0,
          "ois_mode": 1,
          "video_stabilization_mode": 1,
          "capture_intent": 1
        },
        "result": {
          "frame_duration_ns": 66703377,
          "exposure_ns": 66666316,
          "iso": 744,
          "ae_mode": 1,
          "af_mode": 4,
          "nr_mode": 1,
          "edge_mode": 1,
          "focus_diopters": 9.773194,
          "hot_pixel_mode": 1,
          "aberration_mode": 0,
          "shading_mode": 1,
          "tonemap_mode": 1,
          "face_detect_mode": 0,
          "ois_mode": 1,
          "video_stabilization_mode": 1,
          "capture_intent": 1
        },
        "result_sensor_timestamp_ns": 346169155688160,
        "result_frame_number": 227,
        "manual_phase": "disabled",
        "camera_id": "0",
        "options": {
          "capture_template": "still",
          "processing": "default",
          "focus_diopters": null,
          "frame_ms": 0,
          "camera_id": "",
          "dump_characteristics": true
        }
      }
    },
    {
      "frame": 16,
      "variant": "template=still;processing=default;focus=auto;frame_ms=0;camera=default",
      "power": {
        "requested": {
          "frame_duration_ns": 33000000,
          "exposure_ns": 10000000,
          "iso": 100,
          "ae_mode": 1,
          "af_mode": 4,
          "nr_mode": 2,
          "edge_mode": 2,
          "focus_diopters": 0,
          "hot_pixel_mode": 2,
          "aberration_mode": 0,
          "shading_mode": 2,
          "tonemap_mode": 2,
          "face_detect_mode": 0,
          "ois_mode": 1,
          "video_stabilization_mode": 1,
          "capture_intent": 2
        },
        "result": {
          "frame_duration_ns": 66703377,
          "exposure_ns": 66666316,
          "iso": 744,
          "ae_mode": 1,
          "af_mode": 4,
          "nr_mode": 2,
          "edge_mode": 2,
          "focus_diopters": 9.773194,
          "hot_pixel_mode": 2,
          "aberration_mode": 0,
          "shading_mode": 2,
          "tonemap_mode": 2,
          "face_detect_mode": 0,
          "ois_mode": 1,
          "video_stabilization_mode": 1,
          "capture_intent": 2
        },
        "result_sensor_timestamp_ns": 346170086188447,
        "result_frame_number": 241,
        "manual_phase": "disabled",
        "camera_id": "0",
        "options": {
          "capture_template": "still",
          "processing": "default",
          "focus_diopters": null,
          "frame_ms": 0,
          "camera_id": "",
          "dump_characteristics": true
        }
      }
    },
    {
      "frame": 17,
      "variant": "template=still;processing=default;focus=auto;frame_ms=0;camera=default",
      "power": {
        "requested": {
          "frame_duration_ns": 33000000,
          "exposure_ns": 10000000,
          "iso": 100,
          "ae_mode": 1,
          "af_mode": 4,
          "nr_mode": 1,
          "edge_mode": 1,
          "focus_diopters": 0,
          "hot_pixel_mode": 1,
          "aberration_mode": 0,
          "shading_mode": 1,
          "tonemap_mode": 1,
          "face_detect_mode": 0,
          "ois_mode": 1,
          "video_stabilization_mode": 1,
          "capture_intent": 1
        },
        "result": {
          "frame_duration_ns": 66703377,
          "exposure_ns": 66666316,
          "iso": 744,
          "ae_mode": 1,
          "af_mode": 4,
          "nr_mode": 1,
          "edge_mode": 1,
          "focus_diopters": 9.773194,
          "hot_pixel_mode": 1,
          "aberration_mode": 0,
          "shading_mode": 1,
          "tonemap_mode": 1,
          "face_detect_mode": 0,
          "ois_mode": 1,
          "video_stabilization_mode": 1,
          "capture_intent": 1
        },
        "result_sensor_timestamp_ns": 346171151430426,
        "result_frame_number": 257,
        "manual_phase": "disabled",
        "camera_id": "0",
        "options": {
          "capture_template": "still",
          "processing": "default",
          "focus_diopters": null,
          "frame_ms": 0,
          "camera_id": "",
          "dump_characteristics": true
        }
      }
    },
    {
      "frame": 18,
      "variant": "template=still;processing=default;focus=auto;frame_ms=0;camera=default",
      "power": {
        "requested": {
          "frame_duration_ns": 33000000,
          "exposure_ns": 10000000,
          "iso": 100,
          "ae_mode": 1,
          "af_mode": 4,
          "nr_mode": 2,
          "edge_mode": 2,
          "focus_diopters": 0,
          "hot_pixel_mode": 2,
          "aberration_mode": 0,
          "shading_mode": 2,
          "tonemap_mode": 2,
          "face_detect_mode": 0,
          "ois_mode": 1,
          "video_stabilization_mode": 1,
          "capture_intent": 2
        },
        "result": {
          "frame_duration_ns": 66703377,
          "exposure_ns": 66666316,
          "iso": 744,
          "ae_mode": 1,
          "af_mode": 4,
          "nr_mode": 2,
          "edge_mode": 2,
          "focus_diopters": 9.773194,
          "hot_pixel_mode": 2,
          "aberration_mode": 0,
          "shading_mode": 2,
          "tonemap_mode": 2,
          "face_detect_mode": 0,
          "ois_mode": 1,
          "video_stabilization_mode": 1,
          "capture_intent": 2
        },
        "result_sensor_timestamp_ns": 346172082850289,
        "result_frame_number": 271,
        "manual_phase": "disabled",
        "camera_id": "0",
        "options": {
          "capture_template": "still",
          "processing": "default",
          "focus_diopters": null,
          "frame_ms": 0,
          "camera_id": "",
          "dump_characteristics": true
        }
      }
    }
  ],
  "skin_slope_c_min": 0.631277153753498,
  "android_status": "0.1s NONE(0)",
  "gate": {
    "at": "2026-10-03T00:47:57Z",
    "z9": 39000,
    "z10": 37000,
    "z11": 37000,
    "skin": 30.0165,
    "status": 0,
    "waited_s": 0,
    "warm_start": false
  },
  "heat_stop": null
}

baseline_last completed
{
  "mean_battery_w": 2.408335004869433,
  "cpu_seconds": {
    "runner": 3.37,
    "llama_server": 0.0,
    "robotcam_app": 4.21,
    "camera_provider": 17.36
  },
  "start_to_first_fresh_s": 2.045183146983618,
  "stop": {
    "stop_to_stopped_s": 3.6668756939761806,
    "capture_stopped": true,
    "frames_seen": [],
    "unreadable_reads": 0,
    "check_s": 3.08,
    "force_stop_rc": 0,
    "force_stop_output": "",
    "pids_after_force_stop": []
  },
  "frames_ok": 18,
  "frames_failed": 17,
  "repeat_polls": 122,
  "age_median_s": 0.3506551979808137,
  "age_p95_s": 0.4407744789496064,
  "luma": {
    "median": 4.216162109375,
    "min": 3.976640625
  },
  "sharpness": {
    "median": 1.1515902247523877,
    "min": 0.80729495559113
  },
  "paired_diagnostics": 16,
  "applied_observations": [
    {
      "frame": 1,
      "variant": "template=still;processing=default;focus=auto;frame_ms=0;camera=default",
      "power": {
        "requested": {
          "frame_duration_ns": 33000000,
          "exposure_ns": 10000000,
          "iso": 100,
          "ae_mode": 1,
          "af_mode": 4,
          "nr_mode": 1,
          "edge_mode": 1,
          "focus_diopters": 0,
          "hot_pixel_mode": 1,
          "aberration_mode": 0,
          "shading_mode": 1,
          "tonemap_mode": 1,
          "face_detect_mode": 0,
          "ois_mode": 1,
          "video_stabilization_mode": 1,
          "capture_intent": 1
        },
        "result": {
          "frame_duration_ns": 66703377,
          "exposure_ns": 66666316,
          "iso": 744,
          "ae_mode": 1,
          "af_mode": 4,
          "nr_mode": 1,
          "edge_mode": 1,
          "focus_diopters": 9.175643,
          "hot_pixel_mode": 1,
          "aberration_mode": 0,
          "shading_mode": 1,
          "tonemap_mode": 1,
          "face_detect_mode": 0,
          "ois_mode": 1,
          "video_stabilization_mode": 1,
          "capture_intent": 1
        },
        "result_sensor_timestamp_ns": 346179308253342,
        "result_frame_number": 17,
        "manual_phase": "disabled",
        "camera_id": "0",
        "options": {
          "capture_template": "still",
          "processing": "default",
          "focus_diopters": null,
          "frame_ms": 0,
          "camera_id": "",
          "dump_characteristics": false
        }
      }
    },
    {
      "frame": 2,
      "variant": "template=still;processing=default;focus=auto;frame_ms=0;camera=default",
      "power": {
        "requested": {
          "frame_duration_ns": 33000000,
          "exposure_ns": 10000000,
          "iso": 100,
          "ae_mode": 1,
          "af_mode": 4,
          "nr_mode": 2,
          "edge_mode": 2,
          "focus_diopters": 0,
          "hot_pixel_mode": 2,
          "aberration_mode": 0,
          "shading_mode": 2,
          "tonemap_mode": 2,
          "face_detect_mode": 0,
          "ois_mode": 1,
          "video_stabilization_mode": 1,
          "capture_intent": 2
        },
        "result": {
          "frame_duration_ns": 66703377,
          "exposure_ns": 66666316,
          "iso": 744,
          "ae_mode": 1,
          "af_mode": 4,
          "nr_mode": 2,
          "edge_mode": 2,
          "focus_diopters": 9.175643,
          "hot_pixel_mode": 2,
          "aberration_mode": 0,
          "shading_mode": 2,
          "tonemap_mode": 2,
          "face_detect_mode": 0,
          "ois_mode": 1,
          "video_stabilization_mode": 1,
          "capture_intent": 2
        },
        "result_sensor_timestamp_ns": 346180173135601,
        "result_frame_number": 30,
        "manual_phase": "disabled",
        "camera_id": "0",
        "options": {
          "capture_template": "still",
          "processing": "default",
          "focus_diopters": null,
          "frame_ms": 0,
          "camera_id": "",
          "dump_characteristics": false
        }
      }
    },
    {
      "frame": 3,
      "variant": "template=still;processing=default;focus=auto;frame_ms=0;camera=default",
      "power": {
        "requested": {
          "frame_duration_ns": 33000000,
          "exposure_ns": 10000000,
          "iso": 100,
          "ae_mode": 1,
          "af_mode": 4,
          "nr_mode": 2,
          "edge_mode": 2,
          "focus_diopters": 0,
          "hot_pixel_mode": 2,
          "aberration_mode": 0,
          "shading_mode": 2,
          "tonemap_mode": 2,
          "face_detect_mode": 0,
          "ois_mode": 1,
          "video_stabilization_mode": 1,
          "capture_intent": 2
        },
        "result": {
          "frame_duration_ns": 66703377,
          "exposure_ns": 66666316,
          "iso": 744,
          "ae_mode": 1,
          "af_mode": 4,
          "nr_mode": 2,
          "edge_mode": 2,
          "focus_diopters": 9.175643,
          "hot_pixel_mode": 2,
          "aberration_mode": 0,
          "shading_mode": 2,
          "tonemap_mode": 2,
          "face_detect_mode": 0,
          "ois_mode": 1,
          "video_stabilization_mode": 1,
          "capture_intent": 2
        },
        "result_sensor_timestamp_ns": 346181171469562,
        "result_frame_number": 45,
        "manual_phase": "disabled",
        "camera_id": "0",
        "options": {
          "capture_template": "still",
          "processing": "default",
          "focus_diopters": null,
          "frame_ms": 0,
          "camera_id": "",
          "dump_characteristics": false
        }
      }
    },
    {
      "frame": 4,
      "variant": "template=still;processing=default;focus=auto;frame_ms=0;camera=default",
      "power": {
        "requested": {
          "frame_duration_ns": 33000000,
          "exposure_ns": 10000000,
          "iso": 100,
          "ae_mode": 1,
          "af_mode": 4,
          "nr_mode": 2,
          "edge_mode": 2,
          "focus_diopters": 0,
          "hot_pixel_mode": 2,
          "aberration_mode": 0,
          "shading_mode": 2,
          "tonemap_mode": 2,
          "face_detect_mode": 0,
          "ois_mode": 1,
          "video_stabilization_mode": 1,
          "capture_intent": 2
        },
        "result": {
          "frame_duration_ns": 66703377,
          "exposure_ns": 66666316,
          "iso": 744,
          "ae_mode": 1,
          "af_mode": 4,
          "nr_mode": 2,
          "edge_mode": 2,
          "focus_diopters": 9.175643,
          "hot_pixel_mode": 2,
          "aberration_mode": 0,
          "shading_mode": 2,
          "tonemap_mode": 2,
          "face_detect_mode": 0,
          "ois_mode": 1,
          "video_stabilization_mode": 1,
          "capture_intent": 2
        },
        "result_sensor_timestamp_ns": 346182169017735,
        "result_frame_number": 60,
        "manual_phase": "disabled",
        "camera_id": "0",
        "options": {
          "capture_template": "still",
          "processing": "default",
          "focus_diopters": null,
          "frame_ms": 0,
          "camera_id": "",
          "dump_characteristics": false
        }
      }
    },
    {
      "frame": 5,
      "variant": "template=still;processing=default;focus=auto;frame_ms=0;camera=default",
      "power": {
        "requested": {
          "frame_duration_ns": 33000000,
          "exposure_ns": 10000000,
          "iso": 100,
          "ae_mode": 1,
          "af_mode": 4,
          "nr_mode": 1,
          "edge_mode": 1,
          "focus_diopters": 0,
          "hot_pixel_mode": 1,
          "aberration_mode": 0,
          "shading_mode": 1,
          "tonemap_mode": 1,
          "face_detect_mode": 0,
          "ois_mode": 1,
          "video_stabilization_mode": 1,
          "capture_intent": 1
        },
        "result": {
          "frame_duration_ns": 66703377,
          "exposure_ns": 66666316,
          "iso": 744,
          "ae_mode": 1,
          "af_mode": 4,
          "nr_mode": 1,
          "edge_mode": 1,
          "focus_diopters": 9.175643,
          "hot_pixel_mode": 1,
          "aberration_mode": 0,
          "shading_mode": 1,
          "tonemap_mode": 1,
          "face_detect_mode": 0,
          "ois_mode": 1,
          "video_stabilization_mode": 1,
          "capture_intent": 1
        },
        "result_sensor_timestamp_ns": 346183233488196,
        "result_frame_number": 76,
        "manual_phase": "disabled",
        "camera_id": "0",
        "options": {
          "capture_template": "still",
          "processing": "default",
          "focus_diopters": null,
          "frame_ms": 0,
          "camera_id": "",
          "dump_characteristics": false
        }
      }
    },
    {
      "frame": 6,
      "variant": "template=still;processing=default;focus=auto;frame_ms=0;camera=default",
      "power": {
        "requested": {
          "frame_duration_ns": 33000000,
          "exposure_ns": 10000000,
          "iso": 100,
          "ae_mode": 1,
          "af_mode": 4,
          "nr_mode": 2,
          "edge_mode": 2,
          "focus_diopters": 0,
          "hot_pixel_mode": 2,
          "aberration_mode": 0,
          "shading_mode": 2,
          "tonemap_mode": 2,
          "face_detect_mode": 0,
          "ois_mode": 1,
          "video_stabilization_mode": 1,
          "capture_intent": 2
        },
        "result": {
          "frame_duration_ns": 66703377,
          "exposure_ns": 66666316,
          "iso": 744,
          "ae_mode": 1,
          "af_mode": 4,
          "nr_mode": 2,
          "edge_mode": 2,
          "focus_diopters": 9.175643,
          "hot_pixel_mode": 2,
          "aberration_mode": 0,
          "shading_mode": 2,
          "tonemap_mode": 2,
          "face_detect_mode": 0,
          "ois_mode": 1,
          "video_stabilization_mode": 1,
          "capture_intent": 2
        },
        "result_sensor_timestamp_ns": 346184164899869,
        "result_frame_number": 90,
        "manual_phase": "disabled",
        "camera_id": "0",
        "options": {
          "capture_template": "still",
          "processing": "default",
          "focus_diopters": null,
          "frame_ms": 0,
          "camera_id": "",
          "dump_characteristics": false
        }
      }
    },
    {
      "frame": 7,
      "variant": "template=still;processing=default;focus=auto;frame_ms=0;camera=default",
      "power": {
        "requested": {
          "frame_duration_ns": 33000000,
          "exposure_ns": 10000000,
          "iso": 100,
          "ae_mode": 1,
          "af_mode": 4,
          "nr_mode": 2,
          "edge_mode": 2,
          "focus_diopters": 0,
          "hot_pixel_mode": 2,
          "aberration_mode": 0,
          "shading_mode": 2,
          "tonemap_mode": 2,
          "face_detect_mode": 0,
          "ois_mode": 1,
          "video_stabilization_mode": 1,
          "capture_intent": 2
        },
        "result": {
          "frame_duration_ns": 66703377,
          "exposure_ns": 66666316,
          "iso": 744,
          "ae_mode": 1,
          "af_mode": 4,
          "nr_mode": 2,
          "edge_mode": 2,
          "focus_diopters": 9.175643,
          "hot_pixel_mode": 2,
          "aberration_mode": 0,
          "shading_mode": 2,
          "tonemap_mode": 2,
          "face_detect_mode": 0,
          "ois_mode": 1,
          "video_stabilization_mode": 1,
          "capture_intent": 2
        },
        "result_sensor_timestamp_ns": 346185162840915,
        "result_frame_number": 105,
        "manual_phase": "disabled",
        "camera_id": "0",
        "options": {
          "capture_template": "still",
          "processing": "default",
          "focus_diopters": null,
          "frame_ms": 0,
          "camera_id": "",
          "dump_characteristics": false
        }
      }
    },
    {
      "frame": 8,
      "variant": "template=still;processing=default;focus=auto;frame_ms=0;camera=default",
      "power": {
        "requested": {
          "frame_duration_ns": 33000000,
          "exposure_ns": 10000000,
          "iso": 100,
          "ae_mode": 1,
          "af_mode": 4,
          "nr_mode": 2,
          "edge_mode": 2,
          "focus_diopters": 0,
          "hot_pixel_mode": 2,
          "aberration_mode": 0,
          "shading_mode": 2,
          "tonemap_mode": 2,
          "face_detect_mode": 0,
          "ois_mode": 1,
          "video_stabilization_mode": 1,
          "capture_intent": 2
        },
        "result": {
          "frame_duration_ns": 66703377,
          "exposure_ns": 66666316,
          "iso": 744,
          "ae_mode": 1,
          "af_mode": 4,
          "nr_mode": 2,
          "edge_mode": 2,
          "focus_diopters": 9.175643,
          "hot_pixel_mode": 2,
          "aberration_mode": 0,
          "shading_mode": 2,
          "tonemap_mode": 2,
          "face_detect_mode": 0,
          "ois_mode": 1,
          "video_stabilization_mode": 1,
          "capture_intent": 2
        },
        "result_sensor_timestamp_ns": 346186160782003,
        "result_frame_number": 120,
        "manual_phase": "disabled",
        "camera_id": "0",
        "options": {
          "capture_template": "still",
          "processing": "default",
          "focus_diopters": null,
          "frame_ms": 0,
          "camera_id": "",
          "dump_characteristics": false
        }
      }
    },
    {
      "frame": 9,
      "variant": "template=still;processing=default;focus=auto;frame_ms=0;camera=default",
      "power": {
        "requested": {
          "frame_duration_ns": 33000000,
          "exposure_ns": 10000000,
          "iso": 100,
          "ae_mode": 1,
          "af_mode": 4,
          "nr_mode": 2,
          "edge_mode": 2,
          "focus_diopters": 0,
          "hot_pixel_mode": 2,
          "aberration_mode": 0,
          "shading_mode": 2,
          "tonemap_mode": 2,
          "face_detect_mode": 0,
          "ois_mode": 1,
          "video_stabilization_mode": 1,
          "capture_intent": 2
        },
        "result": {
          "frame_duration_ns": 66703377,
          "exposure_ns": 66666316,
          "iso": 744,
          "ae_mode": 1,
          "af_mode": 4,
          "nr_mode": 2,
          "edge_mode": 2,
          "focus_diopters": 9.175643,
          "hot_pixel_mode": 2,
          "aberration_mode": 0,
          "shading_mode": 2,
          "tonemap_mode": 2,
          "face_detect_mode": 0,
          "ois_mode": 1,
          "video_stabilization_mode": 1,
          "capture_intent": 2
        },
        "result_sensor_timestamp_ns": 346187158723049,
        "result_frame_number": 135,
        "manual_phase": "disabled",
        "camera_id": "0",
        "options": {
          "capture_template": "still",
          "processing": "default",
          "focus_diopters": null,
          "frame_ms": 0,
          "camera_id": "",
          "dump_characteristics": false
        }
      }
    },
    {
      "frame": 10,
      "variant": "template=still;processing=default;focus=auto;frame_ms=0;camera=default",
      "power": {
        "requested": {
          "frame_duration_ns": 33000000,
          "exposure_ns": 10000000,
          "iso": 100,
          "ae_mode": 1,
          "af_mode": 4,
          "nr_mode": 1,
          "edge_mode": 1,
          "focus_diopters": 0,
          "hot_pixel_mode": 1,
          "aberration_mode": 0,
          "shading_mode": 1,
          "tonemap_mode": 1,
          "face_detect_mode": 0,
          "ois_mode": 1,
          "video_stabilization_mode": 1,
          "capture_intent": 1
        },
        "result": {
          "frame_duration_ns": 66703377,
          "exposure_ns": 66666316,
          "iso": 744,
          "ae_mode": 1,
          "af_mode": 4,
          "nr_mode": 1,
          "edge_mode": 1,
          "focus_diopters": 9.175643,
          "hot_pixel_mode": 1,
          "aberration_mode": 0,
          "shading_mode": 1,
          "tonemap_mode": 1,
          "face_detect_mode": 0,
          "ois_mode": 1,
          "video_stabilization_mode": 1,
          "capture_intent": 1
        },
        "result_sensor_timestamp_ns": 346188223448159,
        "result_frame_number": 151,
        "manual_phase": "disabled",
        "camera_id": "0",
        "options": {
          "capture_template": "still",
          "processing": "default",
          "focus_diopters": null,
          "frame_ms": 0,
          "camera_id": "",
          "dump_characteristics": false
        }
      }
    },
    {
      "frame": 11,
      "variant": "template=still;processing=default;focus=auto;frame_ms=0;camera=default",
      "power": {
        "requested": {
          "frame_duration_ns": 33000000,
          "exposure_ns": 10000000,
          "iso": 100,
          "ae_mode": 1,
          "af_mode": 4,
          "nr_mode": 1,
          "edge_mode": 1,
          "focus_diopters": 0,
          "hot_pixel_mode": 1,
          "aberration_mode": 0,
          "shading_mode": 1,
          "tonemap_mode": 1,
          "face_detect_mode": 0,
          "ois_mode": 1,
          "video_stabilization_mode": 1,
          "capture_intent": 1
        },
        "result": {
          "frame_duration_ns": 66703377,
          "exposure_ns": 66666316,
          "iso": 744,
          "ae_mode": 1,
          "af_mode": 4,
          "nr_mode": 1,
          "edge_mode": 1,
          "focus_diopters": 9.175643,
          "hot_pixel_mode": 1,
          "aberration_mode": 0,
          "shading_mode": 1,
          "tonemap_mode": 1,
          "face_detect_mode": 0,
          "ois_mode": 1,
          "video_stabilization_mode": 1,
          "capture_intent": 1
        },
        "result_sensor_timestamp_ns": 346189287372029,
        "result_frame_number": 167,
        "manual_phase": "disabled",
        "camera_id": "0",
        "options": {
          "capture_template": "still",
          "processing": "default",
          "focus_diopters": null,
          "frame_ms": 0,
          "camera_id": "",
          "dump_characteristics": false
        }
      }
    },
    {
      "frame": 12,
      "variant": "template=still;processing=default;focus=auto;frame_ms=0;camera=default",
      "power": {
        "requested": {
          "frame_duration_ns": 33000000,
          "exposure_ns": 10000000,
          "iso": 100,
          "ae_mode": 1,
          "af_mode": 4,
          "nr_mode": 2,
          "edge_mode": 2,
          "focus_diopters": 0,
          "hot_pixel_mode": 2,
          "aberration_mode": 0,
          "shading_mode": 2,
          "tonemap_mode": 2,
          "face_detect_mode": 0,
          "ois_mode": 1,
          "video_stabilization_mode": 1,
          "capture_intent": 2
        },
        "result": {
          "frame_duration_ns": 66703377,
          "exposure_ns": 66666316,
          "iso": 744,
          "ae_mode": 1,
          "af_mode": 4,
          "nr_mode": 2,
          "edge_mode": 2,
          "focus_diopters": 9.175643,
          "hot_pixel_mode": 2,
          "aberration_mode": 0,
          "shading_mode": 2,
          "tonemap_mode": 2,
          "face_detect_mode": 0,
          "ois_mode": 1,
          "video_stabilization_mode": 1,
          "capture_intent": 2
        },
        "result_sensor_timestamp_ns": 346190219183081,
        "result_frame_number": 181,
        "manual_phase": "disabled",
        "camera_id": "0",
        "options": {
          "capture_template": "still",
          "processing": "default",
          "focus_diopters": null,
          "frame_ms": 0,
          "camera_id": "",
          "dump_characteristics": false
        }
      }
    },
    {
      "frame": 14,
      "variant": "template=still;processing=default;focus=auto;frame_ms=0;camera=default",
      "power": {
        "requested": {
          "frame_duration_ns": 33000000,
          "exposure_ns": 10000000,
          "iso": 100,
          "ae_mode": 1,
          "af_mode": 4,
          "nr_mode": 2,
          "edge_mode": 2,
          "focus_diopters": 0,
          "hot_pixel_mode": 2,
          "aberration_mode": 0,
          "shading_mode": 2,
          "tonemap_mode": 2,
          "face_detect_mode": 0,
          "ois_mode": 1,
          "video_stabilization_mode": 1,
          "capture_intent": 2
        },
        "result": {
          "frame_duration_ns": 66703377,
          "exposure_ns": 66666316,
          "iso": 744,
          "ae_mode": 1,
          "af_mode": 4,
          "nr_mode": 2,
          "edge_mode": 2,
          "focus_diopters": 9.175643,
          "hot_pixel_mode": 2,
          "aberration_mode": 0,
          "shading_mode": 2,
          "tonemap_mode": 2,
          "face_detect_mode": 0,
          "ois_mode": 1,
          "video_stabilization_mode": 1,
          "capture_intent": 2
        },
        "result_sensor_timestamp_ns": 346192214957778,
        "result_frame_number": 211,
        "manual_phase": "disabled",
        "camera_id": "0",
        "options": {
          "capture_template": "still",
          "processing": "default",
          "focus_diopters": null,
          "frame_ms": 0,
          "camera_id": "",
          "dump_characteristics": false
        }
      }
    },
    {
      "frame": 15,
      "variant": "template=still;processing=default;focus=auto;frame_ms=0;camera=default",
      "power": {
        "requested": {
          "frame_duration_ns": 33000000,
          "exposure_ns": 10000000,
          "iso": 100,
          "ae_mode": 1,
          "af_mode": 4,
          "nr_mode": 2,
          "edge_mode": 2,
          "focus_diopters": 0,
          "hot_pixel_mode": 2,
          "aberration_mode": 0,
          "shading_mode": 2,
          "tonemap_mode": 2,
          "face_detect_mode": 0,
          "ois_mode": 1,
          "video_stabilization_mode": 1,
          "capture_intent": 2
        },
        "result": {
          "frame_duration_ns": 66703377,
          "exposure_ns": 66666316,
          "iso": 744,
          "ae_mode": 1,
          "af_mode": 4,
          "nr_mode": 2,
          "edge_mode": 2,
          "focus_diopters": 9.175643,
          "hot_pixel_mode": 2,
          "aberration_mode": 0,
          "shading_mode": 2,
          "tonemap_mode": 2,
          "face_detect_mode": 0,
          "ois_mode": 1,
          "video_stabilization_mode": 1,
          "capture_intent": 2
        },
        "result_sensor_timestamp_ns": 346193212931095,
        "result_frame_number": 226,
        "manual_phase": "disabled",
        "camera_id": "0",
        "options": {
          "capture_template": "still",
          "processing": "default",
          "focus_diopters": null,
          "frame_ms": 0,
          "camera_id": "",
          "dump_characteristics": false
        }
      }
    },
    {
      "frame": 16,
      "variant": "template=still;processing=default;focus=auto;frame_ms=0;camera=default",
      "power": {
        "requested": {
          "frame_duration_ns": 33000000,
          "exposure_ns": 10000000,
          "iso": 100,
          "ae_mode": 1,
          "af_mode": 4,
          "nr_mode": 2,
          "edge_mode": 2,
          "focus_diopters": 0,
          "hot_pixel_mode": 2,
          "aberration_mode": 0,
          "shading_mode": 2,
          "tonemap_mode": 2,
          "face_detect_mode": 0,
          "ois_mode": 1,
          "video_stabilization_mode": 1,
          "capture_intent": 2
        },
        "result": {
          "frame_duration_ns": 66703377,
          "exposure_ns": 66666316,
          "iso": 744,
          "ae_mode": 1,
          "af_mode": 4,
          "nr_mode": 2,
          "edge_mode": 2,
          "focus_diopters": 9.175643,
          "hot_pixel_mode": 2,
          "aberration_mode": 0,
          "shading_mode": 2,
          "tonemap_mode": 2,
          "face_detect_mode": 0,
          "ois_mode": 1,
          "video_stabilization_mode": 1,
          "capture_intent": 2
        },
        "result_sensor_timestamp_ns": 346194210839912,
        "result_frame_number": 241,
        "manual_phase": "disabled",
        "camera_id": "0",
        "options": {
          "capture_template": "still",
          "processing": "default",
          "focus_diopters": null,
          "frame_ms": 0,
          "camera_id": "",
          "dump_characteristics": false
        }
      }
    },
    {
      "frame": 17,
      "variant": "template=still;processing=default;focus=auto;frame_ms=0;camera=default",
      "power": {
        "requested": {
          "frame_duration_ns": 33000000,
          "exposure_ns": 10000000,
          "iso": 100,
          "ae_mode": 1,
          "af_mode": 4,
          "nr_mode": 1,
          "edge_mode": 1,
          "focus_diopters": 0,
          "hot_pixel_mode": 1,
          "aberration_mode": 0,
          "shading_mode": 1,
          "tonemap_mode": 1,
          "face_detect_mode": 0,
          "ois_mode": 1,
          "video_stabilization_mode": 1,
          "capture_intent": 1
        },
        "result": {
          "frame_duration_ns": 66703377,
          "exposure_ns": 66666316,
          "iso": 744,
          "ae_mode": 1,
          "af_mode": 4,
          "nr_mode": 1,
          "edge_mode": 1,
          "focus_diopters": 9.175643,
          "hot_pixel_mode": 1,
          "aberration_mode": 0,
          "shading_mode": 1,
          "tonemap_mode": 1,
          "face_detect_mode": 0,
          "ois_mode": 1,
          "video_stabilization_mode": 1,
          "capture_intent": 1
        },
        "result_sensor_timestamp_ns": 346195275310413,
        "result_frame_number": 257,
        "manual_phase": "disabled",
        "camera_id": "0",
        "options": {
          "capture_template": "still",
          "processing": "default",
          "focus_diopters": null,
          "frame_ms": 0,
          "camera_id": "",
          "dump_characteristics": false
        }
      }
    }
  ],
  "skin_slope_c_min": 0.6735819782861076,
  "android_status": "0.1s NONE(0)",
  "gate": {
    "at": "2026-10-03T00:48:18Z",
    "z9": 38000,
    "z10": 39000,
    "z11": 39000,
    "skin": 30.228104,
    "status": 0,
    "waited_s": 0,
    "warm_start": false
  },
  "heat_stop": null
}

INCOMPLETE: manual_500: camera frames failed/missing or no paired diagnostics
INCOMPLETE: manual_500: three saved frames missing
RUN INCOMPLETE: see report.txt
[oneshot] RUNNER FAILED (exit 1); console log: /data/data/com.termux/files/home/camera_power/oneshot_console_20261003T003910Z.log
[oneshot] screen timeout restored to 1800000 ms; read back: 1800000
[oneshot] stopped logger
